trial,phase,rel_time_s,wall_time_s,power_w,temperature_c,gpu_util_pct,sm_clock_mhz,mem_clock_mhz
1,idle_pre,0.0005390811711549759,1783675613.442741,136.932,35,41,2257,12481
1,idle_pre,0.10773511230945587,1783675613.5458286,136.932,35,41,2257,12481
1,idle_pre,0.208086509257555,1783675613.6461651,130.637,34,41,2257,12481
1,idle_pre,0.3083698768168688,1783675613.7464483,126.462,34,0,2265,12481
1,idle_pre,0.4086198005825281,1783675613.8467205,121.999,33,0,2265,12481
1,idle_pre,0.5088928304612637,1783675613.946971,116.919,33,0,2265,12481
1,idle_pre,0.6091416645795107,1783675614.0472178,111.297,33,0,2272,12481
1,idle_pre,0.7093838509172201,1783675614.1474633,106.591,33,0,2272,12481
1,idle_pre,0.8097338452935219,1783675614.247814,104.494,33,0,2272,12481
1,idle_pre,0.909988559782505,1783675614.348067,98.439,33,0,2272,12481
1,idle_pre,1.0103997625410557,1783675614.44848,94.294,33,0,2272,12481
1,idle_pre,1.1106885112822056,1783675614.54877,89.263,33,0,2272,12481
1,idle_pre,1.210950868204236,1783675614.6490314,89.263,33,0,2272,12481
1,idle_pre,1.3111886959522963,1783675614.7492666,89.263,33,0,2272,12481
1,idle_pre,1.4114464279264212,1783675614.8495262,89.263,33,0,2272,12481
1,idle_pre,1.5116952136158943,1783675614.949776,89.263,33,0,2272,12481
1,idle_pre,1.6119249556213617,1783675615.0500035,89.263,33,0,2272,12481
1,idle_pre,1.7121529839932919,1783675615.1502297,89.263,33,0,2272,12481
1,idle_pre,1.8123779520392418,1783675615.2504563,89.263,33,0,2272,12481
1,idle_pre,1.9125898405909538,1783675615.3506508,89.263,33,0,2272,12481
1,idle_pre,2.0128988064825535,1783675615.4509802,89.263,33,0,2272,12481
1,idle_pre,2.1131411008536816,1783675615.5512211,83.085,33,0,2272,12481
1,idle_pre,2.2133923210203648,1783675615.651474,83.085,33,0,2272,12481
1,idle_pre,2.3136241491883993,1783675615.7517018,83.085,33,0,2272,12481
1,idle_pre,2.413893148303032,1783675615.8519733,83.085,33,0,2272,12481
1,idle_pre,2.5141250509768724,1783675615.9522028,83.085,33,0,2272,12481
1,idle_pre,2.6143588572740555,1783675616.052437,83.085,33,0,2272,12481
1,idle_pre,2.7146116215735674,1783675616.1526926,83.085,33,0,2272,12481
1,idle_pre,2.8149566650390625,1783675616.253038,83.085,33,0,2272,12481
1,idle_pre,2.9152134489268064,1783675616.3532944,83.085,33,0,2272,12481
1,idle_pre,3.015477592125535,1783675616.4535565,83.085,33,0,2272,12481
1,idle_pre,3.115692935883999,1783675616.5537572,83.089,33,0,2265,12481
1,idle_pre,3.21586443297565,1783675616.6539433,83.089,33,0,2265,12481
1,idle_pre,3.3161359801888466,1783675616.754217,83.089,33,0,2265,12481
1,idle_pre,3.416414400562644,1783675616.8544955,83.089,33,0,2265,12481
1,idle_pre,3.516693629324436,1783675616.9547744,83.089,33,0,2265,12481
1,idle_pre,3.6170032043009996,1783675617.0550828,83.089,33,0,2265,12481
1,idle_pre,3.717269880697131,1783675617.1553497,83.089,33,0,2265,12481
1,idle_pre,3.817519398406148,1783675617.255601,83.089,33,0,2265,12481
1,idle_pre,3.9177499543875456,1783675617.3558288,83.089,33,0,2265,12481
1,idle_pre,4.018030021339655,1783675617.456109,83.089,33,0,2265,12481
1,idle_pre,4.118384402245283,1783675617.556463,82.554,33,0,2272,12481
1,idle_pre,4.218620209023356,1783675617.6567004,82.554,33,0,2272,12481
1,idle_pre,4.318871326744556,1783675617.7569516,82.554,33,0,2272,12481
1,idle_pre,4.419140033423901,1783675617.8572202,82.554,33,0,2272,12481
1,idle_pre,4.51939457282424,1783675617.957476,82.554,33,0,2272,12481
1,idle_pre,4.619677126407623,1783675618.0577574,82.554,33,0,2272,12481
1,idle_pre,4.719932043924928,1783675618.1580122,82.554,33,0,2272,12481
1,idle_pre,4.82018830999732,1783675618.2582684,82.554,33,0,2272,12481
1,idle_pre,4.9204090144485235,1783675618.3584862,82.554,33,0,2272,12481
1,idle_pre,5.02069716155529,1783675618.4587765,82.554,33,0,2272,12481
1,idle_pre,5.120977468788624,1783675618.5590575,82.578,33,0,2272,12481
1,idle_pre,5.221207093447447,1783675618.6592865,82.578,33,0,2272,12481
1,idle_pre,5.321500891819596,1783675618.7595813,82.578,33,0,2272,12481
1,idle_pre,5.421789832413197,1783675618.8598707,82.578,33,0,2272,12481
1,idle_pre,5.522026913240552,1783675618.9601068,82.578,33,0,2272,12481
1,idle_pre,5.6223209127783775,1783675619.060403,82.578,33,0,2272,12481
1,idle_pre,5.722578791901469,1783675619.1606596,82.578,33,0,2272,12481
1,idle_pre,5.822830693796277,1783675619.2609127,82.578,33,0,2272,12481
1,idle_pre,5.923085926100612,1783675619.3611677,82.578,33,0,2272,12481
1,idle_pre,6.023438544943929,1783675619.4615192,82.602,33,0,2272,12481
1,idle_pre,6.1236915569752455,1783675619.561772,82.602,33,0,2272,12481
1,idle_pre,6.223942251875997,1783675619.662024,82.602,33,0,2272,12481
1,idle_pre,6.3242449183017015,1783675619.7623248,82.602,33,0,2272,12481
1,idle_pre,6.424556523561478,1783675619.862636,82.602,33,0,2272,12481
1,idle_pre,6.524817107245326,1783675619.9628966,82.602,33,0,2272,12481
1,idle_pre,6.625054543837905,1783675620.0631332,82.602,33,0,2272,12481
1,idle_pre,6.725278507918119,1783675620.1633546,82.602,33,0,2272,12481
1,idle_pre,6.825494538992643,1783675620.2635713,82.602,33,0,2272,12481
1,idle_pre,6.925853317603469,1783675620.3639333,82.602,33,0,2272,12481
1,idle_pre,7.026107499375939,1783675620.4641867,82.554,33,0,2265,12481
1,idle_pre,7.126477386802435,1783675620.564557,82.554,33,0,2265,12481
1,idle_pre,7.2267270013689995,1783675620.664806,82.554,33,0,2265,12481
1,idle_pre,7.326978713274002,1783675620.7650568,82.554,33,0,2265,12481
1,idle_pre,7.427224300801754,1783675620.8653028,82.554,33,0,2265,12481
1,idle_pre,7.5274686850607395,1783675620.9655473,82.554,33,0,2265,12481
1,idle_pre,7.627687264233828,1783675621.0657635,82.554,33,0,2265,12481
1,idle_pre,7.727915303781629,1783675621.1659927,82.554,33,0,2265,12481
1,idle_pre,7.828272560611367,1783675621.2663527,82.554,33,0,2265,12481
1,idle_pre,7.928525399416685,1783675621.3666046,82.554,33,0,2265,12481
1,idle_pre,8.028794880956411,1783675621.4668744,82.554,33,0,2272,12481
1,idle_pre,8.129117036238313,1783675621.567196,82.554,33,0,2272,12481
1,idle_pre,8.229365115985274,1783675621.6674435,82.554,33,0,2272,12481
1,idle_pre,8.329618584364653,1783675621.7676983,82.554,33,0,2272,12481
1,idle_pre,8.430029412731528,1783675621.8681095,82.554,33,0,2272,12481
1,idle_pre,8.530304344370961,1783675621.968384,82.554,33,0,2272,12481
1,idle_pre,8.63061199709773,1783675622.0686917,82.554,33,0,2272,12481
1,idle_pre,8.730911552906036,1783675622.1689906,82.554,33,0,2272,12481
1,idle_pre,8.831330679357052,1783675622.2694104,82.554,33,0,2272,12481
1,idle_pre,8.931629624217749,1783675622.3697078,82.554,33,0,2272,12481
1,idle_pre,9.031948609277606,1783675622.4700296,83.527,33,0,2265,12481
1,idle_pre,9.132199797779322,1783675622.5702796,83.527,33,0,2265,12481
1,idle_pre,9.232489101588726,1783675622.6705687,83.527,33,0,2265,12481
1,idle_pre,9.332805683836341,1783675622.770883,83.527,33,0,2265,12481
1,idle_pre,9.43303950317204,1783675622.8711183,83.527,33,0,2265,12481
1,idle_pre,9.53327345661819,1783675622.9713516,83.527,33,0,2265,12481
1,idle_pre,9.633492896333337,1783675623.0715697,83.527,33,0,2265,12481
1,idle_pre,9.733738845214248,1783675623.171818,83.527,33,0,2265,12481
1,idle_pre,9.833986001089215,1783675623.272065,83.527,33,0,2265,12481
1,idle_pre,9.9342349935323,1783675623.3723154,83.527,33,0,2265,12481
1,active,0.0004297439008951187,1783675623.4400055,83.527,33,0,2265,12481
1,active,0.10066044330596924,1783675623.5402436,83.284,33,0,2272,12481
1,active,0.20091917924582958,1783675623.6405005,87.012,34,0,2272,12481
1,active,0.30119914188981056,1783675623.7407827,91.292,35,41,2265,12481
1,active,0.40144375525414944,1783675623.8410313,94.807,35,41,2265,12481
1,active,0.5016689989715815,1783675623.941253,98.27,35,40,2265,12481
1,active,0.6019085124135017,1783675624.041496,101.08,35,40,2257,12481
1,active,0.7022375836968422,1783675624.1418269,103.961,35,40,2257,12481
1,active,0.8025231547653675,1783675624.242112,106.448,35,40,2257,12481
1,active,0.902773404493928,1783675624.3423822,108.679,35,42,2257,12481
1,active,1.003114078193903,1783675624.4427223,109.965,35,42,2257,12481
1,active,1.1033976096659899,1783675624.5429845,139.987,35,42,2257,12481
1,active,1.203724130988121,1783675624.6433253,140.23,35,42,2257,12481
1,active,1.3039830420166254,1783675624.743555,140.413,35,41,2257,12481
1,active,1.4042299669235945,1783675624.8438168,139.589,35,41,2257,12481
1,active,1.504447864368558,1783675624.9440103,140.092,35,42,2257,12481
1,active,1.6046863496303558,1783675625.044271,139.228,35,42,2257,12481
1,active,1.7049633096903563,1783675625.144599,139.891,35,41,2257,12481
1,active,1.805305765941739,1783675625.244894,139.441,35,41,2257,12481
1,active,1.9055764749646187,1783675625.345162,138.602,35,39,2257,12481
1,active,2.005832511931658,1783675625.445424,137.108,35,39,2257,12481
1,active,2.1061028465628624,1783675625.545715,138.61,35,41,2257,12481
1,active,2.20640229806304,1783675625.646015,138.908,35,41,2257,12481
1,active,2.3067191895097494,1783675625.746304,138.794,35,42,2257,12481
1,active,2.4069918021559715,1783675625.8466008,140.05,35,42,2257,12481
1,active,2.5072796307504177,1783675625.9468942,140.647,36,41,2257,12481
1,active,2.607590986415744,1783675626.0472095,139.49,35,41,2257,12481
1,active,2.7079490330070257,1783675626.1475406,140.274,36,40,2257,12481
1,active,2.8082587402313948,1783675626.2478461,140.429,35,40,2257,12481
1,active,2.908587111160159,1783675626.3481805,140.47,35,39,2257,12481
1,active,3.0088538862764835,1783675626.448484,139.711,35,39,2257,12481
1,active,3.109206262975931,1783675626.5488267,140.032,35,42,2257,12481
1,active,3.209545450285077,1783675626.649134,139.269,35,42,2257,12481
1,active,3.3098479695618153,1783675626.7494326,140.461,36,41,2257,12481
1,active,3.4101084750145674,1783675626.849694,139.619,35,41,2257,12481
1,active,3.51035607047379,1783675626.9499602,139.367,36,42,2257,12481
1,active,3.610664937645197,1783675627.0502558,139.124,35,42,2257,12481
1,active,3.71091940253973,1783675627.1505053,138.984,36,42,2257,12481
1,active,3.8112048637121916,1783675627.2507906,138.848,35,42,2257,12481
1,active,3.9115084391087294,1783675627.3511086,138.733,36,41,2257,12481
1,active,4.011810949072242,1783675627.451405,139.162,35,41,2257,12481
1,active,4.112115874886513,1783675627.5517044,139.484,36,41,2257,12481
1,active,4.2123846262693405,1783675627.6519794,140.011,36,41,2257,12481
1,active,4.312679126858711,1783675627.752296,139.768,36,42,2257,12481
1,active,4.413006514310837,1783675627.8525937,139.427,35,42,2257,12481
1,active,4.513273574411869,1783675627.9528766,140.435,36,42,2257,12481
1,active,4.613531166687608,1783675628.0530868,142.41,36,42,2257,12481
1,active,4.713670834898949,1783675628.1532214,141.255,36,42,2257,12481
1,active,4.813837818801403,1783675628.2534158,142.325,36,42,2257,12481
1,active,4.914014248177409,1783675628.3535657,141.303,36,41,2257,12481
1,active,5.014156738296151,1783675628.4537072,142.635,36,41,2257,12481
1,active,5.114271629601717,1783675628.553822,142.122,36,41,2257,12481
1,active,5.214386997744441,1783675628.6539378,142.061,36,41,2257,12481
1,active,5.314552862197161,1783675628.7541075,140.467,36,40,2257,12481
1,active,5.414687734097242,1783675628.8542404,142.094,36,40,2257,12481
1,active,5.514805072918534,1783675628.954358,141.01,36,41,2257,12481
1,active,5.614928158000112,1783675629.0544782,141.572,36,41,2257,12481
1,active,5.7150939255952835,1783675629.154697,139.584,36,40,2257,12481
1,active,5.81548360735178,1783675629.2550728,139.095,36,40,2257,12481
1,active,5.915762869641185,1783675629.3553607,140.804,36,41,2257,12481
1,active,6.016032679006457,1783675629.4556162,140.67,36,41,2257,12481
1,active,6.11633238568902,1783675629.5559304,141.369,36,41,2257,12481
1,active,6.216674918308854,1783675629.656282,140.742,36,41,2257,12481
1,active,6.317002287134528,1783675629.7565966,143.119,36,41,2257,12481
1,active,6.417308185249567,1783675629.856899,140.688,36,41,2257,12481
1,active,6.517568154260516,1783675629.957143,141.536,36,41,2257,12481
1,active,6.617778815329075,1783675630.0573664,142.642,36,41,2257,12481
1,active,6.718034327030182,1783675630.1576514,141.088,36,40,2257,12481
1,active,6.818334188312292,1783675630.2579248,140.822,36,40,2257,12481
1,active,6.91861286573112,1783675630.3582106,142.862,36,41,2257,12481
1,active,7.018942164257169,1783675630.4586082,141.979,36,41,2257,12481
1,active,7.119395885616541,1783675630.559016,143.347,36,42,2257,12481
1,active,7.219704885035753,1783675630.6592977,142.388,36,42,2257,12481
1,active,7.319932375103235,1783675630.7594874,142.808,36,41,2257,12481
1,active,7.420099999755621,1783675630.859654,141.748,36,41,2257,12481
1,active,7.520241862162948,1783675630.9597878,141.565,36,40,2257,12481
1,active,7.620362924411893,1783675631.059968,142.168,36,40,2257,12481
1,active,7.72062280215323,1783675631.1602051,142.905,36,41,2257,12481
1,active,7.8208669144660234,1783675631.2604256,142.946,36,41,2257,12481
1,active,7.921215150505304,1783675631.3607957,141.577,36,41,2257,12481
1,active,8.02144237048924,1783675631.4610252,141.52,36,41,2257,12481
1,active,8.121715245768428,1783675631.5613055,140.659,36,41,2257,12481
1,active,8.221977200359106,1783675631.6615674,139.529,36,41,2257,12481
1,active,8.322272131219506,1783675631.761925,137.886,36,41,2257,12481
1,active,8.422610906884074,1783675631.8621955,138.486,36,40,2257,12481
1,active,8.522858055308461,1783675631.96244,139.897,36,40,2257,12481
1,active,8.623314570635557,1783675632.0629008,138.439,36,41,2257,12481
1,active,8.723593698814511,1783675632.163179,138.873,36,41,2257,12481
1,active,8.823853462934494,1783675632.2634482,140.427,36,42,2257,12481
1,active,8.924545796588063,1783675632.3641257,141.605,36,42,2257,12481
1,active,9.024768978357315,1783675632.4643562,142.033,36,42,2257,12481
1,active,9.125012652948499,1783675632.5646281,141.264,36,42,2257,12481
1,active,9.225296264514327,1783675632.6648898,141.706,36,42,2257,12481
1,active,9.325576854869723,1783675632.7651818,144.577,36,42,2257,12481
1,active,9.425860218703747,1783675632.8654647,144.329,36,41,2257,12481
1,active,9.526132311671972,1783675632.9657187,145.426,36,41,2257,12481
1,active,9.626435074955225,1783675633.0660224,145.579,36,42,2257,12481
1,active,9.726748675107956,1783675633.166392,144.616,36,42,2257,12481
1,active,9.827183194458485,1783675633.2667809,145.199,36,42,2257,12481
1,active,9.927441623061895,1783675633.3670356,145.103,36,42,2257,12481
1,active,10.027700094506145,1783675633.4672878,145.022,36,42,2257,12481
1,active,10.127987021580338,1783675633.5676308,144.497,36,42,2257,12481
1,active,10.228322209790349,1783675633.6679204,146.017,36,42,2257,12481
1,active,10.328619338572025,1783675633.768213,143.723,36,42,2257,12481
1,active,10.428859004750848,1783675633.8684487,144.063,36,42,2257,12481
1,active,10.529160918667912,1783675633.9687693,143.987,36,42,2257,12481
1,active,10.62949712201953,1783675634.069088,142.264,36,41,2257,12481
1,active,10.729741698130965,1783675634.1693246,142.549,36,41,2257,12481
1,active,10.829971866682172,1783675634.2695787,144.066,37,42,2257,12481
1,active,10.93027637898922,1783675634.3698764,142.121,36,42,2257,12481
1,active,11.030546782538295,1783675634.470134,141.42,36,42,2257,12481
1,active,11.130823861807585,1783675634.5704145,141.751,37,42,2257,12481
1,active,11.231103727594018,1783675634.6707137,140.845,36,42,2257,12481
1,active,11.331427151337266,1783675634.7710147,141.994,36,42,2257,12481
1,active,11.431695386767387,1783675634.8713045,143.253,37,42,2257,12481
1,active,11.53201424703002,1783675634.9716256,143.013,36,42,2257,12481
1,active,11.632315535098314,1783675635.0719135,143.473,37,41,2257,12481
1,active,11.732645994052291,1783675635.1722684,144.224,37,41,2257,12481
1,active,11.833047514781356,1783675635.2726579,143.746,36,41,2257,12481
1,active,11.933372259140015,1783675635.372955,143.647,36,41,2257,12481
1,active,12.033634873107076,1783675635.473224,142.512,37,41,2257,12481
1,active,12.133913815021515,1783675635.573504,142.705,36,41,2257,12481
1,active,12.234170539304614,1783675635.6737683,142.64,36,42,2257,12481
1,active,12.334456769749522,1783675635.7740507,143.419,37,42,2257,12481
1,active,12.434779681265354,1783675635.8743742,140.94,36,41,2257,12481
1,active,12.535071173682809,1783675635.9746635,140.794,37,41,2257,12481
1,active,12.63542046584189,1783675636.075009,140.551,37,42,2257,12481
1,active,12.735688200220466,1783675636.1752784,140.352,37,42,2257,12481
1,active,12.835993954911828,1783675636.2755842,139.854,36,41,2257,12481
1,active,12.93626188673079,1783675636.3758779,139.903,37,41,2257,12481
1,active,13.036566222086549,1783675636.4761744,140.345,37,41,2257,12481
1,active,13.13688462600112,1783675636.5764844,140.817,36,41,2257,12481
1,active,13.237179838120937,1783675636.676769,141.333,37,42,2257,12481
1,active,13.337504878640175,1783675636.777091,140.03,36,42,2257,12481
1,active,13.437767520546913,1783675636.8773654,140.224,37,42,2257,12481
1,active,13.538049917668104,1783675636.9776416,140.209,36,42,2257,12481
1,active,13.638313218951225,1783675637.0779045,139.973,37,42,2257,12481
1,active,13.738661082461476,1783675637.1782742,139.929,37,42,2257,12481
1,active,13.838997323065996,1783675637.2785854,139.318,36,41,2257,12481
1,active,13.939305873587728,1783675637.3789232,139.502,37,41,2257,12481
1,active,14.039610797539353,1783675637.4791973,139.413,37,42,2257,12481
1,active,14.139856468886137,1783675637.5794463,138.655,37,42,2257,12481
1,active,14.24012454226613,1783675637.6797223,138.296,37,42,2257,12481
1,active,14.34040274657309,1783675637.7799938,138.876,37,42,2257,12481
1,active,14.44069766998291,1783675637.8802822,139.326,37,42,2257,12481
1,active,14.541001753881574,1783675637.9805877,140.323,37,42,2257,12481
1,active,14.64129596017301,1783675638.0808825,141.069,37,42,2257,12481
1,active,14.74154156818986,1783675638.1811452,141.212,37,42,2257,12481
1,active,14.841808849945664,1783675638.281415,141.586,37,42,2257,12481
1,active,14.942089499905705,1783675638.3816764,141.918,37,42,2257,12481
1,active,15.042350728064775,1783675638.4819448,140.844,37,41,2257,12481
1,active,15.142607191577554,1783675638.5821939,140.461,37,41,2257,12481
1,active,15.242843622341752,1783675638.6824474,140.844,37,42,2257,12481
1,active,15.343131134286523,1783675638.7827692,140.54,37,42,2257,12481
1,active,15.443499390035868,1783675638.8830888,139.852,37,42,2257,12481
1,active,15.54374622553587,1783675638.9833307,139.849,37,42,2257,12481
1,active,15.644007097929716,1783675639.0836234,139.979,37,42,2257,12481
1,active,15.744301056489348,1783675639.1839023,138.773,37,42,2257,12481
1,active,15.844563782215118,1783675639.2841167,138.868,37,42,2257,12481
1,active,15.944719050079584,1783675639.3842733,139.219,37,42,2257,12481
1,active,16.04489442706108,1783675639.4844787,139.179,37,41,2257,12481
1,active,16.14513762667775,1783675639.5847387,138.79,37,41,2257,12481
1,active,16.24545816704631,1783675639.6850903,139.81,37,43,2257,12481
1,active,16.345788085833192,1783675639.785406,139.536,37,43,2257,12481
1,active,16.44607242383063,1783675639.8856597,140.175,37,42,2257,12481
1,active,16.54633723758161,1783675639.985937,139.429,37,42,2257,12481
1,active,16.64657274261117,1783675640.0861366,138.516,37,42,2257,12481
1,active,16.746768513694406,1783675640.1863978,138.994,37,42,2257,12481
1,active,16.847097819671035,1783675640.2866657,139.413,37,42,2257,12481
1,active,16.94730081036687,1783675640.3868582,139.37,37,42,2257,12481
1,active,17.047453781589866,1783675640.4870088,137.786,37,36,2257,12481
1,active,17.14766574651003,1783675640.587253,138.486,37,36,2257,12481
1,active,17.247943678870797,1783675640.6875348,137.09,37,41,2257,12481
1,active,17.34821698628366,1783675640.7878354,137.074,37,41,2257,12481
1,active,17.448553677648306,1783675640.8881423,136.869,37,42,2257,12481
1,active,17.54885570704937,1783675640.988478,138.675,37,42,2257,12481
1,active,17.649175306782126,1783675641.0887945,138.618,37,42,2257,12481
1,active,17.749478509649634,1783675641.189075,139.148,37,42,2257,12481
1,active,17.84975664317608,1783675641.2893486,139.838,37,41,2257,12481
1,active,17.950007354840636,1783675641.3895943,138.934,37,41,2257,12481
1,active,18.05024697072804,1783675641.4898326,140.45,37,42,2257,12481
1,active,18.1505156904459,1783675641.5901027,141.665,37,42,2257,12481
1,active,18.250757886096835,1783675641.690344,140.879,37,41,2257,12481
1,active,18.351153073832393,1783675641.7907372,142.5,37,41,2257,12481
1,active,18.451408579945564,1783675641.8910341,140.963,37,41,2257,12481
1,active,18.551707778126,1783675641.9912896,139.881,37,41,2257,12481
1,active,18.65195561759174,1783675642.0915341,138.761,37,43,2257,12481
1,active,18.75221355073154,1783675642.1918125,137.537,37,43,2257,12481
1,active,18.852455366402864,1783675642.2920625,137.215,37,43,2257,12481
1,active,18.95277707837522,1783675642.3923643,137.709,37,43,2257,12481
1,active,19.053074706345797,1783675642.4926636,137.57,37,41,2257,12481
1,active,19.153336346149445,1783675642.5929303,137.598,37,41,2257,12481
1,active,19.253582527861,1783675642.693166,137.132,37,43,2257,12481
1,active,19.353823946788907,1783675642.79341,136.823,37,43,2257,12481
1,active,19.454043386504054,1783675642.8936126,137.713,37,43,2257,12481
1,active,19.55423759482801,1783675642.9938297,139.878,37,43,2257,12481
1,active,19.65456985682249,1783675643.0941522,142.661,37,41,2257,12481
1,active,19.7548218537122,1783675643.1944103,142.065,37,41,2257,12481
1,active,19.855087112635374,1783675643.294703,141.992,37,43,2257,12481
1,active,19.95536132156849,1783675643.3949692,142.309,37,43,2257,12481
1,active,20.05566872470081,1783675643.4952645,142.855,37,42,2257,12481
1,active,20.155983839184046,1783675643.5955977,143.863,37,42,2257,12481
1,active,20.256306372582912,1783675643.6959386,143.642,37,42,2257,12481
1,active,20.35663395561278,1783675643.7962286,143.409,37,42,2257,12481
1,active,20.456890797242522,1783675643.8965228,142.933,37,43,2257,12481
1,active,20.557241765782237,1783675643.9968352,142.058,37,43,2257,12481
1,active,20.657609524205327,1783675644.0972257,143.488,37,42,2257,12481
1,active,20.757893407717347,1783675644.1974802,141.99,37,42,2257,12481
1,active,20.858143866062164,1783675644.2977588,141.668,37,43,2257,12481
1,active,20.958471646532416,1783675644.3980577,142.079,37,43,2257,12481
1,active,21.05874696187675,1783675644.4983292,142.845,37,42,2257,12481
1,active,21.159022506326437,1783675644.59861,142.925,37,42,2257,12481
1,active,21.259398793801665,1783675644.6990826,142.718,37,42,2257,12481
1,active,21.359779611229897,1783675644.799371,142.463,37,42,2257,12481
1,active,21.460037542507052,1783675644.899684,143.351,37,42,2257,12481
1,active,21.560336673632264,1783675644.9999435,143.846,37,42,2257,12481
1,active,21.660641990602016,1783675645.1002576,142.906,37,41,2257,12481
1,active,21.76092948205769,1783675645.2005138,142.341,37,41,2257,12481
1,active,21.861184887588024,1783675645.3007782,143.45,37,41,2257,12481
1,active,21.961525298655033,1783675645.401138,143.37,37,41,2257,12481
1,active,22.061865709722042,1783675645.5014582,142.884,37,42,2257,12481
1,active,22.16217765584588,1783675645.601767,143.357,37,42,2257,12481
1,active,22.26245895959437,1783675645.7020516,142.641,37,41,2257,12481
1,active,22.36271032691002,1783675645.802283,142.544,37,41,2257,12481
1,active,22.462877094745636,1783675645.9024413,142.526,37,40,2257,12481
1,active,22.563043165951967,1783675646.0026093,139.991,37,40,2257,12481
1,active,22.66325955837965,1783675646.1028175,139.932,37,42,2257,12481
1,active,22.7634270619601,1783675646.203014,140.392,37,42,2257,12481
1,active,22.86358861811459,1783675646.3031416,139.546,37,42,2257,12481
1,active,22.96372070722282,1783675646.4032743,138.53,37,42,2257,12481
1,active,23.063861086964607,1783675646.50342,138.795,37,42,2257,12481
1,active,23.164043616503477,1783675646.6035967,137.907,37,42,2257,12481
1,active,23.26418556459248,1783675646.7037373,137.735,37,42,2257,12481
1,active,23.36432350985706,1783675646.8038826,137.461,37,42,2257,12481
1,active,23.4644660577178,1783675646.9040241,138.434,37,43,2257,12481
1,active,23.564600290730596,1783675647.0041611,141.805,37,43,2257,12481
1,active,23.66483078710735,1783675647.1044183,141.28,37,42,2257,12481
1,active,23.765069346874952,1783675647.2046654,140.801,37,42,2257,12481
1,active,23.86533049866557,1783675647.304942,141.217,37,43,2257,12481
1,active,23.96562473848462,1783675647.4052236,143.063,37,43,2257,12481
1,active,24.065912261605263,1783675647.505496,143.792,37,42,2257,12481
1,active,24.166126653552055,1783675647.605688,143.298,37,42,2257,12481
1,active,24.26631365902722,1783675647.7058756,142.696,37,43,2257,12481
1,active,24.366512946784496,1783675647.8060687,143.571,37,43,2257,12481
1,active,24.46682875417173,1783675647.9064198,144.172,38,42,2257,12481
1,active,24.56713057309389,1783675648.006767,143.034,37,42,2257,12481
1,active,24.66743789985776,1783675648.1070576,142.15,37,42,2257,12481
1,active,24.76771487854421,1783675648.207306,144.131,37,42,2257,12481
1,active,24.86794384382665,1783675648.3075385,144.799,37,42,2257,12481
1,active,24.96821277588606,1783675648.4078434,143.012,37,42,2257,12481
1,active,25.068523436784744,1783675648.5081346,142.332,37,42,2257,12481
1,active,25.168856278061867,1783675648.6084769,142.184,37,42,2257,12481
1,active,25.269188517704606,1783675648.7087831,143.869,37,42,2257,12481
1,active,25.36945116892457,1783675648.80906,143.2,37,42,2257,12481
1,active,25.46974024362862,1783675648.909363,142.589,37,42,2257,12481
1,active,25.570059813559055,1783675649.0096714,143.515,37,42,2257,12481
1,active,25.6704064887017,1783675649.1099925,143.947,38,41,2257,12481
1,active,25.770665565505624,1783675649.2102711,142.359,37,41,2257,12481
1,active,25.870945289731026,1783675649.3105314,142.357,37,42,2257,12481
1,active,25.971216645091772,1783675649.410841,142.016,37,42,2257,12481
1,active,26.071520294994116,1783675649.5111117,141.124,37,42,2257,12481
1,active,26.171828638762236,1783675649.6114168,140.477,37,42,2257,12481
1,active,26.27208725363016,1783675649.7116818,139.457,37,42,2257,12481
1,active,26.372377086430788,1783675649.8119752,140.692,38,42,2257,12481
1,active,26.47265382669866,1783675649.9122443,141.314,37,42,2257,12481
1,active,26.57298594713211,1783675650.0126116,141.013,37,42,2257,12481
1,active,26.67345855757594,1783675650.1130266,140.761,37,42,2257,12481
1,active,26.773694086819887,1783675650.213292,139.66,37,42,2257,12481
1,active,26.874006679281592,1783675650.3135967,140.567,37,42,2257,12481
1,active,26.974263655021787,1783675650.4138844,141.877,37,42,2257,12481
1,active,27.0745956748724,1783675650.514181,141.129,37,41,2257,12481
1,active,27.174850668758154,1783675650.614471,142.104,37,41,2257,12481
1,active,27.275232516229153,1783675650.7152457,142.915,37,42,2257,12481
1,active,27.375882973894477,1783675650.8154783,140.737,38,42,2257,12481
1,active,27.476151617243886,1783675650.915738,140.397,37,42,2257,12481
1,active,27.57639848999679,1783675651.0159903,141.069,37,42,2257,12481
1,active,27.676634691655636,1783675651.1162336,141.06,38,42,2257,12481
1,active,27.77689054980874,1783675651.2164774,140.514,37,42,2257,12481
1,active,27.877173718065023,1783675651.316764,142.686,38,40,2257,12481
1,active,27.97743929363787,1783675651.417036,141.943,37,40,2257,12481
1,active,28.077756501734257,1783675651.5174391,142.396,37,42,2257,12481
1,active,28.178174735978246,1783675651.6177928,141.61,37,42,2257,12481
1,active,28.278494451195,1783675651.7180862,140.192,37,40,2257,12481
1,active,28.378814585506916,1783675651.8184056,141.27,37,40,2257,12481
1,active,28.479074889793992,1783675651.9186635,141.95,37,42,2257,12481
1,active,28.579383309930563,1783675652.01897,140.918,38,42,2257,12481
1,active,28.67962897196412,1783675652.1192138,140.431,37,41,2257,12481
1,active,28.779915396124125,1783675652.219522,140.678,38,41,2257,12481
1,active,28.880193389952183,1783675652.3198254,140.078,37,42,2257,12481
1,active,28.980501854792237,1783675652.4200833,139.923,38,42,2257,12481
1,active,29.08072528243065,1783675652.5203094,139.841,38,42,2257,12481
1,active,29.18101284839213,1783675652.620598,139.118,37,42,2257,12481
1,active,29.281281176954508,1783675652.7208827,140.39,38,42,2257,12481
1,active,29.38159729912877,1783675652.8212028,140.522,37,42,2257,12481
1,active,29.481886997818947,1783675652.921491,139.941,37,42,2257,12481
1,active,29.582166641950607,1783675653.0217566,140.867,38,42,2257,12481
1,active,29.682446990162134,1783675653.1220624,139.532,38,41,2257,12481
1,active,29.78286493383348,1783675653.2224545,139.478,37,41,2257,12481
1,active,29.883168634027243,1783675653.322757,139.872,38,42,2257,12481
1,active,29.983502112329006,1783675653.4231205,139.33,38,42,2257,12481
1,active,30.08382284641266,1783675653.5234442,138.587,37,42,2257,12481
1,active,30.18412351049483,1783675653.6237283,138.601,38,42,2257,12481
1,active,30.284386109560728,1783675653.7239819,138.834,38,42,2257,12481
1,active,30.384699823334813,1783675653.824296,138.446,37,42,2257,12481
1,active,30.484960002824664,1783675653.924545,139.92,37,42,2257,12481
1,active,30.585188610479236,1783675654.0247414,140.706,38,42,2257,12481
1,active,30.68534349836409,1783675654.1248944,140.559,37,41,2257,12481
1,active,30.7854641713202,1783675654.2250154,140.183,37,41,2257,12481
1,active,30.88561094366014,1783675654.3251607,140.616,37,42,2257,12481
1,active,30.985732248052955,1783675654.4252856,142.949,38,42,2257,12481
1,active,31.08584696613252,1783675654.5254078,142.375,37,42,2257,12481
1,active,31.186054507270455,1783675654.6256707,142.231,37,42,2257,12481
1,active,31.286401387304068,1783675654.72599,141.832,38,42,2257,12481
1,active,31.386652594432235,1783675654.8262408,142.221,38,42,2257,12481
1,active,31.487042071297765,1783675654.9266303,141.24,37,42,2257,12481
1,active,31.58743759430945,1783675655.0270593,141.288,37,42,2257,12481
1,active,31.68771981075406,1783675655.1273096,141.636,38,42,2257,12481
1,active,31.78796256519854,1783675655.2275512,142.0,38,42,2257,12481
1,active,31.888234673067927,1783675655.3278227,141.587,37,40,2257,12481
1,active,31.988563561812043,1783675655.4281597,142.133,38,40,2257,12481
1,active,32.0889001339674,1783675655.5284975,141.329,38,42,2257,12481
1,active,32.18918131291866,1783675655.6287704,141.423,37,42,2257,12481
1,active,32.28944204188883,1783675655.729032,141.262,38,42,2257,12481
1,active,32.38973540626466,1783675655.8293526,141.331,38,42,2257,12481
1,active,32.49003931321204,1783675655.929635,142.163,37,42,2257,12481
1,active,32.59036817587912,1783675656.0299525,142.025,37,42,2257,12481
1,active,32.69061134196818,1783675656.1301923,143.105,38,42,2257,12481
1,active,32.790879456326365,1783675656.2304676,141.896,37,42,2257,12481
1,active,32.89115193858743,1783675656.3307436,141.973,38,42,2257,12481
1,active,32.99143003113568,1783675656.4310136,143.257,38,42,2257,12481
1,active,33.0916655510664,1783675656.531251,141.801,38,42,2257,12481
1,active,33.191911125555634,1783675656.6315017,142.07,37,42,2257,12481
1,active,33.292217357084155,1783675656.7318053,143.107,38,42,2257,12481
1,active,33.392531123012304,1783675656.8321195,143.788,38,42,2257,12481
1,active,33.49278914555907,1783675656.9323776,143.081,38,42,2257,12481
1,active,33.59311489760876,1783675657.0327206,142.632,37,42,2257,12481
1,active,33.69341970421374,1783675657.1330097,142.528,38,42,2257,12481
1,active,33.79368668794632,1783675657.233276,143.657,38,42,2257,12481
1,active,33.89394931681454,1783675657.3335838,142.911,38,42,2257,12481
1,active,33.99426952190697,1783675657.4338584,141.673,38,42,2257,12481
1,active,34.09453039057553,1783675657.5341206,142.396,38,42,2257,12481
1,active,34.19479779154062,1783675657.6344297,144.25,38,42,2257,12481
1,active,34.295118287205696,1783675657.7347808,143.509,38,42,2257,12481
1,active,34.395450642332435,1783675657.8350687,142.148,38,42,2257,12481
1,active,34.49574986286461,1783675657.9353697,142.157,38,42,2257,12481
1,active,34.59606024622917,1783675658.0356588,141.583,37,42,2257,12481
1,active,34.6963512301445,1783675658.1359515,142.193,38,43,2257,12481
1,active,34.79662358760834,1783675658.2362125,141.553,37,43,2257,12481
1,active,34.896928898990154,1783675658.3365426,141.541,38,36,2257,12481
1,active,34.99721813388169,1783675658.4368079,140.855,38,36,2257,12481
1,active,35.09750972315669,1783675658.5370982,140.944,38,42,2257,12481
1,active,35.19777453131974,1783675658.6374087,140.671,38,42,2257,12481
1,active,35.29812150634825,1783675658.7377121,140.415,38,43,2257,12481
1,active,35.39840801432729,1783675658.8379996,141.583,38,43,2257,12481
1,active,35.49864323437214,1783675658.938217,141.613,38,42,2257,12481
1,active,35.598815904930234,1783675659.0383706,142.001,38,42,2257,12481
1,active,35.699022797867656,1783675659.1386116,142.606,38,42,2257,12481
1,active,35.79931742325425,1783675659.2389061,144.19,38,42,2257,12481
1,active,35.89960182644427,1783675659.3391907,143.271,38,41,2257,12481
1,active,35.999862814322114,1783675659.4394577,143.955,38,41,2257,12481
1,active,36.10011844150722,1783675659.5396864,142.741,37,37,2257,12481
1,active,36.200320361182094,1783675659.6399086,143.042,38,37,2257,12481
1,active,36.30056628957391,1783675659.7401898,142.846,38,40,2257,12481
1,active,36.40083844214678,1783675659.8404462,141.779,38,40,2257,12481
1,active,36.50106455013156,1783675659.9406214,141.302,38,42,2257,12481
1,active,36.60125691629946,1783675660.0408432,141.253,38,42,2257,12481
1,active,36.70151123404503,1783675660.1410987,140.087,38,42,2257,12481
1,active,36.80177438259125,1783675660.2413614,139.319,38,42,2257,12481
1,active,36.90208084695041,1783675660.3416674,140.425,38,42,2257,12481
1,active,37.00233877822757,1783675660.4419324,141.157,38,42,2257,12481
1,active,37.10259600169957,1783675660.5421824,140.126,38,42,2257,12481
1,active,37.202858896926045,1783675660.6424441,140.098,38,42,2257,12481
1,active,37.30312587507069,1783675660.7427278,140.097,38,43,2257,12481
1,active,37.40340459905565,1783675660.8430178,140.256,38,43,2257,12481
1,active,37.50378763861954,1783675660.9433777,140.886,38,42,2257,12481
1,active,37.604050777852535,1783675661.0436385,140.578,38,42,2257,12481
1,active,37.70431566610932,1783675661.1439042,141.48,38,42,2257,12481
1,active,37.8046004306525,1783675661.2442088,143.037,38,42,2257,12481
1,active,37.90488412976265,1783675661.3444664,144.696,38,42,2257,12481
1,active,38.00515945069492,1783675661.444739,143.194,38,42,2257,12481
1,active,38.105408342555165,1783675661.544994,141.885,38,43,2257,12481
1,active,38.205652045086026,1783675661.645239,142.673,38,43,2257,12481
1,active,38.30585888400674,1783675661.7454119,143.579,38,42,2257,12481
1,active,38.40599996596575,1783675661.8455532,144.424,38,42,2257,12481
1,active,38.50613799318671,1783675661.94569,143.528,38,42,2257,12481
1,active,38.60631877370179,1783675662.0459127,143.58,38,42,2257,12481
1,active,38.70655985735357,1783675662.146161,144.217,38,43,2257,12481
1,active,38.80682426691055,1783675662.2464066,145.195,38,43,2257,12481
1,active,38.90709760226309,1783675662.3467143,142.12,38,42,2257,12481
1,active,39.00739357434213,1783675662.4469848,142.119,38,42,2257,12481
1,active,39.10771259851754,1783675662.5473225,143.626,38,42,2257,12481
1,active,39.20799303241074,1783675662.6475916,143.942,38,42,2257,12481
1,active,39.308268547058105,1783675662.747878,144.239,38,42,2257,12481
1,active,39.40852487459779,1783675662.8481128,143.632,38,42,2257,12481
1,active,39.5087556745857,1783675662.9483573,143.38,38,43,2257,12481
1,active,39.60900621116161,1783675663.0486102,143.306,38,43,2257,12481
1,active,39.70925945043564,1783675663.148844,142.467,38,42,2257,12481
1,active,39.80957638658583,1783675663.2491992,141.176,38,42,2257,12481
1,active,39.909901440143585,1783675663.3494937,142.254,38,43,2257,12481
1,active,40.0101863630116,1783675663.4497712,143.897,38,43,2257,12481
1,active,40.1104507483542,1783675663.5500903,143.636,38,43,2257,12481
1,active,40.21085505373776,1783675663.6505044,142.324,38,43,2257,12481
1,active,40.31119022332132,1783675663.7507775,142.237,38,42,2257,12481
1,active,40.41146604157984,1783675663.8510516,139.83,38,42,2257,12481
1,active,40.51173463463783,1783675663.9513197,139.661,38,42,2257,12481
1,active,40.61198206245899,1783675664.051568,139.897,38,42,2257,12481
1,active,40.71222854964435,1783675664.151813,140.617,38,43,2257,12481
1,active,40.812566390261054,1783675664.2521565,141.692,38,43,2257,12481
1,active,40.912831453606486,1783675664.3524604,142.206,38,43,2257,12481
1,active,41.01312906853855,1783675664.4527142,141.181,38,43,2257,12481
1,active,41.11337593384087,1783675664.5529938,141.78,38,42,2257,12481
1,active,41.21362392604351,1783675664.6531963,140.692,38,42,2257,12481
1,active,41.313855743035674,1783675664.7534883,140.656,38,43,2257,12481
1,active,41.414209485054016,1783675664.8538284,141.187,38,43,2257,12481
1,active,41.51452349126339,1783675664.954116,143.414,38,43,2257,12481
1,active,41.61477309465408,1783675665.0543807,145.08,38,43,2257,12481
1,active,41.71507125906646,1783675665.1546636,144.374,38,42,2257,12481
1,active,41.815370654687285,1783675665.254959,143.664,38,42,2257,12481
1,active,41.91565272025764,1783675665.3552415,144.353,38,42,2257,12481
1,active,42.015917994081974,1783675665.455506,143.617,38,42,2257,12481
1,active,42.116177475079894,1783675665.5557685,142.57,38,42,2257,12481
1,active,42.21643963456154,1783675665.6560295,142.593,38,42,2257,12481
1,active,42.31674937531352,1783675665.7563396,144.311,38,43,2257,12481
1,active,42.4170435257256,1783675665.8566334,144.894,38,43,2257,12481
1,active,42.517343910411,1783675665.9569294,145.022,38,42,2257,12481
1,active,42.61765851452947,1783675666.0572562,142.99,38,42,2257,12481
1,active,42.71792698279023,1783675666.1575134,143.007,38,42,2257,12481
1,active,42.81819466128945,1783675666.2578115,142.676,38,42,2257,12481
1,active,42.918536238372326,1783675666.3581212,143.14,38,43,2257,12481
1,active,43.01878669671714,1783675666.4583797,143.596,38,43,2257,12481
1,active,43.119111677631736,1783675666.558719,143.394,38,42,2257,12481
1,active,43.219414649531245,1783675666.6590016,142.802,38,42,2257,12481
1,active,43.319731341674924,1783675666.7593195,142.893,38,43,2257,12481
1,active,43.42002026550472,1783675666.8596065,142.861,38,43,2257,12481
1,active,43.520316341891885,1783675666.9599054,143.203,38,43,2257,12481
1,active,43.620638608932495,1783675667.060221,142.026,38,43,2257,12481
1,active,43.720966482535005,1783675667.160553,142.027,38,42,2257,12481
1,active,43.82121279835701,1783675667.2607822,142.24,38,42,2257,12481
1,active,43.921396002173424,1783675667.3609571,142.46,38,43,2257,12481
1,active,44.02159748971462,1783675667.4611573,142.223,38,43,2257,12481
1,active,44.12177873030305,1783675667.5613363,142.046,38,42,2257,12481
1,active,44.22195016592741,1783675667.6615074,142.567,38,42,2257,12481
1,active,44.32211544550955,1783675667.7616673,141.604,38,43,2257,12481
1,active,44.42223965935409,1783675667.8617966,141.361,38,43,2257,12481
1,active,44.52239805273712,1783675667.9619608,138.557,38,40,2257,12481
1,active,44.62259935028851,1783675668.062161,139.87,38,40,2257,12481
1,active,44.72278988733888,1783675668.1623435,140.073,38,42,2257,12481
1,active,44.82297313772142,1783675668.262563,139.926,38,42,2257,12481
1,active,44.924595698714256,1783675668.3641593,140.324,38,43,2257,12481
1,active,45.02479692734778,1783675668.4643917,140.941,38,42,2257,12481
1,active,45.125024830922484,1783675668.564581,139.642,38,42,2257,12481
1,active,45.2251840531826,1783675668.6647358,139.577,38,42,2257,12481
1,active,45.3253161739558,1783675668.7648702,140.024,38,42,2257,12481
1,active,45.42549177445471,1783675668.8650417,140.367,38,42,2257,12481
1,active,45.52563789114356,1783675668.965192,140.787,38,42,2257,12481
1,active,45.62577699869871,1783675669.065352,139.94,38,42,2257,12481
1,active,45.725952902808785,1783675669.1655076,141.733,38,42,2257,12481
1,active,45.82610326446593,1783675669.2656572,141.287,38,41,2257,12481
1,active,45.92627381533384,1783675669.3658733,140.85,38,41,2257,12481
1,active,46.02659651450813,1783675669.466158,140.17,38,41,2257,12481
1,active,46.12680957838893,1783675669.5663662,139.624,38,41,2257,12481
1,active,46.22697295807302,1783675669.6665244,139.963,38,42,2257,12481
1,active,46.327086282894015,1783675669.7666395,141.853,38,42,2257,12481
1,active,46.42722959816456,1783675669.8667827,141.154,38,41,2257,12481
1,active,46.52735862694681,1783675669.966911,142.073,38,41,2257,12481
1,active,46.62748344987631,1783675670.0670369,143.821,38,42,2257,12481
1,active,46.72760891355574,1783675670.1671631,143.775,38,42,2257,12481
1,active,46.82774695754051,1783675670.2673001,143.351,38,41,2257,12481
1,active,46.92787041887641,1783675670.3674235,142.781,38,41,2257,12481
1,active,47.028007350862026,1783675670.4675615,142.842,38,42,2257,12481
1,idle_post,0.0002771969884634018,1783675670.5425985,142.842,38,42,2257,12481
1,idle_post,0.10056173428893089,1783675670.6428518,144.478,38,42,2257,12481
1,idle_post,0.20080589316785336,1783675670.743096,139.566,37,18,2257,12481
1,idle_post,0.3010483644902706,1783675670.843339,132.568,37,18,2257,12481
1,idle_post,0.40129110403358936,1783675670.9435806,128.303,37,0,2257,12481
1,idle_post,0.501531545072794,1783675671.0438213,123.845,37,0,2265,12481
1,idle_post,0.6017865911126137,1783675671.1440759,118.322,37,0,2265,12481
1,idle_post,0.7020214796066284,1783675671.2443068,111.849,37,0,2265,12481
1,idle_post,0.8022489342838526,1783675671.344537,106.591,36,0,2265,12481
1,idle_post,0.9024743586778641,1783675671.444758,101.426,36,0,2265,12481
1,idle_post,1.0026872605085373,1783675671.5449734,96.739,36,0,2265,12481
1,idle_post,1.1029049139469862,1783675671.6451945,91.433,36,0,2265,12481
1,idle_post,1.2031429763883352,1783675671.7454329,91.433,36,0,2265,12481
1,idle_post,1.3033813815563917,1783675671.8456712,91.433,36,0,2265,12481
1,idle_post,1.4036224521696568,1783675671.9459128,91.433,36,0,2265,12481
1,idle_post,1.503862302750349,1783675672.0461507,91.433,36,0,2265,12481
1,idle_post,1.6040956284850836,1783675672.1463819,91.433,36,0,2265,12481
1,idle_post,1.7043231166899204,1783675672.2466102,91.433,36,0,2265,12481
1,idle_post,1.8046033680438995,1783675672.3468912,91.433,36,0,2265,12481
1,idle_post,1.904832286760211,1783675672.4471178,91.433,36,0,2265,12481
1,idle_post,2.0050593689084053,1783675672.5473473,91.433,36,0,2265,12481
1,idle_post,2.1052935291081667,1783675672.647583,84.063,36,0,2265,12481
1,idle_post,2.2055240366607904,1783675672.7478108,84.063,36,0,2265,12481
1,idle_post,2.305740287527442,1783675672.8480155,84.063,36,0,2265,12481
1,idle_post,2.4059287440031767,1783675672.9482088,84.063,36,0,2265,12481
1,idle_post,2.5061575286090374,1783675673.0484474,84.063,36,0,2265,12481
1,idle_post,2.6063993722200394,1783675673.1486797,84.063,36,0,2265,12481
1,idle_post,2.7066098880022764,1783675673.2488902,84.063,36,0,2265,12481
1,idle_post,2.806848356500268,1783675673.3491352,84.063,36,0,2265,12481
1,idle_post,2.9070894811302423,1783675673.4493735,84.063,36,0,2265,12481
1,idle_post,3.007331231608987,1783675673.5496168,84.063,36,0,2265,12481
1,idle_post,3.1075857523828745,1783675673.6498704,84.063,36,0,2257,12481
1,idle_post,3.2078288923949003,1783675673.7501142,84.063,36,0,2257,12481
1,idle_post,3.3080907482653856,1783675673.850376,84.063,36,0,2257,12481
1,idle_post,3.408331960439682,1783675673.9506173,84.063,36,0,2257,12481
1,idle_post,3.5085963383316994,1783675674.0508792,84.063,36,0,2257,12481
1,idle_post,3.608827820047736,1783675674.151111,84.063,36,0,2257,12481
1,idle_post,3.709057254716754,1783675674.2513385,84.063,36,0,2257,12481
1,idle_post,3.8092873618006706,1783675674.3515732,84.063,36,0,2257,12481
1,idle_post,3.909531146287918,1783675674.4518187,84.063,36,0,2257,12481
1,idle_post,4.009769136086106,1783675674.5520513,84.063,36,0,2257,12481
1,idle_post,4.109986079856753,1783675674.6522677,84.041,36,0,2265,12481
1,idle_post,4.210211189463735,1783675674.7524936,84.041,36,0,2265,12481
1,idle_post,4.310452688485384,1783675674.8527339,84.041,36,0,2265,12481
1,idle_post,4.410679312422872,1783675674.9529612,84.041,36,0,2265,12481
1,idle_post,4.510902324691415,1783675675.0531895,84.041,36,0,2265,12481
1,idle_post,4.611139310523868,1783675675.1534257,84.041,36,0,2265,12481
1,idle_post,4.7113827131688595,1783675675.253665,84.041,36,0,2265,12481
1,idle_post,4.8116112519055605,1783675675.3538916,84.041,36,0,2265,12481
1,idle_post,4.911840755492449,1783675675.4541266,84.041,36,0,2265,12481
1,idle_post,5.012079833075404,1783675675.5543644,84.041,36,0,2265,12481
1,idle_post,5.1123270485550165,1783675675.6546175,84.041,36,0,2265,12481
1,idle_post,5.212586795911193,1783675675.7548695,84.041,36,0,2265,12481
1,idle_post,5.312827240675688,1783675675.8551095,84.041,36,0,2265,12481
1,idle_post,5.413051744922996,1783675675.9553325,84.041,36,0,2265,12481
1,idle_post,5.513284372165799,1783675676.0555668,84.041,36,0,2265,12481
1,idle_post,5.613512361422181,1783675676.1557958,84.041,36,0,2265,12481
1,idle_post,5.713756641373038,1783675676.2560382,84.041,36,0,2265,12481
1,idle_post,5.813986472785473,1783675676.3562722,84.041,36,0,2265,12481
1,idle_post,5.914232756942511,1783675676.4565222,84.041,36,0,2265,12481
1,idle_post,6.0144862700253725,1783675676.5567765,84.041,36,0,2265,12481
1,idle_post,6.114816715940833,1783675676.6571026,84.014,36,0,2265,12481
1,idle_post,6.215052895247936,1783675676.7573388,84.014,36,0,2265,12481
1,idle_post,6.315296836197376,1783675676.857578,84.014,36,0,2265,12481
1,idle_post,6.4155264012515545,1783675676.9578102,84.014,36,0,2265,12481
1,idle_post,6.51577034406364,1783675677.0580606,84.014,36,0,2265,12481
1,idle_post,6.616021312773228,1783675677.1583102,84.014,36,0,2265,12481
1,idle_post,6.71622765250504,1783675677.2584972,84.014,36,0,2265,12481
1,idle_post,6.816408446058631,1783675677.3587084,84.014,36,0,2265,12481
1,idle_post,6.9166568368673325,1783675677.4589388,84.014,36,0,2265,12481
1,idle_post,7.016882156953216,1783675677.5591638,84.014,36,0,2265,12481
1,idle_post,7.117098214104772,1783675677.6593792,83.77,36,0,2257,12481
1,idle_post,7.217386476695538,1783675677.7596686,83.77,36,0,2257,12481
1,idle_post,7.317621096968651,1783675677.8599029,83.77,36,0,2257,12481
1,idle_post,7.417851010337472,1783675677.9601336,83.77,36,0,2257,12481
1,idle_post,7.518078900873661,1783675678.0603614,83.77,36,0,2257,12481
1,idle_post,7.618369163945317,1783675678.1606536,83.77,36,0,2257,12481
1,idle_post,7.718608720228076,1783675678.260896,83.77,36,0,2257,12481
1,idle_post,7.818979870527983,1783675678.361269,83.77,36,0,2257,12481
1,idle_post,7.9192513804882765,1783675678.4615371,83.77,36,0,2257,12481
1,idle_post,8.019506549462676,1783675678.5617898,83.77,36,0,2257,12481
1,idle_post,8.11973436549306,1783675678.6620166,83.521,35,0,2265,12481
1,idle_post,8.21997027657926,1783675678.7622516,83.521,35,0,2265,12481
1,idle_post,8.320208901539445,1783675678.8624938,83.521,35,0,2265,12481
1,idle_post,8.420459847897291,1783675678.9627452,83.521,35,0,2265,12481
1,idle_post,8.520698212087154,1783675679.062978,83.521,35,0,2265,12481
1,idle_post,8.620924340561032,1783675679.1632063,83.521,35,0,2265,12481
1,idle_post,8.721160778775811,1783675679.2634435,83.521,35,0,2265,12481
1,idle_post,8.821389021351933,1783675679.3636713,83.521,35,0,2265,12481
1,idle_post,8.92162349447608,1783675679.463907,83.521,35,0,2265,12481
1,idle_post,9.02185184508562,1783675679.5641358,83.524,35,0,2257,12481
1,idle_post,9.122078131884336,1783675679.664363,83.524,35,0,2257,12481
1,idle_post,9.222312789410353,1783675679.7645972,83.524,35,0,2257,12481
1,idle_post,9.322559468448162,1783675679.864844,83.524,35,0,2257,12481
1,idle_post,9.422806520015001,1783675679.965092,83.524,35,0,2257,12481
1,idle_post,9.523047592490911,1783675680.0653353,83.524,35,0,2257,12481
1,idle_post,9.62333421036601,1783675680.1656199,83.524,35,0,2257,12481
1,idle_post,9.723608557134867,1783675680.2658937,83.524,35,0,2257,12481
1,idle_post,9.823927473276854,1783675680.366213,83.524,35,0,2257,12481
1,idle_post,9.924164133146405,1783675680.4664485,83.524,35,0,2257,12481
2,idle_pre,0.00023893825709819794,1783675680.543672,83.524,35,0,2257,12481
2,idle_pre,0.1005486510694027,1783675680.6439445,83.527,35,0,2265,12481
2,idle_pre,0.20079751126468182,1783675680.7441945,83.527,35,0,2265,12481
2,idle_pre,0.30103533528745174,1783675680.8444314,83.527,35,0,2265,12481
2,idle_pre,0.40128062665462494,1783675680.9446762,83.527,35,0,2265,12481
2,idle_pre,0.5015668943524361,1783675681.044962,83.527,35,0,2265,12481
2,idle_pre,0.6018223967403173,1783675681.1452184,83.527,35,0,2265,12481
2,idle_pre,0.7020632158964872,1783675681.2454574,83.527,35,0,2265,12481
2,idle_pre,0.8023016527295113,1783675681.3456962,83.527,35,0,2265,12481
2,idle_pre,0.902540422976017,1783675681.4459343,83.527,35,0,2265,12481
2,idle_pre,1.0027756188064814,1783675681.5461688,83.527,35,0,2265,12481
2,idle_pre,1.1030321288853884,1783675681.6464224,83.527,35,0,2265,12481
2,idle_pre,1.20326086319983,1783675681.7466557,83.527,35,0,2265,12481
2,idle_pre,1.3035196140408516,1783675681.8469164,83.527,35,0,2265,12481
2,idle_pre,1.4037692733108997,1783675681.9471662,83.527,35,0,2265,12481
2,idle_pre,1.5040203351527452,1783675682.0474174,83.527,35,0,2265,12481
2,idle_pre,1.6042681857943535,1783675682.1476645,83.527,35,0,2265,12481
2,idle_pre,1.7045131791383028,1783675682.2479062,83.527,35,0,2265,12481
2,idle_pre,1.8047459553927183,1783675682.3481364,83.527,35,0,2265,12481
2,idle_pre,1.9049761518836021,1783675682.4483674,83.527,35,0,2265,12481
2,idle_pre,2.005206922069192,1783675682.5486012,83.527,35,0,2265,12481
2,idle_pre,2.105491992086172,1783675682.6488853,83.527,35,0,2265,12481
2,idle_pre,2.2057301737368107,1783675682.749125,83.527,35,0,2265,12481
2,idle_pre,2.305959027260542,1783675682.8493536,83.527,35,0,2265,12481
2,idle_pre,2.406214939430356,1783675682.9496107,83.527,35,0,2265,12481
2,idle_pre,2.506462074816227,1783675683.0498576,83.527,35,0,2265,12481
2,idle_pre,2.606708627194166,1783675683.1501038,83.527,35,0,2265,12481
2,idle_pre,2.7069478146731853,1783675683.250342,83.527,35,0,2265,12481
2,idle_pre,2.80718388594687,1783675683.3505757,83.527,35,0,2265,12481
2,idle_pre,2.9074837882071733,1783675683.4508786,83.527,35,0,2265,12481
2,idle_pre,3.0077309384942055,1783675683.5511267,83.527,35,0,2265,12481
2,idle_pre,3.1079755779355764,1783675683.6513724,83.576,35,0,2257,12481
2,idle_pre,3.208232482895255,1783675683.7516284,83.576,35,0,2257,12481
2,idle_pre,3.308469222858548,1783675683.8518658,83.576,35,0,2257,12481
2,idle_pre,3.408678552135825,1783675683.9520445,83.576,35,0,2257,12481
2,idle_pre,3.508856849744916,1783675684.0522447,83.576,35,0,2257,12481
2,idle_pre,3.6090841703116894,1783675684.1524796,83.576,35,0,2257,12481
2,idle_pre,3.7094223983585835,1783675684.252815,83.576,35,0,2257,12481
2,idle_pre,3.80966086871922,1783675684.3530543,83.576,35,0,2257,12481
2,idle_pre,3.9099094048142433,1783675684.453304,83.576,35,0,2257,12481
2,idle_pre,4.010148607194424,1783675684.5535426,83.576,35,0,2257,12481
2,idle_pre,4.1103908102959394,1783675684.653785,83.527,35,0,2265,12481
2,idle_pre,4.210649037733674,1783675684.754043,83.527,35,0,2265,12481
2,idle_pre,4.310895513743162,1783675684.85429,83.527,35,0,2265,12481
2,idle_pre,4.411133730784059,1783675684.95453,83.527,35,0,2265,12481
2,idle_pre,4.511389723047614,1783675685.0547843,83.527,35,0,2265,12481
2,idle_pre,4.611707583069801,1783675685.155102,83.527,35,0,2265,12481
2,idle_pre,4.711948171257973,1783675685.2553425,83.527,35,0,2265,12481
2,idle_pre,4.812186170369387,1783675685.3555784,83.527,35,0,2265,12481
2,idle_pre,4.912425635382533,1783675685.4558194,83.527,35,0,2265,12481
2,idle_pre,5.012662908062339,1783675685.5560584,83.527,35,0,2265,12481
2,idle_pre,5.112949158996344,1783675685.6563425,83.089,35,0,2265,12481
2,idle_pre,5.21318356692791,1783675685.7565765,83.089,35,0,2265,12481
2,idle_pre,5.3134240582585335,1783675685.8568196,83.089,35,0,2265,12481
2,idle_pre,5.413681462407112,1783675685.9570749,83.089,35,0,2265,12481
2,idle_pre,5.513909637928009,1783675686.0573046,83.089,35,0,2265,12481
2,idle_pre,5.614149639382958,1783675686.1575458,83.089,35,0,2265,12481
2,idle_pre,5.714512253180146,1783675686.2579057,83.089,35,0,2265,12481
2,idle_pre,5.81483300589025,1783675686.3582234,83.089,35,0,2265,12481
2,idle_pre,5.915063982829452,1783675686.4584568,83.089,35,0,2265,12481
2,idle_pre,6.015296829864383,1783675686.5587091,83.089,35,0,2265,12481
2,idle_pre,6.115592243149877,1783675686.658985,83.307,35,0,2265,12481
2,idle_pre,6.2158270217478275,1783675686.7592213,83.307,35,0,2265,12481
2,idle_pre,6.316149914637208,1783675686.859544,83.307,35,0,2265,12481
2,idle_pre,6.41646752692759,1783675686.9598608,83.307,35,0,2265,12481
2,idle_pre,6.516701303422451,1783675687.0600944,83.307,35,0,2265,12481
2,idle_pre,6.616933858022094,1783675687.1603262,83.307,35,0,2265,12481
2,idle_pre,6.717169556766748,1783675687.2605648,83.307,35,0,2265,12481
2,idle_pre,6.817410843446851,1783675687.3608072,83.307,35,0,2265,12481
2,idle_pre,6.917657069861889,1783675687.4610531,83.307,35,0,2265,12481
2,idle_pre,7.0179017428308725,1783675687.5612984,83.307,35,0,2265,12481
2,idle_pre,7.118158405646682,1783675687.6615546,83.041,35,0,2257,12481
2,idle_pre,7.218434434384108,1783675687.7618303,83.041,35,0,2257,12481
2,idle_pre,7.318678289651871,1783675687.8620737,83.041,35,0,2257,12481
2,idle_pre,7.419070780277252,1783675687.962466,83.041,35,0,2257,12481
2,idle_pre,7.51927294023335,1783675688.0626476,83.041,35,0,2257,12481
2,idle_pre,7.619502870365977,1783675688.1628988,83.041,35,0,2257,12481
2,idle_pre,7.719760058447719,1783675688.2631547,83.041,35,0,2257,12481
2,idle_pre,7.820048846304417,1783675688.3634434,83.041,35,0,2257,12481
2,idle_pre,7.920287266373634,1783675688.4636831,83.041,35,0,2257,12481
2,idle_pre,8.020524699240923,1783675688.563918,83.041,35,0,2265,12481
2,idle_pre,8.120758211240172,1783675688.6641512,83.041,35,0,2265,12481
2,idle_pre,8.220994602888823,1783675688.7643883,83.041,35,0,2265,12481
2,idle_pre,8.32131534256041,1783675688.8647113,83.041,35,0,2265,12481
2,idle_pre,8.421564921736717,1783675688.9649608,83.041,35,0,2265,12481
2,idle_pre,8.521798910573125,1783675689.065195,83.041,35,0,2265,12481
2,idle_pre,8.622074581682682,1783675689.165467,83.041,35,0,2265,12481
2,idle_pre,8.72233902849257,1783675689.2657304,83.041,35,0,2265,12481
2,idle_pre,8.822567263618112,1783675689.3659627,83.041,35,0,2265,12481
2,idle_pre,8.922805070877075,1783675689.4661987,83.041,35,0,2265,12481
2,idle_pre,9.023038802668452,1783675689.5664284,83.044,35,0,2265,12481
2,idle_pre,9.123260870575905,1783675689.66665,83.044,35,0,2265,12481
2,idle_pre,9.223503407090902,1783675689.7668934,83.044,35,0,2265,12481
2,idle_pre,9.323732582852244,1783675689.8671246,83.044,35,0,2265,12481
2,idle_pre,9.423967219889164,1783675689.9673598,83.044,35,0,2265,12481
2,idle_pre,9.524191435426474,1783675690.067585,83.044,35,0,2265,12481
2,idle_pre,9.624515682458878,1783675690.1679115,83.044,35,0,2265,12481
2,idle_pre,9.724760366603732,1783675690.2681513,83.044,35,0,2265,12481
2,idle_pre,9.824994955211878,1783675690.3683846,83.044,35,0,2265,12481
2,idle_pre,9.925222158432007,1783675690.4686136,83.044,35,0,2265,12481
2,active,0.0002661384642124176,1783675690.5446587,83.044,35,0,2265,12481
2,active,0.1005949005484581,1783675690.6449509,83.041,35,0,2265,12481
2,active,0.20087552815675735,1783675690.7452583,87.989,35,18,2257,12481
2,active,0.3011621404439211,1783675690.8455188,92.919,36,18,2257,12481
2,active,0.40146452002227306,1783675690.9458265,97.415,36,43,2257,12481
2,active,0.5017285440117121,1783675691.046115,100.155,36,43,2257,12481
2,active,0.6020223069936037,1783675691.1463866,102.676,36,43,2257,12481
2,active,0.7022985108196735,1783675691.2466562,104.882,36,43,2257,12481
2,active,0.802604615688324,1783675691.3469584,107.028,36,42,2257,12481
2,active,0.9028591122478247,1783675691.4472146,108.985,36,42,2257,12481
2,active,1.0031163524836302,1783675691.5474737,111.144,36,42,2257,12481
2,active,1.1034484896808863,1783675691.647803,113.011,37,42,2257,12481
2,active,1.2037115693092346,1783675691.7481067,142.121,36,42,2257,12481
2,active,1.3043988291174173,1783675691.8488243,142.025,36,42,2257,12481
2,active,1.4047593381255865,1783675691.9491124,139.968,36,43,2257,12481
2,active,1.5050095859915018,1783675692.0493639,140.917,36,43,2257,12481
2,active,1.6052925679832697,1783675692.1496599,141.134,36,43,2257,12481
2,active,1.705571684986353,1783675692.2499309,142.511,37,43,2257,12481
2,active,1.8058310095220804,1783675692.3501945,143.279,37,42,2257,12481
2,active,1.9060869086533785,1783675692.4504433,142.663,37,42,2257,12481
2,active,2.006336737424135,1783675692.5507097,141.401,36,43,2257,12481
2,active,2.1066992804408073,1783675692.6510565,140.642,36,43,2257,12481
2,active,2.206978764384985,1783675692.7513344,140.664,36,43,2257,12481
2,active,2.3072355277836323,1783675692.8515875,142.748,37,43,2257,12481
2,active,2.407576285302639,1783675692.9519324,142.564,37,41,2257,12481
2,active,2.5078905131667852,1783675693.052251,142.206,37,41,2257,12481
2,active,2.6081895232200623,1783675693.1525722,141.867,37,42,2257,12481
2,active,2.7084870599210262,1783675693.2528527,142.078,37,42,2257,12481
2,active,2.808752927929163,1783675693.3531115,142.119,37,42,2257,12481
2,active,2.909020831808448,1783675693.4533818,141.307,37,42,2257,12481
2,active,3.0092889089137316,1783675693.5536475,141.292,37,42,2257,12481
2,active,3.1095801144838333,1783675693.6539664,141.947,37,42,2257,12481
2,active,3.2098821494728327,1783675693.7542644,142.376,37,42,2257,12481
2,active,3.310161104425788,1783675693.854523,140.197,37,42,2257,12481
2,active,3.4104923009872437,1783675693.9548457,140.497,37,42,2257,12481
2,active,3.5107622165232897,1783675694.0551171,141.857,37,42,2257,12481
2,active,3.611029587686062,1783675694.155436,141.761,37,41,2257,12481
2,active,3.7113868091255426,1783675694.2557445,142.999,37,41,2257,12481
2,active,3.8116732202470303,1783675694.356035,140.58,37,42,2257,12481
2,active,3.9119575433433056,1783675694.4563203,141.322,37,42,2257,12481
2,active,4.01221764087677,1783675694.5565748,144.252,37,42,2257,12481
2,active,4.112470090389252,1783675694.656825,142.909,37,42,2257,12481
2,active,4.2127445582300425,1783675694.757102,143.026,37,42,2257,12481
2,active,4.3130501210689545,1783675694.8574293,144.602,37,42,2257,12481
2,active,4.413347927853465,1783675694.9577327,143.512,37,42,2257,12481
2,active,4.513655746355653,1783675695.0580254,143.143,37,42,2257,12481
2,active,4.613929966464639,1783675695.1582925,142.771,37,41,2257,12481
2,active,4.714200420305133,1783675695.2585552,140.241,37,41,2257,12481
2,active,4.814480723813176,1783675695.3588567,140.565,37,41,2257,12481
2,active,4.914798200130463,1783675695.459187,140.712,37,41,2257,12481
2,active,5.015111489221454,1783675695.559468,140.394,37,42,2257,12481
2,active,5.115392472594976,1783675695.6597788,141.708,37,42,2257,12481
2,active,5.215689789503813,1783675695.7600706,140.89,37,41,2257,12481
2,active,5.315981764346361,1783675695.8603349,139.763,37,41,2257,12481
2,active,5.4162411112338305,1783675695.9605937,140.616,37,42,2257,12481
2,active,5.516476504504681,1783675696.0608366,141.154,37,42,2257,12481
2,active,5.616793246939778,1783675696.1611512,141.173,37,42,2257,12481
2,active,5.717085037380457,1783675696.2614403,141.411,37,42,2257,12481
2,active,5.817335927858949,1783675696.361696,141.902,37,41,2257,12481
2,active,5.917582852765918,1783675696.461944,141.903,37,41,2257,12481
2,active,6.017830848693848,1783675696.5622222,142.243,37,42,2257,12481
2,active,6.1181531976908445,1783675696.6625388,142.605,37,42,2257,12481
2,active,6.218436665832996,1783675696.7628214,140.96,37,42,2257,12481
2,active,6.318727184087038,1783675696.8631048,140.68,37,42,2257,12481
2,active,6.419003224000335,1783675696.9634523,139.988,37,42,2257,12481
2,active,6.519415840506554,1783675697.063769,140.451,37,42,2257,12481
2,active,6.6196850929409266,1783675697.1640677,139.87,37,42,2257,12481
2,active,6.719993930310011,1783675697.2643836,139.712,37,42,2257,12481
2,active,6.820343321189284,1783675697.3647006,140.199,37,42,2257,12481
2,active,6.920586621388793,1783675697.464971,141.958,37,42,2257,12481
2,active,7.02087221480906,1783675697.5652294,143.187,37,43,2257,12481
2,active,7.121225954964757,1783675697.665593,140.616,37,43,2257,12481
2,active,7.221529666334391,1783675697.765882,140.978,37,43,2257,12481
2,active,7.321773275732994,1783675697.8661528,141.755,37,43,2257,12481
2,active,7.422038407996297,1783675697.9663925,142.771,37,43,2257,12481
2,active,7.522279359400272,1783675698.0666635,144.29,37,42,2257,12481
2,active,7.622593166306615,1783675698.1669815,143.803,37,42,2257,12481
2,active,7.722935697063804,1783675698.2673295,144.422,37,43,2257,12481
2,active,7.823237372562289,1783675698.3675945,142.001,37,43,2257,12481
2,active,7.9235042333602905,1783675698.4678957,140.585,37,42,2257,12481
2,active,8.023813093081117,1783675698.5681777,141.996,37,42,2257,12481
2,active,8.124075448140502,1783675698.6684344,143.647,37,42,2257,12481
2,active,8.224399488419294,1783675698.768756,143.527,37,42,2257,12481
2,active,8.324710093438625,1783675698.8690834,142.701,37,42,2257,12481
2,active,8.424982951954007,1783675698.9693751,142.361,37,42,2257,12481
2,active,8.525287725031376,1783675699.0696476,140.514,37,41,2257,12481
2,active,8.625585893169045,1783675699.1699655,140.7,37,41,2257,12481
2,active,8.725850146263838,1783675699.270206,142.165,37,42,2257,12481
2,active,8.82609866373241,1783675699.3704662,141.51,37,42,2257,12481
2,active,8.92635142058134,1783675699.4706967,142.327,37,42,2257,12481
2,active,9.02667367644608,1783675699.571033,141.98,37,42,2257,12481
2,active,9.126948419958353,1783675699.671327,139.766,37,42,2257,12481
2,active,9.227244228124619,1783675699.7716322,140.213,37,42,2257,12481
2,active,9.327550008893013,1783675699.8719096,140.081,37,41,2257,12481
2,active,9.427853705361485,1783675699.972213,137.562,37,41,2257,12481
2,active,9.528114415705204,1783675700.0724757,137.635,37,36,2257,12481
2,active,9.628370305523276,1783675700.172753,138.157,37,36,2257,12481
2,active,9.728690139949322,1783675700.2730472,137.406,37,40,2257,12481
2,active,9.828935837373137,1783675700.3733003,137.305,37,40,2257,12481
2,active,9.929217737168074,1783675700.4735768,136.205,37,41,2257,12481
2,active,10.029500680044293,1783675700.5738602,137.477,37,41,2257,12481
2,active,10.129772786051035,1783675700.674128,137.999,37,42,2257,12481
2,active,10.230024153366685,1783675700.7744088,139.208,37,42,2257,12481
2,active,10.330313680693507,1783675700.8746724,139.367,37,42,2257,12481
2,active,10.430618733167648,1783675700.9750347,139.544,37,42,2257,12481
2,active,10.53094632923603,1783675701.0753098,141.501,37,43,2257,12481
2,active,10.631249316036701,1783675701.1756334,141.452,38,43,2257,12481
2,active,10.731556044891477,1783675701.2759259,141.416,37,42,2257,12481
2,active,10.831841971725225,1783675701.3762002,142.217,37,42,2257,12481
2,active,10.932105800136924,1783675701.476466,144.275,38,42,2257,12481
2,active,11.032386280596256,1783675701.57676,143.304,37,42,2257,12481
2,active,11.132657440379262,1783675701.6770148,143.312,37,43,2257,12481
2,active,11.232944872230291,1783675701.7772996,143.208,37,43,2257,12481
2,active,11.333193795755506,1783675701.8775833,143.053,37,42,2257,12481
2,active,11.433491120114923,1783675701.9778528,142.421,38,42,2257,12481
2,active,11.53373627178371,1783675702.07812,141.806,37,43,2257,12481
2,active,11.63401273265481,1783675702.1783679,141.789,37,43,2257,12481
2,active,11.73429537191987,1783675702.2786632,142.566,37,42,2257,12481
2,active,11.834564438089728,1783675702.3789215,141.515,38,42,2257,12481
2,active,11.934802966192365,1783675702.4791493,138.691,37,42,2257,12481
2,active,12.035007108002901,1783675702.5793693,139.566,37,42,2257,12481
2,active,12.135345693677664,1783675702.6797338,140.965,38,42,2257,12481
2,active,12.23563345707953,1783675702.7799916,140.205,37,42,2257,12481
2,active,12.335922492668033,1783675702.8802876,139.574,37,42,2257,12481
2,active,12.436244744807482,1783675702.9806013,139.882,38,42,2257,12481
2,active,12.536528693512082,1783675703.0808854,140.384,37,42,2257,12481
2,active,12.636770140379667,1783675703.1811266,140.855,37,42,2257,12481
2,active,12.737032579258084,1783675703.2814,140.861,37,42,2257,12481
2,active,12.837350249290466,1783675703.3817036,141.363,38,42,2257,12481
2,active,12.937590524554253,1783675703.4819791,141.275,37,42,2257,12481
2,active,13.037907617166638,1783675703.5822613,141.938,37,42,2257,12481
2,active,13.13816344179213,1783675703.6825173,141.509,38,42,2257,12481
2,active,13.23845361173153,1783675703.7828472,140.481,38,42,2257,12481
2,active,13.338816910982132,1783675703.8831801,141.283,37,42,2257,12481
2,active,13.439064608886838,1783675703.9834282,141.455,37,42,2257,12481
2,active,13.539496896788478,1783675704.0838618,140.523,38,41,2257,12481
2,active,13.639752261340618,1783675704.1841402,139.997,37,41,2257,12481
2,active,13.740121206268668,1783675704.2845104,140.731,37,42,2257,12481
2,active,13.840421909466386,1783675704.384779,141.526,38,42,2257,12481
2,active,13.940677784383297,1783675704.485032,141.446,37,42,2257,12481
2,active,14.040948584675789,1783675704.5853446,141.688,37,42,2257,12481
2,active,14.141235960647464,1783675704.6856177,141.543,38,42,2257,12481
2,active,14.241533044725657,1783675704.7859178,141.389,38,42,2257,12481
2,active,14.341855833306909,1783675704.8862386,141.254,37,42,2257,12481
2,active,14.442161304876208,1783675704.9865224,140.788,37,42,2257,12481
2,active,14.542415531352162,1783675705.0867724,141.98,38,42,2257,12481
2,active,14.64268539659679,1783675705.1870863,144.366,37,42,2257,12481
2,active,14.742998668923974,1783675705.2873523,144.065,37,40,2257,12481
2,active,14.843239661306143,1783675705.3875942,143.072,37,40,2257,12481
2,active,14.943479403853416,1783675705.487862,144.579,38,42,2257,12481
2,active,15.043760064989328,1783675705.5881376,143.89,37,42,2257,12481
2,active,15.14407628774643,1783675705.6884356,143.316,37,43,2257,12481
2,active,15.24432465992868,1783675705.7886822,142.477,37,43,2257,12481
2,active,15.344551380723715,1783675705.888897,144.425,38,42,2257,12481
2,active,15.444773700088263,1783675705.9891303,143.317,38,42,2257,12481
2,active,15.54501736536622,1783675706.0893805,141.335,37,42,2257,12481
2,active,15.645278224721551,1783675706.1896353,140.411,37,42,2257,12481
2,active,15.74557900801301,1783675706.2899923,142.142,38,41,2257,12481
2,active,15.845982857048512,1783675706.3903463,142.072,37,41,2257,12481
2,active,15.94622846134007,1783675706.4905503,142.071,38,42,2257,12481
2,active,16.046432061120868,1783675706.5907962,141.956,37,42,2257,12481
2,active,16.14668434858322,1783675706.6910675,142.336,38,41,2257,12481
2,active,16.246926272287965,1783675706.7912495,141.857,37,41,2257,12481
2,active,16.347100092098117,1783675706.8914568,142.29,38,42,2257,12481
2,active,16.447348542511463,1783675706.991703,140.892,38,42,2257,12481
2,active,16.54758489318192,1783675707.0919468,141.378,37,42,2257,12481
2,active,16.647866366431117,1783675707.1922367,142.483,38,42,2257,12481
2,active,16.748166294768453,1783675707.2925448,141.519,38,41,2257,12481
2,active,16.848428890109062,1783675707.39278,141.204,38,41,2257,12481
2,active,16.948684008792043,1783675707.4930646,139.658,38,41,2257,12481
2,active,17.048960961401463,1783675707.5933228,139.415,37,41,2257,12481
2,active,17.14925066381693,1783675707.6936455,139.027,38,42,2257,12481
2,active,17.249585876241326,1783675707.7939382,139.381,37,42,2257,12481
2,active,17.349832149222493,1783675707.8941956,139.709,38,41,2257,12481
2,active,17.45008796080947,1783675707.994547,139.771,37,41,2257,12481
2,active,17.55050172843039,1783675708.0948699,142.041,38,42,2257,12481
2,active,17.650819182395935,1783675708.1951792,141.413,38,42,2257,12481
2,active,17.751093182712793,1783675708.2954512,140.22,37,42,2257,12481
2,active,17.851341396570206,1783675708.3957064,140.594,38,42,2257,12481
2,active,17.95159469731152,1783675708.4959536,141.625,38,41,2257,12481
2,active,18.051840905100107,1783675708.5962036,140.992,38,41,2257,12481
2,active,18.152114864438772,1783675708.6964695,140.904,38,42,2257,12481
2,active,18.252326883375645,1783675708.7966726,140.563,38,42,2257,12481
2,active,18.352492064237595,1783675708.896817,140.945,38,42,2257,12481
2,active,18.45266468822956,1783675708.9970212,141.227,38,42,2257,12481
2,active,18.552880860865116,1783675709.0972068,140.387,38,41,2257,12481
2,active,18.653077563270926,1783675709.1973996,140.485,38,41,2257,12481
2,active,18.75326342880726,1783675709.2976272,140.521,38,41,2257,12481
2,active,18.853483241051435,1783675709.3978055,140.727,38,41,2257,12481
2,active,18.953609200194478,1783675709.4979289,140.719,38,42,2257,12481
2,active,19.053739992901683,1783675709.59806,139.298,38,42,2257,12481
2,active,19.153890039771795,1783675709.698209,139.48,38,42,2257,12481
2,active,19.25404899008572,1783675709.7984023,140.455,38,42,2257,12481
2,active,19.35430482402444,1783675709.8986664,140.396,38,41,2257,12481
2,active,19.454637648537755,1783675709.9989927,139.861,38,41,2257,12481
2,active,19.554885586723685,1783675710.0992634,141.465,38,40,2257,12481
2,active,19.65516524389386,1783675710.1995168,140.201,38,40,2257,12481
2,active,19.755392998456955,1783675710.2997646,141.95,38,40,2257,12481
2,active,19.855622185394168,1783675710.3999445,141.809,37,40,2257,12481
2,active,19.955833895131946,1783675710.500201,143.79,38,42,2257,12481
2,active,20.05607596039772,1783675710.600398,143.807,38,42,2257,12481
2,active,20.156239695847034,1783675710.7005644,144.488,38,42,2257,12481
2,active,20.25640477053821,1783675710.8007367,143.343,38,42,2257,12481
2,active,20.35656357370317,1783675710.900881,143.122,38,42,2257,12481
2,active,20.456689421087503,1783675711.0010078,144.093,38,42,2257,12481
2,active,20.556882800534368,1783675711.1012337,143.328,38,41,2257,12481
2,active,20.65711130015552,1783675711.201439,143.547,38,41,2257,12481
2,active,20.75725845620036,1783675711.3015792,144.096,38,42,2257,12481
2,active,20.857380148023367,1783675711.4016993,144.193,38,42,2257,12481
2,active,20.95755506120622,1783675711.5019104,143.936,38,42,2257,12481
2,active,21.05776480399072,1783675711.6020904,143.478,38,42,2257,12481
2,active,21.157901905477047,1783675711.702225,143.98,38,41,2257,12481
2,active,21.258029989898205,1783675711.802352,144.725,38,41,2257,12481
2,active,21.35818238928914,1783675711.9025016,144.757,38,42,2257,12481
2,active,21.458314741030335,1783675712.0026321,144.601,38,42,2257,12481
2,active,21.558460604399443,1783675712.1027787,143.556,38,42,2257,12481
2,active,21.65854695253074,1783675712.2028677,144.19,38,42,2257,12481
2,active,21.758669808506966,1783675712.3029904,143.953,38,43,2257,12481
2,active,21.85893603041768,1783675712.4033017,141.974,38,43,2257,12481
2,active,21.959295166656375,1783675712.5036612,141.695,38,42,2257,12481
2,active,22.059579404070973,1783675712.6039429,142.364,38,42,2257,12481
2,active,22.159829473122954,1783675712.704186,141.022,38,41,2257,12481
2,active,22.260099666193128,1783675712.8044772,141.01,38,41,2257,12481
2,active,22.360377371311188,1783675712.9047365,141.275,38,42,2257,12481
2,active,22.460632471367717,1783675713.0049894,139.226,38,42,2257,12481
2,active,22.56094017624855,1783675713.1052973,139.06,38,42,2257,12481
2,active,22.6612088046968,1783675713.2055652,138.667,38,42,2257,12481
2,active,22.761449264362454,1783675713.3058233,138.471,38,42,2257,12481
2,active,22.861758636310697,1783675713.406115,141.076,38,42,2257,12481
2,active,22.96201389655471,1783675713.506411,140.785,38,41,2257,12481
2,active,23.062397064641118,1783675713.6067579,140.445,38,41,2257,12481
2,active,23.162675300613046,1783675713.7070315,139.778,38,41,2257,12481
2,active,23.26293986849487,1783675713.807308,140.769,38,41,2257,12481
2,active,23.363207325339317,1783675713.9075966,140.006,38,41,2257,12481
2,active,23.46353149972856,1783675714.0078993,139.131,38,41,2257,12481
2,active,23.563806733116508,1783675714.1081874,140.371,38,40,2257,12481
2,active,23.664072489365935,1783675714.208436,140.498,38,40,2257,12481
2,active,23.764347929507494,1783675714.3087127,141.461,38,42,2257,12481
2,active,23.86460463516414,1783675714.4089904,139.36,38,42,2257,12481
2,active,23.96489347703755,1783675714.5092838,139.719,38,42,2257,12481
2,active,24.065203100442886,1783675714.6095946,141.486,38,42,2257,12481
2,active,24.16548460535705,1783675714.70984,140.522,38,41,2257,12481
2,active,24.265728928148746,1783675714.8100936,141.126,38,41,2257,12481
2,active,24.366004740819335,1783675714.9103684,141.79,38,41,2257,12481
2,active,24.46628737822175,1783675715.0106385,142.081,38,41,2257,12481
2,active,24.566508559510112,1783675715.1108682,140.446,38,41,2257,12481
2,active,24.666759314015508,1783675715.2111156,140.883,38,41,2257,12481
2,active,24.767000013962388,1783675715.311364,141.29,38,41,2257,12481
2,active,24.86726271919906,1783675715.4116218,142.136,38,41,2257,12481
2,active,24.96751874499023,1783675715.511881,142.271,38,42,2257,12481
2,active,25.067819461226463,1783675715.612172,141.299,38,42,2257,12481
2,active,25.168120704591274,1783675715.7124767,142.368,38,43,2257,12481
2,active,25.268403489142656,1783675715.8127992,143.282,38,43,2257,12481
2,active,25.368690436705947,1783675715.9130468,144.035,38,42,2257,12481
2,active,25.46897165477276,1783675716.0133283,144.1,38,42,2257,12481
2,active,25.56924488581717,1783675716.1136012,145.801,38,42,2257,12481
2,active,25.66954335384071,1783675716.2138975,144.816,38,42,2257,12481
2,active,25.76980951987207,1783675716.3142023,144.286,38,42,2257,12481
2,active,25.870102535933256,1783675716.4144583,144.879,38,42,2257,12481
2,active,25.97035126388073,1783675716.5147293,146.473,38,42,2257,12481
2,active,26.07063819281757,1783675716.6150246,145.452,38,42,2257,12481
2,active,26.17092398367822,1783675716.715285,144.52,38,42,2257,12481
2,active,26.271226584911346,1783675716.8155937,145.064,38,42,2257,12481
2,active,26.37149447016418,1783675716.9158516,144.711,38,42,2257,12481
2,active,26.471713352948427,1783675717.0160582,143.927,38,42,2257,12481
2,active,26.571914749220014,1783675717.1162703,143.288,38,42,2257,12481
2,active,26.67218183912337,1783675717.2165508,144.527,38,42,2257,12481
2,active,26.7724436968565,1783675717.3168023,144.615,38,41,2257,12481
2,active,26.872707959264517,1783675717.4170654,144.225,38,41,2257,12481
2,active,26.97299826145172,1783675717.5173936,141.459,38,42,2257,12481
2,active,27.073315056040883,1783675717.6177006,143.209,38,42,2257,12481
2,active,27.17359298840165,1783675717.7179527,142.724,38,41,2257,12481
2,active,27.273888053372502,1783675717.8182478,143.484,38,41,2257,12481
2,active,27.374163947999477,1783675717.9185467,142.5,38,43,2257,12481
2,active,27.47445715032518,1783675718.018815,143.008,38,43,2257,12481
2,active,27.574719581753016,1783675718.1191115,143.375,38,42,2257,12481
2,active,27.675041569396853,1783675718.2193985,141.821,38,42,2257,12481
2,active,27.77530314773321,1783675718.3196886,142.453,38,43,2257,12481
2,active,27.875707069411874,1783675718.4200635,144.787,38,43,2257,12481
2,active,27.976045897230506,1783675718.5204031,144.079,38,41,2257,12481
2,active,28.076314114034176,1783675718.6207047,144.203,38,41,2257,12481
2,active,28.176644572988153,1783675718.7209995,144.524,38,42,2257,12481
2,active,28.27685892023146,1783675718.821196,142.921,38,42,2257,12481
2,active,28.37709929049015,1783675718.921469,142.629,38,42,2257,12481
2,active,28.477374613285065,1783675719.021737,143.434,38,42,2257,12481
2,active,28.577640768140554,1783675719.1219938,142.685,38,41,2257,12481
2,active,28.67791854776442,1783675719.2222784,143.317,38,41,2257,12481
2,active,28.77815774641931,1783675719.3225112,142.993,38,41,2257,12481
2,active,28.87843699194491,1783675719.4227996,141.349,38,41,2257,12481
2,active,28.97875720076263,1783675719.523161,141.475,38,42,2257,12481
2,active,29.079071080312133,1783675719.6234393,142.652,38,42,2257,12481
2,active,29.179320892319083,1783675719.7236738,142.587,38,41,2257,12481
2,active,29.27955536916852,1783675719.8239117,142.374,38,41,2257,12481
2,active,29.37984148040414,1783675719.924193,143.611,38,42,2257,12481
2,active,29.480141304433346,1783675720.0244982,142.484,38,42,2257,12481
2,active,29.58040490746498,1783675720.1247618,142.286,38,42,2257,12481
2,active,29.680724304169416,1783675720.2250922,142.669,38,42,2257,12481
2,active,29.780989868566394,1783675720.325342,141.623,38,40,2257,12481
2,active,29.8812438249588,1783675720.4256015,141.829,38,40,2257,12481
2,active,29.981534922495484,1783675720.5258904,142.255,38,42,2257,12481
2,active,30.0817932728678,1783675720.6261554,140.497,38,42,2257,12481
2,active,30.182045405730605,1783675720.7263987,140.178,38,42,2257,12481
2,active,30.282277828082442,1783675720.826638,140.935,38,42,2257,12481
2,active,30.382567033171654,1783675720.9269352,141.267,38,42,2257,12481
2,active,30.48283184878528,1783675721.0271857,140.878,38,42,2257,12481
2,active,30.583075424656272,1783675721.1274514,141.231,38,42,2257,12481
2,active,30.683339117094874,1783675721.2277188,140.774,38,42,2257,12481
2,active,30.78361824899912,1783675721.3280017,141.54,38,42,2257,12481
2,active,30.88390062749386,1783675721.4282544,141.745,38,42,2257,12481
2,active,30.984154418110847,1783675721.528507,142.374,38,42,2257,12481
2,active,31.08439956791699,1783675721.6287837,141.619,38,42,2257,12481
2,active,31.18469880335033,1783675721.729055,142.284,38,42,2257,12481
2,active,31.28497930802405,1783675721.8293643,143.385,38,42,2257,12481
2,active,31.38526713848114,1783675721.929621,142.368,38,41,2257,12481
2,active,31.48561182245612,1783675722.029994,141.854,38,41,2257,12481
2,active,31.5858946852386,1783675722.1302493,143.021,38,42,2257,12481
2,active,31.68612839654088,1783675722.2304893,143.427,38,42,2257,12481
2,active,31.786433819681406,1783675722.3307848,142.665,38,42,2257,12481
2,active,31.886728562414646,1783675722.4311109,143.188,38,42,2257,12481
2,active,31.98704094812274,1783675722.5313995,143.282,38,42,2257,12481
2,active,32.08728277310729,1783675722.6316617,143.429,38,42,2257,12481
2,active,32.187543055042624,1783675722.7319047,143.68,38,42,2257,12481
2,active,32.287804355844855,1783675722.8321657,142.572,38,42,2257,12481
2,active,32.38809327036142,1783675722.9324598,143.637,38,42,2257,12481
2,active,32.488401144742966,1783675723.0327587,142.884,38,42,2257,12481
2,active,32.58867575414479,1783675723.1330276,142.349,38,42,2257,12481
2,active,32.688990879803896,1783675723.2333634,142.602,38,42,2257,12481
2,active,32.789288783445954,1783675723.3336492,141.959,38,42,2257,12481
2,active,32.88959849625826,1783675723.4339755,141.931,38,42,2257,12481
2,active,32.989912413060665,1783675723.5342722,140.699,38,43,2257,12481
2,active,33.0901858266443,1783675723.634545,141.194,38,43,2257,12481
2,active,33.190466372296214,1783675723.7348478,141.194,38,42,2257,12481
2,active,33.2907483484596,1783675723.8351047,140.497,38,42,2257,12481
2,active,33.39107360877097,1783675723.9354253,139.058,38,42,2257,12481
2,active,33.491318652406335,1783675724.0356703,140.905,38,42,2257,12481
2,active,33.59156848303974,1783675724.1359253,140.726,38,40,2257,12481
2,active,33.691821455955505,1783675724.236187,141.488,38,40,2257,12481
2,active,33.79211007244885,1783675724.3365088,141.189,38,42,2257,12481
2,active,33.892427334561944,1783675724.4368281,141.338,38,42,2257,12481
2,active,33.99273536913097,1783675724.5371246,142.665,38,42,2257,12481
2,active,34.09312254190445,1783675724.6374779,141.53,38,42,2257,12481
2,active,34.19336108490825,1783675724.7377403,141.206,38,42,2257,12481
2,active,34.293627232313156,1783675724.8379807,142.988,38,42,2257,12481
2,active,34.393877821043134,1783675724.9382303,143.311,38,42,2257,12481
2,active,34.494121892377734,1783675725.0384781,143.355,38,42,2257,12481
2,active,34.594388185068965,1783675725.1387868,142.712,38,42,2257,12481
2,active,34.694746213033795,1783675725.2391088,143.374,38,42,2257,12481
2,active,34.79507373273373,1783675725.3394608,142.805,38,40,2257,12481
2,active,34.895369686186314,1783675725.439749,142.99,38,40,2257,12481
2,active,34.99563872255385,1783675725.539993,142.98,38,42,2257,12481
2,active,35.095877500250936,1783675725.6402376,142.031,38,42,2257,12481
2,active,35.196119321510196,1783675725.7404535,142.929,38,42,2257,12481
2,active,35.29633745737374,1783675725.8407218,143.045,38,42,2257,12481
2,active,35.396621292456985,1783675725.940977,142.524,38,42,2257,12481
2,active,35.49690902046859,1783675726.0412679,143.183,38,42,2257,12481
2,active,35.59719842672348,1783675726.1415694,141.914,38,41,2257,12481
2,active,35.697544338181615,1783675726.2419248,140.772,38,41,2257,12481
2,active,35.7978091686964,1783675726.3421698,141.347,38,41,2257,12481
2,active,35.898071464151144,1783675726.4424305,141.392,38,41,2257,12481
2,active,35.99833271279931,1783675726.542778,141.075,38,42,2257,12481
2,active,36.09866911172867,1783675726.6430306,141.28,38,42,2257,12481
2,active,36.198930721729994,1783675726.7432888,140.398,38,42,2257,12481
2,active,36.299198757857084,1783675726.843564,140.407,38,42,2257,12481
2,active,36.399476723745465,1783675726.9438329,139.5,38,41,2257,12481
2,active,36.49973288550973,1783675727.044091,138.698,38,41,2257,12481
2,active,36.600020471960306,1783675727.1443784,140.349,38,42,2257,12481
2,active,36.70026367343962,1783675727.2446487,139.551,38,42,2257,12481
2,active,36.800565868616104,1783675727.3449194,139.233,38,42,2257,12481
2,active,36.90085346624255,1783675727.4452107,138.901,38,42,2257,12481
2,active,37.001110676676035,1783675727.5454762,138.966,38,42,2257,12481
2,active,37.101362427696586,1783675727.645719,139.891,38,42,2257,12481
2,active,37.20162630081177,1783675727.7459817,139.923,38,41,2257,12481
2,active,37.30186432041228,1783675727.8462183,139.913,38,41,2257,12481
2,active,37.402165841311216,1783675727.9465227,140.99,38,42,2257,12481
2,active,37.50251245871186,1783675728.0468836,140.405,38,42,2257,12481
2,active,37.60279062576592,1783675728.147149,140.996,38,42,2257,12481
2,active,37.70306007936597,1783675728.247414,141.016,38,42,2257,12481
2,active,37.80330466479063,1783675728.3476627,141.553,38,41,2257,12481
2,active,37.90356542915106,1783675728.4479623,141.245,38,41,2257,12481
2,active,38.003870356827974,1783675728.5482275,143.138,38,42,2257,12481
2,active,38.104190120473504,1783675728.6485755,142.205,38,42,2257,12481
2,active,38.20448178052902,1783675728.74884,142.085,38,42,2257,12481
2,active,38.30474638193846,1783675728.849107,142.917,38,42,2257,12481
2,active,38.405055332928896,1783675728.9494188,142.484,38,41,2257,12481
2,active,38.50534097291529,1783675729.049704,141.512,38,41,2257,12481
2,active,38.60562294907868,1783675729.1500058,142.777,38,41,2257,12481
2,active,38.705943163484335,1783675729.250315,142.109,38,41,2257,12481
2,active,38.80625032633543,1783675729.350607,143.896,38,41,2257,12481
2,active,38.90662670135498,1783675729.450999,144.157,38,41,2257,12481
2,active,39.00691459700465,1783675729.5512698,143.087,38,42,2257,12481
2,active,39.10716850310564,1783675729.651524,143.277,38,42,2257,12481
2,active,39.20742269977927,1783675729.7518024,143.145,38,42,2257,12481
2,active,39.3077208083123,1783675729.8521073,142.633,38,42,2257,12481
2,active,39.408004101365805,1783675729.9523647,144.576,38,42,2257,12481
2,active,39.50828476436436,1783675730.0526445,144.237,39,42,2257,12481
2,active,39.60854104347527,1783675730.1529372,143.8,38,42,2257,12481
2,active,39.70883881300688,1783675730.2532177,142.255,38,42,2257,12481
2,active,39.80912066437304,1783675730.3534722,139.292,38,40,2257,12481
2,active,39.909358425065875,1783675730.4537215,140.135,38,40,2257,12481
2,active,40.00963135622442,1783675730.5539877,140.003,39,41,2257,12481
2,active,40.10987654514611,1783675730.6542356,139.987,38,41,2257,12481
2,active,40.21016503684223,1783675730.7545176,141.151,38,42,2257,12481
2,active,40.31047400087118,1783675730.854859,140.95,38,42,2257,12481
2,active,40.41081890463829,1783675730.9551775,141.708,38,42,2257,12481
2,active,40.51109112985432,1783675731.055461,140.179,38,42,2257,12481
2,active,40.61136599443853,1783675731.1557736,140.323,38,42,2257,12481
2,active,40.71172006055713,1783675731.256088,139.705,38,42,2257,12481
2,active,40.81198539584875,1783675731.356354,141.637,38,41,2257,12481
2,active,40.91229056939483,1783675731.4566555,140.479,38,41,2257,12481
2,active,41.01260406896472,1783675731.5569918,141.442,38,42,2257,12481
2,active,41.11290923319757,1783675731.6572704,141.936,38,42,2257,12481
2,active,41.21319233626127,1783675731.7575512,141.23,38,42,2257,12481
2,active,41.313480760902166,1783675731.8578503,142.093,38,42,2257,12481
2,active,41.41375322453678,1783675731.9581122,143.032,38,42,2257,12481
2,active,41.51401184126735,1783675732.0583715,143.05,39,42,2257,12481
2,active,41.61426590383053,1783675732.1586246,143.876,38,42,2257,12481
2,active,41.71456769295037,1783675732.2589247,143.596,38,42,2257,12481
2,active,41.81483090668917,1783675732.3591855,142.675,38,42,2257,12481
2,active,41.915085503831506,1783675732.459448,142.573,39,42,2257,12481
2,active,42.01531350426376,1783675732.5596566,142.949,38,42,2257,12481
2,active,42.11555531620979,1783675732.6599116,141.368,38,42,2257,12481
2,active,42.215853003785014,1783675732.7602117,141.62,38,41,2257,12481
2,active,42.316166181117296,1783675732.8605223,142.657,38,41,2257,12481
2,active,42.41658872924745,1783675732.960945,140.942,38,42,2257,12481
2,active,42.51686062477529,1783675733.06122,141.375,38,42,2257,12481
2,active,42.61716260947287,1783675733.161554,140.338,38,42,2257,12481
2,active,42.71745711751282,1783675733.2618446,140.652,39,42,2257,12481
2,active,42.8177726957947,1783675733.362128,141.496,38,42,2257,12481
2,active,42.918011017143726,1783675733.4623668,140.778,38,42,2257,12481
2,active,43.018251376226544,1783675733.5626147,141.971,38,42,2257,12481
2,active,43.118528893217444,1783675733.6628873,143.042,38,42,2257,12481
2,active,43.21880894899368,1783675733.7631774,142.721,38,42,2257,12481
2,active,43.319085435941815,1783675733.8634503,142.005,38,42,2257,12481
2,active,43.41935816407204,1783675733.9637399,142.668,38,42,2257,12481
2,active,43.51963387615979,1783675734.0639882,142.756,38,42,2257,12481
2,active,43.61983668804169,1783675734.164195,142.934,38,41,2257,12481
2,active,43.72009629569948,1783675734.26445,142.89,38,41,2257,12481
2,active,43.82033885456622,1783675734.3647156,142.611,38,42,2257,12481
2,active,43.92060690373182,1783675734.464969,145.27,38,42,2257,12481
2,active,44.020863292738795,1783675734.56524,144.782,38,42,2257,12481
2,active,44.121181420981884,1783675734.6655672,144.151,38,42,2257,12481
2,active,44.22153744101524,1783675734.7658908,143.471,38,42,2257,12481
2,active,44.321807101368904,1783675734.8661675,143.317,39,42,2257,12481
2,active,44.422126756981015,1783675734.9664853,143.75,38,42,2257,12481
2,active,44.522380447015166,1783675735.0667179,141.409,38,42,2257,12481
2,active,44.62257179617882,1783675735.1669297,140.393,38,41,2257,12481
2,active,44.722822688519955,1783675735.2671793,142.936,38,41,2257,12481
2,active,44.82309751585126,1783675735.3674567,142.624,38,41,2257,12481
2,active,44.9233431853354,1783675735.4676812,143.507,38,41,2257,12481
2,active,45.02354360371828,1783675735.567936,141.158,38,41,2257,12481
2,active,45.123856857419014,1783675735.6681988,142.395,38,41,2257,12481
2,active,45.22402907907963,1783675735.768391,142.053,38,42,2257,12481
2,active,45.324276281520724,1783675735.8686535,142.838,39,42,2257,12481
2,active,45.42454772815108,1783675735.9689062,143.343,38,42,2257,12481
2,active,45.52480396069586,1783675736.069162,143.148,38,42,2257,12481
2,active,45.62505458854139,1783675736.1694164,144.517,38,41,2257,12481
2,active,45.72535363584757,1783675736.2697,144.055,38,41,2257,12481
2,active,45.82562695257366,1783675736.369984,143.675,38,40,2257,12481
2,active,45.92598702944815,1783675736.470354,142.769,38,40,2257,12481
2,active,46.02624601870775,1783675736.570604,144.05,38,41,2257,12481
2,active,46.12651179730892,1783675736.6708758,141.84,38,41,2257,12481
2,active,46.22676047682762,1783675736.7711165,141.576,39,41,2257,12481
2,active,46.32700090110302,1783675736.8713777,142.414,38,41,2257,12481
2,active,46.42729294113815,1783675736.9716868,142.194,38,42,2257,12481
2,active,46.52763362042606,1783675737.071996,141.443,38,42,2257,12481
2,active,46.627901228144765,1783675737.1722763,142.362,38,42,2257,12481
2,active,46.728170884773135,1783675737.272531,141.604,39,42,2257,12481
2,active,46.82841727696359,1783675737.3727741,142.117,38,42,2257,12481
2,active,46.928694589063525,1783675737.4730656,140.756,38,42,2257,12481
2,idle_post,0.00020932219922542572,1783675737.5244043,141.81,38,42,2257,12481
2,idle_post,0.10050428472459316,1783675737.6246803,136.71,38,42,2257,12481
2,idle_post,0.20072952285408974,1783675737.724905,131.417,37,14,2257,12481
2,idle_post,0.30102940648794174,1783675737.8252063,127.354,37,14,2257,12481
2,idle_post,0.4013352170586586,1783675737.9255145,119.779,37,0,2265,12481
2,idle_post,0.5015980415046215,1783675738.0257742,114.146,37,0,2265,12481
2,idle_post,0.6018665730953217,1783675738.1260436,111.496,37,0,2265,12481
2,idle_post,0.7021342199295759,1783675738.2263105,103.098,37,0,2257,12481
2,idle_post,0.8024226855486631,1783675738.3265986,97.093,37,0,2257,12481
2,idle_post,0.9028649125248194,1783675738.4270422,92.287,37,0,2265,12481
2,idle_post,1.003117710351944,1783675738.5272949,85.583,37,0,2265,12481
2,idle_post,1.1034547183662653,1783675738.6276326,85.583,37,0,2265,12481
2,idle_post,1.203709539026022,1783675738.7278867,85.583,37,0,2265,12481
2,idle_post,1.3039603363722563,1783675738.8281415,85.583,37,0,2265,12481
2,idle_post,1.4042308814823627,1783675738.9284072,85.583,37,0,2265,12481
2,idle_post,1.5044930223375559,1783675739.0286682,85.583,37,0,2265,12481
2,idle_post,1.604759320616722,1783675739.1289315,85.583,37,0,2265,12481
2,idle_post,1.7049938086420298,1783675739.2291641,85.583,37,0,2265,12481
2,idle_post,1.8052639551460743,1783675739.3294353,85.583,37,0,2265,12481
2,idle_post,1.9055009335279465,1783675739.429673,85.583,37,0,2265,12481
2,idle_post,2.0057445503771305,1783675739.5299258,84.195,37,0,2265,12481
2,idle_post,2.105998620390892,1783675739.6301715,84.195,36,0,2265,12481
2,idle_post,2.206256430596113,1783675739.7304294,84.195,36,0,2265,12481
2,idle_post,2.306502629071474,1783675739.8307188,84.195,36,0,2265,12481
2,idle_post,2.4068543575704098,1783675739.9310272,84.195,36,0,2265,12481
2,idle_post,2.5071003399789333,1783675740.031279,84.195,36,0,2265,12481
2,idle_post,2.6073508132249117,1783675740.1315267,84.195,36,0,2265,12481
2,idle_post,2.7075968328863382,1783675740.23177,84.195,36,0,2265,12481
2,idle_post,2.807940497994423,1783675740.3321152,84.195,36,0,2265,12481
2,idle_post,2.908227188512683,1783675740.432403,84.195,36,0,2265,12481
2,idle_post,3.008472913876176,1783675740.5326474,84.014,36,0,2265,12481
2,idle_post,3.10874786041677,1783675740.6329286,84.014,36,0,2257,12481
2,idle_post,3.209042629227042,1783675740.7332187,84.014,36,0,2257,12481
2,idle_post,3.309300458058715,1783675740.833473,84.014,36,0,2257,12481
2,idle_post,3.4095361959189177,1783675740.9337082,84.014,36,0,2257,12481
2,idle_post,3.509774776175618,1783675741.0339491,84.014,36,0,2257,12481
2,idle_post,3.6100155767053366,1783675741.1341915,84.014,36,0,2257,12481
2,idle_post,3.710364941507578,1783675741.2345424,84.014,36,0,2257,12481
2,idle_post,3.810615984722972,1783675741.3347938,84.014,36,0,2257,12481
2,idle_post,3.910943480208516,1783675741.4351208,84.014,36,0,2257,12481
2,idle_post,4.011201051995158,1783675741.5353792,84.063,36,0,2257,12481
2,idle_post,4.11147846095264,1783675741.6356559,84.063,36,0,2265,12481
2,idle_post,4.211764544248581,1783675741.735941,84.063,36,0,2265,12481
2,idle_post,4.312114940956235,1783675741.8362913,84.063,36,0,2265,12481
2,idle_post,4.41237086802721,1783675741.9365437,84.063,36,0,2265,12481
2,idle_post,4.5127270724624395,1783675742.0368984,84.063,36,0,2265,12481
2,idle_post,4.613018086180091,1783675742.1371899,84.063,36,0,2265,12481
2,idle_post,4.71341927908361,1783675742.2375903,84.063,36,0,2265,12481
2,idle_post,4.813742512837052,1783675742.3379157,84.063,36,0,2265,12481
2,idle_post,4.914060661569238,1783675742.438234,84.063,36,0,2265,12481
2,idle_post,5.014297381043434,1783675742.53847,84.063,36,0,2265,12481
2,idle_post,5.114534057676792,1783675742.6387286,84.063,36,0,2265,12481
2,idle_post,5.214811325073242,1783675742.7389832,84.063,36,0,2265,12481
2,idle_post,5.315046612173319,1783675742.839219,84.063,36,0,2265,12481
2,idle_post,5.415282795205712,1783675742.9394543,84.063,36,0,2265,12481
2,idle_post,5.515555946156383,1783675743.0397267,84.063,36,0,2265,12481
2,idle_post,5.615791069343686,1783675743.1399655,84.063,36,0,2265,12481
2,idle_post,5.716035166755319,1783675743.2402084,84.063,36,0,2265,12481
2,idle_post,5.816273488104343,1783675743.3404489,84.063,36,0,2265,12481
2,idle_post,5.916516806930304,1783675743.4406912,84.063,36,0,2265,12481
2,idle_post,6.016754075884819,1783675743.5409272,84.038,36,0,2265,12481
2,idle_post,6.1170946434140205,1783675743.64127,84.038,36,0,2265,12481
2,idle_post,6.217338925227523,1783675743.7415128,84.038,36,0,2265,12481
2,idle_post,6.317580277100205,1783675743.841753,84.038,36,0,2265,12481
2,idle_post,6.417871415615082,1783675743.9420455,84.038,36,0,2265,12481
2,idle_post,6.518210392445326,1783675744.0423858,84.038,36,0,2265,12481
2,idle_post,6.618458596989512,1783675744.1426325,84.038,36,0,2265,12481
2,idle_post,6.718849256634712,1783675744.2430243,84.038,36,0,2265,12481
2,idle_post,6.819093804806471,1783675744.3432693,84.038,36,0,2265,12481
2,idle_post,6.919356508180499,1783675744.443532,84.038,36,0,2265,12481
2,idle_post,7.019685305655003,1783675744.5438597,84.014,36,0,2265,12481
2,idle_post,7.119925240054727,1783675744.644098,84.014,36,0,2265,12481
2,idle_post,7.22028100118041,1783675744.744452,84.014,36,0,2265,12481
2,idle_post,7.320569349452853,1783675744.8447402,84.014,36,0,2265,12481
2,idle_post,7.420849345624447,1783675744.945023,84.014,36,0,2265,12481
2,idle_post,7.521130243316293,1783675745.0453062,84.014,36,0,2265,12481
2,idle_post,7.621407765895128,1783675745.1455827,84.014,36,0,2265,12481
2,idle_post,7.72165585309267,1783675745.2458303,84.014,36,0,2265,12481
2,idle_post,7.821972416713834,1783675745.3461444,84.014,36,0,2265,12481
2,idle_post,7.9222156666219234,1783675745.4463854,84.014,36,0,2265,12481
2,idle_post,8.022434609010816,1783675745.5466049,84.014,36,0,2265,12481
2,idle_post,8.122689072042704,1783675745.6468654,84.014,35,0,2265,12481
2,idle_post,8.222976924851537,1783675745.7471519,84.014,35,0,2265,12481
2,idle_post,8.323221480473876,1783675745.847397,84.014,35,0,2265,12481
2,idle_post,8.42346983216703,1783675745.9476473,84.014,35,0,2265,12481
2,idle_post,8.523720875382423,1783675746.047898,84.014,35,0,2265,12481
2,idle_post,8.623988050967455,1783675746.1481721,84.014,35,0,2265,12481
2,idle_post,8.72429915331304,1783675746.2484758,84.014,35,0,2265,12481
2,idle_post,8.82454802468419,1783675746.3487248,84.014,35,0,2265,12481
2,idle_post,8.924796685576439,1783675746.4489722,84.014,35,0,2265,12481
2,idle_post,9.025063060224056,1783675746.5492387,84.111,35,0,2265,12481
2,idle_post,9.125319307669997,1783675746.6494935,84.111,35,0,2257,12481
2,idle_post,9.225564340129495,1783675746.7497365,84.111,35,0,2257,12481
2,idle_post,9.325804302468896,1783675746.8499784,84.111,35,0,2257,12481
2,idle_post,9.42610302567482,1783675746.9502783,84.111,35,0,2257,12481
2,idle_post,9.526346093043685,1783675747.0505207,84.111,35,0,2257,12481
2,idle_post,9.626602504402399,1783675747.1507752,84.111,35,0,2257,12481
2,idle_post,9.726846614852548,1783675747.25102,84.111,35,0,2257,12481
2,idle_post,9.827186793088913,1783675747.3513622,84.111,35,0,2257,12481
2,idle_post,9.92744267731905,1783675747.4516172,84.111,35,0,2257,12481
3,idle_pre,0.0003394410014152527,1783675747.5257251,84.062,35,0,2257,12481
3,idle_pre,0.10061814077198505,1783675747.6260087,84.062,35,0,2265,12481
3,idle_pre,0.20094898529350758,1783675747.726341,84.062,35,0,2265,12481
3,idle_pre,0.30118970200419426,1783675747.8265796,84.062,35,0,2265,12481
3,idle_pre,0.4014431145042181,1783675747.9268332,84.062,35,0,2265,12481
3,idle_pre,0.501679940149188,1783675748.0270689,84.062,35,0,2265,12481
3,idle_pre,0.6019201576709747,1783675748.1273108,84.062,35,0,2265,12481
3,idle_pre,0.7021620683372021,1783675748.2275524,84.062,35,0,2265,12481
3,idle_pre,0.8024459574371576,1783675748.3278375,84.062,35,0,2265,12481
3,idle_pre,0.9026869051158428,1783675748.4280772,84.062,35,0,2265,12481
3,idle_pre,1.002973634749651,1783675748.5283651,84.014,35,0,2265,12481
3,idle_pre,1.1032315697520971,1783675748.6286237,84.014,35,0,2265,12481
3,idle_pre,1.2034787461161613,1783675748.7288735,84.014,35,0,2265,12481
3,idle_pre,1.3037265222519636,1783675748.82912,84.014,35,0,2265,12481
3,idle_pre,1.4039731454104185,1783675748.929366,84.014,35,0,2265,12481
3,idle_pre,1.5043130367994308,1783675749.029703,84.014,35,0,2265,12481
3,idle_pre,1.6045489273965359,1783675749.129937,84.014,35,0,2265,12481
3,idle_pre,1.7048387806862593,1783675749.2302277,84.014,35,0,2265,12481
3,idle_pre,1.8050745707005262,1783675749.3304646,84.014,35,0,2265,12481
3,idle_pre,1.9053162205964327,1783675749.4307528,84.014,35,0,2265,12481
3,idle_pre,2.0056441482156515,1783675749.5310361,83.527,35,0,2265,12481
3,idle_pre,2.1059426739811897,1783675749.6313314,83.527,35,0,2265,12481
3,idle_pre,2.2062016930431128,1783675749.7315924,83.527,35,0,2265,12481
3,idle_pre,2.306490419432521,1783675749.8318813,83.527,35,0,2265,12481
3,idle_pre,2.4067582488059998,1783675749.9321468,83.527,35,0,2265,12481
3,idle_pre,2.507070578634739,1783675750.0324628,83.527,35,0,2265,12481
3,idle_pre,2.607317093759775,1783675750.132709,83.527,35,0,2265,12481
3,idle_pre,2.7075578048825264,1783675750.2329473,83.527,35,0,2265,12481
3,idle_pre,2.80779423750937,1783675750.3331811,83.527,35,0,2265,12481
3,idle_pre,2.9080676529556513,1783675750.4334562,83.527,35,0,2265,12481
3,idle_pre,3.0084006655961275,1783675750.5337908,83.527,35,0,2265,12481
3,idle_pre,3.1086730416864157,1783675750.6340652,83.527,35,0,2257,12481
3,idle_pre,3.208906028419733,1783675750.734301,83.527,35,0,2257,12481
3,idle_pre,3.3091751243919134,1783675750.8345678,83.527,35,0,2257,12481
3,idle_pre,3.40943156927824,1783675750.934825,83.527,35,0,2257,12481
3,idle_pre,3.5096826925873756,1783675751.035077,83.527,35,0,2257,12481
3,idle_pre,3.6099345330148935,1783675751.1353276,83.527,35,0,2257,12481
3,idle_pre,3.7101874444633722,1783675751.2355804,83.527,35,0,2257,12481
3,idle_pre,3.8105251137167215,1783675751.335917,83.527,35,0,2257,12481
3,idle_pre,3.910800900310278,1783675751.4361947,83.527,35,0,2257,12481
3,idle_pre,4.011101022362709,1783675751.5364938,83.527,35,0,2257,12481
3,idle_pre,4.111348068341613,1783675751.636739,83.527,35,0,2265,12481
3,idle_pre,4.21159085445106,1783675751.7369833,83.527,35,0,2265,12481
3,idle_pre,4.3118353970348835,1783675751.8372285,83.527,35,0,2265,12481
3,idle_pre,4.412076281383634,1783675751.9374769,83.527,35,0,2265,12481
3,idle_pre,4.5123059544712305,1783675752.03768,83.527,35,0,2265,12481
3,idle_pre,4.6124805845320225,1783675752.1378732,83.527,35,0,2265,12481
3,idle_pre,4.712728789076209,1783675752.238124,83.527,35,0,2265,12481
3,idle_pre,4.812981152907014,1783675752.3383753,83.527,35,0,2265,12481
3,idle_pre,4.913279557600617,1783675752.4387014,83.527,35,0,2265,12481
3,idle_pre,5.01352072134614,1783675752.5388994,83.551,35,0,2265,12481
3,idle_pre,5.113803816959262,1783675752.6391983,83.551,35,0,2265,12481
3,idle_pre,5.214081833139062,1783675752.7394767,83.551,35,0,2265,12481
3,idle_pre,5.314331043511629,1783675752.8397236,83.551,35,0,2265,12481
3,idle_pre,5.414607252925634,1783675752.940003,83.551,35,0,2265,12481
3,idle_pre,5.514854293316603,1783675753.0402474,83.551,35,0,2265,12481
3,idle_pre,5.615101248025894,1783675753.1404948,83.551,35,0,2265,12481
3,idle_pre,5.7153483889997005,1783675753.2407415,83.551,35,0,2265,12481
3,idle_pre,5.815592726692557,1783675753.3409839,83.551,35,0,2265,12481
3,idle_pre,5.9158320762217045,1783675753.4412224,83.551,35,0,2265,12481
3,idle_pre,6.016070391982794,1783675753.5414605,83.576,35,0,2265,12481
3,idle_pre,6.116305384784937,1783675753.6416953,83.576,35,0,2265,12481
3,idle_pre,6.216542264446616,1783675753.7419343,83.576,35,0,2265,12481
3,idle_pre,6.316786700859666,1783675753.8421805,83.576,35,0,2265,12481
3,idle_pre,6.41703549772501,1783675753.9424295,83.576,35,0,2265,12481
3,idle_pre,6.517299897968769,1783675754.0427072,83.576,35,0,2265,12481
3,idle_pre,6.6176491137593985,1783675754.1430378,83.576,35,0,2265,12481
3,idle_pre,6.717961551621556,1783675754.2433534,83.576,35,0,2265,12481
3,idle_pre,6.818204512819648,1783675754.3435974,83.576,35,0,2265,12481
3,idle_pre,6.918447785079479,1783675754.44384,83.576,35,0,2265,12481
3,idle_pre,7.018743114545941,1783675754.5441365,83.527,35,0,2265,12481
3,idle_pre,7.118987407535315,1783675754.6443794,83.527,35,0,2257,12481
3,idle_pre,7.219326158985496,1783675754.7447202,83.527,35,0,2257,12481
3,idle_pre,7.3195760529488325,1783675754.8449705,83.527,35,0,2257,12481
3,idle_pre,7.419842990115285,1783675754.9452388,83.527,35,0,2257,12481
3,idle_pre,7.520102323964238,1783675755.045497,83.527,35,0,2257,12481
3,idle_pre,7.620352948084474,1783675755.1457458,83.527,35,0,2257,12481
3,idle_pre,7.720612583681941,1783675755.2460148,83.527,35,0,2257,12481
3,idle_pre,7.8209255039691925,1783675755.3463178,83.527,35,0,2257,12481
3,idle_pre,7.921245828270912,1783675755.4466395,83.527,35,0,2257,12481
3,idle_pre,8.021616540849209,1783675755.5470085,83.576,35,0,2257,12481
3,idle_pre,8.12195703946054,1783675755.6473482,83.576,35,0,2257,12481
3,idle_pre,8.22221152484417,1783675755.7476022,83.576,35,0,2257,12481
3,idle_pre,8.32246889360249,1783675755.847858,83.576,35,0,2257,12481
3,idle_pre,8.42270358838141,1783675755.9480932,83.576,35,0,2257,12481
3,idle_pre,8.52294347435236,1783675756.0483372,83.576,35,0,2257,12481
3,idle_pre,8.623191948980093,1783675756.148586,83.576,35,0,2257,12481
3,idle_pre,8.723525285720825,1783675756.2489173,83.576,35,0,2257,12481
3,idle_pre,8.823801448568702,1783675756.3491912,83.576,35,0,2257,12481
3,idle_pre,8.924041140824556,1783675756.449432,83.576,35,0,2257,12481
3,idle_pre,9.024282282218337,1783675756.5496733,83.576,35,0,2257,12481
3,idle_pre,9.12454667314887,1783675756.6499376,83.576,35,0,2265,12481
3,idle_pre,9.224786652252078,1783675756.7501774,83.576,35,0,2265,12481
3,idle_pre,9.325113952159882,1783675756.850505,83.576,35,0,2265,12481
3,idle_pre,9.425368648022413,1783675756.9507592,83.576,35,0,2265,12481
3,idle_pre,9.525703933089972,1783675757.0510957,83.576,35,0,2265,12481
3,idle_pre,9.6259924210608,1783675757.1513848,83.576,35,0,2265,12481
3,idle_pre,9.726234816014767,1783675757.2516267,83.576,35,0,2265,12481
3,idle_pre,9.826560078188777,1783675757.3519518,83.576,35,0,2265,12481
3,idle_pre,9.926810605451465,1783675757.4522038,83.576,35,0,2265,12481
3,active,0.00043878890573978424,1783675757.5270662,83.576,35,0,2265,12481
3,active,0.10066093318164349,1783675757.6272995,89.183,35,0,2265,12481
3,active,0.20090735889971256,1783675757.7276056,93.979,36,22,2257,12481
3,active,0.3012339882552624,1783675757.827886,97.109,36,22,2257,12481
3,active,0.40149238519370556,1783675757.928128,100.356,36,42,2257,12481
3,active,0.5017111450433731,1783675758.0283475,102.603,36,42,2257,12481
3,active,0.6020244918763638,1783675758.128661,104.54,36,40,2257,12481
3,active,0.7022475879639387,1783675758.2288811,106.849,36,40,2257,12481
3,active,0.8024912141263485,1783675758.3291295,108.984,36,41,2257,12481
3,active,0.9027680847793818,1783675758.4294138,110.283,36,41,2257,12481
3,active,1.0030631888657808,1783675758.5297332,139.798,36,42,2257,12481
3,active,1.1034798845648766,1783675758.6301467,140.081,36,42,2257,12481
3,active,1.2038142420351505,1783675758.7304647,140.25,37,42,2257,12481
3,active,1.3041072431951761,1783675758.830748,140.65,36,42,2257,12481
3,active,1.4043675437569618,1783675758.9310095,140.902,37,42,2257,12481
3,active,1.5046253129839897,1783675759.031271,142.484,36,42,2257,12481
3,active,1.6048854887485504,1783675759.1315265,143.076,37,41,2257,12481
3,active,1.7051405664533377,1783675759.2318099,144.154,36,41,2257,12481
3,active,1.8054451439529657,1783675759.3321118,142.981,37,41,2257,12481
3,active,1.9057895634323359,1783675759.4324272,141.913,37,41,2257,12481
3,active,2.0061123706400394,1783675759.5328004,143.66,37,42,2257,12481
3,active,2.1064398884773254,1783675759.6330814,142.171,37,42,2257,12481
3,active,2.206698188558221,1783675759.7333398,141.03,37,42,2257,12481
3,active,2.307020924985409,1783675759.8336606,140.356,37,42,2257,12481
3,active,2.4072880260646343,1783675759.9339302,142.387,37,42,2257,12481
3,active,2.5075694397091866,1783675760.0342474,140.298,37,42,2257,12481
3,active,2.6079730074852705,1783675760.1346116,139.298,37,40,2257,12481
3,active,2.7082573622465134,1783675760.2348933,139.9,37,40,2257,12481
3,active,2.8085319846868515,1783675760.3351953,138.82,37,41,2257,12481
3,active,2.908812092617154,1783675760.4354649,139.751,37,41,2257,12481
3,active,3.0090675689280033,1783675760.535677,140.075,37,42,2257,12481
3,active,3.1092520654201508,1783675760.6358833,140.868,37,42,2257,12481
3,active,3.2094625160098076,1783675760.736101,140.729,37,42,2257,12481
3,active,3.3097519874572754,1783675760.8364065,141.649,37,42,2257,12481
3,active,3.4100301042199135,1783675760.9366686,140.596,37,41,2257,12481
3,active,3.510273829102516,1783675761.0369127,139.216,37,41,2257,12481
3,active,3.610590472817421,1783675761.13726,140.295,37,42,2257,12481
3,active,3.7109102364629507,1783675761.237564,140.598,37,42,2257,12481
3,active,3.8112785648554564,1783675761.337923,140.466,37,42,2257,12481
3,active,3.9115461241453886,1783675761.4381845,142.578,37,42,2257,12481
3,active,4.011808168143034,1783675761.538594,141.476,37,42,2257,12481
3,active,4.112271228805184,1783675761.6389084,140.937,37,42,2257,12481
3,active,4.212484125047922,1783675761.7390926,140.893,37,42,2257,12481
3,active,4.312626212835312,1783675761.83923,141.317,37,42,2257,12481
3,active,4.412753311917186,1783675761.939351,140.493,37,42,2257,12481
3,active,4.512892030179501,1783675762.0395236,141.322,37,42,2257,12481
3,active,4.613094380125403,1783675762.1397033,140.778,37,40,2257,12481
3,active,4.713260430842638,1783675762.2398648,141.653,37,40,2257,12481
3,active,4.813409393653274,1783675762.3400128,142.282,37,42,2257,12481
3,active,4.9135576244443655,1783675762.4401615,139.264,37,42,2257,12481
3,active,5.013701936230063,1783675762.5403373,139.588,37,42,2257,12481
3,active,5.113918364048004,1783675762.6405277,141.742,37,42,2257,12481
3,active,5.214077744632959,1783675762.740683,141.266,37,41,2257,12481
3,active,5.314294971525669,1783675762.8409624,141.292,37,41,2257,12481
3,active,5.414584971964359,1783675762.9412313,140.839,37,41,2257,12481
3,active,5.5148407202214,1783675763.0414798,140.445,37,41,2257,12481
3,active,5.615093417465687,1783675763.141738,142.433,37,42,2257,12481
3,active,5.715349668636918,1783675763.2420087,141.072,37,42,2257,12481
3,active,5.815623601898551,1783675763.3422644,139.868,37,42,2257,12481
3,active,5.915876319631934,1783675763.4425476,141.33,37,42,2257,12481
3,active,6.016137063503265,1783675763.542776,141.61,37,42,2257,12481
3,active,6.116349091753364,1783675763.6429567,140.428,37,42,2257,12481
3,active,6.2164849527180195,1783675763.7430892,141.485,37,42,2257,12481
3,active,6.316617777571082,1783675763.8432212,142.362,37,42,2257,12481
3,active,6.416749807074666,1783675763.9433537,144.12,37,42,2257,12481
3,active,6.516873052343726,1783675764.0434794,143.304,37,42,2257,12481
3,active,6.616994168609381,1783675764.1435976,143.922,37,42,2257,12481
3,active,6.717105349525809,1783675764.2437103,142.63,37,42,2257,12481
3,active,6.8172242771834135,1783675764.3438349,142.463,37,43,2257,12481
3,active,6.917346842586994,1783675764.4439495,143.31,37,43,2257,12481
3,active,7.017487870529294,1783675764.544091,143.283,37,43,2257,12481
3,active,7.117606468498707,1783675764.6442204,144.125,37,43,2257,12481
3,active,7.21774610504508,1783675764.7443492,142.61,37,42,2257,12481
3,active,7.317859468981624,1783675764.8444662,142.188,37,42,2257,12481
3,active,7.417992262169719,1783675764.9445977,141.393,37,43,2257,12481
3,active,7.5181186478585005,1783675765.0447276,139.574,37,43,2257,12481
3,active,7.618245104327798,1783675765.1448727,140.543,37,40,2257,12481
3,active,7.718432296067476,1783675765.2450643,140.574,37,40,2257,12481
3,active,7.818636963143945,1783675765.3452432,140.592,37,39,2257,12481
3,active,7.918768500909209,1783675765.4453735,141.036,37,39,2257,12481
3,active,8.018903519958258,1783675765.5455067,140.743,37,42,2257,12481
3,active,8.119140515103936,1783675765.6457717,139.32,37,42,2257,12481
3,active,8.219370102509856,1783675765.7460063,138.976,37,41,2257,12481
3,active,8.319585533812642,1783675765.8461936,140.242,37,41,2257,12481
3,active,8.41977946087718,1783675765.9464333,140.421,37,41,2257,12481
3,active,8.520008692517877,1783675766.0466256,141.762,37,41,2257,12481
3,active,8.620219023898244,1783675766.1468322,141.859,37,41,2257,12481
3,active,8.72040575556457,1783675766.2470129,140.808,37,41,2257,12481
3,active,8.820543916895986,1783675766.3471513,142.103,37,41,2257,12481
3,active,8.92067045159638,1783675766.4472752,141.206,37,41,2257,12481
3,active,9.020839000120759,1783675766.5474424,141.52,37,42,2257,12481
3,active,9.121014414355159,1783675766.647645,141.55,37,42,2257,12481
3,active,9.221262956038117,1783675766.7479289,141.287,37,41,2257,12481
3,active,9.321552263572812,1783675766.848192,140.705,37,41,2257,12481
3,active,9.421839140355587,1783675766.9485111,141.23,37,41,2257,12481
3,active,9.52211232855916,1783675767.0487344,140.757,37,41,2257,12481
3,active,9.622343512251973,1783675767.148967,140.577,37,42,2257,12481
3,active,9.72254353016615,1783675767.2491803,139.787,37,42,2257,12481
3,active,9.822804545983672,1783675767.3494523,139.735,38,42,2257,12481
3,active,9.923073139041662,1783675767.4497156,139.743,37,42,2257,12481
3,active,10.023426219820976,1783675767.5500774,139.055,37,41,2257,12481
3,active,10.123749108985066,1783675767.65039,138.763,38,41,2257,12481
3,active,10.224016668274999,1783675767.7506568,139.168,37,41,2257,12481
3,active,10.324335178360343,1783675767.8509743,140.457,37,41,2257,12481
3,active,10.424622615799308,1783675767.9512923,139.614,37,41,2257,12481
3,active,10.524946290999651,1783675768.0516074,139.721,38,41,2257,12481
3,active,10.625230437144637,1783675768.151895,141.665,37,42,2257,12481
3,active,10.725527815520763,1783675768.2521946,141.517,37,42,2257,12481
3,active,10.825823999941349,1783675768.3524618,141.061,38,42,2257,12481
3,active,10.926071682944894,1783675768.4526784,142.546,37,42,2257,12481
3,active,11.026256781071424,1783675768.5528932,142.887,37,42,2257,12481
3,active,11.126576580107212,1783675768.6532454,142.035,38,42,2257,12481
3,active,11.226886777207255,1783675768.7534928,142.791,37,42,2257,12481
3,active,11.327021008357406,1783675768.8536258,143.978,37,42,2257,12481
3,active,11.42718113772571,1783675768.9538279,143.025,37,42,2257,12481
3,active,11.527469856664538,1783675769.0541127,143.18,38,42,2257,12481
3,active,11.627728335559368,1783675769.1543658,142.256,37,42,2257,12481
3,active,11.727970097213984,1783675769.2546177,141.292,38,42,2257,12481
3,active,11.8283012509346,1783675769.354934,142.353,38,42,2257,12481
3,active,11.92852976359427,1783675769.4551725,142.485,37,42,2257,12481
3,active,12.02877669967711,1783675769.5554163,141.674,37,42,2257,12481
3,active,12.12905471585691,1783675769.6557012,142.303,37,42,2257,12481
3,active,12.229329219087958,1783675769.7559652,141.622,38,42,2257,12481
3,active,12.329560650512576,1783675769.8561969,140.757,37,42,2257,12481
3,active,12.429791804403067,1783675769.9564245,139.789,37,41,2257,12481
3,active,12.53001730889082,1783675770.0566254,140.577,38,41,2257,12481
3,active,12.630281304940581,1783675770.1569219,140.268,37,39,2257,12481
3,active,12.730523901060224,1783675770.2571785,139.76,37,39,2257,12481
3,active,12.83083631284535,1783675770.3575125,140.516,37,42,2257,12481
3,active,12.93114541657269,1783675770.4577892,140.731,38,42,2257,12481
3,active,13.031410368159413,1783675770.5580516,140.368,37,41,2257,12481
3,active,13.131666380912066,1783675770.6583393,140.718,38,41,2257,12481
3,active,13.231960657984018,1783675770.7586012,140.99,37,42,2257,12481
3,active,13.332238944247365,1783675770.858884,139.438,37,42,2257,12481
3,active,13.432555148378015,1783675770.9592106,139.924,38,42,2257,12481
3,active,13.532863605767488,1783675771.0595107,139.995,37,42,2257,12481
3,active,13.63333235681057,1783675771.159973,140.098,37,41,2257,12481
3,active,13.733602518215775,1783675771.2602417,141.07,38,41,2257,12481
3,active,13.83385843411088,1783675771.360502,140.523,37,41,2257,12481
3,active,13.934123948216438,1783675771.4607704,140.029,38,41,2257,12481
3,active,14.034359471872449,1783675771.560977,141.061,37,42,2257,12481
3,active,14.134511400014162,1783675771.6611178,140.442,38,42,2257,12481
3,active,14.2346998937428,1783675771.7613337,140.779,38,42,2257,12481
3,active,14.334961188957095,1783675771.861616,143.012,37,42,2257,12481
3,active,14.435185320675373,1783675771.961792,142.156,38,41,2257,12481
3,active,14.535397799685597,1783675772.0620673,143.039,38,41,2257,12481
3,active,14.635707449167967,1783675772.1623485,143.264,37,42,2257,12481
3,active,14.735967116430402,1783675772.2626076,142.12,38,42,2257,12481
3,active,14.836338447406888,1783675772.362988,141.972,38,42,2257,12481
3,active,14.936627434566617,1783675772.4632764,141.574,38,42,2257,12481
3,active,15.036897867918015,1783675772.5635748,141.314,38,41,2257,12481
3,active,15.137227775529027,1783675772.6639032,141.063,38,41,2257,12481
3,active,15.237543677911162,1783675772.764191,141.408,38,42,2257,12481
3,active,15.337865395471454,1783675772.864502,141.638,37,42,2257,12481
3,active,15.438131576403975,1783675772.9647715,139.981,38,41,2257,12481
3,active,15.538475984707475,1783675773.0651178,139.883,38,41,2257,12481
3,active,15.63873622007668,1783675773.165381,140.369,37,42,2257,12481
3,active,15.739106576889753,1783675773.2657745,140.506,38,42,2257,12481
3,active,15.839448848739266,1783675773.3660884,139.892,38,42,2257,12481
3,active,15.939737372100353,1783675773.4664094,141.486,37,42,2257,12481
3,active,16.04005117714405,1783675773.5667233,141.21,38,41,2257,12481
3,active,16.14034901186824,1783675773.6670182,141.181,38,41,2257,12481
3,active,16.240681996569037,1783675773.7673337,142.767,38,42,2257,12481
3,active,16.34095157496631,1783675773.8675933,142.427,38,42,2257,12481
3,active,16.441220646724105,1783675773.9678903,143.488,38,42,2257,12481
3,active,16.54154377244413,1783675774.0682206,143.958,38,42,2257,12481
3,active,16.64183983951807,1783675774.1684775,142.963,38,41,2257,12481
3,active,16.742101524025202,1783675774.2687624,143.392,38,41,2257,12481
3,active,16.842384595423937,1783675774.3690243,143.134,38,41,2257,12481
3,active,16.94264384545386,1783675774.4692914,143.797,38,41,2257,12481
3,active,17.04293878003955,1783675774.5695758,143.401,38,40,2257,12481
3,active,17.14322212152183,1783675774.6698616,143.4,38,40,2257,12481
3,active,17.243482863530517,1783675774.7701366,142.774,38,42,2257,12481
3,active,17.343854608014226,1783675774.8705008,143.002,38,42,2257,12481
3,active,17.444175150245428,1783675774.9708402,142.5,38,41,2257,12481
3,active,17.54446785710752,1783675775.0711057,142.721,38,41,2257,12481
3,active,17.644727597013116,1783675775.1713624,141.66,38,40,2257,12481
3,active,17.74497734569013,1783675775.2716227,140.378,38,40,2257,12481
3,active,17.845235873013735,1783675775.3719013,140.319,38,42,2257,12481
3,active,17.945566473528743,1783675775.4722033,140.717,38,42,2257,12481
3,active,18.045815328136086,1783675775.5724583,140.629,38,41,2257,12481
3,active,18.146114103496075,1783675775.6727514,140.056,38,41,2257,12481
3,active,18.24639581516385,1783675775.7730453,140.888,38,42,2257,12481
3,active,18.346698977053165,1783675775.873334,139.96,38,42,2257,12481
3,active,18.446930760517716,1783675775.9735906,139.081,38,42,2257,12481
3,active,18.54718125797808,1783675776.0737886,140.525,38,42,2257,12481
3,active,18.64731993712485,1783675776.1739256,139.614,38,41,2257,12481
3,active,18.747574852779508,1783675776.274213,140.577,38,41,2257,12481
3,active,18.847873652353883,1783675776.3745394,142.15,38,42,2257,12481
3,active,18.948161274194717,1783675776.474801,142.588,38,42,2257,12481
3,active,19.048384035006166,1783675776.5749922,142.468,38,42,2257,12481
3,active,19.14852622896433,1783675776.6751301,141.231,38,42,2257,12481
3,active,19.248672043904662,1783675776.7752793,140.951,38,42,2257,12481
3,active,19.348805472254753,1783675776.8754177,142.408,38,42,2257,12481
3,active,19.44895102083683,1783675776.9755554,142.41,38,41,2257,12481
3,active,19.54906740412116,1783675777.0756705,140.637,38,41,2257,12481
3,active,19.649213576689363,1783675777.175818,140.395,38,41,2257,12481
3,active,19.749335672706366,1783675777.2759387,140.13,38,41,2257,12481
3,active,19.849474040791392,1783675777.3760817,140.785,38,42,2257,12481
3,active,19.949606340378523,1783675777.4762096,139.618,38,42,2257,12481
3,active,20.04974004626274,1783675777.576343,139.919,38,42,2257,12481
3,active,20.14986459352076,1783675777.6764674,139.579,38,42,2257,12481
3,active,20.249999115243554,1783675777.7766051,139.716,38,42,2257,12481
3,active,20.35014831647277,1783675777.8767545,140.388,38,42,2257,12481
3,active,20.45030352473259,1783675777.976938,139.649,38,41,2257,12481
3,active,20.550559060648084,1783675778.0772028,139.98,38,41,2257,12481
3,active,20.650798372924328,1783675778.1774063,140.28,38,41,2257,12481
3,active,20.75095136091113,1783675778.277555,141.309,38,41,2257,12481
3,active,20.851088671013713,1783675778.3776937,140.696,38,41,2257,12481
3,active,20.95120528154075,1783675778.477809,139.045,38,41,2257,12481
3,active,21.05132400430739,1783675778.5779307,141.351,38,42,2257,12481
3,active,21.151495536789298,1783675778.6781821,140.099,38,42,2257,12481
3,active,21.25178493745625,1783675778.7783916,141.275,38,42,2257,12481
3,active,21.351949840784073,1783675778.8785646,140.62,38,42,2257,12481
3,active,21.452152084559202,1783675778.9787915,141.431,38,42,2257,12481
3,active,21.55242188088596,1783675779.0790777,140.703,38,42,2257,12481
3,active,21.65281485952437,1783675779.1794524,140.703,38,40,2257,12481
3,active,21.753120064735413,1783675779.2797675,140.888,38,40,2257,12481
3,active,21.85339955613017,1783675779.3800392,140.84,38,41,2257,12481
3,active,21.953633101657033,1783675779.4802988,140.598,38,41,2257,12481
3,active,22.053879899904132,1783675779.5804875,139.811,38,41,2257,12481
3,active,22.154071759432554,1783675779.6807096,140.848,38,41,2257,12481
3,active,22.25434318743646,1783675779.7809815,141.55,38,41,2257,12481
3,active,22.354589704424143,1783675779.8812306,140.616,38,41,2257,12481
3,active,22.454838328063488,1783675779.9814773,142.869,38,41,2257,12481
3,active,22.555130295455456,1783675780.081777,141.418,38,41,2257,12481
3,active,22.655439969152212,1783675780.182087,142.177,38,39,2257,12481
3,active,22.755694964900613,1783675780.2823353,142.427,38,39,2257,12481
3,active,22.855960020795465,1783675780.3826377,141.058,38,40,2257,12481
3,active,22.956250777468085,1783675780.4828668,141.804,38,40,2257,12481
3,active,23.056408686563373,1783675780.5830178,142.162,38,40,2257,12481
3,active,23.156542919576168,1783675780.6831455,140.896,38,40,2257,12481
3,active,23.256650300696492,1783675780.783257,139.352,38,40,2257,12481
3,active,23.356974923983216,1783675780.8836422,140.3,38,40,2257,12481
3,active,23.45723790489137,1783675780.9838724,137.812,38,41,2257,12481
3,active,23.557490661740303,1783675781.0841343,138.92,38,41,2257,12481
3,active,23.65780464373529,1783675781.184445,138.037,38,40,2257,12481
3,active,23.758110731840134,1783675781.2847533,137.592,38,40,2257,12481
3,active,23.858472228050232,1783675781.3851163,137.746,38,40,2257,12481
3,active,23.958771347999573,1783675781.4854116,137.988,38,40,2257,12481
3,active,24.05905276350677,1783675781.585691,138.223,38,40,2257,12481
3,active,24.15934162400663,1783675781.686015,138.749,38,40,2257,12481
3,active,24.25962757319212,1783675781.7862659,137.699,38,40,2257,12481
3,active,24.359894536435604,1783675781.8865366,139.157,38,40,2257,12481
3,active,24.460203681141138,1783675781.9868436,138.089,38,41,2257,12481
3,active,24.56046470068395,1783675782.0871103,138.588,38,41,2257,12481
3,active,24.660693800076842,1783675782.1873527,138.677,38,41,2257,12481
3,active,24.76101477444172,1783675782.2876558,138.214,38,41,2257,12481
3,active,24.861304707825184,1783675782.387952,140.637,38,41,2257,12481
3,active,24.961620047688484,1783675782.48826,139.769,38,41,2257,12481
3,active,25.06190132908523,1783675782.588542,138.752,38,41,2257,12481
3,active,25.1621275767684,1783675782.6892169,138.291,38,41,2257,12481
3,active,25.262812197208405,1783675782.7894726,141.298,38,41,2257,12481
3,active,25.363092936575413,1783675782.8897316,140.767,38,41,2257,12481
3,active,25.46334547176957,1783675782.9899845,140.477,38,42,2257,12481
3,active,25.563592936843634,1783675783.0902364,140.163,38,42,2257,12481
3,active,25.663853948935866,1783675783.1904914,140.949,38,42,2257,12481
3,active,25.764137705788016,1783675783.2907891,142.058,38,42,2257,12481
3,active,25.86442948319018,1783675783.3911126,141.907,38,42,2257,12481
3,active,25.964793832972646,1783675783.4914315,142.78,38,42,2257,12481
3,active,26.065072344616055,1783675783.5917234,141.529,38,42,2257,12481
3,active,26.165341161191463,1783675783.6919882,142.361,38,42,2257,12481
3,active,26.265641843900084,1783675783.7923033,142.758,38,42,2257,12481
3,active,26.365953428670764,1783675783.892602,142.308,38,42,2257,12481
3,active,26.4662249609828,1783675783.992865,143.282,38,42,2257,12481
3,active,26.56647882424295,1783675784.0931497,143.813,38,41,2257,12481
3,active,26.66676659323275,1783675784.1934056,143.796,38,41,2257,12481
3,active,26.767006743699312,1783675784.2936616,142.744,38,41,2257,12481
3,active,26.86725121922791,1783675784.3938582,143.465,38,41,2257,12481
3,active,26.967466227710247,1783675784.4941018,144.503,38,42,2257,12481
3,active,27.067719783633947,1783675784.594357,144.598,38,42,2257,12481
3,active,27.167959736660123,1783675784.6945813,144.65,38,42,2257,12481
3,active,27.268133079633117,1783675784.794744,143.48,38,42,2257,12481
3,active,27.368334338068962,1783675784.8949928,143.862,38,42,2257,12481
3,active,27.468582352623343,1783675784.9951887,144.693,38,42,2257,12481
3,active,27.568756479769945,1783675785.095366,143.851,38,40,2257,12481
3,active,27.668981527909636,1783675785.1956503,143.846,38,40,2257,12481
3,active,27.76926594041288,1783675785.2958694,145.56,38,42,2257,12481
3,active,27.869414445012808,1783675785.3960195,145.18,38,42,2257,12481
3,active,27.969585644081235,1783675785.4962292,146.433,38,42,2257,12481
3,active,28.069849114865065,1783675785.5964882,145.531,38,42,2257,12481
3,active,28.170130657032132,1783675785.6967826,146.026,38,41,2257,12481
3,active,28.270457277074456,1783675785.7971025,144.8,38,41,2257,12481
3,active,28.370738204568624,1783675785.8973842,146.399,38,42,2257,12481
3,active,28.471005275845528,1783675785.997665,144.553,38,42,2257,12481
3,active,28.57128605991602,1783675786.0979254,144.863,38,42,2257,12481
3,active,28.67153697833419,1783675786.198181,144.237,38,42,2257,12481
3,active,28.77179168909788,1783675786.298438,144.59,38,42,2257,12481
3,active,28.872147323563695,1783675786.3988163,143.412,38,42,2257,12481
3,active,28.97291585430503,1783675786.4995666,141.208,38,42,2257,12481
3,active,29.073319060727954,1783675786.5999918,141.2,38,42,2257,12481
3,active,29.17367212101817,1783675786.7003372,141.754,38,42,2257,12481
3,active,29.273989103734493,1783675786.8006291,142.277,38,42,2257,12481
3,active,29.374253464862704,1783675786.9009154,142.238,38,41,2257,12481
3,active,29.4745343439281,1783675787.0011754,140.948,38,41,2257,12481
3,active,29.574819644913077,1783675787.1014721,141.795,38,41,2257,12481
3,active,29.675106579437852,1783675787.201775,141.828,38,41,2257,12481
3,active,29.77539387717843,1783675787.3020601,140.895,38,41,2257,12481
3,active,29.875773748382926,1783675787.4024155,140.056,38,41,2257,12481
3,active,29.97604324668646,1783675787.5027275,140.004,38,41,2257,12481
3,active,30.076445979997516,1783675787.6030915,140.262,38,41,2257,12481
3,active,30.176705047488213,1783675787.7033398,140.328,38,41,2257,12481
3,active,30.276949590072036,1783675787.8035982,140.77,38,41,2257,12481
3,active,30.377260187640786,1783675787.903903,139.762,38,41,2257,12481
3,active,30.47760272026062,1783675788.0043027,139.853,38,41,2257,12481
3,active,30.577959273010492,1783675788.1045976,139.107,38,41,2257,12481
3,active,30.67824104987085,1783675788.2048945,138.484,38,41,2257,12481
3,active,30.77851710654795,1783675788.305158,139.147,38,41,2257,12481
3,active,30.878755655139685,1783675788.4053905,139.227,38,41,2257,12481
3,active,30.97905219718814,1783675788.5056918,139.819,38,41,2257,12481
3,active,31.07931767962873,1783675788.6059594,139.682,38,41,2257,12481
3,active,31.179569805040956,1783675788.706239,141.674,38,42,2257,12481
3,active,31.27990236505866,1783675788.8065577,140.895,38,42,2257,12481
3,active,31.380211517214775,1783675788.9068527,140.49,38,41,2257,12481
3,active,31.48048722743988,1783675789.0071316,140.061,38,41,2257,12481
3,active,31.5807569809258,1783675789.1074061,141.908,38,41,2257,12481
3,active,31.681118784472346,1783675789.2077591,141.568,38,41,2257,12481
3,active,31.781405616551638,1783675789.308049,142.831,38,42,2257,12481
3,active,31.881733087822795,1783675789.4083722,142.133,38,42,2257,12481
3,active,31.982041459530592,1783675789.5087063,142.988,38,42,2257,12481
3,active,32.082323491573334,1783675789.6089723,143.067,38,42,2257,12481
3,active,32.18260133638978,1783675789.709272,141.926,38,41,2257,12481
3,active,32.282884892076254,1783675789.8095188,142.212,38,41,2257,12481
3,active,32.38313859142363,1783675789.9098039,142.264,38,41,2257,12481
3,active,32.48340190760791,1783675790.010043,141.857,38,41,2257,12481
3,active,32.58366110920906,1783675790.110298,143.183,38,39,2257,12481
3,active,32.683895245194435,1783675790.2105846,142.645,38,39,2257,12481
3,active,32.78425753489137,1783675790.310946,141.84,38,41,2257,12481
3,active,32.88460794836283,1783675790.411242,142.504,38,41,2257,12481
3,active,32.98492248915136,1783675790.511558,142.876,38,41,2257,12481
3,active,33.08516463637352,1783675790.6118398,143.128,38,41,2257,12481
3,active,33.18547977693379,1783675790.7121255,142.296,38,41,2257,12481
3,active,33.2857705000788,1783675790.8124282,143.967,38,41,2257,12481
3,active,33.38604601286352,1783675790.9127145,143.847,38,41,2257,12481
3,active,33.48633729480207,1783675791.012976,144.372,38,41,2257,12481
3,active,33.58670842833817,1783675791.113377,144.32,38,41,2257,12481
3,active,33.686989488080144,1783675791.2136672,142.332,38,41,2257,12481
3,active,33.78732758387923,1783675791.313976,143.574,38,42,2257,12481
3,active,33.887579219415784,1783675791.4142184,142.165,38,42,2257,12481
3,active,33.987833676859736,1783675791.5144732,142.446,38,42,2257,12481
3,active,34.088152419775724,1783675791.6147935,142.709,38,42,2257,12481
3,active,34.18838913179934,1783675791.7150557,142.604,38,42,2257,12481
3,active,34.28864535689354,1783675791.8152542,140.718,38,42,2257,12481
3,active,34.388805244117975,1783675791.9154232,142.322,38,42,2257,12481
3,active,34.488918364048004,1783675792.0155215,143.118,38,42,2257,12481
3,active,34.589044116437435,1783675792.1156473,142.243,38,42,2257,12481
3,active,34.689171228557825,1783675792.2157764,143.691,38,42,2257,12481
3,active,34.78930119611323,1783675792.3159046,144.142,38,41,2257,12481
3,active,34.889417339116335,1783675792.4160235,142.896,38,41,2257,12481
3,active,34.98953948915005,1783675792.5161407,143.77,38,42,2257,12481
3,active,35.089678129181266,1783675792.6162803,144.073,38,42,2257,12481
3,active,35.18978699296713,1783675792.7163897,143.588,38,42,2257,12481
3,active,35.289907071739435,1783675792.8165143,146.734,38,42,2257,12481
3,active,35.390073981136084,1783675792.916721,145.722,38,41,2257,12481
3,active,35.4903147816658,1783675793.0169263,145.813,38,41,2257,12481
3,active,35.590452276170254,1783675793.11706,144.531,38,41,2257,12481
3,active,35.69079071097076,1783675793.2174315,144.459,38,41,2257,12481
3,active,35.79111107997596,1783675793.317751,144.694,38,42,2257,12481
3,active,35.89137481153011,1783675793.4180112,144.354,38,42,2257,12481
3,active,35.99167289212346,1783675793.5183094,143.758,38,42,2257,12481
3,active,36.09192930161953,1783675793.6185656,144.773,38,42,2257,12481
3,active,36.192220302298665,1783675793.7188597,143.947,38,42,2257,12481
3,active,36.29251850023866,1783675793.8191578,143.661,38,42,2257,12481
3,active,36.392761347815394,1783675793.9193983,142.844,38,42,2257,12481
3,active,36.493017081171274,1783675794.0196586,142.54,38,42,2257,12481
3,active,36.59331599250436,1783675794.1199713,142.443,38,42,2257,12481
3,active,36.69359517656267,1783675794.2202413,143.678,38,42,2257,12481
3,active,36.79386157542467,1783675794.3205268,143.107,38,42,2257,12481
3,active,36.8941767886281,1783675794.4208145,142.998,38,42,2257,12481
3,active,36.99447815679014,1783675794.5211365,142.966,38,41,2257,12481
3,active,37.09478159621358,1783675794.621433,141.064,38,41,2257,12481
3,active,37.19506382383406,1783675794.7217093,143.347,38,42,2257,12481
3,active,37.2953294608742,1783675794.8219695,142.814,38,42,2257,12481
3,active,37.395567677915096,1783675794.9222305,142.849,38,42,2257,12481
3,active,37.495863284915686,1783675795.0225296,142.229,38,42,2257,12481
3,active,37.59622787311673,1783675795.1228669,140.634,38,28,2257,12481
3,active,37.69653233140707,1783675795.2232049,141.074,38,28,2257,12481
3,active,37.796908248215914,1783675795.3235505,140.197,38,40,2257,12481
3,active,37.89720063097775,1783675795.423841,139.631,38,40,2257,12481
3,active,37.99761466495693,1783675795.5242538,139.63,38,42,2257,12481
3,active,38.0978839546442,1783675795.624533,141.309,38,42,2257,12481
3,active,38.19816214405,1783675795.7248302,139.969,38,42,2257,12481
3,active,38.29846559278667,1783675795.8251066,140.825,38,42,2257,12481
3,active,38.39871634915471,1783675795.9253721,140.477,38,42,2257,12481
3,active,38.49896090477705,1783675796.025569,141.588,38,42,2257,12481
3,active,38.59912561997771,1783675796.1257725,142.526,38,41,2257,12481
3,active,38.69945126026869,1783675796.2260928,142.845,38,41,2257,12481
3,active,38.7997313849628,1783675796.3263633,143.468,38,40,2257,12481
3,active,38.90022423118353,1783675796.4268289,143.938,38,40,2257,12481
3,active,39.00034071691334,1783675796.5269458,143.744,38,42,2257,12481
3,active,39.10046693868935,1783675796.627071,144.314,38,42,2257,12481
3,active,39.20059495046735,1783675796.7271993,142.714,38,41,2257,12481
3,active,39.3007175270468,1783675796.8273249,143.078,38,41,2257,12481
3,active,39.4008642565459,1783675796.9274974,142.587,38,41,2257,12481
3,active,39.50113630481064,1783675797.0277739,142.962,38,41,2257,12481
3,active,39.601393619552255,1783675797.1280425,141.689,38,41,2257,12481
3,active,39.701685920357704,1783675797.2283227,143.324,38,41,2257,12481
3,active,39.801936032250524,1783675797.328602,142.983,38,41,2257,12481
3,active,39.90223257988691,1783675797.4288747,144.205,38,41,2257,12481
3,active,40.002497809007764,1783675797.5291603,143.682,38,41,2257,12481
3,active,40.10286048054695,1783675797.6295047,143.903,38,41,2257,12481
3,active,40.203115263953805,1783675797.7297783,142.394,38,41,2257,12481
3,active,40.30338831804693,1783675797.830059,142.122,39,41,2257,12481
3,active,40.40366309694946,1783675797.9303012,141.986,38,43,2257,12481
3,active,40.503896381706,1783675798.0305502,141.914,38,43,2257,12481
3,active,40.6041193921119,1783675798.1307275,142.136,38,43,2257,12481
3,active,40.704351579770446,1783675798.2309906,143.01,38,43,2257,12481
3,active,40.80457718297839,1783675798.331187,141.29,38,42,2257,12481
3,active,40.90476640686393,1783675798.4313717,141.083,38,42,2257,12481
3,active,41.004893232136965,1783675798.5314963,141.18,38,43,2257,12481
3,active,41.10502135194838,1783675798.6316252,142.276,38,43,2257,12481
3,active,41.20513866841793,1783675798.7317424,142.48,38,42,2257,12481
3,active,41.30529951304197,1783675798.8319051,143.985,39,42,2257,12481
3,active,41.405448680743575,1783675798.932054,144.148,38,43,2257,12481
3,active,41.505591221153736,1783675799.0321963,143.29,39,43,2257,12481
3,active,41.6057395208627,1783675799.1323864,143.338,38,41,2257,12481
3,active,41.70596539974213,1783675799.2325745,141.939,39,41,2257,12481
3,active,41.80615093186498,1783675799.3327913,142.151,38,42,2257,12481
3,active,41.90644493699074,1783675799.4330888,142.726,38,42,2257,12481
3,active,42.006773464381695,1783675799.5334344,142.747,38,41,2257,12481
3,active,42.10705661587417,1783675799.6337016,141.871,38,41,2257,12481
3,active,42.20731920748949,1783675799.7339535,141.084,38,42,2257,12481
3,active,42.30758969299495,1783675799.8342283,141.233,38,42,2257,12481
3,active,42.40788019634783,1783675799.9345179,142.057,38,42,2257,12481
3,active,42.50813529454172,1783675800.0347722,141.925,38,42,2257,12481
3,active,42.60849077813327,1783675800.135144,141.356,38,39,2257,12481
3,active,42.70878376811743,1783675800.2354505,140.408,39,39,2257,12481
3,active,42.809117963537574,1783675800.3357823,140.207,38,42,2257,12481
3,active,42.909419912844896,1783675800.4360592,141.374,38,42,2257,12481
3,active,43.00971847586334,1783675800.5363529,142.257,38,42,2257,12481
3,active,43.110001772642136,1783675800.63668,141.869,38,42,2257,12481
3,active,43.210284600034356,1783675800.7369232,141.755,38,42,2257,12481
3,active,43.310549572110176,1783675800.8371928,141.803,38,42,2257,12481
3,active,43.41081538796425,1783675800.9374807,141.237,38,42,2257,12481
3,active,43.51109995320439,1783675801.0377648,141.771,38,42,2257,12481
3,active,43.61141917668283,1783675801.138075,140.843,38,40,2257,12481
3,active,43.71170034259558,1783675801.238342,141.973,38,40,2257,12481
3,active,43.81201430037618,1783675801.338654,142.484,38,41,2257,12481
3,active,43.91234711557627,1783675801.439013,142.934,38,41,2257,12481
3,active,44.01264734752476,1783675801.5392945,141.645,38,42,2257,12481
3,active,44.112965704873204,1783675801.6396122,143.179,38,42,2257,12481
3,active,44.213220328092575,1783675801.739859,142.704,39,41,2257,12481
3,active,44.31352701969445,1783675801.8401923,142.704,38,41,2257,12481
3,active,44.413817163556814,1783675801.9404533,142.873,38,42,2257,12481
3,active,44.514081632718444,1783675802.040722,141.841,39,42,2257,12481
3,active,44.61434959247708,1783675802.1409883,141.753,38,42,2257,12481
3,active,44.714601228013635,1783675802.241244,142.644,39,42,2257,12481
3,active,44.81486187875271,1783675802.3415031,142.723,38,42,2257,12481
3,active,44.915189852938056,1783675802.4418283,143.916,38,42,2257,12481
3,active,45.0155042167753,1783675802.5421438,143.217,39,42,2257,12481
3,active,45.11576292477548,1783675802.642402,141.952,38,42,2257,12481
3,active,45.216021256521344,1783675802.7427258,143.702,38,42,2257,12481
3,active,45.31640876084566,1783675802.8430576,143.048,39,42,2257,12481
3,active,45.416825104504824,1783675802.943478,142.125,38,42,2257,12481
3,active,45.51710084080696,1783675803.043746,143.388,38,42,2257,12481
3,active,45.61742655187845,1783675803.1440966,144.497,38,42,2257,12481
3,active,45.71772572211921,1783675803.2443717,144.311,38,42,2257,12481
3,active,45.817994728684425,1783675803.344667,144.617,38,42,2257,12481
3,active,45.918288664892316,1783675803.4449449,143.874,38,42,2257,12481
3,active,46.01856695488095,1783675803.545175,143.534,38,42,2257,12481
3,active,46.118702203035355,1783675803.645309,143.947,38,42,2257,12481
3,active,46.218825329095125,1783675803.7454293,143.321,39,42,2257,12481
3,active,46.31894134543836,1783675803.8455455,142.146,38,42,2257,12481
3,active,46.4190920535475,1783675803.9457428,143.314,38,42,2257,12481
3,active,46.51932770945132,1783675804.0459352,142.422,38,42,2257,12481
3,active,46.61949186772108,1783675804.1460946,143.667,38,41,2257,12481
3,active,46.71967516839504,1783675804.2463102,142.174,39,41,2257,12481
3,active,46.81992834061384,1783675804.346575,141.906,38,42,2257,12481
3,active,46.92023487202823,1783675804.446886,143.452,38,42,2257,12481
3,active,47.02051295340061,1783675804.5471704,142.667,38,41,2257,12481
3,active,47.120863581076264,1783675804.6475093,142.715,38,41,2257,12481
3,active,47.22113801166415,1783675804.7477996,142.684,38,41,2257,12481
3,active,47.32155933231115,1783675804.8482182,142.46,38,41,2257,12481
3,idle_post,0.0003663990646600723,1783675804.898706,142.46,38,41,2257,12481
3,idle_post,0.10073454678058624,1783675804.9990273,137.97,38,42,2257,12481
3,idle_post,0.20102530345320702,1783675805.0993183,130.923,37,0,2257,12481
3,idle_post,0.30127332359552383,1783675805.1995676,125.771,37,0,2257,12481
3,idle_post,0.40156069211661816,1783675805.2998538,122.117,37,0,2257,12481
3,idle_post,0.5018388759344816,1783675805.4001288,116.957,37,0,2265,12481
3,idle_post,0.6020736917853355,1783675805.500364,111.186,37,0,2265,12481
3,idle_post,0.702336560934782,1783675805.6006296,106.702,37,0,2265,12481
3,idle_post,0.802616611123085,1783675805.7009096,100.977,37,0,2265,12481
3,idle_post,0.9028780795633793,1783675805.8011699,92.049,37,0,2265,12481
3,idle_post,1.0031549520790577,1783675805.9014468,91.451,37,0,2265,12481
3,idle_post,1.103432910516858,1783675806.0017238,91.451,37,0,2265,12481
3,idle_post,1.2036737594753504,1783675806.101967,91.451,37,0,2265,12481
3,idle_post,1.3039942607283592,1783675806.2022898,91.451,37,0,2265,12481
3,idle_post,1.4042416643351316,1783675806.302535,91.451,37,0,2265,12481
3,idle_post,1.5044845137745142,1783675806.4027781,91.451,37,0,2265,12481
3,idle_post,1.604739647358656,1783675806.5030332,91.451,37,0,2265,12481
3,idle_post,1.7049835082143545,1783675806.6032777,91.451,37,0,2265,12481
3,idle_post,1.805219603702426,1783675806.7035131,91.451,37,0,2265,12481
3,idle_post,1.905460799112916,1783675806.8037517,91.451,37,0,2265,12481
3,idle_post,2.0057439878582954,1783675806.9040349,84.677,36,0,2265,12481
3,idle_post,2.10603192076087,1783675807.0043223,84.677,36,0,2265,12481
3,idle_post,2.2063224483281374,1783675807.1046154,84.677,36,0,2265,12481
3,idle_post,2.3065919876098633,1783675807.2048852,84.677,36,0,2265,12481
3,idle_post,2.4068308118730783,1783675807.305126,84.677,36,0,2265,12481
3,idle_post,2.507174003869295,1783675807.4054687,84.677,36,0,2265,12481
3,idle_post,2.6074190512299538,1783675807.5057147,84.677,36,0,2265,12481
3,idle_post,2.7077104561030865,1783675807.6060038,84.677,36,0,2265,12481
3,idle_post,2.807950844988227,1783675807.7062469,84.677,36,0,2265,12481
3,idle_post,2.9082002509385347,1783675807.806496,84.677,36,0,2265,12481
3,idle_post,3.0084665045142174,1783675807.9067612,84.501,36,0,2257,12481
3,idle_post,3.1087019685655832,1783675808.0069973,84.501,36,0,2257,12481
3,idle_post,3.209055732935667,1783675808.107349,84.501,36,0,2257,12481
3,idle_post,3.309316035360098,1783675808.2076108,84.501,36,0,2257,12481
3,idle_post,3.409656547009945,1783675808.3079526,84.501,36,0,2257,12481
3,idle_post,3.5101117603480816,1783675808.4084094,84.501,36,0,2257,12481
3,idle_post,3.610410137102008,1783675808.5087068,84.501,36,0,2257,12481
3,idle_post,3.710659608244896,1783675808.6089566,84.501,36,0,2257,12481
3,idle_post,3.8109900038689375,1783675808.7092865,84.501,36,0,2257,12481
3,idle_post,3.911327851936221,1783675808.8096244,84.501,36,0,2257,12481
3,idle_post,4.011630151420832,1783675808.9099264,84.501,36,0,2265,12481
3,idle_post,4.111889984458685,1783675809.0101855,84.501,36,0,2265,12481
3,idle_post,4.212145786732435,1783675809.110443,84.501,36,0,2265,12481
3,idle_post,4.312391526997089,1783675809.210715,84.501,36,0,2265,12481
3,idle_post,4.412756975740194,1783675809.3110528,84.501,36,0,2265,12481
3,idle_post,4.513006638735533,1783675809.4113028,84.501,36,0,2265,12481
3,idle_post,4.613293498754501,1783675809.5115893,84.501,36,0,2265,12481
3,idle_post,4.713544078171253,1783675809.6118455,84.501,36,0,2265,12481
3,idle_post,4.8138227835297585,1783675809.71212,84.501,36,0,2265,12481
3,idle_post,4.914113041013479,1783675809.812409,84.501,36,0,2265,12481
3,idle_post,5.01435174420476,1783675809.9126444,84.501,36,0,2265,12481
3,idle_post,5.114679550752044,1783675810.0129757,84.501,36,0,2265,12481
3,idle_post,5.2149286307394505,1783675810.1132245,84.501,36,0,2265,12481
3,idle_post,5.315170427784324,1783675810.2134662,84.501,36,0,2265,12481
3,idle_post,5.415456542745233,1783675810.313751,84.501,36,0,2265,12481
3,idle_post,5.515798065811396,1783675810.4140952,84.501,36,0,2265,12481
3,idle_post,5.616087270900607,1783675810.5143826,84.501,36,0,2265,12481
3,idle_post,5.716326886788011,1783675810.6146204,84.501,36,0,2265,12481
3,idle_post,5.8166256453841925,1783675810.7149205,84.501,36,0,2265,12481
3,idle_post,5.916869696229696,1783675810.815164,84.501,36,0,2265,12481
3,idle_post,6.017123781144619,1783675810.9154184,84.501,36,0,2265,12481
3,idle_post,6.117414753884077,1783675811.015712,84.501,36,0,2265,12481
3,idle_post,6.217718979343772,1783675811.1160157,84.501,36,0,2265,12481
3,idle_post,6.3180044405162334,1783675811.2163029,84.501,36,0,2265,12481
3,idle_post,6.418272310867906,1783675811.3165686,84.501,36,0,2265,12481
3,idle_post,6.518521033227444,1783675811.4168177,84.501,36,0,2265,12481
3,idle_post,6.618789507076144,1783675811.5170858,84.501,36,0,2265,12481
3,idle_post,6.719032723456621,1783675811.6173291,84.501,36,0,2265,12481
3,idle_post,6.819274732843041,1783675811.7175715,84.501,36,0,2265,12481
3,idle_post,6.919523319229484,1783675811.8178174,84.501,36,0,2265,12481
3,idle_post,7.019758416339755,1783675811.9180532,84.501,36,0,2265,12481
3,idle_post,7.120005087926984,1783675812.0183017,84.501,36,0,2265,12481
3,idle_post,7.220254395157099,1783675812.1185486,84.501,36,0,2265,12481
3,idle_post,7.320498067885637,1783675812.218823,84.501,36,0,2265,12481
3,idle_post,7.420878471806645,1783675812.3191721,84.501,36,0,2265,12481
3,idle_post,7.52118774689734,1783675812.4194803,84.501,36,0,2265,12481
3,idle_post,7.621424328535795,1783675812.5197196,84.501,36,0,2265,12481
3,idle_post,7.721665909513831,1783675812.6199632,84.501,36,0,2265,12481
3,idle_post,7.821938728913665,1783675812.720235,84.501,36,0,2265,12481
3,idle_post,7.92218042165041,1783675812.820477,84.501,36,0,2265,12481
3,idle_post,8.022422410547733,1783675812.9207172,84.501,36,0,2265,12481
3,idle_post,8.122664539143443,1783675813.020961,84.501,36,0,2265,12481
3,idle_post,8.222907219082117,1783675813.1212034,84.501,36,0,2265,12481
3,idle_post,8.323168404400349,1783675813.221464,84.501,36,0,2265,12481
3,idle_post,8.423414034768939,1783675813.3217108,84.501,36,0,2265,12481
3,idle_post,8.523708369582891,1783675813.4220047,84.501,36,0,2265,12481
3,idle_post,8.624060995876789,1783675813.522359,84.501,36,0,2265,12481
3,idle_post,8.724316591396928,1783675813.622611,84.501,36,0,2265,12481
3,idle_post,8.824580216780305,1783675813.7228758,84.501,36,0,2265,12481
3,idle_post,8.924829890951514,1783675813.823126,84.501,36,0,2265,12481
3,idle_post,9.025078244507313,1783675813.9233768,84.257,35,0,2257,12481
3,idle_post,9.125385407358408,1783675814.0236824,84.257,35,0,2257,12481
3,idle_post,9.225694363936782,1783675814.1239903,84.257,35,0,2257,12481
3,idle_post,9.325974924489856,1783675814.2242713,84.257,35,0,2257,12481
3,idle_post,9.426216566935182,1783675814.3245125,84.257,35,0,2257,12481
3,idle_post,9.526503639295697,1783675814.4248004,84.257,35,0,2257,12481
3,idle_post,9.626753251999617,1783675814.52505,84.257,35,0,2257,12481
3,idle_post,9.726995492354035,1783675814.6252918,84.257,35,0,2257,12481
3,idle_post,9.827267399057746,1783675814.7255623,84.257,35,0,2257,12481
3,idle_post,9.927608359605074,1783675814.8259044,84.257,35,0,2257,12481
4,idle_pre,0.00040245428681373596,1783675814.9000049,84.257,35,0,2257,12481
4,idle_pre,0.10067436285316944,1783675815.0002797,84.257,35,0,2265,12481
4,idle_pre,0.20104979537427425,1783675815.1006556,84.257,35,0,2265,12481
4,idle_pre,0.3013285379856825,1783675815.2009356,84.257,35,0,2265,12481
4,idle_pre,0.40158444084227085,1783675815.301188,84.257,35,0,2265,12481
4,idle_pre,0.5018767639994621,1783675815.4014823,84.257,35,0,2265,12481
4,idle_pre,0.6021173465996981,1783675815.501723,84.257,35,0,2265,12481
4,idle_pre,0.7023849915713072,1783675815.6019928,84.257,35,0,2265,12481
4,idle_pre,0.8027154747396708,1783675815.702322,84.257,35,0,2265,12481
4,idle_pre,0.9029820095747709,1783675815.8025877,84.257,35,0,2265,12481
4,idle_pre,1.0033150985836983,1783675815.9029207,84.014,35,0,2265,12481
4,idle_pre,1.103645484894514,1783675816.003253,84.014,35,0,2265,12481
4,idle_pre,1.2038860190659761,1783675816.103493,84.014,35,0,2265,12481
4,idle_pre,1.304224718362093,1783675816.2038393,84.014,35,0,2265,12481
4,idle_pre,1.4045069944113493,1783675816.3041122,84.014,35,0,2265,12481
4,idle_pre,1.5047547034919262,1783675816.4043586,84.014,35,0,2265,12481
4,idle_pre,1.6049949657171965,1783675816.5046005,84.014,35,0,2265,12481
4,idle_pre,1.7053310386836529,1783675816.6049378,84.014,35,0,2265,12481
4,idle_pre,1.8055909536778927,1783675816.705195,84.014,35,0,2265,12481
4,idle_pre,1.9058392774313688,1783675816.805446,84.014,35,0,2265,12481
4,idle_pre,2.0060907024890184,1783675816.9056947,84.038,35,0,2265,12481
4,idle_pre,2.106417514383793,1783675817.0060213,84.038,35,0,2265,12481
4,idle_pre,2.2066719699651003,1783675817.1062758,84.038,35,0,2265,12481
4,idle_pre,2.306938022375107,1783675817.2065437,84.038,35,0,2265,12481
4,idle_pre,2.4072012547403574,1783675817.306805,84.038,35,0,2265,12481
4,idle_pre,2.507484946399927,1783675817.4070904,84.038,35,0,2265,12481
4,idle_pre,2.6077250856906176,1783675817.5073318,84.038,35,0,2265,12481
4,idle_pre,2.7079681269824505,1783675817.6075752,84.038,35,0,2265,12481
4,idle_pre,2.8082211408764124,1783675817.7078285,84.038,35,0,2265,12481
4,idle_pre,2.908495891839266,1783675817.8081105,84.038,35,0,2265,12481
4,idle_pre,3.008791007101536,1783675817.9083977,84.014,35,0,2257,12481
4,idle_pre,3.1090699899941683,1783675818.0086768,84.014,35,0,2257,12481
4,idle_pre,3.209418836981058,1783675818.1090224,84.014,35,0,2257,12481
4,idle_pre,3.309664433822036,1783675818.209271,84.014,35,0,2257,12481
4,idle_pre,3.409913817420602,1783675818.309521,84.014,35,0,2257,12481
4,idle_pre,3.5101644471287727,1783675818.409771,84.014,35,0,2257,12481
4,idle_pre,3.610477263107896,1783675818.510083,84.014,35,0,2257,12481
4,idle_pre,3.710824638605118,1783675818.610433,84.014,35,0,2257,12481
4,idle_pre,3.81107459589839,1783675818.7107015,84.014,35,0,2257,12481
4,idle_pre,3.9113684464246035,1783675818.8109765,84.014,35,0,2257,12481
4,idle_pre,4.011650264263153,1783675818.9112592,84.014,35,0,2265,12481
4,idle_pre,4.111899001523852,1783675819.0115073,84.014,35,0,2265,12481
4,idle_pre,4.212154623121023,1783675819.1117623,84.014,35,0,2265,12481
4,idle_pre,4.312424382194877,1783675819.212032,84.014,35,0,2265,12481
4,idle_pre,4.41265613399446,1783675819.312261,84.014,35,0,2265,12481
4,idle_pre,4.512903235852718,1783675819.4125118,84.014,35,0,2265,12481
4,idle_pre,4.6131366938352585,1783675819.5127432,84.014,35,0,2265,12481
4,idle_pre,4.713385581970215,1783675819.6129923,84.014,35,0,2265,12481
4,idle_pre,4.813698062673211,1783675819.7133057,84.014,35,0,2265,12481
4,idle_pre,4.914017690345645,1783675819.813624,84.014,35,0,2265,12481
4,idle_pre,5.014260346069932,1783675819.913868,84.014,35,0,2265,12481
4,idle_pre,5.114504434168339,1783675820.0141113,84.014,35,0,2265,12481
4,idle_pre,5.214754106476903,1783675820.1143591,84.014,35,0,2265,12481
4,idle_pre,5.315006345510483,1783675820.2146127,84.014,35,0,2265,12481
4,idle_pre,5.415415197610855,1783675820.3150218,84.014,35,0,2265,12481
4,idle_pre,5.515675885602832,1783675820.4152822,84.014,35,0,2265,12481
4,idle_pre,5.6159044820815325,1783675820.5155094,84.014,35,0,2265,12481
4,idle_pre,5.716150628402829,1783675820.6157558,84.014,35,0,2265,12481
4,idle_pre,5.816502213478088,1783675820.7161067,84.014,35,0,2265,12481
4,idle_pre,5.916740372776985,1783675820.8163447,84.014,35,0,2265,12481
4,idle_pre,6.016988007351756,1783675820.9165936,84.014,35,0,2265,12481
4,idle_pre,6.117349918931723,1783675821.016957,84.014,35,0,2265,12481
4,idle_pre,6.217671865597367,1783675821.1172779,84.014,35,0,2265,12481
4,idle_pre,6.317921783775091,1783675821.2175276,84.014,35,0,2265,12481
4,idle_pre,6.418169811367989,1783675821.317774,84.014,35,0,2265,12481
4,idle_pre,6.518488477915525,1783675821.4180925,84.014,35,0,2265,12481
4,idle_pre,6.618765164166689,1783675821.5183682,84.014,35,0,2265,12481
4,idle_pre,6.719003038480878,1783675821.6186042,84.014,35,0,2265,12481
4,idle_pre,6.8193475138396025,1783675821.7189522,84.014,35,0,2265,12481
4,idle_pre,6.9196343049407005,1783675821.8192375,84.014,35,0,2265,12481
4,idle_pre,7.019894314929843,1783675821.9194992,84.063,35,0,2257,12481
4,idle_pre,7.120234537869692,1783675822.0198386,84.063,35,0,2257,12481
4,idle_pre,7.220470475032926,1783675822.1200733,84.063,35,0,2257,12481
4,idle_pre,7.320694457739592,1783675822.2202952,84.063,35,0,2257,12481
4,idle_pre,7.420960292220116,1783675822.3205614,84.063,35,0,2257,12481
4,idle_pre,7.521191844716668,1783675822.420798,84.063,35,0,2257,12481
4,idle_pre,7.6214415822178125,1783675822.521049,84.063,35,0,2257,12481
4,idle_pre,7.721698049455881,1783675822.6213057,84.063,35,0,2257,12481
4,idle_pre,7.821953542530537,1783675822.7215612,84.063,35,0,2257,12481
4,idle_pre,7.922240739688277,1783675822.821849,84.063,35,0,2257,12481
4,idle_pre,8.022570734843612,1783675822.9221778,84.038,35,0,2265,12481
4,idle_pre,8.122850328683853,1783675823.022458,84.038,35,0,2265,12481
4,idle_pre,8.223096130415797,1783675823.1227512,84.038,35,0,2265,12481
4,idle_pre,8.323381338268518,1783675823.2229881,84.038,35,0,2265,12481
4,idle_pre,8.423629304394126,1783675823.323236,84.038,35,0,2265,12481
4,idle_pre,8.52386069856584,1783675823.423468,84.038,35,0,2265,12481
4,idle_pre,8.62412205338478,1783675823.5237725,84.038,35,0,2265,12481
4,idle_pre,8.724482532590628,1783675823.6240866,84.038,35,0,2265,12481
4,idle_pre,8.824790507555008,1783675823.7243934,84.038,35,0,2265,12481
4,idle_pre,8.925072938203812,1783675823.8246787,84.038,35,0,2265,12481
4,idle_pre,9.025435278192163,1783675823.9250422,83.576,35,0,2265,12481
4,idle_pre,9.125688165426254,1783675824.0252938,83.576,35,0,2265,12481
4,idle_pre,9.225943686440587,1783675824.1255493,83.576,35,0,2265,12481
4,idle_pre,9.326257035136223,1783675824.2258704,83.576,35,0,2265,12481
4,idle_pre,9.426512200385332,1783675824.3261042,83.576,35,0,2265,12481
4,idle_pre,9.526707239449024,1783675824.4263122,83.576,35,0,2265,12481
4,idle_pre,9.626999950036407,1783675824.526604,83.576,35,0,2265,12481
4,idle_pre,9.727320434525609,1783675824.6269336,83.576,35,0,2265,12481
4,idle_pre,9.827584613114595,1783675824.7271895,83.576,35,0,2265,12481
4,idle_pre,9.92783878929913,1783675824.8274436,83.576,35,0,2265,12481
4,active,0.000409737229347229,1783675824.9013238,83.576,35,0,2265,12481
4,active,0.10063422285020351,1783675825.001552,83.551,35,0,2265,12481
4,active,0.20085840299725533,1783675825.1017768,88.813,36,0,2265,12481
4,active,0.3011535555124283,1783675825.202069,93.234,36,39,2257,12481
4,active,0.4013985674828291,1783675825.302288,99.833,36,39,2257,12481
4,active,0.5015970766544342,1783675825.402517,102.584,36,40,2257,12481
4,active,0.6018899492919445,1783675825.5028124,105.07,36,41,2257,12481
4,active,0.7021692395210266,1783675825.603089,106.918,36,41,2257,12481
4,active,0.80242227204144,1783675825.7033541,108.991,36,42,2257,12481
4,active,0.9026684314012527,1783675825.8036182,110.179,37,42,2257,12481
4,active,1.0029370822012424,1783675825.9038668,141.067,36,41,2257,12481
4,active,1.103211935609579,1783675826.0041332,140.249,37,41,2257,12481
4,active,1.2034597638994455,1783675826.1043813,140.087,36,42,2257,12481
4,active,1.3036979157477617,1783675826.2046213,138.378,37,42,2257,12481
4,active,1.4039387162774801,1783675826.3048606,138.944,37,42,2257,12481
4,active,1.5041839350014925,1783675826.405104,140.149,37,42,2257,12481
4,active,1.604449823498726,1783675826.5053701,139.376,37,41,2257,12481
4,active,1.7046549413353205,1783675826.605545,140.396,37,41,2257,12481
4,active,1.8047800082713366,1783675826.7056677,141.136,37,41,2257,12481
4,active,1.9049380868673325,1783675826.8058684,140.946,37,41,2257,12481
4,active,2.0051633585244417,1783675826.906058,141.837,37,42,2257,12481
4,active,2.1053582206368446,1783675827.0062773,142.865,37,42,2257,12481
4,active,2.205559890717268,1783675827.1064456,142.573,37,41,2257,12481
4,active,2.3056987281888723,1783675827.2066183,142.641,37,41,2257,12481
4,active,2.405929058790207,1783675827.30682,145.806,37,42,2257,12481
4,active,2.506074607372284,1783675827.406965,144.292,37,42,2257,12481
4,active,2.6062352247536182,1783675827.507153,143.215,37,42,2257,12481
4,active,2.7065142281353474,1783675827.607436,144.136,37,42,2257,12481
4,active,2.8067862521857023,1783675827.7077208,143.614,37,41,2257,12481
4,active,2.9070606641471386,1783675827.8079796,143.484,37,41,2257,12481
4,active,3.007306070998311,1783675827.9082422,144.543,37,41,2257,12481
4,active,3.1075592171400785,1783675828.0084891,143.68,37,41,2257,12481
4,active,3.2078079115599394,1783675828.1087327,142.442,37,43,2257,12481
4,active,3.308050299063325,1783675828.2089758,143.344,37,43,2257,12481
4,active,3.4083195477724075,1783675828.3092716,142.362,37,41,2257,12481
4,active,3.508604299277067,1783675828.409556,142.662,37,41,2257,12481
4,active,3.6089604832232,1783675828.509905,142.793,37,42,2257,12481
4,active,3.7092857267707586,1783675828.6102185,142.455,37,42,2257,12481
4,active,3.80954559892416,1783675828.7104993,141.644,37,42,2257,12481
4,active,3.9099077228456736,1783675828.8108468,142.203,37,42,2257,12481
4,active,4.010168271139264,1783675828.911103,139.914,37,41,2257,12481
4,active,4.110502656549215,1783675829.0114293,141.081,37,41,2257,12481
4,active,4.210815103724599,1783675829.1117358,140.18,37,42,2257,12481
4,active,4.311071414500475,1783675829.2119997,139.562,37,42,2257,12481
4,active,4.4113383162766695,1783675829.3122873,139.526,37,42,2257,12481
4,active,4.511650836095214,1783675829.4125981,139.866,37,42,2257,12481
4,active,4.611930511891842,1783675829.512891,139.065,37,42,2257,12481
4,active,4.712260566651821,1783675829.6131968,138.921,37,42,2257,12481
4,active,4.812505526468158,1783675829.7134004,139.533,37,42,2257,12481
4,active,4.912701144814491,1783675829.8136222,138.889,37,42,2257,12481
4,active,5.012960175052285,1783675829.913876,139.229,37,42,2257,12481
4,active,5.113184183835983,1783675830.0141072,139.171,37,42,2257,12481
4,active,5.213435277342796,1783675830.1143577,140.969,37,40,2257,12481
4,active,5.313702046871185,1783675830.214627,142.078,37,40,2257,12481
4,active,5.413995264098048,1783675830.3149173,141.263,37,41,2257,12481
4,active,5.514218075200915,1783675830.4151087,141.933,37,41,2257,12481
4,active,5.614432543516159,1783675830.515354,143.042,37,42,2257,12481
4,active,5.7147329561412334,1783675830.6156507,142.508,37,42,2257,12481
4,active,5.814977748319507,1783675830.7159493,141.769,37,42,2257,12481
4,active,5.915313506498933,1783675830.8162484,142.387,37,42,2257,12481
4,active,6.015564598143101,1783675830.9164898,142.53,37,41,2257,12481
4,active,6.115841243416071,1783675831.0168085,142.071,37,41,2257,12481
4,active,6.21630790270865,1783675831.1172404,142.744,37,42,2257,12481
4,active,6.316590864211321,1783675831.2175212,141.904,37,42,2257,12481
4,active,6.416860964149237,1783675831.317789,142.036,37,42,2257,12481
4,active,6.517128255218267,1783675831.4180512,142.618,37,42,2257,12481
4,active,6.617448890581727,1783675831.5184007,142.0,37,42,2257,12481
4,active,6.717835530638695,1783675831.6187634,141.072,37,42,2257,12481
4,active,6.818105559796095,1783675831.719027,143.105,37,41,2257,12481
4,active,6.918361322954297,1783675831.8192804,142.81,37,41,2257,12481
4,active,7.01861166395247,1783675831.9195323,142.84,37,42,2257,12481
4,active,7.118858618661761,1783675832.0197835,144.791,37,42,2257,12481
4,active,7.2191222831606865,1783675832.1200507,144.613,37,42,2257,12481
4,active,7.319403303787112,1783675832.2203488,143.226,37,42,2257,12481
4,active,7.419734124094248,1783675832.3206935,144.035,37,41,2257,12481
4,active,7.520042167976499,1783675832.420957,143.491,37,41,2257,12481
4,active,7.620267182588577,1783675832.521214,143.831,37,42,2257,12481
4,active,7.720552168786526,1783675832.6214936,143.159,37,42,2257,12481
4,active,7.820821503177285,1783675832.7217426,143.172,37,42,2257,12481
4,active,7.921068623661995,1783675832.822019,143.101,37,42,2257,12481
4,active,8.021408235654235,1783675832.9223301,143.401,37,42,2257,12481
4,active,8.121717972680926,1783675833.022639,141.303,37,42,2257,12481
4,active,8.222113402560353,1783675833.1230373,141.441,37,42,2257,12481
4,active,8.322394907474518,1783675833.2233155,141.051,37,42,2257,12481
4,active,8.422622615471482,1783675833.3235528,140.074,37,42,2257,12481
4,active,8.522869372740388,1783675833.423792,140.649,37,42,2257,12481
4,active,8.623113801702857,1783675833.5240612,140.582,37,42,2257,12481
4,active,8.723398135975003,1783675833.6243093,141.545,37,42,2257,12481
4,active,8.823610562831163,1783675833.724541,140.583,37,41,2257,12481
4,active,8.923879355192184,1783675833.824804,141.397,37,41,2257,12481
4,active,9.024129200726748,1783675833.9250596,139.932,37,41,2257,12481
4,active,9.12446372769773,1783675834.0253916,140.117,37,41,2257,12481
4,active,9.224734529852867,1783675834.1256642,140.779,37,41,2257,12481
4,active,9.325014246627688,1783675834.2259424,140.526,38,41,2257,12481
4,active,9.425284681841731,1783675834.326209,140.914,37,42,2257,12481
4,active,9.525545867159963,1783675834.4264932,141.245,37,42,2257,12481
4,active,9.62584874406457,1783675834.5267756,141.002,37,41,2257,12481
4,active,9.726119115948677,1783675834.6270735,141.38,37,41,2257,12481
4,active,9.826437748968601,1783675834.727369,139.187,38,41,2257,12481
4,active,9.926723843440413,1783675834.8276472,139.755,37,41,2257,12481
4,active,10.026978874579072,1783675834.9279094,139.018,37,41,2257,12481
4,active,10.1272335331887,1783675835.028155,139.017,37,41,2257,12481
4,active,10.227422181516886,1783675835.1283276,139.697,37,40,2257,12481
4,active,10.327602913603187,1783675835.228533,139.796,37,40,2257,12481
4,active,10.427869522944093,1783675835.3288102,139.922,38,41,2257,12481
4,active,10.528134712949395,1783675835.4290612,140.505,37,41,2257,12481
4,active,10.62838294915855,1783675835.5293367,141.405,37,41,2257,12481
4,active,10.728668812662363,1783675835.629594,140.787,37,41,2257,12481
4,active,10.828940715640783,1783675835.72988,142.471,37,41,2257,12481
4,active,10.929234633222222,1783675835.8301601,141.532,38,41,2257,12481
4,active,11.02948504127562,1783675835.9304113,141.841,37,43,2257,12481
4,active,11.129743698984385,1783675836.03067,142.628,37,43,2257,12481
4,active,11.230062883347273,1783675836.1309903,142.211,38,41,2257,12481
4,active,11.33034572377801,1783675836.2312737,142.118,37,41,2257,12481
4,active,11.430599112063646,1783675836.331548,144.743,37,42,2257,12481
4,active,11.530891295522451,1783675836.431867,144.168,38,42,2257,12481
4,active,11.631211001425982,1783675836.5321584,143.156,37,42,2257,12481
4,active,11.731489131227136,1783675836.6324153,143.824,37,42,2257,12481
4,active,11.83173493668437,1783675836.7326632,144.603,37,42,2257,12481
4,active,11.931989673525095,1783675836.8329382,143.47,38,42,2257,12481
4,active,12.032264215871692,1783675836.9332097,143.992,37,43,2257,12481
4,active,12.132543686777353,1783675837.0334923,144.166,37,43,2257,12481
4,active,12.232842795550823,1783675837.133769,145.421,37,43,2257,12481
4,active,12.333146043121815,1783675837.2340703,145.783,38,43,2257,12481
4,active,12.433391908183694,1783675837.3343158,143.295,38,42,2257,12481
4,active,12.533629896119237,1783675837.4345598,142.362,38,42,2257,12481
4,active,12.633875949308276,1783675837.5347989,141.956,37,42,2257,12481
4,active,12.73414402268827,1783675837.6350665,142.211,37,42,2257,12481
4,active,12.834382329136133,1783675837.7353103,141.207,38,41,2257,12481
4,active,12.934652402997017,1783675837.8355713,141.246,37,41,2257,12481
4,active,13.03490735962987,1783675837.9358435,142.17,37,42,2257,12481
4,active,13.135159919038415,1783675838.0360873,143.157,38,42,2257,12481
4,active,13.23540324345231,1783675838.136327,141.07,38,42,2257,12481
4,active,13.335658259689808,1783675838.2365792,141.045,37,42,2257,12481
4,active,13.435896903276443,1783675838.3368404,142.303,38,42,2257,12481
4,active,13.536152007058263,1783675838.437092,142.367,38,42,2257,12481
4,active,13.636413043364882,1783675838.5373366,142.174,37,42,2257,12481
4,active,13.736647967249155,1783675838.6375933,141.484,37,42,2257,12481
4,active,13.836939895525575,1783675838.7378623,143.72,38,42,2257,12481
4,active,13.937209740281105,1783675838.8381507,142.711,38,42,2257,12481
4,active,14.037482403218746,1783675838.9384038,142.271,38,42,2257,12481
4,active,14.137712080031633,1783675839.038666,141.582,38,42,2257,12481
4,active,14.238042963668704,1783675839.1390007,141.827,37,41,2257,12481
4,active,14.3383266068995,1783675839.2392519,143.63,38,41,2257,12481
4,active,14.438577078282833,1783675839.3395002,143.063,38,42,2257,12481
4,active,14.538820279762149,1783675839.4397643,141.569,38,42,2257,12481
4,active,14.639099415391684,1783675839.5400238,142.799,37,43,2257,12481
4,active,14.739364426583052,1783675839.6403127,144.354,38,43,2257,12481
4,active,14.839629730209708,1783675839.7405586,141.843,38,41,2257,12481
4,active,14.939889039844275,1783675839.840821,143.204,37,41,2257,12481
4,active,15.04013871960342,1783675839.941086,144.946,38,41,2257,12481
4,active,15.140407351776958,1783675840.041365,144.818,37,41,2257,12481
4,active,15.24070443585515,1783675840.1416292,143.992,37,39,2257,12481
4,active,15.340969398617744,1783675840.2418952,142.819,38,39,2257,12481
4,active,15.44120572693646,1783675840.3421326,142.422,38,41,2257,12481
4,active,15.541437534615397,1783675840.4423592,142.253,38,41,2257,12481
4,active,15.64169154688716,1783675840.5426207,142.562,38,42,2257,12481
4,active,15.741952788084745,1783675840.6428928,141.303,38,42,2257,12481
4,active,15.842201272025704,1783675840.743121,141.302,38,41,2257,12481
4,active,15.942453604191542,1783675840.843388,141.4,38,41,2257,12481
4,active,16.042739985510707,1783675840.9436631,139.689,38,42,2257,12481
4,active,16.14298135600984,1783675841.043907,139.609,38,42,2257,12481
4,active,16.243228867650032,1783675841.1441736,140.468,38,42,2257,12481
4,active,16.343492118641734,1783675841.2444193,140.969,38,42,2257,12481
4,active,16.443747229874134,1783675841.3446708,140.289,38,42,2257,12481
4,active,16.54398388415575,1783675841.4449248,142.458,38,42,2257,12481
4,active,16.64425876736641,1783675841.54521,143.616,38,42,2257,12481
4,active,16.744547579437494,1783675841.6454945,142.969,38,42,2257,12481
4,active,16.844831528142095,1783675841.7457933,142.527,38,42,2257,12481
4,active,16.94514237716794,1783675841.8460948,143.587,38,42,2257,12481
4,active,17.045471038669348,1783675841.9463956,143.323,38,42,2257,12481
4,active,17.145739594474435,1783675842.0467045,142.52,38,42,2257,12481
4,active,17.24618697538972,1783675842.1471086,142.953,38,43,2257,12481
4,active,17.346444943919778,1783675842.2473955,142.878,38,43,2257,12481
4,active,17.446802619844675,1783675842.3477519,142.554,38,39,2257,12481
4,active,17.54711473174393,1783675842.4480383,142.916,38,39,2257,12481
4,active,17.647428622469306,1783675842.5483496,141.267,38,42,2257,12481
4,active,17.747682051733136,1783675842.6486096,139.67,38,42,2257,12481
4,active,17.848034290596843,1783675842.7489648,139.759,38,42,2257,12481
4,active,17.94830765388906,1783675842.8492317,140.65,38,42,2257,12481
4,active,18.048569725826383,1783675842.9495058,141.658,38,42,2257,12481
4,active,18.148841207847,1783675843.0497627,141.557,38,42,2257,12481
4,active,18.249092485755682,1783675843.1500182,141.363,38,42,2257,12481
4,active,18.34940799511969,1783675843.2503552,142.291,38,42,2257,12481
4,active,18.44968668743968,1783675843.3506186,142.865,38,43,2257,12481
4,active,18.55000701546669,1783675843.4509318,143.792,38,43,2257,12481
4,active,18.65026699192822,1783675843.5512025,142.644,38,42,2257,12481
4,active,18.75059832818806,1783675843.6515439,144.28,38,42,2257,12481
4,active,18.85091389529407,1783675843.7518697,144.797,38,42,2257,12481
4,active,18.951219415292144,1783675843.8521461,145.06,38,42,2257,12481
4,active,19.051467327401042,1783675843.952395,143.462,38,42,2257,12481
4,active,19.151731926947832,1783675844.0526602,141.085,38,42,2257,12481
4,active,19.25200122781098,1783675844.1529503,141.21,38,42,2257,12481
4,active,19.352271189913154,1783675844.253165,140.652,38,42,2257,12481
4,active,19.452447874471545,1783675844.3533669,139.243,38,34,2257,12481
4,active,19.552719607949257,1783675844.4536617,137.066,38,34,2257,12481
4,active,19.652996987104416,1783675844.5539224,137.324,38,42,2257,12481
4,active,19.75328072719276,1783675844.6542075,138.208,38,42,2257,12481
4,active,19.853550098836422,1783675844.754478,137.6,38,43,2257,12481
4,active,19.953857883810997,1783675844.8547876,138.474,38,43,2257,12481
4,active,20.05424673296511,1783675844.9551725,139.64,38,43,2257,12481
4,active,20.154531624168158,1783675845.0554633,141.243,38,43,2257,12481
4,active,20.254803398624063,1783675845.1557357,142.555,38,39,2257,12481
4,active,20.355079222470522,1783675845.2560465,142.756,38,39,2257,12481
4,active,20.455396123230457,1783675845.356324,144.742,38,43,2257,12481
4,active,20.55569062754512,1783675845.4566143,143.508,38,43,2257,12481
4,active,20.655928537249565,1783675845.556819,144.937,38,41,2257,12481
4,active,20.756100811064243,1783675845.657046,143.685,38,41,2257,12481
4,active,20.856404623016715,1783675845.7573433,142.75,38,39,2257,12481
4,active,20.956669012084603,1783675845.8575885,140.962,38,39,2257,12481
4,active,21.056936122477055,1783675845.9578488,141.617,38,43,2257,12481
4,active,21.157184654846787,1783675846.0581293,141.359,38,43,2257,12481
4,active,21.257490817457438,1783675846.1584487,141.505,38,43,2257,12481
4,active,21.357824128121138,1783675846.2587676,141.528,38,43,2257,12481
4,active,21.458055559545755,1783675846.358956,141.469,38,40,2257,12481
4,active,21.558215212076902,1783675846.4591084,141.0,38,40,2257,12481
4,active,21.658423407003284,1783675846.5593123,141.195,38,43,2257,12481
4,active,21.75907546468079,1783675846.6599658,142.498,38,43,2257,12481
4,active,21.85916779562831,1783675846.7600613,142.696,38,43,2257,12481
4,active,21.959328912198544,1783675846.8602922,144.295,38,43,2257,12481
4,active,22.059603914618492,1783675846.9605522,144.677,38,43,2257,12481
4,active,22.15989689156413,1783675847.06087,144.986,38,43,2257,12481
4,active,22.26025760732591,1783675847.1611855,145.206,38,43,2257,12481
4,active,22.360604383051395,1783675847.2615457,144.844,38,43,2257,12481
4,active,22.460898200049996,1783675847.361825,146.19,38,43,2257,12481
4,active,22.561161674559116,1783675847.4621296,146.672,38,43,2257,12481
4,active,22.66143423318863,1783675847.5623324,148.431,38,43,2257,12481
4,active,22.76163120009005,1783675847.6625588,148.117,38,43,2257,12481
4,active,22.86192767508328,1783675847.7628524,147.548,38,43,2257,12481
4,active,22.962142864242196,1783675847.8630536,147.251,38,43,2257,12481
4,active,23.06232452392578,1783675847.9632492,146.902,38,43,2257,12481
4,active,23.162611722946167,1783675848.0635412,145.428,38,43,2257,12481
4,active,23.262910839170218,1783675848.1638324,143.365,38,42,2257,12481
4,active,23.36315293610096,1783675848.2640831,142.402,38,42,2257,12481
4,active,23.463404877111316,1783675848.364321,141.673,38,42,2257,12481
4,active,23.563628343865275,1783675848.4645512,140.127,38,42,2257,12481
4,active,23.663901668041945,1783675848.564828,140.151,38,42,2257,12481
4,active,23.764164730906487,1783675848.665087,139.629,38,42,2257,12481
4,active,23.864437667652965,1783675848.7653725,139.172,38,41,2257,12481
4,active,23.96467200294137,1783675848.8655808,139.107,38,41,2257,12481
4,active,24.06492816284299,1783675848.9658642,139.725,38,42,2257,12481
4,active,24.1652516387403,1783675849.0661736,139.166,38,42,2257,12481
4,active,24.26549475081265,1783675849.1664236,140.987,38,42,2257,12481
4,active,24.365786181762815,1783675849.2667222,142.251,38,42,2257,12481
4,active,24.46609193459153,1783675849.3670242,142.767,38,42,2257,12481
4,active,24.566319791600108,1783675849.467233,142.154,38,42,2257,12481
4,active,24.666539223864675,1783675849.5674927,142.371,38,42,2257,12481
4,active,24.766872951760888,1783675849.6677938,142.03,38,42,2257,12481
4,active,24.86711565963924,1783675849.7680671,141.123,38,42,2257,12481
4,active,24.967397831380367,1783675849.8683224,142.004,38,42,2257,12481
4,active,25.06763669475913,1783675849.9685555,141.655,38,42,2257,12481
4,active,25.167885422706604,1783675850.0688245,143.095,38,42,2257,12481
4,active,25.268200535327196,1783675850.1691308,143.24,38,41,2257,12481
4,active,25.368472607806325,1783675850.2693906,141.102,38,41,2257,12481
4,active,25.46880099363625,1783675850.369737,141.488,38,41,2257,12481
4,active,25.569105925038457,1783675850.47002,140.392,38,41,2257,12481
4,active,25.670031430199742,1783675850.5709624,140.649,38,42,2257,12481
4,active,25.77027535252273,1783675850.6712134,140.326,38,42,2257,12481
4,active,25.87062774412334,1783675850.7715664,139.757,38,42,2257,12481
4,active,25.970939496532083,1783675850.871899,140.448,38,42,2257,12481
4,active,26.071282843127847,1783675850.972236,140.068,38,43,2257,12481
4,active,26.17154780961573,1783675851.0724707,140.275,38,43,2257,12481
4,active,26.271734917536378,1783675851.1726372,139.194,38,43,2257,12481
4,active,26.37190610356629,1783675851.272818,140.002,38,43,2257,12481
4,active,26.47216158360243,1783675851.3732677,141.422,38,42,2257,12481
4,active,26.57254265807569,1783675851.4734623,141.527,38,42,2257,12481
4,active,26.672755366191268,1783675851.5736732,141.147,38,42,2257,12481
4,active,26.77295945212245,1783675851.6738834,141.477,38,42,2257,12481
4,active,26.873208796605468,1783675851.7741544,143.498,38,43,2257,12481
4,active,26.97348153218627,1783675851.8744047,144.32,38,43,2257,12481
4,active,27.073710752651095,1783675851.97464,146.258,38,43,2257,12481
4,active,27.17400774732232,1783675852.0749543,145.724,38,43,2257,12481
4,active,27.274327587336302,1783675852.1752737,144.798,38,43,2257,12481
4,active,27.37466248869896,1783675852.2755857,143.984,38,43,2257,12481
4,active,27.474955154582858,1783675852.3758817,143.526,38,43,2257,12481
4,active,27.5752036832273,1783675852.476129,143.285,38,43,2257,12481
4,active,27.675438076257706,1783675852.5763617,143.464,38,43,2257,12481
4,active,27.775675490498543,1783675852.6766,143.942,38,43,2257,12481
4,active,27.875968603417277,1783675852.7768958,144.65,38,43,2257,12481
4,active,27.976243741810322,1783675852.8771684,143.958,38,43,2257,12481
4,active,28.076539220288396,1783675852.977463,142.103,38,42,2257,12481
4,active,28.176789416000247,1783675853.0777168,141.374,38,42,2257,12481
4,active,28.277072843164206,1783675853.1779954,141.82,38,43,2257,12481
4,active,28.377338023856282,1783675853.2782779,141.779,38,43,2257,12481
4,active,28.47759497910738,1783675853.3785367,142.266,38,43,2257,12481
4,active,28.57788124680519,1783675853.478806,142.77,38,43,2257,12481
4,active,28.67813923023641,1783675853.5790582,143.16,38,43,2257,12481
4,active,28.77838471531868,1783675853.6793368,143.654,38,43,2257,12481
4,active,28.87868299894035,1783675853.7796023,143.129,38,43,2257,12481
4,active,28.97893795184791,1783675853.8798678,143.367,38,43,2257,12481
4,active,29.079182911664248,1783675853.9801054,143.234,38,42,2257,12481
4,active,29.179441643878818,1783675854.080389,143.972,38,42,2257,12481
4,active,29.279690958559513,1783675854.1805944,144.742,38,42,2257,12481
4,active,29.379882795736194,1783675854.2807977,144.879,38,42,2257,12481
4,active,29.480099581182003,1783675854.3810174,144.966,38,43,2257,12481
4,active,29.580355659127235,1783675854.4812922,146.106,38,43,2257,12481
4,active,29.680708112195134,1783675854.5816457,145.869,38,42,2257,12481
4,active,29.78105467185378,1783675854.6819775,144.815,38,42,2257,12481
4,active,29.88140350021422,1783675854.7823236,143.069,38,43,2257,12481
4,active,29.98163875564933,1783675854.8825622,142.878,38,43,2257,12481
4,active,30.08190217986703,1783675854.9828084,142.481,38,43,2257,12481
4,active,30.182106915861368,1783675855.0830235,141.959,38,43,2257,12481
4,active,30.28232360817492,1783675855.1832316,142.884,38,38,2257,12481
4,active,30.38251455500722,1783675855.2834294,143.011,38,38,2257,12481
4,active,30.482757691293955,1783675855.3836906,143.55,38,43,2257,12481
4,active,30.582993926480412,1783675855.4839613,142.545,38,43,2257,12481
4,active,30.68325834721327,1783675855.5841625,142.448,38,43,2257,12481
4,active,30.783514998853207,1783675855.6844475,142.245,38,43,2257,12481
4,active,30.88389141857624,1783675855.7848399,142.04,38,42,2257,12481
4,active,30.984178233891726,1783675855.8851254,143.461,38,42,2257,12481
4,active,31.08446885086596,1783675855.9853895,143.598,38,43,2257,12481
4,active,31.184705387800932,1783675856.0858226,143.961,38,43,2257,12481
4,active,31.28521005064249,1783675856.1861308,144.166,38,41,2257,12481
4,active,31.38558134622872,1783675856.2865365,143.15,38,41,2257,12481
4,active,31.485889449715614,1783675856.3868122,142.712,38,42,2257,12481
4,active,31.58617406897247,1783675856.4871347,143.148,38,42,2257,12481
4,active,31.68653617426753,1783675856.5874753,143.626,38,42,2257,12481
4,active,31.78682298772037,1783675856.6877785,143.265,38,42,2257,12481
4,active,31.887150237336755,1783675856.7880878,143.99,39,42,2257,12481
4,active,31.987462325021625,1783675856.8883984,143.64,38,42,2257,12481
4,active,32.08774480596185,1783675856.988672,143.823,38,43,2257,12481
4,active,32.18800559453666,1783675857.0889506,144.14,38,43,2257,12481
4,active,32.288312777876854,1783675857.1892364,144.458,38,43,2257,12481
4,active,32.388571383431554,1783675857.2895305,146.021,38,43,2257,12481
4,active,32.488883316516876,1783675857.3898053,145.339,38,41,2257,12481
4,active,32.58913945406675,1783675857.4900596,144.802,38,41,2257,12481
4,active,32.6894143410027,1783675857.5903707,143.987,38,43,2257,12481
4,active,32.78977178782225,1783675857.690751,143.42,38,43,2257,12481
4,active,32.89008147455752,1783675857.7910368,143.612,38,43,2257,12481
4,active,32.99038272164762,1783675857.8913078,144.319,38,43,2257,12481
4,active,33.0906422752887,1783675857.991566,144.284,38,43,2257,12481
4,active,33.190913300961256,1783675858.0918348,144.916,38,43,2257,12481
4,active,33.291162207722664,1783675858.192109,145.522,38,43,2257,12481
4,active,33.39143415354192,1783675858.2923872,145.266,38,43,2257,12481
4,active,33.49171385169029,1783675858.3926375,144.433,38,43,2257,12481
4,active,33.59195742756128,1783675858.4928932,144.691,39,43,2257,12481
4,active,33.69224716722965,1783675858.593187,144.44,39,43,2257,12481
4,active,33.79255848750472,1783675858.6934814,143.914,39,43,2257,12481
4,active,33.8928236681968,1783675858.793752,144.126,38,42,2257,12481
4,active,33.993050530552864,1783675858.8939662,144.992,38,42,2257,12481
4,active,34.09323268011212,1783675858.9941242,145.673,38,43,2257,12481
4,active,34.193501794710755,1783675859.094402,144.715,38,43,2257,12481
4,active,34.29366475529969,1783675859.1945832,143.794,38,32,2257,12481
4,active,34.39384835958481,1783675859.2947397,142.38,38,32,2257,12481
4,active,34.493992783129215,1783675859.394918,141.055,38,42,2257,12481
4,active,34.59424809925258,1783675859.495175,141.754,38,42,2257,12481
4,active,34.69452799111605,1783675859.5956066,142.948,38,43,2257,12481
4,active,34.79495953954756,1783675859.695887,143.735,38,43,2257,12481
4,active,34.89523347467184,1783675859.7961237,144.514,38,43,2257,12481
4,active,34.99538073502481,1783675859.8962705,145.301,38,43,2257,12481
4,active,35.095493104308844,1783675859.9963806,144.859,38,42,2257,12481
4,active,35.195649882778525,1783675860.0965724,143.261,38,42,2257,12481
4,active,35.29593624919653,1783675860.1968586,143.822,38,42,2257,12481
4,active,35.396210895851254,1783675860.297143,145.561,38,42,2257,12481
4,active,35.49649238958955,1783675860.3974216,144.923,38,40,2257,12481
4,active,35.59666737169027,1783675860.4975588,144.411,38,40,2257,12481
4,active,35.69684509374201,1783675860.5977683,143.56,39,39,2257,12481
4,active,35.79716402478516,1783675860.6980958,144.02,38,39,2257,12481
4,active,35.89742665924132,1783675860.7983782,144.602,38,43,2257,12481
4,active,35.997780077159405,1783675860.898798,145.053,38,43,2257,12481
4,active,36.09811716340482,1783675860.9990396,144.683,38,42,2257,12481
4,active,36.19832923449576,1783675861.0992305,143.587,38,42,2257,12481
4,active,36.29849698394537,1783675861.199421,144.894,38,39,2257,12481
4,active,36.39874739199877,1783675861.2996697,144.919,38,39,2257,12481
4,active,36.49898801930249,1783675861.3999166,144.838,38,43,2257,12481
4,active,36.59923329204321,1783675861.5001557,146.822,38,43,2257,12481
4,active,36.69951215200126,1783675861.600434,148.272,38,42,2257,12481
4,active,36.7997690718621,1783675861.700691,146.678,38,42,2257,12481
4,active,36.90005695819855,1783675861.8010054,145.375,39,43,2257,12481
4,active,37.000343691557646,1783675861.9013004,143.811,39,43,2257,12481
4,active,37.10064779780805,1783675862.0015998,142.946,38,42,2257,12481
4,active,37.20094030350447,1783675862.1018631,144.54,38,42,2257,12481
4,active,37.30118918605149,1783675862.2021327,144.597,38,43,2257,12481
4,active,37.40146024338901,1783675862.3023875,144.854,38,43,2257,12481
4,active,37.50170941092074,1783675862.402663,145.059,38,43,2257,12481
4,active,37.60204693488777,1783675862.502994,143.918,39,43,2257,12481
4,active,37.702303959056735,1783675862.6032133,142.408,39,43,2257,12481
4,active,37.80255142971873,1783675862.703503,142.195,38,43,2257,12481
4,active,37.90289140678942,1783675862.8038201,143.521,38,42,2257,12481
4,active,38.00317277573049,1783675862.904099,143.661,38,42,2257,12481
4,active,38.10338459163904,1783675863.004308,144.345,38,41,2257,12481
4,active,38.203538158908486,1783675863.1044443,144.151,38,41,2257,12481
4,active,38.30373174697161,1783675863.2046385,144.434,38,43,2257,12481
4,active,38.403923362493515,1783675863.3048525,143.545,38,43,2257,12481
4,active,38.504212982952595,1783675863.405165,142.368,39,40,2257,12481
4,active,38.60451786778867,1783675863.5054488,141.713,39,40,2257,12481
4,active,38.704782389104366,1783675863.6057432,142.42,39,43,2257,12481
4,active,38.80508585833013,1783675863.7060397,143.223,38,43,2257,12481
4,active,38.905454251915216,1783675863.806382,142.869,38,42,2257,12481
4,active,39.00582360289991,1783675863.9067428,143.904,38,42,2257,12481
4,active,39.1060682348907,1783675864.0069876,144.946,38,43,2257,12481
4,active,39.20628600381315,1783675864.1072013,144.01,39,43,2257,12481
4,active,39.3064537961036,1783675864.2073522,143.524,38,42,2257,12481
4,active,39.406668055802584,1783675864.3076136,145.062,38,42,2257,12481
4,active,39.506930550560355,1783675864.4078739,145.062,39,41,2257,12481
4,active,39.60718994028866,1783675864.5081174,144.909,39,41,2257,12481
4,active,39.70744014531374,1783675864.6083624,145.231,38,43,2257,12481
4,active,39.80769779533148,1783675864.7086523,145.581,38,43,2257,12481
4,active,39.908006055280566,1783675864.8089318,144.681,39,42,2257,12481
4,active,40.008345322683454,1783675864.9092457,142.824,39,42,2257,12481
4,active,40.10859886556864,1783675865.009555,143.206,38,42,2257,12481
4,active,40.20894932001829,1783675865.1099522,141.981,38,42,2257,12481
4,active,40.30934951081872,1783675865.2102757,142.218,38,40,2257,12481
4,active,40.409698167815804,1783675865.3106458,143.295,38,40,2257,12481
4,active,40.51006689481437,1783675865.4109945,141.026,39,41,2257,12481
4,active,40.61039946787059,1783675865.5113604,142.605,38,41,2257,12481
4,active,40.71070436388254,1783675865.6116374,143.597,38,42,2257,12481
4,active,40.81106247752905,1783675865.7119892,143.471,38,42,2257,12481
4,active,40.91132383979857,1783675865.8122797,143.885,39,42,2257,12481
4,active,41.011674923822284,1783675865.912597,143.877,38,42,2257,12481
4,active,41.11197221279144,1783675866.0129106,144.238,38,43,2257,12481
4,active,41.21225984208286,1783675866.1132174,144.697,38,43,2257,12481
4,active,41.312554910779,1783675866.2135086,144.561,39,42,2257,12481
4,active,41.41287164017558,1783675866.3138254,143.386,38,42,2257,12481
4,active,41.51322288997471,1783675866.4141746,145.143,38,43,2257,12481
4,active,41.613536559045315,1783675866.5144627,145.197,38,43,2257,12481
4,active,41.71384714357555,1783675866.6147745,144.648,38,43,2257,12481
4,active,41.814112393185496,1783675866.7150671,145.233,39,43,2257,12481
4,active,41.91441139578819,1783675866.8153393,143.96,39,42,2257,12481
4,active,42.014684706926346,1783675866.9156199,144.18,38,42,2257,12481
4,active,42.11502526700497,1783675867.0159523,144.502,38,42,2257,12481
4,active,42.215322786942124,1783675867.1162486,144.095,38,42,2257,12481
4,active,42.31561735086143,1783675867.2165456,144.731,38,42,2257,12481
4,active,42.41594660654664,1783675867.3169143,144.916,39,42,2257,12481
4,active,42.516301011666656,1783675867.4172273,145.18,38,42,2257,12481
4,active,42.616629254072905,1783675867.517563,145.63,38,42,2257,12481
4,active,42.71690904535353,1783675867.6178365,145.878,38,42,2257,12481
4,active,42.8171594068408,1783675867.7180853,144.054,39,42,2257,12481
4,active,42.91743889451027,1783675867.8183658,145.512,38,42,2257,12481
4,active,43.0176926869899,1783675867.9186249,145.737,39,42,2257,12481
4,active,43.11804977618158,1783675868.0189745,144.993,38,42,2257,12481
4,active,43.218309469521046,1783675868.1192396,144.013,38,43,2257,12481
4,active,43.31858695857227,1783675868.2195382,145.616,38,43,2257,12481
4,active,43.41887726448476,1783675868.319796,144.49,39,41,2257,12481
4,active,43.51910979114473,1783675868.420065,142.976,39,41,2257,12481
4,active,43.619457786902785,1783675868.5203779,142.896,38,43,2257,12481
4,active,43.71971483156085,1783675868.6206393,143.729,38,43,2257,12481
4,active,43.819968579337,1783675868.7209246,144.862,38,42,2257,12481
4,active,43.92027038894594,1783675868.821237,143.6,39,42,2257,12481
4,active,44.0205716509372,1783675868.9215045,143.028,39,43,2257,12481
4,active,44.12084622122347,1783675869.0217786,142.128,39,43,2257,12481
4,active,44.22119461558759,1783675869.122133,141.892,39,43,2257,12481
4,active,44.321482595056295,1783675869.2224147,140.73,38,43,2257,12481
4,active,44.42176006361842,1783675869.3227024,141.807,38,43,2257,12481
4,active,44.522098729386926,1783675869.4230263,142.474,38,43,2257,12481
4,active,44.62235248461366,1783675869.5233018,143.798,39,41,2257,12481
4,active,44.7226341329515,1783675869.6235561,141.846,39,41,2257,12481
4,active,44.82288177870214,1783675869.723829,143.075,38,40,2257,12481
4,active,44.92317806370556,1783675869.824101,142.534,39,40,2257,12481
4,active,45.02342793531716,1783675869.9243522,142.119,38,42,2257,12481
4,active,45.12369479611516,1783675870.0246184,142.62,38,42,2257,12481
4,active,45.22395785339177,1783675870.124879,144.141,39,41,2257,12481
4,active,45.32421478256583,1783675870.2251322,144.153,38,41,2257,12481
4,active,45.4245140273124,1783675870.3254342,144.35,38,43,2257,12481
4,active,45.52475854754448,1783675870.4256825,144.735,38,43,2257,12481
4,active,45.62500772997737,1783675870.5259361,144.307,38,43,2257,12481
4,active,45.72526839748025,1783675870.6261966,144.747,38,43,2257,12481
4,active,45.82553380727768,1783675870.7264614,145.395,38,43,2257,12481
4,active,45.925846219062805,1783675870.8267777,146.265,38,43,2257,12481
4,active,46.02616033516824,1783675870.9270885,148.941,39,42,2257,12481
4,active,46.126420022919774,1783675871.0273461,148.408,39,42,2257,12481
4,active,46.226650550961494,1783675871.1275651,147.37,38,42,2257,12481
4,active,46.32686400786042,1783675871.2278104,147.98,38,42,2257,12481
4,active,46.42712201178074,1783675871.328047,148.93,38,40,2257,12481
4,active,46.52738570794463,1783675871.4283392,148.785,39,40,2257,12481
4,active,46.627691473811865,1783675871.5286183,148.81,39,43,2257,12481
4,active,46.727978736162186,1783675871.6289198,149.429,39,43,2257,12481
4,active,46.82826593518257,1783675871.729193,149.02,39,43,2257,12481
4,idle_post,0.0003592129796743393,1783675871.7489028,149.02,39,43,2257,12481
4,idle_post,0.10062192939221859,1783675871.8491454,144.626,38,43,2257,12481
4,idle_post,0.2009070049971342,1783675871.9494298,136.876,37,0,2257,12481
4,idle_post,0.30116454139351845,1783675872.0496888,131.748,37,0,2257,12481
4,idle_post,0.4014217983931303,1783675872.1499443,126.66,37,0,2265,12481
4,idle_post,0.5016926247626543,1783675872.2502172,122.963,37,0,2265,12481
4,idle_post,0.6019502710551023,1783675872.350472,117.086,37,0,2265,12481
4,idle_post,0.7021908573806286,1783675872.4507341,106.852,37,0,2265,12481
4,idle_post,0.8024487178772688,1783675872.5509663,100.546,37,0,2265,12481
4,idle_post,0.9026899039745331,1783675872.6512053,93.693,37,0,2265,12481
4,idle_post,1.002904074266553,1783675872.7514179,87.338,37,0,2265,12481
4,idle_post,1.1031394619494677,1783675872.8516524,87.338,37,0,2265,12481
4,idle_post,1.2033472582697868,1783675872.951859,87.338,37,0,2265,12481
4,idle_post,1.3035534340888262,1783675873.052069,87.338,37,0,2265,12481
4,idle_post,1.403803301975131,1783675873.1523187,87.338,37,0,2265,12481
4,idle_post,1.504022678360343,1783675873.2525353,87.338,37,0,2265,12481
4,idle_post,1.6042378135025501,1783675873.3527555,87.338,37,0,2265,12481
4,idle_post,1.7044564727693796,1783675873.4529767,87.338,37,0,2265,12481
4,idle_post,1.8046810328960419,1783675873.5532007,87.338,37,0,2265,12481
4,idle_post,1.9049023147672415,1783675873.6534178,87.338,37,0,2265,12481
4,idle_post,2.005114808678627,1783675873.7536302,85.09,36,0,2265,12481
4,idle_post,2.1054196171462536,1783675873.8539317,85.09,36,0,2257,12481
4,idle_post,2.205642320215702,1783675873.9541569,85.09,36,0,2257,12481
4,idle_post,2.305864693596959,1783675874.0543783,85.09,36,0,2257,12481
4,idle_post,2.4060843382030725,1783675874.1545951,85.09,36,0,2257,12481
4,idle_post,2.5063194688409567,1783675874.2548296,85.09,36,0,2257,12481
4,idle_post,2.606538698077202,1783675874.3550575,85.09,36,0,2257,12481
4,idle_post,2.70679534971714,1783675874.455315,85.09,36,0,2257,12481
4,idle_post,2.807033099234104,1783675874.555545,85.09,36,0,2257,12481
4,idle_post,2.9073012936860323,1783675874.6558118,85.09,36,0,2257,12481
4,idle_post,3.0075235534459352,1783675874.7560375,85.134,36,0,2257,12481
4,idle_post,3.1077443286776543,1783675874.8562577,85.134,36,0,2265,12481
4,idle_post,3.2079595252871513,1783675874.9564736,85.134,36,0,2265,12481
4,idle_post,3.308202914893627,1783675875.05672,85.134,36,0,2265,12481
4,idle_post,3.4084441661834717,1783675875.1569645,85.134,36,0,2265,12481
4,idle_post,3.5086846817284822,1783675875.257208,85.134,36,0,2265,12481
4,idle_post,3.60893576964736,1783675875.357448,85.134,36,0,2265,12481
4,idle_post,3.7091383654624224,1783675875.4576516,85.134,36,0,2265,12481
4,idle_post,3.8093662299215794,1783675875.5578852,85.134,36,0,2265,12481
4,idle_post,3.9096045773476362,1783675875.6581175,85.134,36,0,2265,12481
4,idle_post,4.00982790440321,1783675875.7583444,85.088,36,0,2265,12481
4,idle_post,4.1100613214075565,1783675875.8585744,85.088,36,0,2265,12481
4,idle_post,4.210373789072037,1783675875.9588897,85.088,36,0,2265,12481
4,idle_post,4.310611426830292,1783675876.059126,85.088,36,0,2265,12481
4,idle_post,4.41083068959415,1783675876.1593506,85.088,36,0,2265,12481
4,idle_post,4.511054405942559,1783675876.2595654,85.088,36,0,2265,12481
4,idle_post,4.611254934221506,1783675876.3597674,85.088,36,0,2265,12481
4,idle_post,4.711440658196807,1783675876.4599302,85.088,36,0,2265,12481
4,idle_post,4.811556177213788,1783675876.5600438,85.088,36,0,2265,12481
4,idle_post,4.911684833467007,1783675876.6601944,85.088,36,0,2265,12481
4,idle_post,5.011895442381501,1783675876.7604058,84.988,36,0,2265,12481
4,idle_post,5.11207296140492,1783675876.860562,84.988,36,0,2265,12481
4,idle_post,5.21218529343605,1783675876.9606712,84.988,36,0,2265,12481
4,idle_post,5.312305297702551,1783675877.0607898,84.988,36,0,2265,12481
4,idle_post,5.412400782108307,1783675877.1608853,84.988,36,0,2265,12481
4,idle_post,5.512497875839472,1783675877.2609828,84.988,36,0,2265,12481
4,idle_post,5.612599758431315,1783675877.3610852,84.988,36,0,2265,12481
4,idle_post,5.712695121765137,1783675877.4611802,84.988,36,0,2265,12481
4,idle_post,5.812789602205157,1783675877.561274,84.988,36,0,2265,12481
4,idle_post,5.91288485378027,1783675877.6613717,84.988,36,0,2265,12481
4,idle_post,6.013031385838985,1783675877.761549,84.501,36,0,2265,12481
4,idle_post,6.113270569592714,1783675877.8617876,84.501,36,0,2257,12481
4,idle_post,6.213519724085927,1783675877.9620404,84.501,36,0,2257,12481
4,idle_post,6.313748594373465,1783675878.0622685,84.501,36,0,2257,12481
4,idle_post,6.413970496505499,1783675878.1624815,84.501,36,0,2257,12481
4,idle_post,6.514173725619912,1783675878.2626946,84.501,36,0,2257,12481
4,idle_post,6.614387838169932,1783675878.3628972,84.501,36,0,2257,12481
4,idle_post,6.714589133858681,1783675878.4631047,84.501,36,0,2257,12481
4,idle_post,6.814814604818821,1783675878.5633268,84.501,36,0,2257,12481
4,idle_post,6.915065025910735,1783675878.6635773,84.501,36,0,2257,12481
4,idle_post,7.015278588980436,1783675878.76379,84.014,36,0,2257,12481
4,idle_post,7.115499464794993,1783675878.86401,84.014,36,0,2265,12481
4,idle_post,7.21571727283299,1783675878.9642277,84.014,36,0,2265,12481
4,idle_post,7.315930224955082,1783675879.064447,84.014,36,0,2265,12481
4,idle_post,7.416164942085743,1783675879.164687,84.014,36,0,2265,12481
4,idle_post,7.516404388472438,1783675879.2649221,84.014,36,0,2265,12481
4,idle_post,7.6166464779525995,1783675879.3651655,84.014,36,0,2265,12481
4,idle_post,7.7168723698705435,1783675879.4653924,84.014,36,0,2265,12481
4,idle_post,7.817134825512767,1783675879.5656574,84.014,36,0,2265,12481
4,idle_post,7.917365653440356,1783675879.665886,84.014,36,0,2265,12481
4,idle_post,8.017629478126764,1783675879.7661474,84.014,36,0,2265,12481
4,idle_post,8.117863627150655,1783675879.8663762,84.014,36,0,2265,12481
4,idle_post,8.218083256855607,1783675879.9665961,84.014,36,0,2265,12481
4,idle_post,8.318324442952871,1783675880.0668385,84.014,36,0,2265,12481
4,idle_post,8.418551083654165,1783675880.1670632,84.014,36,0,2265,12481
4,idle_post,8.51877268962562,1783675880.2672844,84.014,36,0,2265,12481
4,idle_post,8.618988500908017,1783675880.3674994,84.014,36,0,2265,12481
4,idle_post,8.71920513175428,1783675880.4677248,84.014,36,0,2265,12481
4,idle_post,8.819432677701116,1783675880.5679529,84.014,36,0,2265,12481
4,idle_post,8.9196598213166,1783675880.668181,84.014,36,0,2265,12481
4,idle_post,9.019862450659275,1783675880.7683504,83.521,36,0,2265,12481
4,idle_post,9.119967369362712,1783675880.8684533,83.521,36,0,2265,12481
4,idle_post,9.220105733722448,1783675880.9686244,83.521,36,0,2265,12481
4,idle_post,9.320355918258429,1783675881.0688725,83.521,36,0,2265,12481
4,idle_post,9.420578690245748,1783675881.1690965,83.521,36,0,2265,12481
4,idle_post,9.520793553441763,1783675881.2693062,83.521,36,0,2265,12481
4,idle_post,9.620999285951257,1783675881.36951,83.521,36,0,2265,12481
4,idle_post,9.721221297979355,1783675881.4697328,83.521,36,0,2265,12481
4,idle_post,9.821526490151882,1783675881.5700455,83.521,36,0,2265,12481
4,idle_post,9.921776017174125,1783675881.6702974,83.521,36,0,2265,12481
5,idle_pre,0.00040769949555397034,1783675881.7501724,83.527,35,0,2265,12481
5,idle_pre,0.10073165781795979,1783675881.8504407,83.527,35,0,2257,12481
5,idle_pre,0.2010050304234028,1783675881.9507241,83.527,35,0,2257,12481
5,idle_pre,0.30125466734170914,1783675882.0509548,83.527,35,0,2257,12481
5,idle_pre,0.4014813620597124,1783675882.151179,83.527,35,0,2257,12481
5,idle_pre,0.5017091762274504,1783675882.2514122,83.527,35,0,2257,12481
5,idle_pre,0.60194674693048,1783675882.3516479,83.527,35,0,2257,12481
5,idle_pre,0.7021802589297295,1783675882.4518838,83.527,35,0,2257,12481
5,idle_pre,0.8024257235229015,1783675882.552133,83.527,35,0,2257,12481
5,idle_pre,0.9026805348694324,1783675882.6523883,83.527,35,0,2257,12481
5,idle_pre,1.0029312744736671,1783675882.7526367,83.527,35,0,2257,12481
5,idle_pre,1.1031699758023024,1783675882.8528702,83.527,35,0,2257,12481
5,idle_pre,1.2034364100545645,1783675882.9531384,83.527,35,0,2257,12481
5,idle_pre,1.3036711663007736,1783675883.053379,83.527,35,0,2257,12481
5,idle_pre,1.40392024256289,1783675883.1536279,83.527,35,0,2257,12481
5,idle_pre,1.5041850544512272,1783675883.2538893,83.527,35,0,2257,12481
5,idle_pre,1.6044232044368982,1783675883.3541281,83.527,35,0,2257,12481
5,idle_pre,1.7046697735786438,1783675883.4543793,83.527,35,0,2257,12481
5,idle_pre,1.8049291782081127,1783675883.554639,83.527,35,0,2257,12481
5,idle_pre,1.9052050188183784,1783675883.6549158,83.527,35,0,2257,12481
5,idle_pre,2.005457878112793,1783675883.7551608,83.527,35,0,2257,12481
5,idle_pre,2.1056885831058025,1783675883.8553913,83.527,35,0,2265,12481
5,idle_pre,2.2059243209660053,1783675883.95563,83.527,35,0,2265,12481
5,idle_pre,2.3061700630933046,1783675884.0558789,83.527,35,0,2265,12481
5,idle_pre,2.4064122550189495,1783675884.1561189,83.527,35,0,2265,12481
5,idle_pre,2.506683202460408,1783675884.2563887,83.527,35,0,2265,12481
5,idle_pre,2.606923531740904,1783675884.3566248,83.527,35,0,2265,12481
5,idle_pre,2.7071560993790627,1783675884.4568543,83.527,35,0,2265,12481
5,idle_pre,2.8073524832725525,1783675884.5570302,83.527,35,0,2265,12481
5,idle_pre,2.9074761271476746,1783675884.6571727,83.527,35,0,2265,12481
5,idle_pre,3.007686695083976,1783675884.7573843,83.527,35,0,2265,12481
5,idle_pre,3.1078766994178295,1783675884.8575716,83.527,35,0,2265,12481
5,idle_pre,3.2080926075577736,1783675884.9577901,83.527,35,0,2265,12481
5,idle_pre,3.3082861453294754,1783675885.0579817,83.527,35,0,2265,12481
5,idle_pre,3.408508814871311,1783675885.158211,83.527,35,0,2265,12481
5,idle_pre,3.508748162537813,1783675885.2584548,83.527,35,0,2265,12481
5,idle_pre,3.60896772518754,1783675885.358672,83.527,35,0,2265,12481
5,idle_pre,3.7092801947146654,1783675885.4589894,83.527,35,0,2265,12481
5,idle_pre,3.8095664512366056,1783675885.5592763,83.527,35,0,2265,12481
5,idle_pre,3.909811642020941,1783675885.65952,83.527,35,0,2265,12481
5,idle_pre,4.010208394378424,1783675885.7599087,83.527,35,0,2265,12481
5,idle_pre,4.110448844730854,1783675885.8601484,83.527,35,0,2265,12481
5,idle_pre,4.210678245872259,1783675885.9603853,83.527,35,0,2265,12481
5,idle_pre,4.3109293933957815,1783675886.0606406,83.527,35,0,2265,12481
5,idle_pre,4.41118092648685,1783675886.1608906,83.527,35,0,2265,12481
5,idle_pre,4.511434504762292,1783675886.2611396,83.527,35,0,2265,12481
5,idle_pre,4.611682698130608,1783675886.3613935,83.527,35,0,2265,12481
5,idle_pre,4.711940387263894,1783675886.461651,83.527,35,0,2265,12481
5,idle_pre,4.812199182808399,1783675886.5619097,83.527,35,0,2265,12481
5,idle_pre,4.912457888945937,1783675886.6621685,83.527,35,0,2265,12481
5,idle_pre,5.012713322415948,1783675886.7624226,83.521,35,0,2265,12481
5,idle_pre,5.112986436113715,1783675886.8627079,83.521,35,0,2257,12481
5,idle_pre,5.213343178853393,1783675886.963043,83.521,35,0,2257,12481
5,idle_pre,5.313590383157134,1783675887.0632877,83.521,35,0,2257,12481
5,idle_pre,5.413799650967121,1783675887.1634967,83.521,35,0,2257,12481
5,idle_pre,5.5140182338654995,1783675887.263715,83.521,35,0,2257,12481
5,idle_pre,5.614236110821366,1783675887.3639328,83.521,35,0,2257,12481
5,idle_pre,5.714455271139741,1783675887.4641526,83.521,35,0,2257,12481
5,idle_pre,5.814676474779844,1783675887.564373,83.521,35,0,2257,12481
5,idle_pre,5.914895810186863,1783675887.664593,83.521,35,0,2257,12481
5,idle_pre,6.015093371272087,1783675887.764791,83.524,35,0,2257,12481
5,idle_pre,6.1152921710163355,1783675887.864988,83.524,35,0,2257,12481
5,idle_pre,6.21547088958323,1783675887.965147,83.524,35,0,2257,12481
5,idle_pre,6.315589578822255,1783675888.0652645,83.524,35,0,2257,12481
5,idle_pre,6.415699515491724,1783675888.1653728,83.524,35,0,2257,12481
5,idle_pre,6.515808550640941,1783675888.2654822,83.524,35,0,2257,12481
5,idle_pre,6.615913657471538,1783675888.365588,83.524,35,0,2257,12481
5,idle_pre,6.716018615290523,1783675888.465692,83.524,35,0,2257,12481
5,idle_pre,6.816121574491262,1783675888.5657954,83.524,35,0,2257,12481
5,idle_pre,6.916228262707591,1783675888.6659021,83.524,35,0,2257,12481
5,idle_pre,7.016333779320121,1783675888.766008,83.526,35,0,2257,12481
5,idle_pre,7.116441233083606,1783675888.8661156,83.526,35,0,2265,12481
5,idle_pre,7.216553643345833,1783675888.9662266,83.526,35,0,2265,12481
5,idle_pre,7.316684940829873,1783675889.0663881,83.526,35,0,2265,12481
5,idle_pre,7.416883869096637,1783675889.1665616,83.526,35,0,2265,12481
5,idle_pre,7.517017059028149,1783675889.2666938,83.526,35,0,2265,12481
5,idle_pre,7.617135079577565,1783675889.36681,83.526,35,0,2265,12481
5,idle_pre,7.717279262840748,1783675889.4669788,83.526,35,0,2265,12481
5,idle_pre,7.8174601923674345,1783675889.5671399,83.526,35,0,2265,12481
5,idle_pre,7.917627338320017,1783675889.6673238,83.526,35,0,2265,12481
5,idle_pre,8.017847537994385,1783675889.767545,83.527,35,0,2265,12481
5,idle_pre,8.11810309253633,1783675889.8678002,83.527,35,0,2265,12481
5,idle_pre,8.21832419000566,1783675889.968021,83.527,35,0,2265,12481
5,idle_pre,8.318562952801585,1783675890.0682616,83.527,35,0,2265,12481
5,idle_pre,8.418803485110402,1783675890.168503,83.527,35,0,2265,12481
5,idle_pre,8.518983334302902,1783675890.2686617,83.527,35,0,2265,12481
5,idle_pre,8.61911916732788,1783675890.3688152,83.527,35,0,2265,12481
5,idle_pre,8.71937589906156,1783675890.4690728,83.527,35,0,2265,12481
5,idle_pre,8.819596000015736,1783675890.569293,83.527,35,0,2265,12481
5,idle_pre,8.919824130833149,1783675890.6695209,83.527,35,0,2265,12481
5,idle_pre,9.020104026421905,1783675890.769801,83.527,35,0,2265,12481
5,idle_pre,9.120349302887917,1783675890.8700464,83.527,35,0,2257,12481
5,idle_pre,9.220567775890231,1783675890.9702647,83.527,35,0,2257,12481
5,idle_pre,9.320818146690726,1783675891.070516,83.527,35,0,2257,12481
5,idle_pre,9.421057131141424,1783675891.170755,83.527,35,0,2257,12481
5,idle_pre,9.521382911130786,1783675891.27108,83.527,35,0,2257,12481
5,idle_pre,9.621603205800056,1783675891.3712997,83.527,35,0,2257,12481
5,idle_pre,9.721824061125517,1783675891.4715216,83.527,35,0,2257,12481
5,idle_pre,9.822089441120625,1783675891.5717866,83.527,35,0,2257,12481
5,idle_pre,9.922311075031757,1783675891.6720078,83.527,35,0,2257,12481
5,active,0.00039965100586414337,1783675891.7514741,83.041,35,0,2257,12481
5,active,0.10061819478869438,1783675891.851701,85.395,35,0,2257,12481
5,active,0.20088701881468296,1783675891.9519775,90.822,36,42,2257,12481
5,active,0.3011337388306856,1783675892.0522134,94.176,36,42,2257,12481
5,active,0.4014327712357044,1783675892.1525142,97.306,36,43,2257,12481
5,active,0.5016739666461945,1783675892.252755,100.204,36,43,2257,12481
5,active,0.6019044108688831,1783675892.3529942,102.741,36,43,2257,12481
5,active,0.7021788153797388,1783675892.4532657,105.756,36,43,2257,12481
5,active,0.8024609182029963,1783675892.5535693,107.941,36,43,2257,12481
5,active,0.902769299224019,1783675892.6538332,110.002,36,43,2257,12481
5,active,1.0029058158397675,1783675892.7539744,140.625,37,43,2257,12481
5,active,1.1031080316752195,1783675892.854221,141.39,37,43,2257,12481
5,active,1.2033962830901146,1783675892.9545019,144.861,37,43,2257,12481
5,active,1.3036780711263418,1783675893.0547912,145.755,37,43,2257,12481
5,active,1.4040131345391273,1783675893.1551247,147.212,37,43,2257,12481
5,active,1.5043040830641985,1783675893.2553875,147.988,37,43,2257,12481
5,active,1.604500263929367,1783675893.3555617,147.568,37,43,2257,12481
5,active,1.7046402767300606,1783675893.4557016,146.013,37,43,2257,12481
5,active,1.8048128318041563,1783675893.5558991,145.301,37,43,2257,12481
5,active,1.9051020108163357,1783675893.6561863,144.06,37,43,2257,12481
5,active,2.0053663682192564,1783675893.7564461,143.133,37,43,2257,12481
5,active,2.105606846511364,1783675893.8567169,141.781,37,43,2257,12481
5,active,2.205832516774535,1783675893.956899,141.559,37,43,2257,12481
5,active,2.305977886542678,1783675894.0570338,140.227,37,43,2257,12481
5,active,2.4060954209417105,1783675894.157157,141.082,37,42,2257,12481
5,active,2.5068328008055687,1783675894.2578857,140.748,37,42,2257,12481
5,active,2.6069417148828506,1783675894.3579984,141.504,37,43,2257,12481
5,active,2.7070705723017454,1783675894.4581566,141.603,37,43,2257,12481
5,active,2.8072936590760946,1783675894.5583603,141.176,37,43,2257,12481
5,active,2.9074813593178988,1783675894.6585453,141.74,37,43,2257,12481
5,active,3.00766459479928,1783675894.7587273,141.971,37,43,2257,12481
5,active,3.1078072115778923,1783675894.8588665,142.148,37,43,2257,12481
5,active,3.2079169172793627,1783675894.9589715,143.238,37,43,2257,12481
5,active,3.3080216757953167,1783675895.0590756,144.031,37,43,2257,12481
5,active,3.4081245586276054,1783675895.1591766,143.42,37,41,2257,12481
5,active,3.5082294438034296,1783675895.259284,142.705,37,41,2257,12481
5,active,3.60836873203516,1783675895.3594553,142.485,37,42,2257,12481
5,active,3.7086310647428036,1783675895.4596977,142.123,37,42,2257,12481
5,active,3.8088559713214636,1783675895.5599225,144.239,37,43,2257,12481
5,active,3.9090021830052137,1783675895.6600626,145.931,37,43,2257,12481
5,active,4.009164286777377,1783675895.7602253,145.055,37,43,2257,12481
5,active,4.1095844600349665,1783675895.8606412,144.57,37,43,2257,12481
5,active,4.209687454625964,1783675895.960742,143.858,37,43,2257,12481
5,active,4.309790875762701,1783675896.060844,143.234,37,43,2257,12481
5,active,4.409873433411121,1783675896.160926,142.984,37,43,2257,12481
5,active,4.50996932759881,1783675896.261025,143.13,37,43,2257,12481
5,active,4.610080614686012,1783675896.3611505,142.954,37,42,2257,12481
5,active,4.710310570895672,1783675896.4613717,143.543,37,42,2257,12481
5,active,4.810459855943918,1783675896.5615232,143.42,37,43,2257,12481
5,active,4.910605795681477,1783675896.6616642,143.243,37,43,2257,12481
5,active,5.01072465069592,1783675896.7617803,141.837,37,42,2257,12481
5,active,5.110841063782573,1783675896.8618948,142.014,37,42,2257,12481
5,active,5.210941836237907,1783675896.9619966,141.925,37,43,2257,12481
5,active,5.311033496633172,1783675897.0620875,142.273,37,43,2257,12481
5,active,5.4111470356583595,1783675897.1622062,141.66,37,43,2257,12481
5,active,5.511263741180301,1783675897.2623522,141.182,37,43,2257,12481
5,active,5.611468402668834,1783675897.36253,140.836,37,43,2257,12481
5,active,5.711607435718179,1783675897.462669,139.578,37,43,2257,12481
5,active,5.811816167086363,1783675897.5628784,138.509,37,43,2257,12481
5,active,5.911932073533535,1783675897.6629887,138.39,37,43,2257,12481
5,active,6.012063343077898,1783675897.7631178,138.785,37,43,2257,12481
5,active,6.112159991636872,1783675897.863213,140.083,37,43,2257,12481
5,active,6.212242551147938,1783675897.9632947,141.201,37,43,2257,12481
5,active,6.312340401113033,1783675898.0634093,142.504,37,43,2257,12481
5,active,6.412468297407031,1783675898.1635606,144.692,37,43,2257,12481
5,active,6.5127307921648026,1783675898.263792,145.14,37,43,2257,12481
5,active,6.612892312929034,1783675898.363954,145.858,37,43,2257,12481
5,active,6.71305326372385,1783675898.4641132,145.332,37,43,2257,12481
5,active,6.8132189605385065,1783675898.5642784,144.346,37,43,2257,12481
5,active,6.91333962790668,1783675898.6643953,143.518,37,43,2257,12481
5,active,7.013449590653181,1783675898.7645035,143.09,38,43,2257,12481
5,active,7.1135543789714575,1783675898.864608,142.837,37,43,2257,12481
5,active,7.213644916191697,1783675898.9646995,142.475,37,43,2257,12481
5,active,7.313736809417605,1783675899.0647898,142.44,37,43,2257,12481
5,active,7.413886111229658,1783675899.1649578,140.894,37,42,2257,12481
5,active,7.514145039021969,1783675899.2652073,139.485,38,42,2257,12481
5,active,7.6142863761633635,1783675899.3653488,139.303,38,43,2257,12481
5,active,7.714423922821879,1783675899.4654832,140.07,37,43,2257,12481
5,active,7.814576203003526,1783675899.5656354,141.536,37,42,2257,12481
5,active,7.914692208170891,1783675899.6657472,142.059,37,42,2257,12481
5,active,8.014796119183302,1783675899.7658508,142.133,37,42,2257,12481
5,active,8.114903153851628,1783675899.865956,142.346,37,42,2257,12481
5,active,8.214988674968481,1783675899.9660418,142.987,37,43,2257,12481
5,active,8.315115934237838,1783675900.0662153,143.635,37,43,2257,12481
5,active,8.415331918746233,1783675900.1663938,142.23,37,41,2257,12481
5,active,8.515465734526515,1783675900.2665272,143.026,37,41,2257,12481
5,active,8.615598259493709,1783675900.366656,143.989,37,42,2257,12481
5,active,8.715734019875526,1783675900.4667923,143.133,38,42,2257,12481
5,active,8.815859088674188,1783675900.566914,141.696,38,43,2257,12481
5,active,8.915957324206829,1783675900.66701,141.711,37,43,2257,12481
5,active,9.016040259972215,1783675900.767095,141.518,37,43,2257,12481
5,active,9.116628779098392,1783675900.8676867,142.578,37,43,2257,12481
5,active,9.216740109026432,1783675900.9678102,141.218,37,42,2257,12481
5,active,9.316986538469791,1783675901.068052,139.916,38,42,2257,12481
5,active,9.417193187400699,1783675901.1682591,140.459,37,43,2257,12481
5,active,9.517364783212543,1783675901.268428,141.346,37,43,2257,12481
5,active,9.617500653490424,1783675901.368559,139.952,38,42,2257,12481
5,active,9.717640347778797,1783675901.468697,139.463,38,42,2257,12481
5,active,9.817753465846181,1783675901.5688126,139.772,38,43,2257,12481
5,active,9.91787364706397,1783675901.668929,140.398,37,43,2257,12481
5,active,10.017984731122851,1783675901.7690392,140.456,37,41,2257,12481
5,active,10.118081223219633,1783675901.8691337,139.788,38,41,2257,12481
5,active,10.218181228265166,1783675901.969237,139.442,37,43,2257,12481
5,active,10.318325642496347,1783675902.0694084,140.237,37,43,2257,12481
5,active,10.418487494811416,1783675902.1695666,141.114,37,43,2257,12481
5,active,10.518657376989722,1783675902.2697222,142.077,37,43,2257,12481
5,active,10.618806539103389,1783675902.3698668,140.779,37,42,2257,12481
5,active,10.718935718759894,1783675902.4699907,141.547,38,42,2257,12481
5,active,10.819730078801513,1783675902.5707886,141.595,38,43,2257,12481
5,active,10.919859485700727,1783675902.6709144,141.604,38,43,2257,12481
5,active,11.019969088956714,1783675902.7710233,141.652,37,42,2257,12481
5,active,11.120101725682616,1783675902.871155,143.644,37,42,2257,12481
5,active,11.220194011926651,1783675902.9712472,144.028,38,42,2257,12481
5,active,11.320336278527975,1783675903.0714028,143.904,38,42,2257,12481
5,active,11.420500570908189,1783675903.171578,143.32,38,43,2257,12481
5,active,11.520667707547545,1783675903.2717326,141.921,38,43,2257,12481
5,active,11.620840139687061,1783675903.3718998,143.047,37,43,2257,12481
5,active,11.720975520089269,1783675903.4720325,143.115,37,43,2257,12481
5,active,11.821086019277573,1783675903.5721433,144.212,37,43,2257,12481
5,active,11.921192158013582,1783675903.6722608,145.016,37,43,2257,12481
5,active,12.02132835611701,1783675903.7723808,146.2,37,43,2257,12481
5,active,12.121427359059453,1783675903.8724835,146.457,38,43,2257,12481
5,active,12.221563624218106,1783675903.9726317,145.007,38,42,2257,12481
5,active,12.32180373556912,1783675904.0728667,144.313,38,42,2257,12481
5,active,12.421974224969745,1783675904.1730363,144.308,38,43,2257,12481
5,active,12.522125210613012,1783675904.273187,144.626,38,43,2257,12481
5,active,12.622253162786365,1783675904.3733096,144.927,37,42,2257,12481
5,active,12.722364731132984,1783675904.473421,144.788,37,42,2257,12481
5,active,12.822469044476748,1783675904.5735219,145.381,38,42,2257,12481
5,active,12.922588255256414,1783675904.6736438,146.295,38,42,2257,12481
5,active,13.0226990878582,1783675904.7737544,146.286,38,43,2257,12481
5,active,13.122802903875709,1783675904.873856,146.635,38,43,2257,12481
5,active,13.222942139953375,1783675904.974036,145.767,38,43,2257,12481
5,active,13.323186116293073,1783675905.0742502,146.441,38,43,2257,12481
5,active,13.423349337652326,1783675905.1744268,146.724,38,42,2257,12481
5,active,13.523518892005086,1783675905.274584,146.675,38,42,2257,12481
5,active,13.623674159869552,1783675905.3747551,146.423,38,43,2257,12481
5,active,13.723831655457616,1783675905.4748893,146.088,37,43,2257,12481
5,active,13.82395450770855,1783675905.5750113,145.92,37,43,2257,12481
5,active,13.924627324566245,1783675905.6756854,145.124,38,43,2257,12481
5,active,14.024734895676374,1783675905.7757888,144.364,38,42,2257,12481
5,active,14.124867599457502,1783675905.8759573,142.657,38,42,2257,12481
5,active,14.225103043019772,1783675905.9761686,141.514,38,42,2257,12481
5,active,14.325294012203813,1783675906.07636,141.817,38,42,2257,12481
5,active,14.425474055111408,1783675906.1765342,142.915,38,43,2257,12481
5,active,14.525615246966481,1783675906.2766762,143.653,38,43,2257,12481
5,active,14.62573717534542,1783675906.376793,144.047,38,43,2257,12481
5,active,14.725863670930266,1783675906.4769204,144.858,38,43,2257,12481
5,active,14.825966387987137,1783675906.577019,144.161,38,43,2257,12481
5,active,14.926067467778921,1783675906.6771333,143.561,38,43,2257,12481
5,active,15.026174606755376,1783675906.7772303,142.428,38,42,2257,12481
5,active,15.1263139359653,1783675906.8773818,142.663,38,42,2257,12481
5,active,15.226459722965956,1783675906.9775221,142.686,38,43,2257,12481
5,active,15.326596578583121,1783675907.0776548,142.818,38,43,2257,12481
5,active,15.42673460766673,1783675907.1777937,142.372,38,42,2257,12481
5,active,15.526854095980525,1783675907.277911,143.156,38,42,2257,12481
5,active,15.626959240064025,1783675907.3780138,142.499,38,43,2257,12481
5,active,15.727087827399373,1783675907.4781456,142.296,38,43,2257,12481
5,active,15.827202375978231,1783675907.5782554,143.307,38,43,2257,12481
5,active,15.927299492061138,1783675907.6783526,145.209,38,43,2257,12481
5,active,16.027427783235908,1783675907.7784986,145.065,38,43,2257,12481
5,active,16.127673408016562,1783675907.8787367,144.302,38,43,2257,12481
5,active,16.227816991508007,1783675907.9788795,144.927,38,43,2257,12481
5,active,16.32795541919768,1783675908.0790136,145.125,38,43,2257,12481
5,active,16.4280785638839,1783675908.1791537,146.39,38,43,2257,12481
5,active,16.528241507709026,1783675908.2792954,147.325,38,43,2257,12481
5,active,16.62834193557501,1783675908.3793952,146.803,38,42,2257,12481
5,active,16.72846531122923,1783675908.4795244,145.708,38,42,2257,12481
5,active,16.82857677154243,1783675908.5796304,143.602,38,43,2257,12481
5,active,16.928845539689064,1783675908.679935,142.869,38,43,2257,12481
5,active,17.02911609597504,1783675908.780197,141.853,38,43,2257,12481
5,active,17.129363195970654,1783675908.8804674,142.467,38,43,2257,12481
5,active,17.229649409651756,1783675908.9807312,142.418,38,43,2257,12481
5,active,17.329885317012668,1783675909.0809717,142.588,38,43,2257,12481
5,active,17.430136751383543,1783675909.181221,142.03,38,43,2257,12481
5,active,17.530371895059943,1783675909.2814553,142.58,38,43,2257,12481
5,active,17.630612026900053,1783675909.3816931,140.272,38,42,2257,12481
5,active,17.730841172859073,1783675909.4819548,139.886,38,42,2257,12481
5,active,17.831165947020054,1783675909.5822494,140.247,38,43,2257,12481
5,active,17.931398015469313,1783675909.6825097,141.681,38,43,2257,12481
5,active,18.03171107918024,1783675909.7828,142.645,38,43,2257,12481
5,active,18.132038852199912,1783675909.8831236,144.209,38,43,2257,12481
5,active,18.232238359749317,1783675909.983297,143.288,38,42,2257,12481
5,active,18.332398764789104,1783675910.0834928,142.556,38,42,2257,12481
5,active,18.432665770873427,1783675910.183749,141.651,38,41,2257,12481
5,active,18.532902980223298,1783675910.2839863,139.822,38,41,2257,12481
5,active,18.633165389299393,1783675910.3842623,140.316,38,42,2257,12481
5,active,18.73342184536159,1783675910.4845114,142.048,38,42,2257,12481
5,active,18.833662560209632,1783675910.5847702,142.729,38,43,2257,12481
5,active,18.933976335451007,1783675910.6850824,144.046,38,43,2257,12481
5,active,19.034242117777467,1783675910.7853234,143.25,38,42,2257,12481
5,active,19.134476823732257,1783675910.8855896,142.013,38,42,2257,12481
5,active,19.234748527407646,1783675910.9858296,140.724,38,43,2257,12481
5,active,19.334998099133372,1783675911.08609,141.631,38,43,2257,12481
5,active,19.435267440974712,1783675911.1863792,141.565,38,43,2257,12481
5,active,19.53554706647992,1783675911.2866356,142.868,38,43,2257,12481
5,active,19.635806526988745,1783675911.3868911,142.77,38,43,2257,12481
5,active,19.736034523695707,1783675911.4871178,143.535,38,43,2257,12481
5,active,19.83626645617187,1783675911.5873501,144.285,38,43,2257,12481
5,active,19.936490612104535,1783675911.6876032,143.169,38,43,2257,12481
5,active,20.036747818812728,1783675911.787835,143.111,38,42,2257,12481
5,active,20.136977957561612,1783675911.8880856,142.422,38,42,2257,12481
5,active,20.23722835071385,1783675911.98831,143.459,38,43,2257,12481
5,active,20.33745090290904,1783675912.0885646,143.622,38,43,2257,12481
5,active,20.437720289453864,1783675912.1888063,144.144,38,41,2257,12481
5,active,20.537974007427692,1783675912.289054,143.872,38,41,2257,12481
5,active,20.63820766657591,1783675912.3892949,143.032,38,43,2257,12481
5,active,20.738449539989233,1783675912.48953,142.192,38,43,2257,12481
5,active,20.838688706979156,1783675912.5897737,139.788,38,43,2257,12481
5,active,20.938983215019107,1783675912.6900845,139.791,38,43,2257,12481
5,active,21.039263991639018,1783675912.7903469,139.799,38,43,2257,12481
5,active,21.13949124701321,1783675912.8905973,140.506,38,43,2257,12481
5,active,21.239768013358116,1783675912.9908566,142.355,38,43,2257,12481
5,active,21.339999170973897,1783675913.0910811,142.765,38,43,2257,12481
5,active,21.44022311270237,1783675913.191303,143.552,38,42,2257,12481
5,active,21.540408492088318,1783675913.2914639,143.6,38,42,2257,12481
5,active,21.640519719570875,1783675913.391578,144.087,38,43,2257,12481
5,active,21.740673268213868,1783675913.4917285,144.184,38,43,2257,12481
5,active,21.84080951102078,1783675913.5918636,144.039,38,43,2257,12481
5,active,21.94091002084315,1783675913.6919665,143.796,38,43,2257,12481
5,active,22.041013604030013,1783675913.7920778,144.326,38,43,2257,12481
5,active,22.141146967187524,1783675913.892201,144.435,38,43,2257,12481
5,active,22.241265578195453,1783675913.9923186,144.678,38,43,2257,12481
5,active,22.34137904830277,1783675914.0924351,145.217,38,43,2257,12481
5,active,22.441513447090983,1783675914.192567,143.353,38,42,2257,12481
5,active,22.541625514626503,1783675914.292682,142.9,38,42,2257,12481
5,active,22.64172651991248,1783675914.39278,143.557,38,43,2257,12481
5,active,22.74182804301381,1783675914.492887,143.261,38,43,2257,12481
5,active,22.841942442581058,1783675914.5929987,144.401,38,43,2257,12481
5,active,22.942043537274003,1783675914.693112,145.142,38,43,2257,12481
5,active,23.04216219484806,1783675914.7932184,145.968,38,43,2257,12481
5,active,23.142286175861955,1783675914.8933406,146.454,38,43,2257,12481
5,active,23.242416767403483,1783675914.9934688,146.715,38,42,2257,12481
5,active,23.34253337047994,1783675915.0935895,143.791,38,42,2257,12481
5,active,23.442688455805182,1783675915.193777,143.562,38,42,2257,12481
5,active,23.542900275439024,1783675915.2939646,143.628,38,42,2257,12481
5,active,23.64310917071998,1783675915.3941948,143.199,38,42,2257,12481
5,active,23.743351066485047,1783675915.4944327,142.944,38,42,2257,12481
5,active,23.84364681877196,1783675915.5947616,142.713,38,43,2257,12481
5,active,23.943933553993702,1783675915.69502,143.977,38,43,2257,12481
5,active,24.044177239760756,1783675915.7952611,142.042,38,41,2257,12481
5,active,24.14437386021018,1783675915.8954375,142.01,38,41,2257,12481
5,active,24.244572695344687,1783675915.9956572,142.019,38,42,2257,12481
5,active,24.344919143244624,1783675916.096005,143.532,38,42,2257,12481
5,active,24.445161348208785,1783675916.1962583,143.015,38,43,2257,12481
5,active,24.54543575271964,1783675916.2965522,144.287,38,43,2257,12481
5,active,24.6458446290344,1783675916.396929,144.64,38,42,2257,12481
5,active,24.746109066531062,1783675916.497207,144.969,38,42,2257,12481
5,active,24.846357567235827,1783675916.597433,144.029,38,43,2257,12481
5,active,24.94651485979557,1783675916.6975832,143.464,38,43,2257,12481
5,active,25.046698678284883,1783675916.7977536,142.042,38,43,2257,12481
5,active,25.146864468231797,1783675916.8979766,143.001,38,43,2257,12481
5,active,25.2471273727715,1783675916.9982135,142.077,38,43,2257,12481
5,active,25.347370320931077,1783675917.0984569,142.897,38,43,2257,12481
5,active,25.447608230635524,1783675917.1987345,142.773,38,43,2257,12481
5,active,25.547844303771853,1783675917.2989051,143.917,38,43,2257,12481
5,active,25.648010917007923,1783675917.3991265,142.985,38,42,2257,12481
5,active,25.748304964974523,1783675917.4993858,142.79,38,42,2257,12481
5,active,25.848573371767998,1783675917.599666,143.17,38,43,2257,12481
5,active,25.948817854747176,1783675917.6999302,143.665,38,43,2257,12481
5,active,26.049144791439176,1783675917.8002384,144.022,38,43,2257,12481
5,active,26.14936695061624,1783675917.9004242,144.636,38,43,2257,12481
5,active,26.24951920285821,1783675918.0006251,144.861,38,43,2257,12481
5,active,26.349773103371263,1783675918.1008554,144.997,38,43,2257,12481
5,active,26.449961652979255,1783675918.2010229,143.247,38,42,2257,12481
5,active,26.55011690221727,1783675918.3011985,142.855,38,42,2257,12481
5,active,26.650301687419415,1783675918.4013567,142.535,38,42,2257,12481
5,active,26.750428088009357,1783675918.5014822,142.12,38,42,2257,12481
5,active,26.850545346736908,1783675918.601599,143.168,38,43,2257,12481
5,active,26.950648805126548,1783675918.7017026,142.916,38,43,2257,12481
5,active,27.050751579925418,1783675918.8018055,142.585,38,43,2257,12481
5,active,27.15085105225444,1783675918.9019122,142.828,38,43,2257,12481
5,active,27.251051355153322,1783675919.0021653,143.049,38,43,2257,12481
5,active,27.35129215940833,1783675919.1023514,142.515,38,43,2257,12481
5,active,27.451425625011325,1783675919.2024796,142.564,38,42,2257,12481
5,active,27.5515438914299,1783675919.3025975,142.271,38,42,2257,12481
5,active,27.651659801602364,1783675919.4027135,142.403,38,43,2257,12481
5,active,27.751759581267834,1783675919.502813,142.71,38,43,2257,12481
5,active,27.851859668269753,1783675919.6029153,142.764,38,43,2257,12481
5,active,27.951988322660327,1783675919.7030451,142.807,38,43,2257,12481
5,active,28.05210859887302,1783675919.8031628,143.153,38,43,2257,12481
5,active,28.15223676711321,1783675919.9032948,143.527,38,43,2257,12481
5,active,28.252356646582484,1783675920.0034297,144.119,38,42,2257,12481
5,active,28.35249772667885,1783675920.1035528,144.158,38,42,2257,12481
5,active,28.452605484053493,1783675920.203659,143.375,38,42,2257,12481
5,active,28.552708577364683,1783675920.3037627,143.756,38,42,2257,12481
5,active,28.65283460728824,1783675920.4038906,144.86,38,43,2257,12481
5,active,28.752942100167274,1783675920.503997,144.698,38,43,2257,12481
5,active,28.853048637509346,1783675920.604102,144.078,38,42,2257,12481
5,active,28.95319015160203,1783675920.7042434,143.954,38,42,2257,12481
5,active,29.053289791569114,1783675920.8043432,144.27,38,43,2257,12481
5,active,29.153386471793056,1783675920.90444,144.581,38,43,2257,12481
5,active,29.25350029207766,1783675921.0045555,144.457,38,42,2257,12481
5,active,29.35368258692324,1783675921.1047378,143.071,38,42,2257,12481
5,active,29.453785363584757,1783675921.2048426,142.61,38,43,2257,12481
5,active,29.55390130355954,1783675921.304954,142.774,38,43,2257,12481
5,active,29.65401558019221,1783675921.4050689,142.2,38,43,2257,12481
5,active,29.754111049696803,1783675921.5051632,142.3,38,43,2257,12481
5,active,29.854202654212713,1783675921.605259,143.854,38,43,2257,12481
5,active,29.954305570572615,1783675921.7053597,145.231,38,43,2257,12481
5,active,30.054409874603152,1783675921.8054657,144.637,38,43,2257,12481
5,active,30.154516523703933,1783675921.9055722,143.677,38,43,2257,12481
5,active,30.25464745424688,1783675922.0057015,142.741,38,43,2257,12481
5,active,30.354760428890586,1783675922.1058145,142.925,38,43,2257,12481
5,active,30.45487588085234,1783675922.2059298,144.274,38,43,2257,12481
5,active,30.554976224899292,1783675922.3060272,144.849,38,43,2257,12481
5,active,30.65511631593108,1783675922.4061697,146.254,38,43,2257,12481
5,active,30.755216671153903,1783675922.5062702,146.84,38,43,2257,12481
5,active,30.855328315868974,1783675922.606382,145.286,38,42,2257,12481
5,active,30.955444395542145,1783675922.7064986,143.829,38,42,2257,12481
5,active,31.055546956136823,1783675922.806601,143.119,38,43,2257,12481
5,active,31.155647356063128,1783675922.9067008,144.265,38,43,2257,12481
5,active,31.255876678973436,1783675923.0069304,144.063,38,43,2257,12481
5,active,31.35597974807024,1783675923.1070333,144.306,38,43,2257,12481
5,active,31.456086976453662,1783675923.2071404,144.746,38,43,2257,12481
5,active,31.556205401197076,1783675923.307263,144.063,38,43,2257,12481
5,active,31.656323987990618,1783675923.407381,143.752,38,43,2257,12481
5,active,31.756427673622966,1783675923.5074792,144.587,38,43,2257,12481
5,active,31.85653830319643,1783675923.6075914,143.994,38,43,2257,12481
5,active,31.95663920789957,1783675923.7077053,143.556,38,43,2257,12481
5,active,32.056772438809276,1783675923.8078258,143.759,39,43,2257,12481
5,active,32.156887806952,1783675923.9079413,143.8,38,43,2257,12481
5,active,32.256988763809204,1783675924.0080426,144.198,38,43,2257,12481
5,active,32.357089068740606,1783675924.1081407,144.15,38,43,2257,12481
5,active,32.45721390657127,1783675924.208289,142.343,38,41,2257,12481
5,active,32.557335551828146,1783675924.308392,142.033,38,41,2257,12481
5,active,32.65745908394456,1783675924.4085226,141.378,38,43,2257,12481
5,active,32.75758783891797,1783675924.5086417,139.857,39,43,2257,12481
5,active,32.85770027898252,1783675924.6087544,139.027,38,43,2257,12481
5,active,32.957822581753135,1783675924.7088783,139.69,38,43,2257,12481
5,active,33.05797542259097,1783675924.8090632,140.816,38,43,2257,12481
5,active,33.15823130682111,1783675924.9093125,142.34,38,43,2257,12481
5,active,33.258455131202936,1783675925.0095453,143.011,38,42,2257,12481
5,active,33.35867605544627,1783675925.109733,142.525,38,42,2257,12481
5,active,33.45888794399798,1783675925.2099707,143.991,38,42,2257,12481
5,active,33.55911414325237,1783675925.3101988,143.921,38,42,2257,12481
5,active,33.65933892317116,1783675925.4104235,145.461,38,43,2257,12481
5,active,33.75952785089612,1783675925.5105844,146.318,38,43,2257,12481
5,active,33.85965189896524,1783675925.6107068,146.804,38,43,2257,12481
5,active,33.95975754596293,1783675925.7108114,147.563,38,43,2257,12481
5,active,34.05986004695296,1783675925.8109143,147.866,38,43,2257,12481
5,active,34.159964771941304,1783675925.9110162,148.308,38,43,2257,12481
5,active,34.26007905602455,1783675926.0111341,145.988,38,42,2257,12481
5,active,34.360197411850095,1783675926.111253,145.118,38,42,2257,12481
5,active,34.460326828062534,1783675926.211384,145.105,39,43,2257,12481
5,active,34.56048230826855,1783675926.3115377,145.007,38,43,2257,12481
5,active,34.66071217507124,1783675926.411791,144.707,38,42,2257,12481
5,active,34.7609330881387,1783675926.5120387,143.656,38,42,2257,12481
5,active,34.86119694262743,1783675926.6123018,143.344,38,42,2257,12481
5,active,34.96145227737725,1783675926.712536,142.337,38,42,2257,12481
5,active,35.06163265556097,1783675926.812685,143.185,38,43,2257,12481
5,active,35.16176997125149,1783675926.912858,142.453,38,43,2257,12481
5,active,35.261970622465014,1783675927.0130272,143.0,38,43,2257,12481
5,active,35.362113904207945,1783675927.1131685,144.318,38,43,2257,12481
5,active,35.4622222147882,1783675927.2132757,144.912,38,43,2257,12481
5,active,35.562383795157075,1783675927.3134687,144.288,38,43,2257,12481
5,active,35.66276755556464,1783675927.4138677,143.721,38,43,2257,12481
5,active,35.76300194300711,1783675927.51406,142.686,39,43,2257,12481
5,active,35.863126404583454,1783675927.6141815,143.489,38,42,2257,12481
5,active,35.963255574926734,1783675927.7143154,143.842,38,42,2257,12481
5,active,36.06339030340314,1783675927.814454,143.059,38,43,2257,12481
5,active,36.16351302713156,1783675927.914568,143.074,38,43,2257,12481
5,active,36.26364486478269,1783675928.0147,142.898,38,43,2257,12481
5,active,36.36374711059034,1783675928.1147993,143.038,38,43,2257,12481
5,active,36.46387755870819,1783675928.2149317,143.441,38,43,2257,12481
5,active,36.56401350721717,1783675928.3150713,143.35,38,43,2257,12481
5,active,36.66414877399802,1783675928.415202,143.933,39,42,2257,12481
5,active,36.76426739804447,1783675928.5153282,144.362,38,42,2257,12481
5,active,36.86437978595495,1783675928.6154356,144.587,38,43,2257,12481
5,active,36.96454986743629,1783675928.7156312,145.042,38,43,2257,12481
5,active,37.06477535888553,1783675928.8158815,144.993,38,43,2257,12481
5,active,37.1650509852916,1783675928.9161294,145.575,38,43,2257,12481
5,active,37.2652427200228,1783675929.016299,145.827,38,43,2257,12481
5,active,37.36537437886,1783675929.116429,144.548,38,43,2257,12481
5,active,37.46551752649248,1783675929.216598,143.986,39,42,2257,12481
5,active,37.56570157408714,1783675929.3167572,143.707,39,42,2257,12481
5,active,37.66586994193494,1783675929.4169602,143.487,38,43,2257,12481
5,active,37.76606718823314,1783675929.5171242,143.383,38,43,2257,12481
5,active,37.86621278338134,1783675929.6172671,143.699,38,43,2257,12481
5,active,37.96631921082735,1783675929.7173736,143.884,38,43,2257,12481
5,active,38.066439624875784,1783675929.8174937,144.707,38,43,2257,12481
5,active,38.166591104120016,1783675929.9176772,144.699,38,43,2257,12481
5,active,38.266788467764854,1783675930.0178454,144.744,38,42,2257,12481
5,active,38.36692392081022,1783675930.1180277,143.117,38,42,2257,12481
5,active,38.467134004458785,1783675930.2181902,144.422,38,41,2257,12481
5,active,38.56731668673456,1783675930.3184042,144.25,39,41,2257,12481
5,active,38.667564671486616,1783675930.4186509,143.91,39,43,2257,12481
5,active,38.76785704307258,1783675930.5189776,143.627,38,43,2257,12481
5,active,38.868167808279395,1783675930.6192794,143.609,38,43,2257,12481
5,active,38.96849918179214,1783675930.7195826,143.124,38,43,2257,12481
5,active,39.06873239018023,1783675930.8198242,142.929,38,43,2257,12481
5,active,39.169050082564354,1783675930.920134,143.715,38,43,2257,12481
5,active,39.26927670277655,1783675931.0203583,142.169,38,42,2257,12481
5,active,39.36950606293976,1783675931.120614,142.501,39,42,2257,12481
5,active,39.469779159873724,1783675931.2208707,141.091,39,43,2257,12481
5,active,39.570022927597165,1783675931.3211105,141.329,38,43,2257,12481
5,active,39.67026103101671,1783675931.421349,142.795,38,43,2257,12481
5,active,39.77050189487636,1783675931.5215828,144.589,38,43,2257,12481
5,active,39.870755419135094,1783675931.6218584,143.626,38,42,2257,12481
5,active,39.9710461627692,1783675931.722136,142.808,39,42,2257,12481
5,active,40.071324683725834,1783675931.8224077,142.324,39,43,2257,12481
5,active,40.171572502702475,1783675931.922698,140.428,38,43,2257,12481
5,active,40.271856712177396,1783675932.022945,140.682,38,43,2257,12481
5,active,40.37208918109536,1783675932.1231923,142.168,38,43,2257,12481
5,active,40.4723432995379,1783675932.223425,143.111,38,43,2257,12481
5,active,40.572579549625516,1783675932.3236709,144.889,38,43,2257,12481
5,active,40.672830360010266,1783675932.4239182,145.619,38,42,2257,12481
5,active,40.773073913529515,1783675932.5241554,143.888,39,42,2257,12481
5,active,40.87330882251263,1783675932.62442,143.994,39,43,2257,12481
5,active,40.97356047295034,1783675932.724649,143.43,38,43,2257,12481
5,active,41.07375206798315,1783675932.8248081,146.116,38,42,2257,12481
5,active,41.17388584651053,1783675932.92494,147.099,38,42,2257,12481
5,active,41.27403952740133,1783675933.0251212,148.361,38,43,2257,12481
5,active,41.37423253059387,1783675933.1252918,149.206,38,43,2257,12481
5,active,41.47437692247331,1783675933.2254303,147.504,38,43,2257,12481
5,active,41.57448626309633,1783675933.3255374,146.38,39,43,2257,12481
5,active,41.67459604330361,1783675933.425652,144.975,39,43,2257,12481
5,active,41.774697018787265,1783675933.525751,143.2,39,43,2257,12481
5,active,41.87480458058417,1783675933.6258576,143.274,39,43,2257,12481
5,active,41.974918799474835,1783675933.7259703,144.289,38,43,2257,12481
5,active,42.075021632015705,1783675933.8260765,143.812,38,43,2257,12481
5,active,42.175127767026424,1783675933.9261827,142.937,38,43,2257,12481
5,active,42.27523233927786,1783675934.0262883,142.402,38,43,2257,12481
5,active,42.375335834920406,1783675934.126395,142.83,38,43,2257,12481
5,active,42.47549373470247,1783675934.2265966,142.82,38,42,2257,12481
5,active,42.575748488307,1783675934.3268127,145.524,38,42,2257,12481
5,active,42.675919987261295,1783675934.4270246,144.52,38,43,2257,12481
5,active,42.77613450028002,1783675934.5271924,143.857,39,43,2257,12481
5,active,42.87627085857093,1783675934.6273267,145.151,39,43,2257,12481
5,active,42.97638293541968,1783675934.7274384,144.52,39,43,2257,12481
5,active,43.07650847174227,1783675934.8275614,144.313,39,43,2257,12481
5,active,43.17664610594511,1783675934.9277012,143.402,39,43,2257,12481
5,active,43.276755003258586,1783675935.0278156,143.35,39,43,2257,12481
5,active,43.37688137218356,1783675935.1279364,142.634,38,43,2257,12481
5,active,43.4769860394299,1783675935.2280402,143.491,38,41,2257,12481
5,active,43.57710140012205,1783675935.3281658,142.262,39,41,2257,12481
5,active,43.67722559906542,1783675935.4282806,140.849,39,43,2257,12481
5,active,43.777340887114406,1783675935.5283947,141.867,39,43,2257,12481
5,active,43.877439476549625,1783675935.6284938,141.865,39,43,2257,12481
5,active,43.977538622915745,1783675935.7285929,141.624,39,43,2257,12481
5,active,44.077639158815145,1783675935.8287027,141.681,39,43,2257,12481
5,active,44.17776903323829,1783675935.9288247,141.593,38,43,2257,12481
5,active,44.27789906784892,1783675936.0289536,141.761,38,43,2257,12481
5,active,44.37800574302673,1783675936.1290617,141.921,38,43,2257,12481
5,active,44.47814927995205,1783675936.2292056,142.531,38,43,2257,12481
5,active,44.578283252194524,1783675936.3293378,142.708,38,43,2257,12481
5,active,44.67839878797531,1783675936.4294527,144.552,38,43,2257,12481
5,active,44.77849993482232,1783675936.5295532,145.49,39,43,2257,12481
5,active,44.87861595489085,1783675936.629673,145.57,39,43,2257,12481
5,active,44.97875344008207,1783675936.729808,145.351,39,43,2257,12481
5,active,45.078938284888864,1783675936.8299923,144.525,39,43,2257,12481
5,active,45.17904296703637,1783675936.9300969,144.048,39,43,2257,12481
5,active,45.27916339598596,1783675937.0302422,143.806,39,43,2257,12481
5,active,45.37931356392801,1783675937.1303914,143.232,39,43,2257,12481
5,active,45.47945395484567,1783675937.2305083,142.949,38,43,2257,12481
5,active,45.57956521958113,1783675937.3306212,143.724,38,43,2257,12481
5,active,45.67967173084617,1783675937.4307253,142.347,38,43,2257,12481
5,active,45.779786912724376,1783675937.5308402,141.814,38,43,2257,12481
5,active,45.87988683395088,1783675937.6309497,141.501,39,42,2257,12481
5,active,45.980013793334365,1783675937.731068,141.428,39,42,2257,12481
5,idle_post,0.0003230590373277664,1783675937.7627542,141.744,39,43,2257,12481
5,idle_post,0.10068447329103947,1783675937.8630655,142.245,38,43,2257,12481
5,idle_post,0.20090662315487862,1783675937.9632862,137.703,37,0,2257,12481
5,idle_post,0.3011777512729168,1783675938.063558,132.719,37,0,2257,12481
5,idle_post,0.40139043144881725,1783675938.1637707,127.866,37,0,2265,12481
5,idle_post,0.501759760081768,1783675938.26414,119.547,37,0,2265,12481
5,idle_post,0.6020611580461264,1783675938.3644412,116.457,37,0,2265,12481
5,idle_post,0.7022698186337948,1783675938.4646497,110.596,37,0,2257,12481
5,idle_post,0.8024801798164845,1783675938.5648599,104.773,37,0,2257,12481
5,idle_post,0.9027050361037254,1783675938.665085,96.311,37,0,2265,12481
5,idle_post,1.0029383320361376,1783675938.7653184,91.207,37,0,2265,12481
5,idle_post,1.1032703388482332,1783675938.8656504,85.814,37,0,2265,12481
5,idle_post,1.2034886702895164,1783675938.9658697,85.814,37,0,2265,12481
5,idle_post,1.3037286512553692,1783675939.0661085,85.814,37,0,2265,12481
5,idle_post,1.404009748250246,1783675939.1663895,85.814,37,0,2265,12481
5,idle_post,1.5042504519224167,1783675939.2666306,85.814,37,0,2265,12481
5,idle_post,1.6045500580221415,1783675939.36693,85.814,37,0,2265,12481
5,idle_post,1.7047909703105688,1783675939.4671707,85.814,37,0,2265,12481
5,idle_post,1.80501214787364,1783675939.567392,85.814,37,0,2265,12481
5,idle_post,1.9052599277347326,1783675939.6676402,85.814,37,0,2265,12481
5,idle_post,2.005479324609041,1783675939.7678595,85.814,36,0,2265,12481
5,idle_post,2.105856817215681,1783675939.8682356,84.982,36,0,2257,12481
5,idle_post,2.2060730271041393,1783675939.968453,84.982,36,0,2257,12481
5,idle_post,2.30635130032897,1783675940.0687325,84.982,36,0,2257,12481
5,idle_post,2.4065728038549423,1783675940.1689534,84.982,36,0,2257,12481
5,idle_post,2.5067914593964815,1783675940.2691715,84.982,36,0,2257,12481
5,idle_post,2.607141848653555,1783675940.3695216,84.982,36,0,2257,12481
5,idle_post,2.707376252859831,1783675940.4697566,84.982,36,0,2257,12481
5,idle_post,2.807593496516347,1783675940.5699732,84.982,36,0,2257,12481
5,idle_post,2.9078063927590847,1783675940.6701863,84.982,36,0,2257,12481
5,idle_post,3.0080226063728333,1783675940.7704031,84.982,36,0,2257,12481
5,idle_post,3.108238995075226,1783675940.8706193,84.984,36,0,2257,12481
5,idle_post,3.208476724103093,1783675940.9708564,84.984,36,0,2257,12481
5,idle_post,3.3086947482079268,1783675941.0710745,84.984,36,0,2257,12481
5,idle_post,3.4089264925569296,1783675941.1713076,84.984,36,0,2257,12481
5,idle_post,3.509145822376013,1783675941.2715259,84.984,36,0,2257,12481
5,idle_post,3.6094289124011993,1783675941.3718095,84.984,36,0,2257,12481
5,idle_post,3.709648611024022,1783675941.4720287,84.984,36,0,2257,12481
5,idle_post,3.8098661955446005,1783675941.5722458,84.984,36,0,2257,12481
5,idle_post,3.9100828673690557,1783675941.672463,84.984,36,0,2257,12481
5,idle_post,4.010300988331437,1783675941.7726812,84.984,36,0,2257,12481
5,idle_post,4.110524490475655,1783675941.872905,84.5,36,0,2257,12481
5,idle_post,4.210742769762874,1783675941.973123,84.5,36,0,2257,12481
5,idle_post,4.310973083600402,1783675942.0733533,84.5,36,0,2257,12481
5,idle_post,4.411223078146577,1783675942.173603,84.5,36,0,2257,12481
5,idle_post,4.511493282392621,1783675942.2738733,84.5,36,0,2257,12481
5,idle_post,4.611732063814998,1783675942.3741124,84.5,36,0,2257,12481
5,idle_post,4.71194857917726,1783675942.4743288,84.5,36,0,2257,12481
5,idle_post,4.812164310365915,1783675942.5745444,84.5,36,0,2257,12481
5,idle_post,4.912382215261459,1783675942.6747622,84.5,36,0,2257,12481
5,idle_post,5.012641439214349,1783675942.7750218,84.5,36,0,2257,12481
5,idle_post,5.112858340144157,1783675942.8752384,84.014,36,0,2265,12481
5,idle_post,5.213075211271644,1783675942.9754553,84.014,36,0,2265,12481
5,idle_post,5.3133088536560535,1783675943.0756893,84.014,36,0,2265,12481
5,idle_post,5.413579979911447,1783675943.17596,84.014,36,0,2265,12481
5,idle_post,5.513797327876091,1783675943.276178,84.014,36,0,2265,12481
5,idle_post,5.61401329934597,1783675943.3763933,84.014,36,0,2265,12481
5,idle_post,5.714231127873063,1783675943.476611,84.014,36,0,2265,12481
5,idle_post,5.81454861164093,1783675943.5769289,84.014,36,0,2265,12481
5,idle_post,5.91476752050221,1783675943.6771474,84.014,36,0,2265,12481
5,idle_post,6.015008084475994,1783675943.7773879,84.014,36,0,2265,12481
5,idle_post,6.115225737914443,1783675943.8776064,84.014,36,0,2265,12481
5,idle_post,6.215508323162794,1783675943.9778886,84.014,36,0,2265,12481
5,idle_post,6.315725572407246,1783675944.0781054,84.014,36,0,2265,12481
5,idle_post,6.415967958047986,1783675944.178348,84.014,36,0,2265,12481
5,idle_post,6.516196651384234,1783675944.2785769,84.014,36,0,2265,12481
5,idle_post,6.616427127271891,1783675944.378807,84.014,36,0,2265,12481
5,idle_post,6.71666631475091,1783675944.4790468,84.014,36,0,2265,12481
5,idle_post,6.816884506493807,1783675944.5792654,84.014,36,0,2265,12481
5,idle_post,6.917103096842766,1783675944.679483,84.014,36,0,2265,12481
5,idle_post,7.017385357990861,1783675944.7797658,84.014,36,0,2265,12481
5,idle_post,7.117697263136506,1783675944.8800776,84.014,36,0,2257,12481
5,idle_post,7.217987971380353,1783675944.980368,84.014,36,0,2257,12481
5,idle_post,7.3181634694337845,1783675945.0805237,84.014,36,0,2257,12481
5,idle_post,7.418311359360814,1783675945.180694,84.014,36,0,2257,12481
5,idle_post,7.518535858020186,1783675945.2809172,84.014,36,0,2257,12481
5,idle_post,7.618772383779287,1783675945.3811533,84.014,36,0,2257,12481
5,idle_post,7.718992756679654,1783675945.4813728,84.014,36,0,2257,12481
5,idle_post,7.8192519918084145,1783675945.5816317,84.014,36,0,2257,12481
5,idle_post,7.919470379129052,1783675945.6818507,84.014,36,0,2257,12481
5,idle_post,8.019722774624825,1783675945.7821033,84.014,36,0,2257,12481
5,idle_post,8.119961641728878,1783675945.8823426,84.062,36,0,2257,12481
5,idle_post,8.22021285071969,1783675945.982593,84.062,36,0,2257,12481
5,idle_post,8.320626836270094,1783675946.0830092,84.062,36,0,2257,12481
5,idle_post,8.42093875259161,1783675946.1833193,84.062,36,0,2257,12481
5,idle_post,8.521186996251345,1783675946.2835672,84.062,36,0,2257,12481
5,idle_post,8.621403751894832,1783675946.3837848,84.062,36,0,2257,12481
5,idle_post,8.721677165478468,1783675946.4840572,84.062,36,0,2257,12481
5,idle_post,8.821893947198987,1783675946.5842748,84.062,36,0,2257,12481
5,idle_post,8.922111887484789,1783675946.6844919,84.062,36,0,2257,12481
5,idle_post,9.022327559068799,1783675946.7847075,84.062,35,0,2257,12481
5,idle_post,9.12254568003118,1783675946.884927,84.501,35,0,2265,12481
5,idle_post,9.222786091268063,1783675946.9851675,84.501,35,0,2265,12481
5,idle_post,9.323008416220546,1783675947.0853887,84.501,35,0,2265,12481
5,idle_post,9.423226615414023,1783675947.185607,84.501,35,0,2265,12481
5,idle_post,9.523442976176739,1783675947.2858236,84.501,35,0,2265,12481
5,idle_post,9.62366015277803,1783675947.38604,84.501,35,0,2265,12481
5,idle_post,9.72392475232482,1783675947.486306,84.501,35,0,2265,12481
5,idle_post,9.824147259816527,1783675947.5865302,84.501,35,0,2265,12481
5,idle_post,9.924373336136341,1783675947.6867537,84.501,35,0,2265,12481
