variant,checkpoint_kind,precision,layer,op_type,mode,classification_source,calls,classifications,observed_input_shapes,observed_output_shapes,observed_time_slices,configured_timestep,input_elems,input_neuron_sites,input_firing_rate_sum,input_positive_sum,input_nonzero,input_min,input_max,integer_like_calls,mean_spike_count_per_input,configured_firing_rate,sop_density_per_executed_mac,nonzero_ratio,dense_macs_total,dense_macs_executed,dense_macs_one_step_equivalent,dense_macs_total_per_image,dense_macs_executed_per_image,dense_macs_one_step_equivalent_per_image,dense_macs_charged,dense_macs_charged_per_image,sop_total,sop_per_image,ac_charged,core_energy_pj,core_energy_pj_per_image,mem_energy_pj,neuron_energy_pj,total_energy_pj,total_energy_pj_per_image
small,fp,fp,init_conv.0.conv,conv2d,dense,accounting_mode:all-dense,20,"{""dense"": 20}","[[1, 1, 3, 400, 400]]","[[1, 1, 32, 400, 400]]",[1],1,9600000,9600000.0,7411175.6640625,7411175.6640625,9600000,-2.1179039478302,2.640000104904175,0,,,,1.0,2764800000.0,2764800000.0,2764800000.0,138240000.0,138240000.0,138240000.0,2764800000.0,138240000.0,0.0,0.0,0.0,2764800000.0,138240000.0,0.0,0.0,2764800000.0,138240000.0
small,fp,fp,init_conv.1.conv,conv2d,dense,accounting_mode:all-dense,20,"{""dense"": 20}","[[1, 1, 32, 400, 400]]","[[1, 1, 32, 400, 400]]",[1],1,102400000,102400000.0,41002894.0,41002894.0,29347251,0.0,8.0,20,,,,0.286594248046875,29491200000.0,29491200000.0,29491200000.0,1474560000.0,1474560000.0,1474560000.0,29491200000.0,1474560000.0,0.0,0.0,0.0,29491200000.0,1474560000.0,0.0,0.0,29491200000.0,1474560000.0
small,fp,fp,downsample_1.conv3x3.conv,conv2d,dense,accounting_mode:all-dense,20,"{""dense"": 20}","[[1, 1, 32, 400, 400]]","[[1, 1, 32, 200, 200]]",[1],1,102400000,102400000.0,21879145.0625,21879145.0625,102400000,-8.531182289123535,7.253408432006836,0,,,,1.0,7372800000.0,7372800000.0,7372800000.0,368640000.0,368640000.0,368640000.0,7372800000.0,368640000.0,0.0,0.0,0.0,7372800000.0,368640000.0,0.0,0.0,7372800000.0,368640000.0
small,fp,fp,downsample_1.conv,conv2d,dense,accounting_mode:all-dense,20,"{""dense"": 20}","[[1, 1, 32, 400, 400]]","[[1, 1, 32, 400, 400]]",[1],1,102400000,102400000.0,44860384.0,44860384.0,39149581,0.0,8.0,20,,,,0.382320126953125,29491200000.0,29491200000.0,29491200000.0,1474560000.0,1474560000.0,1474560000.0,29491200000.0,1474560000.0,0.0,0.0,0.0,29491200000.0,1474560000.0,0.0,0.0,29491200000.0,1474560000.0
small,fp,fp,DAB_Block_1.DAB_Module_1_0.conv1x1_in.conv,conv2d,dense,accounting_mode:all-dense,20,"{""dense"": 20}","[[1, 1, 64, 200, 200]]","[[1, 1, 32, 200, 200]]",[1],1,51200000,51200000.0,13319740.0,13319740.0,10602252,0.0,8.0,20,,,,0.207075234375,1638400000.0,1638400000.0,1638400000.0,81920000.0,81920000.0,81920000.0,1638400000.0,81920000.0,0.0,0.0,0.0,1638400000.0,81920000.0,0.0,0.0,1638400000.0,81920000.0
small,fp,fp,DAB_Block_1.DAB_Module_1_0.conv3x1.conv,conv2d,dense,accounting_mode:all-dense,20,"{""dense"": 20}","[[1, 1, 32, 200, 200]]","[[1, 1, 32, 200, 200]]",[1],1,25600000,25600000.0,9428110.0,9428110.0,7745989,0.0,8.0,20,,,,0.3025776953125,2457600000.0,2457600000.0,2457600000.0,122880000.0,122880000.0,122880000.0,2457600000.0,122880000.0,0.0,0.0,0.0,2457600000.0,122880000.0,0.0,0.0,2457600000.0,122880000.0
small,fp,fp,DAB_Block_1.DAB_Module_1_0.conv1x3.conv,conv2d,dense,accounting_mode:all-dense,20,"{""dense"": 20}","[[1, 1, 32, 200, 200]]","[[1, 1, 32, 200, 200]]",[1],1,25600000,25600000.0,6177246.0,6177246.0,5575733,0.0,6.0,20,,,,0.2178020703125,2457600000.0,2457600000.0,2457600000.0,122880000.0,122880000.0,122880000.0,2457600000.0,122880000.0,0.0,0.0,0.0,2457600000.0,122880000.0,0.0,0.0,2457600000.0,122880000.0
small,fp,fp,DAB_Block_1.DAB_Module_1_0.dconv3x1.conv,conv2d,dense,accounting_mode:all-dense,20,"{""dense"": 20}","[[1, 1, 32, 200, 200]]","[[1, 1, 32, 200, 200]]",[1],1,25600000,25600000.0,7887853.0,7887853.0,7043866,0.0,8.0,20,,,,0.275151015625,76800000.0,76800000.0,76800000.0,3840000.0,3840000.0,3840000.0,76800000.0,3840000.0,0.0,0.0,0.0,76800000.0,3840000.0,0.0,0.0,76800000.0,3840000.0
small,fp,fp,DAB_Block_1.DAB_Module_1_0.dconv1x3.conv,conv2d,dense,accounting_mode:all-dense,20,"{""dense"": 20}","[[1, 1, 32, 200, 200]]","[[1, 1, 32, 200, 200]]",[1],1,25600000,25600000.0,2066966.0,2066966.0,1664265,0.0,6.0,20,,,,0.0650103515625,76800000.0,76800000.0,76800000.0,3840000.0,3840000.0,3840000.0,76800000.0,3840000.0,0.0,0.0,0.0,76800000.0,3840000.0,0.0,0.0,76800000.0,3840000.0
small,fp,fp,DAB_Block_1.DAB_Module_1_0.ca11.conv,conv1d,dense,accounting_mode:all-dense,20,"{""dense"": 20}","[[1, 1, 1, 32]]","[[1, 1, 1, 32]]",[1],1,640,640.0,63.76349902153015,63.76349902153015,160,0.0,1.7409249544143677,0,,,,0.25,1920.0,1920.0,1920.0,96.0,96.0,96.0,1920.0,96.0,0.0,0.0,0.0,1920.0,96.0,0.0,0.0,1920.0,96.0
small,fp,fp,DAB_Block_1.DAB_Module_1_0.ddconv3x1.conv,conv2d,dense,accounting_mode:all-dense,20,"{""dense"": 20}","[[1, 1, 32, 200, 200]]","[[1, 1, 32, 200, 200]]",[1],1,25600000,25600000.0,7887853.0,7887853.0,7043866,0.0,8.0,20,,,,0.275151015625,76800000.0,76800000.0,76800000.0,3840000.0,3840000.0,3840000.0,76800000.0,3840000.0,0.0,0.0,0.0,76800000.0,3840000.0,0.0,0.0,76800000.0,3840000.0
small,fp,fp,DAB_Block_1.DAB_Module_1_0.ddconv1x3.conv,conv2d,dense,accounting_mode:all-dense,20,"{""dense"": 20}","[[1, 1, 32, 200, 200]]","[[1, 1, 32, 200, 200]]",[1],1,25600000,25600000.0,1943603.0,1943603.0,1801102,0.0,6.0,20,,,,0.070355546875,76800000.0,76800000.0,76800000.0,3840000.0,3840000.0,3840000.0,76800000.0,3840000.0,0.0,0.0,0.0,76800000.0,3840000.0,0.0,0.0,76800000.0,3840000.0
small,fp,fp,DAB_Block_1.DAB_Module_1_0.ca22.conv,conv1d,dense,accounting_mode:all-dense,20,"{""dense"": 20}","[[1, 1, 1, 32]]","[[1, 1, 1, 32]]",[1],1,640,640.0,103.35942125320435,103.35942125320435,180,0.0,2.6767499446868896,0,,,,0.28125,1920.0,1920.0,1920.0,96.0,96.0,96.0,1920.0,96.0,0.0,0.0,0.0,1920.0,96.0,0.0,0.0,1920.0,96.0
small,fp,fp,DAB_Block_1.DAB_Module_1_0.conv1x1.conv,conv2d,dense,accounting_mode:all-dense,20,"{""dense"": 20}","[[1, 1, 32, 200, 200]]","[[1, 1, 64, 200, 200]]",[1],1,25600000,25600000.0,10400906.0,10400906.0,7958369,0.0,11.0,20,,,,0.3108737890625,1638400000.0,1638400000.0,1638400000.0,81920000.0,81920000.0,81920000.0,1638400000.0,81920000.0,0.0,0.0,0.0,1638400000.0,81920000.0,0.0,0.0,1638400000.0,81920000.0
small,fp,fp,downsample_2.conv3x3.conv,conv2d,dense,accounting_mode:all-dense,20,"{""dense"": 20}","[[1, 1, 64, 200, 200]]","[[1, 1, 64, 100, 100]]",[1],1,51200000,51200000.0,22131212.0,22131212.0,51200000,-11.186620712280273,13.35705280303955,0,,,,1.0,7372800000.0,7372800000.0,7372800000.0,368640000.0,368640000.0,368640000.0,7372800000.0,368640000.0,0.0,0.0,0.0,7372800000.0,368640000.0,0.0,0.0,7372800000.0,368640000.0
small,fp,fp,downsample_2.conv,conv2d,dense,accounting_mode:all-dense,20,"{""dense"": 20}","[[1, 1, 64, 200, 200]]","[[1, 1, 64, 200, 200]]",[1],1,51200000,51200000.0,20128328.0,20128328.0,16395462,0.0,8.0,20,,,,0.3202238671875,29491200000.0,29491200000.0,29491200000.0,1474560000.0,1474560000.0,1474560000.0,29491200000.0,1474560000.0,0.0,0.0,0.0,29491200000.0,1474560000.0,0.0,0.0,29491200000.0,1474560000.0
small,fp,fp,DAB_Block_2.DAB_Module_2_0.conv1x1_in.conv,conv2d,dense,accounting_mode:all-dense,20,"{""dense"": 20}","[[1, 1, 64, 100, 100]]","[[1, 1, 32, 100, 100]]",[1],1,12800000,12800000.0,3276231.0,3276231.0,2562988,0.0,8.0,20,,,,0.2002334375,409600000.0,409600000.0,409600000.0,20480000.0,20480000.0,20480000.0,409600000.0,20480000.0,0.0,0.0,0.0,409600000.0,20480000.0,0.0,0.0,409600000.0,20480000.0
small,fp,fp,DAB_Block_2.DAB_Module_2_0.conv3x1.conv,conv2d,dense,accounting_mode:all-dense,20,"{""dense"": 20}","[[1, 1, 32, 100, 100]]","[[1, 1, 32, 100, 100]]",[1],1,6400000,6400000.0,2332796.0,2332796.0,1922287,0.0,7.0,20,,,,0.30035734375,614400000.0,614400000.0,614400000.0,30720000.0,30720000.0,30720000.0,614400000.0,30720000.0,0.0,0.0,0.0,614400000.0,30720000.0,0.0,0.0,614400000.0,30720000.0
small,fp,fp,DAB_Block_2.DAB_Module_2_0.conv1x3.conv,conv2d,dense,accounting_mode:all-dense,20,"{""dense"": 20}","[[1, 1, 32, 100, 100]]","[[1, 1, 32, 100, 100]]",[1],1,6400000,6400000.0,1662393.0,1662393.0,1451561,0.0,6.0,20,,,,0.22680640625,614400000.0,614400000.0,614400000.0,30720000.0,30720000.0,30720000.0,614400000.0,30720000.0,0.0,0.0,0.0,614400000.0,30720000.0,0.0,0.0,614400000.0,30720000.0
small,fp,fp,DAB_Block_2.DAB_Module_2_0.dconv3x1.conv,conv2d,dense,accounting_mode:all-dense,20,"{""dense"": 20}","[[1, 1, 32, 100, 100]]","[[1, 1, 32, 100, 100]]",[1],1,6400000,6400000.0,1256815.0,1256815.0,1122554,0.0,7.0,20,,,,0.1753990625,19200000.0,19200000.0,19200000.0,960000.0,960000.0,960000.0,19200000.0,960000.0,0.0,0.0,0.0,19200000.0,960000.0,0.0,0.0,19200000.0,960000.0
small,fp,fp,DAB_Block_2.DAB_Module_2_0.dconv1x3.conv,conv2d,dense,accounting_mode:all-dense,20,"{""dense"": 20}","[[1, 1, 32, 100, 100]]","[[1, 1, 32, 100, 100]]",[1],1,6400000,6400000.0,42504.0,42504.0,39435,0.0,5.0,20,,,,0.00616171875,19200000.0,19200000.0,19200000.0,960000.0,960000.0,960000.0,19200000.0,960000.0,0.0,0.0,0.0,19200000.0,960000.0,0.0,0.0,19200000.0,960000.0
small,fp,fp,DAB_Block_2.DAB_Module_2_0.ca11.conv,conv1d,dense,accounting_mode:all-dense,20,"{""dense"": 20}","[[1, 1, 1, 32]]","[[1, 1, 1, 32]]",[1],1,640,640.0,10.820399671792984,10.820399671792984,60,0.0,0.7285000085830688,0,,,,0.09375,1920.0,1920.0,1920.0,96.0,96.0,96.0,1920.0,96.0,0.0,0.0,0.0,1920.0,96.0,0.0,0.0,1920.0,96.0
small,fp,fp,DAB_Block_2.DAB_Module_2_0.ddconv3x1.conv,conv2d,dense,accounting_mode:all-dense,20,"{""dense"": 20}","[[1, 1, 32, 100, 100]]","[[1, 1, 32, 100, 100]]",[1],1,6400000,6400000.0,1256815.0,1256815.0,1122554,0.0,7.0,20,,,,0.1753990625,19200000.0,19200000.0,19200000.0,960000.0,960000.0,960000.0,19200000.0,960000.0,0.0,0.0,0.0,19200000.0,960000.0,0.0,0.0,19200000.0,960000.0
small,fp,fp,DAB_Block_2.DAB_Module_2_0.ddconv1x3.conv,conv2d,dense,accounting_mode:all-dense,20,"{""dense"": 20}","[[1, 1, 32, 100, 100]]","[[1, 1, 32, 100, 100]]",[1],1,6400000,6400000.0,465086.0,465086.0,382039,0.0,7.0,20,,,,0.05969359375,19200000.0,19200000.0,19200000.0,960000.0,960000.0,960000.0,19200000.0,960000.0,0.0,0.0,0.0,19200000.0,960000.0,0.0,0.0,19200000.0,960000.0
small,fp,fp,DAB_Block_2.DAB_Module_2_0.ca22.conv,conv1d,dense,accounting_mode:all-dense,20,"{""dense"": 20}","[[1, 1, 1, 32]]","[[1, 1, 1, 32]]",[1],1,640,640.0,81.20299744606018,81.20299744606018,180,0.0,1.0713999271392822,0,,,,0.28125,1920.0,1920.0,1920.0,96.0,96.0,96.0,1920.0,96.0,0.0,0.0,0.0,1920.0,96.0,0.0,0.0,1920.0,96.0
small,fp,fp,DAB_Block_2.DAB_Module_2_0.conv1x1.conv,conv2d,dense,accounting_mode:all-dense,20,"{""dense"": 20}","[[1, 1, 32, 100, 100]]","[[1, 1, 64, 100, 100]]",[1],1,6400000,6400000.0,1942387.0,1942387.0,1450502,0.0,10.0,20,,,,0.2266409375,409600000.0,409600000.0,409600000.0,20480000.0,20480000.0,20480000.0,409600000.0,20480000.0,0.0,0.0,0.0,409600000.0,20480000.0,0.0,0.0,409600000.0,20480000.0
small,fp,fp,downsample_3.conv3x3.conv,conv2d,dense,accounting_mode:all-dense,20,"{""dense"": 20}","[[1, 1, 64, 100, 100]]","[[1, 1, 32, 50, 50]]",[1],1,12800000,12800000.0,2435657.0625,2435657.0625,12800000,-10.88414478302002,7.319483757019043,0,,,,1.0,921600000.0,921600000.0,921600000.0,46080000.0,46080000.0,46080000.0,921600000.0,46080000.0,0.0,0.0,0.0,921600000.0,46080000.0,0.0,0.0,921600000.0,46080000.0
small,fp,fp,downsample_3.conv,conv2d,dense,accounting_mode:all-dense,20,"{""dense"": 20}","[[1, 1, 64, 100, 100]]","[[1, 1, 64, 100, 100]]",[1],1,12800000,12800000.0,3040918.0,3040918.0,2501931,0.0,8.0,20,,,,0.195463359375,7372800000.0,7372800000.0,7372800000.0,368640000.0,368640000.0,368640000.0,7372800000.0,368640000.0,0.0,0.0,0.0,7372800000.0,368640000.0,0.0,0.0,7372800000.0,368640000.0
small,fp,fp,DAB_Block_3.DAB_Module_3_0.conv1x1_in.conv,conv2d,dense,accounting_mode:all-dense,20,"{""dense"": 20}","[[1, 1, 32, 50, 50]]","[[1, 1, 16, 50, 50]]",[1],1,1600000,1600000.0,552368.0,552368.0,409972,0.0,8.0,20,,,,0.2562325,25600000.0,25600000.0,25600000.0,1280000.0,1280000.0,1280000.0,25600000.0,1280000.0,0.0,0.0,0.0,25600000.0,1280000.0,0.0,0.0,25600000.0,1280000.0
small,fp,fp,DAB_Block_3.DAB_Module_3_0.conv3x1.conv,conv2d,dense,accounting_mode:all-dense,20,"{""dense"": 20}","[[1, 1, 16, 50, 50]]","[[1, 1, 16, 50, 50]]",[1],1,800000,800000.0,411884.0,411884.0,316852,0.0,7.0,20,,,,0.396065,38400000.0,38400000.0,38400000.0,1920000.0,1920000.0,1920000.0,38400000.0,1920000.0,0.0,0.0,0.0,38400000.0,1920000.0,0.0,0.0,38400000.0,1920000.0
small,fp,fp,DAB_Block_3.DAB_Module_3_0.conv1x3.conv,conv2d,dense,accounting_mode:all-dense,20,"{""dense"": 20}","[[1, 1, 16, 50, 50]]","[[1, 1, 16, 50, 50]]",[1],1,800000,800000.0,251829.0,251829.0,213548,0.0,6.0,20,,,,0.266935,38400000.0,38400000.0,38400000.0,1920000.0,1920000.0,1920000.0,38400000.0,1920000.0,0.0,0.0,0.0,38400000.0,1920000.0,0.0,0.0,38400000.0,1920000.0
small,fp,fp,DAB_Block_3.DAB_Module_3_0.dconv3x1.conv,conv2d,dense,accounting_mode:all-dense,20,"{""dense"": 20}","[[1, 1, 16, 50, 50]]","[[1, 1, 16, 50, 50]]",[1],1,800000,800000.0,262611.0,262611.0,216921,0.0,7.0,20,,,,0.27115125,2400000.0,2400000.0,2400000.0,120000.0,120000.0,120000.0,2400000.0,120000.0,0.0,0.0,0.0,2400000.0,120000.0,0.0,0.0,2400000.0,120000.0
small,fp,fp,DAB_Block_3.DAB_Module_3_0.dconv1x3.conv,conv2d,dense,accounting_mode:all-dense,20,"{""dense"": 20}","[[1, 1, 16, 50, 50]]","[[1, 1, 16, 50, 50]]",[1],1,800000,800000.0,9124.0,9124.0,8363,0.0,3.0,20,,,,0.01045375,2400000.0,2400000.0,2400000.0,120000.0,120000.0,120000.0,2400000.0,120000.0,0.0,0.0,0.0,2400000.0,120000.0,0.0,0.0,2400000.0,120000.0
small,fp,fp,DAB_Block_3.DAB_Module_3_0.ca11.conv,conv1d,dense,accounting_mode:all-dense,20,"{""dense"": 20}","[[1, 1, 1, 16]]","[[1, 1, 1, 16]]",[1],1,320,320.0,7.632399775087833,7.632399775087833,20,0.0,0.8707999587059021,0,,,,0.0625,960.0,960.0,960.0,48.0,48.0,48.0,960.0,48.0,0.0,0.0,0.0,960.0,48.0,0.0,0.0,960.0,48.0
small,fp,fp,DAB_Block_3.DAB_Module_3_0.ddconv3x1.conv,conv2d,dense,accounting_mode:all-dense,20,"{""dense"": 20}","[[1, 1, 16, 50, 50]]","[[1, 1, 16, 50, 50]]",[1],1,800000,800000.0,262611.0,262611.0,216921,0.0,7.0,20,,,,0.27115125,2400000.0,2400000.0,2400000.0,120000.0,120000.0,120000.0,2400000.0,120000.0,0.0,0.0,0.0,2400000.0,120000.0,0.0,0.0,2400000.0,120000.0
small,fp,fp,DAB_Block_3.DAB_Module_3_0.ddconv1x3.conv,conv2d,dense,accounting_mode:all-dense,20,"{""dense"": 20}","[[1, 1, 16, 50, 50]]","[[1, 1, 16, 50, 50]]",[1],1,800000,800000.0,46993.0,46993.0,38887,0.0,6.0,20,,,,0.04860875,2400000.0,2400000.0,2400000.0,120000.0,120000.0,120000.0,2400000.0,120000.0,0.0,0.0,0.0,2400000.0,120000.0,0.0,0.0,2400000.0,120000.0
small,fp,fp,DAB_Block_3.DAB_Module_3_0.ca22.conv,conv1d,dense,accounting_mode:all-dense,20,"{""dense"": 20}","[[1, 1, 1, 16]]","[[1, 1, 1, 16]]",[1],1,320,320.0,35.778398752212524,35.778398752212524,80,0.0,1.3691999912261963,0,,,,0.25,960.0,960.0,960.0,48.0,48.0,48.0,960.0,48.0,0.0,0.0,0.0,960.0,48.0,0.0,0.0,960.0,48.0
small,fp,fp,DAB_Block_3.DAB_Module_3_0.conv1x1.conv,conv2d,dense,accounting_mode:all-dense,20,"{""dense"": 20}","[[1, 1, 16, 50, 50]]","[[1, 1, 32, 50, 50]]",[1],1,800000,800000.0,339812.0,339812.0,253750,0.0,11.0,20,,,,0.3171875,25600000.0,25600000.0,25600000.0,1280000.0,1280000.0,1280000.0,25600000.0,1280000.0,0.0,0.0,0.0,25600000.0,1280000.0,0.0,0.0,25600000.0,1280000.0
small,fp,fp,transformer1.atten.reduce,linear,dense,accounting_mode:all-dense,20,"{""dense"": 20}","[[1, 2500, 288]]","[[1, 2500, 144]]",[1],1,14400000,14400000.0,1962636.0625,1962636.0625,14400000,-0.9489485025405884,8.043004035949707,0,,,,1.0,2073600000.0,2073600000.0,2073600000.0,103680000.0,103680000.0,103680000.0,2073600000.0,103680000.0,0.0,0.0,0.0,2073600000.0,103680000.0,0.0,0.0,2073600000.0,103680000.0
small,fp,fp,transformer1.atten.qkv,linear,dense,accounting_mode:all-dense,20,"{""dense"": 20}","[[1, 2500, 144]]","[[1, 2500, 432]]",[1],1,7200000,7200000.0,2053503.09375,2053503.09375,7200000,-8.318265914916992,9.390905380249023,0,,,,1.0,3110400000.0,3110400000.0,3110400000.0,155520000.0,155520000.0,155520000.0,3110400000.0,155520000.0,0.0,0.0,0.0,3110400000.0,155520000.0,0.0,0.0,3110400000.0,155520000.0
small,fp,fp,transformer1.atten.proj,linear,dense,accounting_mode:all-dense,20,"{""dense"": 20}","[[1, 2500, 144]]","[[1, 2500, 288]]",[1],1,7200000,7200000.0,2256859.2421875,2256859.2421875,7200000,-11.046064376831055,12.321253776550293,0,,,,1.0,2073600000.0,2073600000.0,2073600000.0,103680000.0,103680000.0,103680000.0,2073600000.0,103680000.0,0.0,0.0,0.0,2073600000.0,103680000.0,0.0,0.0,2073600000.0,103680000.0
small,fp,fp,transformer1.mlp.fc1,linear,dense,accounting_mode:all-dense,20,"{""dense"": 20}","[[1, 2500, 288]]","[[1, 2500, 72]]",[1],1,14400000,14400000.0,4.215846390917675e-34,4.215846390917675e-34,14399913,-2.9316565172139498e-40,3.3172938545961395e-40,20,,,,0.9999939583333334,1036800000.0,1036800000.0,1036800000.0,51840000.0,51840000.0,51840000.0,1036800000.0,51840000.0,0.0,0.0,0.0,1036800000.0,51840000.0,0.0,0.0,1036800000.0,51840000.0
small,fp,fp,transformer1.mlp.fc2,linear,dense,accounting_mode:all-dense,20,"{""dense"": 20}","[[1, 2500, 72]]","[[1, 2500, 288]]",[1],1,3600000,3600000.0,8.918370432944297e-31,8.918370432944297e-31,2450000,0.0,2.5389000903759306e-36,20,,,,0.6805555555555556,1036800000.0,1036800000.0,1036800000.0,51840000.0,51840000.0,51840000.0,1036800000.0,51840000.0,0.0,0.0,0.0,1036800000.0,51840000.0,0.0,0.0,1036800000.0,51840000.0
small,fp,fp,DAB_Block_4.DAB_Module_4_0.conv1x1_in.conv,conv2d,dense,accounting_mode:all-dense,20,"{""dense"": 20}","[[1, 1, 32, 50, 50]]","[[1, 1, 16, 50, 50]]",[1],1,1600000,1600000.0,6772735.0,6772735.0,1600000,-51.77709197998047,71.20564270019531,0,,,,1.0,25600000.0,25600000.0,25600000.0,1280000.0,1280000.0,1280000.0,25600000.0,1280000.0,0.0,0.0,0.0,25600000.0,1280000.0,0.0,0.0,25600000.0,1280000.0
small,fp,fp,DAB_Block_4.DAB_Module_4_0.conv3x1.conv,conv2d,dense,accounting_mode:all-dense,20,"{""dense"": 20}","[[1, 1, 16, 50, 50]]","[[1, 1, 16, 50, 50]]",[1],1,800000,800000.0,0.0,0.0,0,0.0,0.0,20,,,,0.0,38400000.0,38400000.0,38400000.0,1920000.0,1920000.0,1920000.0,38400000.0,1920000.0,0.0,0.0,0.0,38400000.0,1920000.0,0.0,0.0,38400000.0,1920000.0
small,fp,fp,DAB_Block_4.DAB_Module_4_0.conv1x3.conv,conv2d,dense,accounting_mode:all-dense,20,"{""dense"": 20}","[[1, 1, 16, 50, 50]]","[[1, 1, 16, 50, 50]]",[1],1,800000,800000.0,0.0,0.0,0,0.0,0.0,20,,,,0.0,38400000.0,38400000.0,38400000.0,1920000.0,1920000.0,1920000.0,38400000.0,1920000.0,0.0,0.0,0.0,38400000.0,1920000.0,0.0,0.0,38400000.0,1920000.0
small,fp,fp,DAB_Block_4.DAB_Module_4_0.dconv3x1.conv,conv2d,dense,accounting_mode:all-dense,20,"{""dense"": 20}","[[1, 1, 16, 50, 50]]","[[1, 1, 16, 50, 50]]",[1],1,800000,800000.0,0.0,0.0,0,0.0,0.0,20,,,,0.0,2400000.0,2400000.0,2400000.0,120000.0,120000.0,120000.0,2400000.0,120000.0,0.0,0.0,0.0,2400000.0,120000.0,0.0,0.0,2400000.0,120000.0
small,fp,fp,DAB_Block_4.DAB_Module_4_0.dconv1x3.conv,conv2d,dense,accounting_mode:all-dense,20,"{""dense"": 20}","[[1, 1, 16, 50, 50]]","[[1, 1, 16, 50, 50]]",[1],1,800000,800000.0,0.0,0.0,0,0.0,0.0,20,,,,0.0,2400000.0,2400000.0,2400000.0,120000.0,120000.0,120000.0,2400000.0,120000.0,0.0,0.0,0.0,2400000.0,120000.0,0.0,0.0,2400000.0,120000.0
small,fp,fp,DAB_Block_4.DAB_Module_4_0.ca11.conv,conv1d,dense,accounting_mode:all-dense,20,"{""dense"": 20}","[[1, 1, 1, 16]]","[[1, 1, 1, 16]]",[1],1,320,320.0,0.0,0.0,0,0.0,0.0,20,,,,0.0,960.0,960.0,960.0,48.0,48.0,48.0,960.0,48.0,0.0,0.0,0.0,960.0,48.0,0.0,0.0,960.0,48.0
small,fp,fp,DAB_Block_4.DAB_Module_4_0.ddconv3x1.conv,conv2d,dense,accounting_mode:all-dense,20,"{""dense"": 20}","[[1, 1, 16, 50, 50]]","[[1, 1, 16, 50, 50]]",[1],1,800000,800000.0,0.0,0.0,0,0.0,0.0,20,,,,0.0,2400000.0,2400000.0,2400000.0,120000.0,120000.0,120000.0,2400000.0,120000.0,0.0,0.0,0.0,2400000.0,120000.0,0.0,0.0,2400000.0,120000.0
small,fp,fp,DAB_Block_4.DAB_Module_4_0.ddconv1x3.conv,conv2d,dense,accounting_mode:all-dense,20,"{""dense"": 20}","[[1, 1, 16, 50, 50]]","[[1, 1, 16, 50, 50]]",[1],1,800000,800000.0,0.0,0.0,0,0.0,0.0,20,,,,0.0,2400000.0,2400000.0,2400000.0,120000.0,120000.0,120000.0,2400000.0,120000.0,0.0,0.0,0.0,2400000.0,120000.0,0.0,0.0,2400000.0,120000.0
small,fp,fp,DAB_Block_4.DAB_Module_4_0.ca22.conv,conv1d,dense,accounting_mode:all-dense,20,"{""dense"": 20}","[[1, 1, 1, 16]]","[[1, 1, 1, 16]]",[1],1,320,320.0,0.0,0.0,0,0.0,0.0,20,,,,0.0,960.0,960.0,960.0,48.0,48.0,48.0,960.0,48.0,0.0,0.0,0.0,960.0,48.0,0.0,0.0,960.0,48.0
small,fp,fp,DAB_Block_4.DAB_Module_4_0.conv1x1.conv,conv2d,dense,accounting_mode:all-dense,20,"{""dense"": 20}","[[1, 1, 16, 50, 50]]","[[1, 1, 32, 50, 50]]",[1],1,800000,800000.0,0.0,0.0,0,0.0,0.0,20,,,,0.0,25600000.0,25600000.0,25600000.0,1280000.0,1280000.0,1280000.0,25600000.0,1280000.0,0.0,0.0,0.0,25600000.0,1280000.0,0.0,0.0,25600000.0,1280000.0
small,fp,fp,upsample_1.conv,conv_transpose2d,dense,accounting_mode:all-dense,20,"{""dense"": 20}","[[1, 1, 32, 50, 50]]","[[1, 1, 32, 100, 100]]",[1],1,1600000,1600000.0,1279723.0,1279723.0,816446,0.0,9.0,20,,,,0.51027875,460800000.0,460800000.0,460800000.0,23040000.0,23040000.0,23040000.0,460800000.0,23040000.0,0.0,0.0,0.0,460800000.0,23040000.0,0.0,0.0,460800000.0,23040000.0
small,fp,fp,DAB_Block_5.DAB_Module_5_0.conv1x1_in.conv,conv2d,dense,accounting_mode:all-dense,20,"{""dense"": 20}","[[1, 1, 32, 100, 100]]","[[1, 1, 16, 100, 100]]",[1],1,6400000,6400000.0,2634655.0,2634655.0,2014858,0.0,8.0,20,,,,0.3148215625,102400000.0,102400000.0,102400000.0,5120000.0,5120000.0,5120000.0,102400000.0,5120000.0,0.0,0.0,0.0,102400000.0,5120000.0,0.0,0.0,102400000.0,5120000.0
small,fp,fp,DAB_Block_5.DAB_Module_5_0.conv3x1.conv,conv2d,dense,accounting_mode:all-dense,20,"{""dense"": 20}","[[1, 1, 16, 100, 100]]","[[1, 1, 16, 100, 100]]",[1],1,3200000,3200000.0,1275732.0,1275732.0,968579,0.0,8.0,20,,,,0.3026809375,153600000.0,153600000.0,153600000.0,7680000.0,7680000.0,7680000.0,153600000.0,7680000.0,0.0,0.0,0.0,153600000.0,7680000.0,0.0,0.0,153600000.0,7680000.0
small,fp,fp,DAB_Block_5.DAB_Module_5_0.conv1x3.conv,conv2d,dense,accounting_mode:all-dense,20,"{""dense"": 20}","[[1, 1, 16, 100, 100]]","[[1, 1, 16, 100, 100]]",[1],1,3200000,3200000.0,977819.0,977819.0,782431,0.0,8.0,20,,,,0.2445096875,153600000.0,153600000.0,153600000.0,7680000.0,7680000.0,7680000.0,153600000.0,7680000.0,0.0,0.0,0.0,153600000.0,7680000.0,0.0,0.0,153600000.0,7680000.0
small,fp,fp,DAB_Block_5.DAB_Module_5_0.dconv3x1.conv,conv2d,dense,accounting_mode:all-dense,20,"{""dense"": 20}","[[1, 1, 16, 100, 100]]","[[1, 1, 16, 100, 100]]",[1],1,3200000,3200000.0,581640.0,581640.0,465324,0.0,8.0,20,,,,0.14541375,9600000.0,9600000.0,9600000.0,480000.0,480000.0,480000.0,9600000.0,480000.0,0.0,0.0,0.0,9600000.0,480000.0,0.0,0.0,9600000.0,480000.0
small,fp,fp,DAB_Block_5.DAB_Module_5_0.dconv1x3.conv,conv2d,dense,accounting_mode:all-dense,20,"{""dense"": 20}","[[1, 1, 16, 100, 100]]","[[1, 1, 16, 100, 100]]",[1],1,3200000,3200000.0,0.0,0.0,0,0.0,0.0,20,,,,0.0,9600000.0,9600000.0,9600000.0,480000.0,480000.0,480000.0,9600000.0,480000.0,0.0,0.0,0.0,9600000.0,480000.0,0.0,0.0,9600000.0,480000.0
small,fp,fp,DAB_Block_5.DAB_Module_5_0.ca11.conv,conv1d,dense,accounting_mode:all-dense,20,"{""dense"": 20}","[[1, 1, 1, 16]]","[[1, 1, 1, 16]]",[1],1,320,320.0,0.0,0.0,0,0.0,0.0,20,,,,0.0,960.0,960.0,960.0,48.0,48.0,48.0,960.0,48.0,0.0,0.0,0.0,960.0,48.0,0.0,0.0,960.0,48.0
small,fp,fp,DAB_Block_5.DAB_Module_5_0.ddconv3x1.conv,conv2d,dense,accounting_mode:all-dense,20,"{""dense"": 20}","[[1, 1, 16, 100, 100]]","[[1, 1, 16, 100, 100]]",[1],1,3200000,3200000.0,581640.0,581640.0,465324,0.0,8.0,20,,,,0.14541375,9600000.0,9600000.0,9600000.0,480000.0,480000.0,480000.0,9600000.0,480000.0,0.0,0.0,0.0,9600000.0,480000.0,0.0,0.0,9600000.0,480000.0
small,fp,fp,DAB_Block_5.DAB_Module_5_0.ddconv1x3.conv,conv2d,dense,accounting_mode:all-dense,20,"{""dense"": 20}","[[1, 1, 16, 100, 100]]","[[1, 1, 16, 100, 100]]",[1],1,3200000,3200000.0,815253.0,815253.0,568184,0.0,8.0,20,,,,0.1775575,9600000.0,9600000.0,9600000.0,480000.0,480000.0,480000.0,9600000.0,480000.0,0.0,0.0,0.0,9600000.0,480000.0,0.0,0.0,9600000.0,480000.0
small,fp,fp,DAB_Block_5.DAB_Module_5_0.ca22.conv,conv1d,dense,accounting_mode:all-dense,20,"{""dense"": 20}","[[1, 1, 1, 16]]","[[1, 1, 1, 16]]",[1],1,320,320.0,117.14239573478699,117.14239573478699,120,0.0,2.9577999114990234,0,,,,0.375,960.0,960.0,960.0,48.0,48.0,48.0,960.0,48.0,0.0,0.0,0.0,960.0,48.0,0.0,0.0,960.0,48.0
small,fp,fp,DAB_Block_5.DAB_Module_5_0.conv1x1.conv,conv2d,dense,accounting_mode:all-dense,20,"{""dense"": 20}","[[1, 1, 16, 100, 100]]","[[1, 1, 32, 100, 100]]",[1],1,3200000,3200000.0,1187483.0,1187483.0,671761,0.0,14.0,20,,,,0.2099253125,102400000.0,102400000.0,102400000.0,5120000.0,5120000.0,5120000.0,102400000.0,5120000.0,0.0,0.0,0.0,102400000.0,5120000.0,0.0,0.0,102400000.0,5120000.0
small,fp,fp,upsample_2.conv,conv_transpose2d,dense,accounting_mode:all-dense,20,"{""dense"": 20}","[[1, 1, 32, 100, 100]]","[[1, 1, 32, 200, 200]]",[1],1,6400000,6400000.0,5050227.0,5050227.0,3182470,0.0,9.0,20,,,,0.4972609375,1843200000.0,1843200000.0,1843200000.0,92160000.0,92160000.0,92160000.0,1843200000.0,92160000.0,0.0,0.0,0.0,1843200000.0,92160000.0,0.0,0.0,1843200000.0,92160000.0
small,fp,fp,DAB_Block_6.DAB_Module_6_0.conv1x1_in.conv,conv2d,dense,accounting_mode:all-dense,20,"{""dense"": 20}","[[1, 1, 32, 200, 200]]","[[1, 1, 16, 200, 200]]",[1],1,25600000,25600000.0,9232059.0,9232059.0,7331034,0.0,8.0,20,,,,0.286368515625,409600000.0,409600000.0,409600000.0,20480000.0,20480000.0,20480000.0,409600000.0,20480000.0,0.0,0.0,0.0,409600000.0,20480000.0,0.0,0.0,409600000.0,20480000.0
small,fp,fp,DAB_Block_6.DAB_Module_6_0.conv3x1.conv,conv2d,dense,accounting_mode:all-dense,20,"{""dense"": 20}","[[1, 1, 16, 200, 200]]","[[1, 1, 16, 200, 200]]",[1],1,12800000,12800000.0,5389176.0,5389176.0,4423638,0.0,6.0,20,,,,0.34559671875,614400000.0,614400000.0,614400000.0,30720000.0,30720000.0,30720000.0,614400000.0,30720000.0,0.0,0.0,0.0,614400000.0,30720000.0,0.0,0.0,614400000.0,30720000.0
small,fp,fp,DAB_Block_6.DAB_Module_6_0.conv1x3.conv,conv2d,dense,accounting_mode:all-dense,20,"{""dense"": 20}","[[1, 1, 16, 200, 200]]","[[1, 1, 16, 200, 200]]",[1],1,12800000,12800000.0,5056287.0,5056287.0,4244694,0.0,6.0,20,,,,0.33161671875,614400000.0,614400000.0,614400000.0,30720000.0,30720000.0,30720000.0,614400000.0,30720000.0,0.0,0.0,0.0,614400000.0,30720000.0,0.0,0.0,614400000.0,30720000.0
small,fp,fp,DAB_Block_6.DAB_Module_6_0.dconv3x1.conv,conv2d,dense,accounting_mode:all-dense,20,"{""dense"": 20}","[[1, 1, 16, 200, 200]]","[[1, 1, 16, 200, 200]]",[1],1,12800000,12800000.0,4152419.0,4152419.0,3344625,0.0,7.0,20,,,,0.261298828125,38400000.0,38400000.0,38400000.0,1920000.0,1920000.0,1920000.0,38400000.0,1920000.0,0.0,0.0,0.0,38400000.0,1920000.0,0.0,0.0,38400000.0,1920000.0
small,fp,fp,DAB_Block_6.DAB_Module_6_0.dconv1x3.conv,conv2d,dense,accounting_mode:all-dense,20,"{""dense"": 20}","[[1, 1, 16, 200, 200]]","[[1, 1, 16, 200, 200]]",[1],1,12800000,12800000.0,2497595.0,2497595.0,1440654,0.0,5.0,20,,,,0.11255109375,38400000.0,38400000.0,38400000.0,1920000.0,1920000.0,1920000.0,38400000.0,1920000.0,0.0,0.0,0.0,38400000.0,1920000.0,0.0,0.0,38400000.0,1920000.0
small,fp,fp,DAB_Block_6.DAB_Module_6_0.ca11.conv,conv1d,dense,accounting_mode:all-dense,20,"{""dense"": 20}","[[1, 1, 1, 16]]","[[1, 1, 1, 16]]",[1],1,320,320.0,83.90525031089783,83.90525031089783,80,0.0,3.4559500217437744,0,,,,0.25,960.0,960.0,960.0,48.0,48.0,48.0,960.0,48.0,0.0,0.0,0.0,960.0,48.0,0.0,0.0,960.0,48.0
small,fp,fp,DAB_Block_6.DAB_Module_6_0.ddconv3x1.conv,conv2d,dense,accounting_mode:all-dense,20,"{""dense"": 20}","[[1, 1, 16, 200, 200]]","[[1, 1, 16, 200, 200]]",[1],1,12800000,12800000.0,4152419.0,4152419.0,3344625,0.0,7.0,20,,,,0.261298828125,38400000.0,38400000.0,38400000.0,1920000.0,1920000.0,1920000.0,38400000.0,1920000.0,0.0,0.0,0.0,38400000.0,1920000.0,0.0,0.0,38400000.0,1920000.0
small,fp,fp,DAB_Block_6.DAB_Module_6_0.ddconv1x3.conv,conv2d,dense,accounting_mode:all-dense,20,"{""dense"": 20}","[[1, 1, 16, 200, 200]]","[[1, 1, 16, 200, 200]]",[1],1,12800000,12800000.0,2435432.0,2435432.0,1625349,0.0,6.0,20,,,,0.126980390625,38400000.0,38400000.0,38400000.0,1920000.0,1920000.0,1920000.0,38400000.0,1920000.0,0.0,0.0,0.0,38400000.0,1920000.0,0.0,0.0,38400000.0,1920000.0
small,fp,fp,DAB_Block_6.DAB_Module_6_0.ca22.conv,conv1d,dense,accounting_mode:all-dense,20,"{""dense"": 20}","[[1, 1, 1, 16]]","[[1, 1, 1, 16]]",[1],1,320,320.0,69.86047399044037,69.86047399044037,120,0.0,2.7510249614715576,0,,,,0.375,960.0,960.0,960.0,48.0,48.0,48.0,960.0,48.0,0.0,0.0,0.0,960.0,48.0,0.0,0.0,960.0,48.0
small,fp,fp,DAB_Block_6.DAB_Module_6_0.conv1x1.conv,conv2d,dense,accounting_mode:all-dense,20,"{""dense"": 20}","[[1, 1, 16, 200, 200]]","[[1, 1, 32, 200, 200]]",[1],1,12800000,12800000.0,7829015.0,7829015.0,4093645,0.0,14.0,20,,,,0.319816015625,409600000.0,409600000.0,409600000.0,20480000.0,20480000.0,20480000.0,409600000.0,20480000.0,0.0,0.0,0.0,409600000.0,20480000.0,0.0,0.0,409600000.0,20480000.0
small,fp,fp,upsample_3.conv,conv_transpose2d,dense,accounting_mode:all-dense,20,"{""dense"": 20}","[[1, 1, 32, 200, 200]]","[[1, 1, 32, 400, 400]]",[1],1,25600000,25600000.0,24382451.0,24382451.0,14212361,0.0,10.0,20,,,,0.5551703515625,7372800000.0,7372800000.0,7372800000.0,368640000.0,368640000.0,368640000.0,7372800000.0,368640000.0,0.0,0.0,0.0,7372800000.0,368640000.0,0.0,0.0,7372800000.0,368640000.0
small,fp,fp,PA3.conv,conv2d,dense,accounting_mode:all-dense,0,{},[],[],[],1,0,0.0,0.0,0.0,0,,,0,,,,,0.0,0.0,0.0,0.0,0.0,0.0,0.0,0.0,0.0,0.0,0.0,0.0,0.0,0.0,0.0,0.0,0.0
small,fp,fp,LC1.dconv3x1,conv2d,dense,accounting_mode:all-dense,20,"{""dense"": 20}","[[1, 1, 64, 200, 200]]","[[1, 1, 32, 200, 200]]",[1],1,51200000,51200000.0,20128328.0,20128328.0,16395462,0.0,8.0,20,,,,0.3202238671875,4915200000.0,4915200000.0,4915200000.0,245760000.0,245760000.0,245760000.0,4915200000.0,245760000.0,0.0,0.0,0.0,4915200000.0,245760000.0,0.0,0.0,4915200000.0,245760000.0
small,fp,fp,LC1.dconv1x3,conv2d,dense,accounting_mode:all-dense,20,"{""dense"": 20}","[[1, 1, 32, 200, 200]]","[[1, 1, 32, 200, 200]]",[1],1,25600000,25600000.0,5508871.609375,5508871.609375,25600000,-3.261225461959839,4.081167697906494,0,,,,1.0,2457600000.0,2457600000.0,2457600000.0,122880000.0,122880000.0,122880000.0,2457600000.0,122880000.0,0.0,0.0,0.0,2457600000.0,122880000.0,0.0,0.0,2457600000.0,122880000.0
small,fp,fp,LC2.dconv3x1,conv2d,dense,accounting_mode:all-dense,20,"{""dense"": 20}","[[1, 1, 64, 100, 100]]","[[1, 1, 32, 100, 100]]",[1],1,12800000,12800000.0,3040918.0,3040918.0,2501931,0.0,8.0,20,,,,0.195463359375,1228800000.0,1228800000.0,1228800000.0,61440000.0,61440000.0,61440000.0,1228800000.0,61440000.0,0.0,0.0,0.0,1228800000.0,61440000.0,0.0,0.0,1228800000.0,61440000.0
small,fp,fp,LC2.dconv1x3,conv2d,dense,accounting_mode:all-dense,20,"{""dense"": 20}","[[1, 1, 32, 100, 100]]","[[1, 1, 32, 100, 100]]",[1],1,6400000,6400000.0,793179.7890625,793179.7890625,6400000,-4.423649787902832,3.2132163047790527,0,,,,1.0,614400000.0,614400000.0,614400000.0,30720000.0,30720000.0,30720000.0,614400000.0,30720000.0,0.0,0.0,0.0,614400000.0,30720000.0,0.0,0.0,614400000.0,30720000.0
small,fp,fp,LC3.dconv3x1,conv2d,dense,accounting_mode:all-dense,20,"{""dense"": 20}","[[1, 1, 32, 50, 50]]","[[1, 1, 16, 50, 50]]",[1],1,1600000,1600000.0,532228.0,532228.0,416035,0.0,8.0,20,,,,0.260021875,76800000.0,76800000.0,76800000.0,3840000.0,3840000.0,3840000.0,76800000.0,3840000.0,0.0,0.0,0.0,76800000.0,3840000.0,0.0,0.0,76800000.0,3840000.0
small,fp,fp,LC3.dconv1x3,conv2d,dense,accounting_mode:all-dense,20,"{""dense"": 20}","[[1, 1, 16, 50, 50]]","[[1, 1, 32, 50, 50]]",[1],1,800000,800000.0,127628.11279296875,127628.11279296875,800000,-3.1098084449768066,2.124267816543579,0,,,,1.0,76800000.0,76800000.0,76800000.0,3840000.0,3840000.0,3840000.0,76800000.0,3840000.0,0.0,0.0,0.0,76800000.0,3840000.0,0.0,0.0,76800000.0,3840000.0
small,fp,fp,final_conv,conv2d,dense,accounting_mode:all-dense,20,"{""dense"": 20}","[[1, 1, 32, 400, 400]]","[[1, 1, 32, 400, 400]]",[1],1,102400000,102400000.0,47248101.0,47248101.0,32451620,0.0,8.0,20,,,,0.3169103515625,29491200000.0,29491200000.0,29491200000.0,1474560000.0,1474560000.0,1474560000.0,29491200000.0,1474560000.0,0.0,0.0,0.0,29491200000.0,1474560000.0,0.0,0.0,29491200000.0,1474560000.0
small,fp,fp,classifier.0.conv,conv2d,dense,accounting_mode:all-dense,20,"{""dense"": 20}","[[1, 1, 32, 400, 400]]","[[1, 1, 6, 400, 400]]",[1],1,102400000,102400000.0,46463026.375,46463026.375,102400000,-13.466628074645996,15.638416290283203,0,,,,1.0,614400000.0,614400000.0,614400000.0,30720000.0,30720000.0,30720000.0,614400000.0,30720000.0,0.0,0.0,0.0,614400000.0,30720000.0,0.0,0.0,614400000.0,30720000.0
small,fp,fp,transformer1.atten.matmul,attention_matmul,dense,special:EffAttention,20,"{""dense"": 20}","[[1, 2500, 288]]","[[1, 2500, 288]]",[1],1,14400000,14400000.0,1962636.0625,1962636.0625,14400000,-0.9489485025405884,8.043004035949707,0,,,,1.0,9000000000.0,9000000000.0,9000000000.0,450000000.0,450000000.0,450000000.0,9000000000.0,450000000.0,0.0,0.0,0.0,9000000000.0,450000000.0,0.0,0.0,9000000000.0,450000000.0
small,qat,int4,init_conv.0.conv,conv2d,dense,accounting_mode:all-dense,20,"{""dense"": 20}","[[1, 1, 3, 400, 400]]","[[1, 1, 32, 400, 400]]",[1],1,9600000,9600000.0,7411175.6640625,7411175.6640625,9600000,-2.1179039478302,2.640000104904175,0,,,,1.0,2764800000.0,2764800000.0,2764800000.0,138240000.0,138240000.0,138240000.0,2764800000.0,138240000.0,0.0,0.0,0.0,2764800000.0,138240000.0,0.0,0.0,2764800000.0,138240000.0
small,qat,int4,init_conv.1.conv,conv2d,dense,accounting_mode:all-dense,20,"{""dense"": 20}","[[1, 1, 32, 400, 400]]","[[1, 1, 32, 400, 400]]",[1],1,102400000,102400000.0,38409380.0,38409380.0,27204283,0.0,8.0,20,,,,0.265666826171875,29491200000.0,29491200000.0,29491200000.0,1474560000.0,1474560000.0,1474560000.0,29491200000.0,1474560000.0,0.0,0.0,0.0,29491200000.0,1474560000.0,0.0,0.0,29491200000.0,1474560000.0
small,qat,int4,downsample_1.conv3x3.conv,conv2d,dense,accounting_mode:all-dense,20,"{""dense"": 20}","[[1, 1, 32, 400, 400]]","[[1, 1, 32, 200, 200]]",[1],1,102400000,102400000.0,32768884.5,32768884.5,102400000,-12.50981330871582,11.230420112609863,0,,,,1.0,7372800000.0,7372800000.0,7372800000.0,368640000.0,368640000.0,368640000.0,7372800000.0,368640000.0,0.0,0.0,0.0,7372800000.0,368640000.0,0.0,0.0,7372800000.0,368640000.0
small,qat,int4,downsample_1.conv,conv2d,dense,accounting_mode:all-dense,20,"{""dense"": 20}","[[1, 1, 32, 400, 400]]","[[1, 1, 32, 400, 400]]",[1],1,102400000,102400000.0,56565132.0,56565132.0,46267415,0.0,8.0,20,,,,0.451830224609375,29491200000.0,29491200000.0,29491200000.0,1474560000.0,1474560000.0,1474560000.0,29491200000.0,1474560000.0,0.0,0.0,0.0,29491200000.0,1474560000.0,0.0,0.0,29491200000.0,1474560000.0
small,qat,int4,DAB_Block_1.DAB_Module_1_0.conv1x1_in.conv,conv2d,dense,accounting_mode:all-dense,20,"{""dense"": 20}","[[1, 1, 64, 200, 200]]","[[1, 1, 32, 200, 200]]",[1],1,51200000,51200000.0,13984756.0,13984756.0,9095980,0.0,8.0,20,,,,0.177655859375,1638400000.0,1638400000.0,1638400000.0,81920000.0,81920000.0,81920000.0,1638400000.0,81920000.0,0.0,0.0,0.0,1638400000.0,81920000.0,0.0,0.0,1638400000.0,81920000.0
small,qat,int4,DAB_Block_1.DAB_Module_1_0.conv3x1.conv,conv2d,dense,accounting_mode:all-dense,20,"{""dense"": 20}","[[1, 1, 32, 200, 200]]","[[1, 1, 32, 200, 200]]",[1],1,25600000,25600000.0,4186779.0,4186779.0,4058893,0.0,6.0,20,,,,0.1585505078125,2457600000.0,2457600000.0,2457600000.0,122880000.0,122880000.0,122880000.0,2457600000.0,122880000.0,0.0,0.0,0.0,2457600000.0,122880000.0,0.0,0.0,2457600000.0,122880000.0
small,qat,int4,DAB_Block_1.DAB_Module_1_0.conv1x3.conv,conv2d,dense,accounting_mode:all-dense,20,"{""dense"": 20}","[[1, 1, 32, 200, 200]]","[[1, 1, 32, 200, 200]]",[1],1,25600000,25600000.0,3634439.0,3634439.0,3470249,0.0,6.0,20,,,,0.1355566015625,2457600000.0,2457600000.0,2457600000.0,122880000.0,122880000.0,122880000.0,2457600000.0,122880000.0,0.0,0.0,0.0,2457600000.0,122880000.0,0.0,0.0,2457600000.0,122880000.0
small,qat,int4,DAB_Block_1.DAB_Module_1_0.dconv3x1.conv,conv2d,dense,accounting_mode:all-dense,20,"{""dense"": 20}","[[1, 1, 32, 200, 200]]","[[1, 1, 32, 200, 200]]",[1],1,25600000,25600000.0,4558185.0,4558185.0,4150527,0.0,8.0,20,,,,0.1621299609375,76800000.0,76800000.0,76800000.0,3840000.0,3840000.0,3840000.0,76800000.0,3840000.0,0.0,0.0,0.0,76800000.0,3840000.0,0.0,0.0,76800000.0,3840000.0
small,qat,int4,DAB_Block_1.DAB_Module_1_0.dconv1x3.conv,conv2d,dense,accounting_mode:all-dense,20,"{""dense"": 20}","[[1, 1, 32, 200, 200]]","[[1, 1, 32, 200, 200]]",[1],1,25600000,25600000.0,608173.0,608173.0,486077,0.0,6.0,20,,,,0.0189873828125,76800000.0,76800000.0,76800000.0,3840000.0,3840000.0,3840000.0,76800000.0,3840000.0,0.0,0.0,0.0,76800000.0,3840000.0,0.0,0.0,76800000.0,3840000.0
small,qat,fp,DAB_Block_1.DAB_Module_1_0.ca11.conv,conv1d,dense,accounting_mode:all-dense,20,"{""dense"": 20}","[[1, 1, 1, 32]]","[[1, 1, 1, 32]]",[1],1,640,640.0,39.655573546886444,39.655573546886444,120,0.0,1.3348499536514282,0,,,,0.1875,1920.0,1920.0,1920.0,96.0,96.0,96.0,1920.0,96.0,0.0,0.0,0.0,1920.0,96.0,0.0,0.0,1920.0,96.0
small,qat,int4,DAB_Block_1.DAB_Module_1_0.ddconv3x1.conv,conv2d,dense,accounting_mode:all-dense,20,"{""dense"": 20}","[[1, 1, 32, 200, 200]]","[[1, 1, 32, 200, 200]]",[1],1,25600000,25600000.0,4558185.0,4558185.0,4150527,0.0,8.0,20,,,,0.1621299609375,76800000.0,76800000.0,76800000.0,3840000.0,3840000.0,3840000.0,76800000.0,3840000.0,0.0,0.0,0.0,76800000.0,3840000.0,0.0,0.0,76800000.0,3840000.0
small,qat,int4,DAB_Block_1.DAB_Module_1_0.ddconv1x3.conv,conv2d,dense,accounting_mode:all-dense,20,"{""dense"": 20}","[[1, 1, 32, 200, 200]]","[[1, 1, 32, 200, 200]]",[1],1,25600000,25600000.0,740485.0,740485.0,604263,0.0,5.0,20,,,,0.0236040234375,76800000.0,76800000.0,76800000.0,3840000.0,3840000.0,3840000.0,76800000.0,3840000.0,0.0,0.0,0.0,76800000.0,3840000.0,0.0,0.0,76800000.0,3840000.0
small,qat,fp,DAB_Block_1.DAB_Module_1_0.ca22.conv,conv1d,dense,accounting_mode:all-dense,20,"{""dense"": 20}","[[1, 1, 1, 32]]","[[1, 1, 1, 32]]",[1],1,640,640.0,54.60467255115509,54.60467255115509,100,0.0,2.403674840927124,0,,,,0.15625,1920.0,1920.0,1920.0,96.0,96.0,96.0,1920.0,96.0,0.0,0.0,0.0,1920.0,96.0,0.0,0.0,1920.0,96.0
small,qat,int4,DAB_Block_1.DAB_Module_1_0.conv1x1.conv,conv2d,dense,accounting_mode:all-dense,20,"{""dense"": 20}","[[1, 1, 32, 200, 200]]","[[1, 1, 64, 200, 200]]",[1],1,25600000,25600000.0,6142483.0,6142483.0,4706369,0.0,13.0,20,,,,0.1838425390625,1638400000.0,1638400000.0,1638400000.0,81920000.0,81920000.0,81920000.0,1638400000.0,81920000.0,0.0,0.0,0.0,1638400000.0,81920000.0,0.0,0.0,1638400000.0,81920000.0
small,qat,int4,downsample_2.conv3x3.conv,conv2d,dense,accounting_mode:all-dense,20,"{""dense"": 20}","[[1, 1, 64, 200, 200]]","[[1, 1, 64, 100, 100]]",[1],1,51200000,51200000.0,16395482.1875,16395482.1875,51200000,-16.01791763305664,13.449825286865234,0,,,,1.0,7372800000.0,7372800000.0,7372800000.0,368640000.0,368640000.0,368640000.0,7372800000.0,368640000.0,0.0,0.0,0.0,7372800000.0,368640000.0,0.0,0.0,7372800000.0,368640000.0
small,qat,int4,downsample_2.conv,conv2d,dense,accounting_mode:all-dense,20,"{""dense"": 20}","[[1, 1, 64, 200, 200]]","[[1, 1, 64, 200, 200]]",[1],1,51200000,51200000.0,15019585.0,15019585.0,12692313,0.0,7.0,20,,,,0.24789673828125,29491200000.0,29491200000.0,29491200000.0,1474560000.0,1474560000.0,1474560000.0,29491200000.0,1474560000.0,0.0,0.0,0.0,29491200000.0,1474560000.0,0.0,0.0,29491200000.0,1474560000.0
small,qat,int4,DAB_Block_2.DAB_Module_2_0.conv1x1_in.conv,conv2d,dense,accounting_mode:all-dense,20,"{""dense"": 20}","[[1, 1, 64, 100, 100]]","[[1, 1, 32, 100, 100]]",[1],1,12800000,12800000.0,2139570.0,2139570.0,1540884,0.0,8.0,20,,,,0.1203815625,409600000.0,409600000.0,409600000.0,20480000.0,20480000.0,20480000.0,409600000.0,20480000.0,0.0,0.0,0.0,409600000.0,20480000.0,0.0,0.0,409600000.0,20480000.0
small,qat,int4,DAB_Block_2.DAB_Module_2_0.conv3x1.conv,conv2d,dense,accounting_mode:all-dense,20,"{""dense"": 20}","[[1, 1, 32, 100, 100]]","[[1, 1, 32, 100, 100]]",[1],1,6400000,6400000.0,1829475.0,1829475.0,1649954,0.0,5.0,20,,,,0.2578053125,614400000.0,614400000.0,614400000.0,30720000.0,30720000.0,30720000.0,614400000.0,30720000.0,0.0,0.0,0.0,614400000.0,30720000.0,0.0,0.0,614400000.0,30720000.0
small,qat,int4,DAB_Block_2.DAB_Module_2_0.conv1x3.conv,conv2d,dense,accounting_mode:all-dense,20,"{""dense"": 20}","[[1, 1, 32, 100, 100]]","[[1, 1, 32, 100, 100]]",[1],1,6400000,6400000.0,1470182.0,1470182.0,1328979,0.0,6.0,20,,,,0.20765296875,614400000.0,614400000.0,614400000.0,30720000.0,30720000.0,30720000.0,614400000.0,30720000.0,0.0,0.0,0.0,614400000.0,30720000.0,0.0,0.0,614400000.0,30720000.0
small,qat,int4,DAB_Block_2.DAB_Module_2_0.dconv3x1.conv,conv2d,dense,accounting_mode:all-dense,20,"{""dense"": 20}","[[1, 1, 32, 100, 100]]","[[1, 1, 32, 100, 100]]",[1],1,6400000,6400000.0,1075581.0,1075581.0,933347,0.0,6.0,20,,,,0.14583546875,19200000.0,19200000.0,19200000.0,960000.0,960000.0,960000.0,19200000.0,960000.0,0.0,0.0,0.0,19200000.0,960000.0,0.0,0.0,19200000.0,960000.0
small,qat,int4,DAB_Block_2.DAB_Module_2_0.dconv1x3.conv,conv2d,dense,accounting_mode:all-dense,20,"{""dense"": 20}","[[1, 1, 32, 100, 100]]","[[1, 1, 32, 100, 100]]",[1],1,6400000,6400000.0,68032.0,68032.0,62651,0.0,5.0,20,,,,0.00978921875,19200000.0,19200000.0,19200000.0,960000.0,960000.0,960000.0,19200000.0,960000.0,0.0,0.0,0.0,19200000.0,960000.0,0.0,0.0,19200000.0,960000.0
small,qat,fp,DAB_Block_2.DAB_Module_2_0.ca11.conv,conv1d,dense,accounting_mode:all-dense,20,"{""dense"": 20}","[[1, 1, 1, 32]]","[[1, 1, 1, 32]]",[1],1,640,640.0,10.955999657511711,10.955999657511711,60,0.0,0.8134999871253967,0,,,,0.09375,1920.0,1920.0,1920.0,96.0,96.0,96.0,1920.0,96.0,0.0,0.0,0.0,1920.0,96.0,0.0,0.0,1920.0,96.0
small,qat,int4,DAB_Block_2.DAB_Module_2_0.ddconv3x1.conv,conv2d,dense,accounting_mode:all-dense,20,"{""dense"": 20}","[[1, 1, 32, 100, 100]]","[[1, 1, 32, 100, 100]]",[1],1,6400000,6400000.0,1075581.0,1075581.0,933347,0.0,6.0,20,,,,0.14583546875,19200000.0,19200000.0,19200000.0,960000.0,960000.0,960000.0,19200000.0,960000.0,0.0,0.0,0.0,19200000.0,960000.0,0.0,0.0,19200000.0,960000.0
small,qat,int4,DAB_Block_2.DAB_Module_2_0.ddconv1x3.conv,conv2d,dense,accounting_mode:all-dense,20,"{""dense"": 20}","[[1, 1, 32, 100, 100]]","[[1, 1, 32, 100, 100]]",[1],1,6400000,6400000.0,333784.0,333784.0,261020,0.0,8.0,20,,,,0.040784375,19200000.0,19200000.0,19200000.0,960000.0,960000.0,960000.0,19200000.0,960000.0,0.0,0.0,0.0,19200000.0,960000.0,0.0,0.0,19200000.0,960000.0
small,qat,fp,DAB_Block_2.DAB_Module_2_0.ca22.conv,conv1d,dense,accounting_mode:all-dense,20,"{""dense"": 20}","[[1, 1, 1, 32]]","[[1, 1, 1, 32]]",[1],1,640,640.0,81.84239768981934,81.84239768981934,180,0.0,1.3143999576568604,0,,,,0.28125,1920.0,1920.0,1920.0,96.0,96.0,96.0,1920.0,96.0,0.0,0.0,0.0,1920.0,96.0,0.0,0.0,1920.0,96.0
small,qat,int4,DAB_Block_2.DAB_Module_2_0.conv1x1.conv,conv2d,dense,accounting_mode:all-dense,20,"{""dense"": 20}","[[1, 1, 32, 100, 100]]","[[1, 1, 64, 100, 100]]",[1],1,6400000,6400000.0,1789475.0,1789475.0,1239462,0.0,11.0,20,,,,0.1936659375,409600000.0,409600000.0,409600000.0,20480000.0,20480000.0,20480000.0,409600000.0,20480000.0,0.0,0.0,0.0,409600000.0,20480000.0,0.0,0.0,409600000.0,20480000.0
small,qat,int4,downsample_3.conv3x3.conv,conv2d,dense,accounting_mode:all-dense,20,"{""dense"": 20}","[[1, 1, 64, 100, 100]]","[[1, 1, 32, 50, 50]]",[1],1,12800000,12800000.0,2672392.8671875,2672392.8671875,12800000,-15.3208589553833,11.263082504272461,0,,,,1.0,921600000.0,921600000.0,921600000.0,46080000.0,46080000.0,46080000.0,921600000.0,46080000.0,0.0,0.0,0.0,921600000.0,46080000.0,0.0,0.0,921600000.0,46080000.0
small,qat,int4,downsample_3.conv,conv2d,dense,accounting_mode:all-dense,20,"{""dense"": 20}","[[1, 1, 64, 100, 100]]","[[1, 1, 64, 100, 100]]",[1],1,12800000,12800000.0,2228057.0,2228057.0,1904049,0.0,8.0,20,,,,0.148753828125,7372800000.0,7372800000.0,7372800000.0,368640000.0,368640000.0,368640000.0,7372800000.0,368640000.0,0.0,0.0,0.0,7372800000.0,368640000.0,0.0,0.0,7372800000.0,368640000.0
small,qat,int4,DAB_Block_3.DAB_Module_3_0.conv1x1_in.conv,conv2d,dense,accounting_mode:all-dense,20,"{""dense"": 20}","[[1, 1, 32, 50, 50]]","[[1, 1, 16, 50, 50]]",[1],1,1600000,1600000.0,558589.0,558589.0,325582,0.0,8.0,20,,,,0.20348875,25600000.0,25600000.0,25600000.0,1280000.0,1280000.0,1280000.0,25600000.0,1280000.0,0.0,0.0,0.0,25600000.0,1280000.0,0.0,0.0,25600000.0,1280000.0
small,qat,int4,DAB_Block_3.DAB_Module_3_0.conv3x1.conv,conv2d,dense,accounting_mode:all-dense,20,"{""dense"": 20}","[[1, 1, 16, 50, 50]]","[[1, 1, 16, 50, 50]]",[1],1,800000,800000.0,348341.0,348341.0,288794,0.0,7.0,20,,,,0.3609925,38400000.0,38400000.0,38400000.0,1920000.0,1920000.0,1920000.0,38400000.0,1920000.0,0.0,0.0,0.0,38400000.0,1920000.0,0.0,0.0,38400000.0,1920000.0
small,qat,int4,DAB_Block_3.DAB_Module_3_0.conv1x3.conv,conv2d,dense,accounting_mode:all-dense,20,"{""dense"": 20}","[[1, 1, 16, 50, 50]]","[[1, 1, 16, 50, 50]]",[1],1,800000,800000.0,239022.0,239022.0,200985,0.0,6.0,20,,,,0.25123125,38400000.0,38400000.0,38400000.0,1920000.0,1920000.0,1920000.0,38400000.0,1920000.0,0.0,0.0,0.0,38400000.0,1920000.0,0.0,0.0,38400000.0,1920000.0
small,qat,int4,DAB_Block_3.DAB_Module_3_0.dconv3x1.conv,conv2d,dense,accounting_mode:all-dense,20,"{""dense"": 20}","[[1, 1, 16, 50, 50]]","[[1, 1, 16, 50, 50]]",[1],1,800000,800000.0,288686.0,288686.0,205309,0.0,8.0,20,,,,0.25663625,2400000.0,2400000.0,2400000.0,120000.0,120000.0,120000.0,2400000.0,120000.0,0.0,0.0,0.0,2400000.0,120000.0,0.0,0.0,2400000.0,120000.0
small,qat,int4,DAB_Block_3.DAB_Module_3_0.dconv1x3.conv,conv2d,dense,accounting_mode:all-dense,20,"{""dense"": 20}","[[1, 1, 16, 50, 50]]","[[1, 1, 16, 50, 50]]",[1],1,800000,800000.0,11611.0,11611.0,7856,0.0,5.0,20,,,,0.00982,2400000.0,2400000.0,2400000.0,120000.0,120000.0,120000.0,2400000.0,120000.0,0.0,0.0,0.0,2400000.0,120000.0,0.0,0.0,2400000.0,120000.0
small,qat,fp,DAB_Block_3.DAB_Module_3_0.ca11.conv,conv1d,dense,accounting_mode:all-dense,20,"{""dense"": 20}","[[1, 1, 1, 16]]","[[1, 1, 1, 16]]",[1],1,320,320.0,10.923199735581875,10.923199735581875,20,0.0,1.765199899673462,0,,,,0.0625,960.0,960.0,960.0,48.0,48.0,48.0,960.0,48.0,0.0,0.0,0.0,960.0,48.0,0.0,0.0,960.0,48.0
small,qat,int4,DAB_Block_3.DAB_Module_3_0.ddconv3x1.conv,conv2d,dense,accounting_mode:all-dense,20,"{""dense"": 20}","[[1, 1, 16, 50, 50]]","[[1, 1, 16, 50, 50]]",[1],1,800000,800000.0,288686.0,288686.0,205309,0.0,8.0,20,,,,0.25663625,2400000.0,2400000.0,2400000.0,120000.0,120000.0,120000.0,2400000.0,120000.0,0.0,0.0,0.0,2400000.0,120000.0,0.0,0.0,2400000.0,120000.0
small,qat,int4,DAB_Block_3.DAB_Module_3_0.ddconv1x3.conv,conv2d,dense,accounting_mode:all-dense,20,"{""dense"": 20}","[[1, 1, 16, 50, 50]]","[[1, 1, 16, 50, 50]]",[1],1,800000,800000.0,38165.0,38165.0,26199,0.0,6.0,20,,,,0.03274875,2400000.0,2400000.0,2400000.0,120000.0,120000.0,120000.0,2400000.0,120000.0,0.0,0.0,0.0,2400000.0,120000.0,0.0,0.0,2400000.0,120000.0
small,qat,fp,DAB_Block_3.DAB_Module_3_0.ca22.conv,conv1d,dense,accounting_mode:all-dense,20,"{""dense"": 20}","[[1, 1, 1, 16]]","[[1, 1, 1, 16]]",[1],1,320,320.0,38.99359941482544,38.99359941482544,80,0.0,1.573199987411499,0,,,,0.25,960.0,960.0,960.0,48.0,48.0,48.0,960.0,48.0,0.0,0.0,0.0,960.0,48.0,0.0,0.0,960.0,48.0
small,qat,int4,DAB_Block_3.DAB_Module_3_0.conv1x1.conv,conv2d,dense,accounting_mode:all-dense,20,"{""dense"": 20}","[[1, 1, 16, 50, 50]]","[[1, 1, 32, 50, 50]]",[1],1,800000,800000.0,379539.0,379539.0,230912,0.0,11.0,20,,,,0.28864,25600000.0,25600000.0,25600000.0,1280000.0,1280000.0,1280000.0,25600000.0,1280000.0,0.0,0.0,0.0,25600000.0,1280000.0,0.0,0.0,25600000.0,1280000.0
small,qat,int4,transformer1.atten.reduce,linear,dense,accounting_mode:all-dense,20,"{""dense"": 20}","[[1, 2500, 288]]","[[1, 2500, 144]]",[1],1,14400000,14400000.0,2259840.0703125,2259840.0703125,14399922,-3.985614776611328,7.736293792724609,0,,,,0.9999945833333334,2073600000.0,2073600000.0,2073600000.0,103680000.0,103680000.0,103680000.0,2073600000.0,103680000.0,0.0,0.0,0.0,2073600000.0,103680000.0,0.0,0.0,2073600000.0,103680000.0
small,qat,int4,transformer1.atten.qkv,linear,dense,accounting_mode:all-dense,20,"{""dense"": 20}","[[1, 2500, 144]]","[[1, 2500, 432]]",[1],1,7200000,7200000.0,2198004.3984375,2198004.3984375,2849979,-10.434539794921875,10.037691116333008,0,,,,0.3958304166666667,3110400000.0,3110400000.0,3110400000.0,155520000.0,155520000.0,155520000.0,3110400000.0,155520000.0,0.0,0.0,0.0,3110400000.0,155520000.0,0.0,0.0,3110400000.0,155520000.0
small,qat,int4,transformer1.atten.proj,linear,dense,accounting_mode:all-dense,20,"{""dense"": 20}","[[1, 2500, 144]]","[[1, 2500, 288]]",[1],1,7200000,7200000.0,2413726.5859375,2413726.5859375,1750000,-16.206151962280273,14.803665161132812,0,,,,0.24305555555555555,2073600000.0,2073600000.0,2073600000.0,103680000.0,103680000.0,103680000.0,2073600000.0,103680000.0,0.0,0.0,0.0,2073600000.0,103680000.0,0.0,0.0,2073600000.0,103680000.0
small,qat,int4,transformer1.mlp.fc1,linear,dense,accounting_mode:all-dense,20,"{""dense"": 20}","[[1, 2500, 288]]","[[1, 2500, 72]]",[1],1,14400000,14400000.0,4.275030651723765e-34,4.275030651723765e-34,14399924,-2.856743101311145e-40,3.2240794807492526e-40,20,,,,0.9999947222222222,1036800000.0,1036800000.0,1036800000.0,51840000.0,51840000.0,51840000.0,1036800000.0,51840000.0,0.0,0.0,0.0,1036800000.0,51840000.0,0.0,0.0,1036800000.0,51840000.0
small,qat,int4,transformer1.mlp.fc2,linear,dense,accounting_mode:all-dense,20,"{""dense"": 20}","[[1, 2500, 72]]","[[1, 2500, 288]]",[1],1,3600000,3600000.0,1.136105532548274e-34,1.136105532548274e-34,2200000,0.0,6.305843089461677e-41,20,,,,0.6111111111111112,1036800000.0,1036800000.0,1036800000.0,51840000.0,51840000.0,51840000.0,1036800000.0,51840000.0,0.0,0.0,0.0,1036800000.0,51840000.0,0.0,0.0,1036800000.0,51840000.0
small,qat,int4,DAB_Block_4.DAB_Module_4_0.conv1x1_in.conv,conv2d,dense,accounting_mode:all-dense,20,"{""dense"": 20}","[[1, 1, 32, 50, 50]]","[[1, 1, 16, 50, 50]]",[1],1,1600000,1600000.0,6327547.265625,6327547.265625,1600000,-53.76547622680664,59.91217041015625,0,,,,1.0,25600000.0,25600000.0,25600000.0,1280000.0,1280000.0,1280000.0,25600000.0,1280000.0,0.0,0.0,0.0,25600000.0,1280000.0,0.0,0.0,25600000.0,1280000.0
small,qat,int4,DAB_Block_4.DAB_Module_4_0.conv3x1.conv,conv2d,dense,accounting_mode:all-dense,20,"{""dense"": 20}","[[1, 1, 16, 50, 50]]","[[1, 1, 16, 50, 50]]",[1],1,800000,800000.0,0.0,0.0,0,0.0,0.0,20,,,,0.0,38400000.0,38400000.0,38400000.0,1920000.0,1920000.0,1920000.0,38400000.0,1920000.0,0.0,0.0,0.0,38400000.0,1920000.0,0.0,0.0,38400000.0,1920000.0
small,qat,int4,DAB_Block_4.DAB_Module_4_0.conv1x3.conv,conv2d,dense,accounting_mode:all-dense,20,"{""dense"": 20}","[[1, 1, 16, 50, 50]]","[[1, 1, 16, 50, 50]]",[1],1,800000,800000.0,0.0,0.0,0,0.0,0.0,20,,,,0.0,38400000.0,38400000.0,38400000.0,1920000.0,1920000.0,1920000.0,38400000.0,1920000.0,0.0,0.0,0.0,38400000.0,1920000.0,0.0,0.0,38400000.0,1920000.0
small,qat,int4,DAB_Block_4.DAB_Module_4_0.dconv3x1.conv,conv2d,dense,accounting_mode:all-dense,20,"{""dense"": 20}","[[1, 1, 16, 50, 50]]","[[1, 1, 16, 50, 50]]",[1],1,800000,800000.0,0.0,0.0,0,0.0,0.0,20,,,,0.0,2400000.0,2400000.0,2400000.0,120000.0,120000.0,120000.0,2400000.0,120000.0,0.0,0.0,0.0,2400000.0,120000.0,0.0,0.0,2400000.0,120000.0
small,qat,int4,DAB_Block_4.DAB_Module_4_0.dconv1x3.conv,conv2d,dense,accounting_mode:all-dense,20,"{""dense"": 20}","[[1, 1, 16, 50, 50]]","[[1, 1, 16, 50, 50]]",[1],1,800000,800000.0,0.0,0.0,0,0.0,0.0,20,,,,0.0,2400000.0,2400000.0,2400000.0,120000.0,120000.0,120000.0,2400000.0,120000.0,0.0,0.0,0.0,2400000.0,120000.0,0.0,0.0,2400000.0,120000.0
small,qat,fp,DAB_Block_4.DAB_Module_4_0.ca11.conv,conv1d,dense,accounting_mode:all-dense,20,"{""dense"": 20}","[[1, 1, 1, 16]]","[[1, 1, 1, 16]]",[1],1,320,320.0,0.0,0.0,0,0.0,0.0,20,,,,0.0,960.0,960.0,960.0,48.0,48.0,48.0,960.0,48.0,0.0,0.0,0.0,960.0,48.0,0.0,0.0,960.0,48.0
small,qat,int4,DAB_Block_4.DAB_Module_4_0.ddconv3x1.conv,conv2d,dense,accounting_mode:all-dense,20,"{""dense"": 20}","[[1, 1, 16, 50, 50]]","[[1, 1, 16, 50, 50]]",[1],1,800000,800000.0,0.0,0.0,0,0.0,0.0,20,,,,0.0,2400000.0,2400000.0,2400000.0,120000.0,120000.0,120000.0,2400000.0,120000.0,0.0,0.0,0.0,2400000.0,120000.0,0.0,0.0,2400000.0,120000.0
small,qat,int4,DAB_Block_4.DAB_Module_4_0.ddconv1x3.conv,conv2d,dense,accounting_mode:all-dense,20,"{""dense"": 20}","[[1, 1, 16, 50, 50]]","[[1, 1, 16, 50, 50]]",[1],1,800000,800000.0,0.0,0.0,0,0.0,0.0,20,,,,0.0,2400000.0,2400000.0,2400000.0,120000.0,120000.0,120000.0,2400000.0,120000.0,0.0,0.0,0.0,2400000.0,120000.0,0.0,0.0,2400000.0,120000.0
small,qat,fp,DAB_Block_4.DAB_Module_4_0.ca22.conv,conv1d,dense,accounting_mode:all-dense,20,"{""dense"": 20}","[[1, 1, 1, 16]]","[[1, 1, 1, 16]]",[1],1,320,320.0,0.0,0.0,0,0.0,0.0,20,,,,0.0,960.0,960.0,960.0,48.0,48.0,48.0,960.0,48.0,0.0,0.0,0.0,960.0,48.0,0.0,0.0,960.0,48.0
small,qat,int4,DAB_Block_4.DAB_Module_4_0.conv1x1.conv,conv2d,dense,accounting_mode:all-dense,20,"{""dense"": 20}","[[1, 1, 16, 50, 50]]","[[1, 1, 32, 50, 50]]",[1],1,800000,800000.0,0.0,0.0,0,0.0,0.0,20,,,,0.0,25600000.0,25600000.0,25600000.0,1280000.0,1280000.0,1280000.0,25600000.0,1280000.0,0.0,0.0,0.0,25600000.0,1280000.0,0.0,0.0,25600000.0,1280000.0
small,qat,int4,upsample_1.conv,conv_transpose2d,dense,accounting_mode:all-dense,20,"{""dense"": 20}","[[1, 1, 32, 50, 50]]","[[1, 1, 32, 100, 100]]",[1],1,1600000,1600000.0,1252252.0,1252252.0,715931,0.0,9.0,20,,,,0.447456875,460800000.0,460800000.0,460800000.0,23040000.0,23040000.0,23040000.0,460800000.0,23040000.0,0.0,0.0,0.0,460800000.0,23040000.0,0.0,0.0,460800000.0,23040000.0
small,qat,int4,DAB_Block_5.DAB_Module_5_0.conv1x1_in.conv,conv2d,dense,accounting_mode:all-dense,20,"{""dense"": 20}","[[1, 1, 32, 100, 100]]","[[1, 1, 16, 100, 100]]",[1],1,6400000,6400000.0,2576915.0,2576915.0,2215570,0.0,8.0,20,,,,0.3461828125,102400000.0,102400000.0,102400000.0,5120000.0,5120000.0,5120000.0,102400000.0,5120000.0,0.0,0.0,0.0,102400000.0,5120000.0,0.0,0.0,102400000.0,5120000.0
small,qat,int4,DAB_Block_5.DAB_Module_5_0.conv3x1.conv,conv2d,dense,accounting_mode:all-dense,20,"{""dense"": 20}","[[1, 1, 16, 100, 100]]","[[1, 1, 16, 100, 100]]",[1],1,3200000,3200000.0,771927.0,771927.0,652307,0.0,6.0,20,,,,0.2038459375,153600000.0,153600000.0,153600000.0,7680000.0,7680000.0,7680000.0,153600000.0,7680000.0,0.0,0.0,0.0,153600000.0,7680000.0,0.0,0.0,153600000.0,7680000.0
small,qat,int4,DAB_Block_5.DAB_Module_5_0.conv1x3.conv,conv2d,dense,accounting_mode:all-dense,20,"{""dense"": 20}","[[1, 1, 16, 100, 100]]","[[1, 1, 16, 100, 100]]",[1],1,3200000,3200000.0,594462.0,594462.0,526616,0.0,8.0,20,,,,0.1645675,153600000.0,153600000.0,153600000.0,7680000.0,7680000.0,7680000.0,153600000.0,7680000.0,0.0,0.0,0.0,153600000.0,7680000.0,0.0,0.0,153600000.0,7680000.0
small,qat,int4,DAB_Block_5.DAB_Module_5_0.dconv3x1.conv,conv2d,dense,accounting_mode:all-dense,20,"{""dense"": 20}","[[1, 1, 16, 100, 100]]","[[1, 1, 16, 100, 100]]",[1],1,3200000,3200000.0,602852.0,602852.0,475732,0.0,8.0,20,,,,0.14866625,9600000.0,9600000.0,9600000.0,480000.0,480000.0,480000.0,9600000.0,480000.0,0.0,0.0,0.0,9600000.0,480000.0,0.0,0.0,9600000.0,480000.0
small,qat,int4,DAB_Block_5.DAB_Module_5_0.dconv1x3.conv,conv2d,dense,accounting_mode:all-dense,20,"{""dense"": 20}","[[1, 1, 16, 100, 100]]","[[1, 1, 16, 100, 100]]",[1],1,3200000,3200000.0,0.0,0.0,0,0.0,0.0,20,,,,0.0,9600000.0,9600000.0,9600000.0,480000.0,480000.0,480000.0,9600000.0,480000.0,0.0,0.0,0.0,9600000.0,480000.0,0.0,0.0,9600000.0,480000.0
small,qat,fp,DAB_Block_5.DAB_Module_5_0.ca11.conv,conv1d,dense,accounting_mode:all-dense,20,"{""dense"": 20}","[[1, 1, 1, 16]]","[[1, 1, 1, 16]]",[1],1,320,320.0,0.0,0.0,0,0.0,0.0,20,,,,0.0,960.0,960.0,960.0,48.0,48.0,48.0,960.0,48.0,0.0,0.0,0.0,960.0,48.0,0.0,0.0,960.0,48.0
small,qat,int4,DAB_Block_5.DAB_Module_5_0.ddconv3x1.conv,conv2d,dense,accounting_mode:all-dense,20,"{""dense"": 20}","[[1, 1, 16, 100, 100]]","[[1, 1, 16, 100, 100]]",[1],1,3200000,3200000.0,602852.0,602852.0,475732,0.0,8.0,20,,,,0.14866625,9600000.0,9600000.0,9600000.0,480000.0,480000.0,480000.0,9600000.0,480000.0,0.0,0.0,0.0,9600000.0,480000.0,0.0,0.0,9600000.0,480000.0
small,qat,int4,DAB_Block_5.DAB_Module_5_0.ddconv1x3.conv,conv2d,dense,accounting_mode:all-dense,20,"{""dense"": 20}","[[1, 1, 16, 100, 100]]","[[1, 1, 16, 100, 100]]",[1],1,3200000,3200000.0,683056.0,683056.0,468747,0.0,8.0,20,,,,0.1464834375,9600000.0,9600000.0,9600000.0,480000.0,480000.0,480000.0,9600000.0,480000.0,0.0,0.0,0.0,9600000.0,480000.0,0.0,0.0,9600000.0,480000.0
small,qat,fp,DAB_Block_5.DAB_Module_5_0.ca22.conv,conv1d,dense,accounting_mode:all-dense,20,"{""dense"": 20}","[[1, 1, 1, 16]]","[[1, 1, 1, 16]]",[1],1,320,320.0,177.92439794540405,177.92439794540405,140,0.0,4.962399959564209,0,,,,0.4375,960.0,960.0,960.0,48.0,48.0,48.0,960.0,48.0,0.0,0.0,0.0,960.0,48.0,0.0,0.0,960.0,48.0
small,qat,int4,DAB_Block_5.DAB_Module_5_0.conv1x1.conv,conv2d,dense,accounting_mode:all-dense,20,"{""dense"": 20}","[[1, 1, 16, 100, 100]]","[[1, 1, 32, 100, 100]]",[1],1,3200000,3200000.0,1681471.0,1681471.0,831351,0.0,15.0,20,,,,0.2597971875,102400000.0,102400000.0,102400000.0,5120000.0,5120000.0,5120000.0,102400000.0,5120000.0,0.0,0.0,0.0,102400000.0,5120000.0,0.0,0.0,102400000.0,5120000.0
small,qat,int4,upsample_2.conv,conv_transpose2d,dense,accounting_mode:all-dense,20,"{""dense"": 20}","[[1, 1, 32, 100, 100]]","[[1, 1, 32, 200, 200]]",[1],1,6400000,6400000.0,5464025.0,5464025.0,3074943,0.0,10.0,20,,,,0.48045984375,1843200000.0,1843200000.0,1843200000.0,92160000.0,92160000.0,92160000.0,1843200000.0,92160000.0,0.0,0.0,0.0,1843200000.0,92160000.0,0.0,0.0,1843200000.0,92160000.0
small,qat,int4,DAB_Block_6.DAB_Module_6_0.conv1x1_in.conv,conv2d,dense,accounting_mode:all-dense,20,"{""dense"": 20}","[[1, 1, 32, 200, 200]]","[[1, 1, 16, 200, 200]]",[1],1,25600000,25600000.0,10223584.0,10223584.0,8775784,0.0,7.0,20,,,,0.3428040625,409600000.0,409600000.0,409600000.0,20480000.0,20480000.0,20480000.0,409600000.0,20480000.0,0.0,0.0,0.0,409600000.0,20480000.0,0.0,0.0,409600000.0,20480000.0
small,qat,int4,DAB_Block_6.DAB_Module_6_0.conv3x1.conv,conv2d,dense,accounting_mode:all-dense,20,"{""dense"": 20}","[[1, 1, 16, 200, 200]]","[[1, 1, 16, 200, 200]]",[1],1,12800000,12800000.0,4827599.0,4827599.0,4071440,0.0,5.0,20,,,,0.31808125,614400000.0,614400000.0,614400000.0,30720000.0,30720000.0,30720000.0,614400000.0,30720000.0,0.0,0.0,0.0,614400000.0,30720000.0,0.0,0.0,614400000.0,30720000.0
small,qat,int4,DAB_Block_6.DAB_Module_6_0.conv1x3.conv,conv2d,dense,accounting_mode:all-dense,20,"{""dense"": 20}","[[1, 1, 16, 200, 200]]","[[1, 1, 16, 200, 200]]",[1],1,12800000,12800000.0,4370603.0,4370603.0,3612609,0.0,6.0,20,,,,0.282235078125,614400000.0,614400000.0,614400000.0,30720000.0,30720000.0,30720000.0,614400000.0,30720000.0,0.0,0.0,0.0,614400000.0,30720000.0,0.0,0.0,614400000.0,30720000.0
small,qat,int4,DAB_Block_6.DAB_Module_6_0.dconv3x1.conv,conv2d,dense,accounting_mode:all-dense,20,"{""dense"": 20}","[[1, 1, 16, 200, 200]]","[[1, 1, 16, 200, 200]]",[1],1,12800000,12800000.0,5108814.0,5108814.0,3714615,0.0,8.0,20,,,,0.290204296875,38400000.0,38400000.0,38400000.0,1920000.0,1920000.0,1920000.0,38400000.0,1920000.0,0.0,0.0,0.0,38400000.0,1920000.0,0.0,0.0,38400000.0,1920000.0
small,qat,int4,DAB_Block_6.DAB_Module_6_0.dconv1x3.conv,conv2d,dense,accounting_mode:all-dense,20,"{""dense"": 20}","[[1, 1, 16, 200, 200]]","[[1, 1, 16, 200, 200]]",[1],1,12800000,12800000.0,1688499.0,1688499.0,1163386,0.0,5.0,20,,,,0.09088953125,38400000.0,38400000.0,38400000.0,1920000.0,1920000.0,1920000.0,38400000.0,1920000.0,0.0,0.0,0.0,38400000.0,1920000.0,0.0,0.0,38400000.0,1920000.0
small,qat,fp,DAB_Block_6.DAB_Module_6_0.ca11.conv,conv1d,dense,accounting_mode:all-dense,20,"{""dense"": 20}","[[1, 1, 1, 16]]","[[1, 1, 1, 16]]",[1],1,320,320.0,135.2078709602356,135.2078709602356,100,0.0,4.497299671173096,0,,,,0.3125,960.0,960.0,960.0,48.0,48.0,48.0,960.0,48.0,0.0,0.0,0.0,960.0,48.0,0.0,0.0,960.0,48.0
small,qat,int4,DAB_Block_6.DAB_Module_6_0.ddconv3x1.conv,conv2d,dense,accounting_mode:all-dense,20,"{""dense"": 20}","[[1, 1, 16, 200, 200]]","[[1, 1, 16, 200, 200]]",[1],1,12800000,12800000.0,5108814.0,5108814.0,3714615,0.0,8.0,20,,,,0.290204296875,38400000.0,38400000.0,38400000.0,1920000.0,1920000.0,1920000.0,38400000.0,1920000.0,0.0,0.0,0.0,38400000.0,1920000.0,0.0,0.0,38400000.0,1920000.0
small,qat,int4,DAB_Block_6.DAB_Module_6_0.ddconv1x3.conv,conv2d,dense,accounting_mode:all-dense,20,"{""dense"": 20}","[[1, 1, 16, 200, 200]]","[[1, 1, 16, 200, 200]]",[1],1,12800000,12800000.0,2493466.0,2493466.0,1617147,0.0,8.0,20,,,,0.126339609375,38400000.0,38400000.0,38400000.0,1920000.0,1920000.0,1920000.0,38400000.0,1920000.0,0.0,0.0,0.0,38400000.0,1920000.0,0.0,0.0,38400000.0,1920000.0
small,qat,fp,DAB_Block_6.DAB_Module_6_0.ca22.conv,conv1d,dense,accounting_mode:all-dense,20,"{""dense"": 20}","[[1, 1, 1, 16]]","[[1, 1, 1, 16]]",[1],1,320,320.0,261.51006412506104,261.51006412506104,160,0.0,6.070799827575684,0,,,,0.5,960.0,960.0,960.0,48.0,48.0,48.0,960.0,48.0,0.0,0.0,0.0,960.0,48.0,0.0,0.0,960.0,48.0
small,qat,int4,DAB_Block_6.DAB_Module_6_0.conv1x1.conv,conv2d,dense,accounting_mode:all-dense,20,"{""dense"": 20}","[[1, 1, 16, 200, 200]]","[[1, 1, 32, 200, 200]]",[1],1,12800000,12800000.0,14434117.0,14434117.0,6165256,0.0,16.0,20,,,,0.481660625,409600000.0,409600000.0,409600000.0,20480000.0,20480000.0,20480000.0,409600000.0,20480000.0,0.0,0.0,0.0,409600000.0,20480000.0,0.0,0.0,409600000.0,20480000.0
small,qat,int4,upsample_3.conv,conv_transpose2d,dense,accounting_mode:all-dense,20,"{""dense"": 20}","[[1, 1, 32, 200, 200]]","[[1, 1, 32, 400, 400]]",[1],1,25600000,25600000.0,34747054.0,34747054.0,16080518,0.0,11.0,20,,,,0.628145234375,7372800000.0,7372800000.0,7372800000.0,368640000.0,368640000.0,368640000.0,7372800000.0,368640000.0,0.0,0.0,0.0,7372800000.0,368640000.0,0.0,0.0,7372800000.0,368640000.0
small,qat,int4,PA3.conv,conv2d,dense,accounting_mode:all-dense,0,{},[],[],[],1,0,0.0,0.0,0.0,0,,,0,,,,,0.0,0.0,0.0,0.0,0.0,0.0,0.0,0.0,0.0,0.0,0.0,0.0,0.0,0.0,0.0,0.0,0.0
small,qat,int4,LC1.dconv3x1,conv2d,dense,accounting_mode:all-dense,20,"{""dense"": 20}","[[1, 1, 64, 200, 200]]","[[1, 1, 32, 200, 200]]",[1],1,51200000,51200000.0,15019585.0,15019585.0,12692313,0.0,7.0,20,,,,0.24789673828125,4915200000.0,4915200000.0,4915200000.0,245760000.0,245760000.0,245760000.0,4915200000.0,245760000.0,0.0,0.0,0.0,4915200000.0,245760000.0,0.0,0.0,4915200000.0,245760000.0
small,qat,int4,LC1.dconv1x3,conv2d,dense,accounting_mode:all-dense,20,"{""dense"": 20}","[[1, 1, 32, 200, 200]]","[[1, 1, 32, 200, 200]]",[1],1,25600000,25600000.0,9104355.09375,9104355.09375,25600000,-8.895482063293457,11.512639045715332,0,,,,1.0,2457600000.0,2457600000.0,2457600000.0,122880000.0,122880000.0,122880000.0,2457600000.0,122880000.0,0.0,0.0,0.0,2457600000.0,122880000.0,0.0,0.0,2457600000.0,122880000.0
small,qat,int4,LC2.dconv3x1,conv2d,dense,accounting_mode:all-dense,20,"{""dense"": 20}","[[1, 1, 64, 100, 100]]","[[1, 1, 32, 100, 100]]",[1],1,12800000,12800000.0,2228057.0,2228057.0,1904049,0.0,8.0,20,,,,0.148753828125,1228800000.0,1228800000.0,1228800000.0,61440000.0,61440000.0,61440000.0,1228800000.0,61440000.0,0.0,0.0,0.0,1228800000.0,61440000.0,0.0,0.0,1228800000.0,61440000.0
small,qat,int4,LC2.dconv1x3,conv2d,dense,accounting_mode:all-dense,20,"{""dense"": 20}","[[1, 1, 32, 100, 100]]","[[1, 1, 32, 100, 100]]",[1],1,6400000,6400000.0,749421.974609375,749421.974609375,6400000,-4.623142719268799,3.992323637008667,0,,,,1.0,614400000.0,614400000.0,614400000.0,30720000.0,30720000.0,30720000.0,614400000.0,30720000.0,0.0,0.0,0.0,614400000.0,30720000.0,0.0,0.0,614400000.0,30720000.0
small,qat,int4,LC3.dconv3x1,conv2d,dense,accounting_mode:all-dense,20,"{""dense"": 20}","[[1, 1, 32, 50, 50]]","[[1, 1, 16, 50, 50]]",[1],1,1600000,1600000.0,460147.0,460147.0,373659,0.0,6.0,20,,,,0.233536875,76800000.0,76800000.0,76800000.0,3840000.0,3840000.0,3840000.0,76800000.0,3840000.0,0.0,0.0,0.0,76800000.0,3840000.0,0.0,0.0,76800000.0,3840000.0
small,qat,int4,LC3.dconv1x3,conv2d,dense,accounting_mode:all-dense,20,"{""dense"": 20}","[[1, 1, 16, 50, 50]]","[[1, 1, 32, 50, 50]]",[1],1,800000,800000.0,189926.2900390625,189926.2900390625,800000,-5.096462249755859,4.226487636566162,0,,,,1.0,76800000.0,76800000.0,76800000.0,3840000.0,3840000.0,3840000.0,76800000.0,3840000.0,0.0,0.0,0.0,76800000.0,3840000.0,0.0,0.0,76800000.0,3840000.0
small,qat,int4,final_conv,conv2d,dense,accounting_mode:all-dense,20,"{""dense"": 20}","[[1, 1, 32, 400, 400]]","[[1, 1, 32, 400, 400]]",[1],1,102400000,102400000.0,21819457.0,21819457.0,17703209,0.0,7.0,20,,,,0.172882900390625,29491200000.0,29491200000.0,29491200000.0,1474560000.0,1474560000.0,1474560000.0,29491200000.0,1474560000.0,0.0,0.0,0.0,29491200000.0,1474560000.0,0.0,0.0,29491200000.0,1474560000.0
small,qat,int4,classifier.0.conv,conv2d,dense,accounting_mode:all-dense,20,"{""dense"": 20}","[[1, 1, 32, 400, 400]]","[[1, 1, 6, 400, 400]]",[1],1,102400000,102400000.0,45114998.375,45114998.375,102400000,-11.247485160827637,12.030277252197266,0,,,,1.0,614400000.0,614400000.0,614400000.0,30720000.0,30720000.0,30720000.0,614400000.0,30720000.0,0.0,0.0,0.0,614400000.0,30720000.0,0.0,0.0,614400000.0,30720000.0
small,qat,fp,transformer1.atten.matmul,attention_matmul,dense,special:EffAttention,20,"{""dense"": 20}","[[1, 2500, 288]]","[[1, 2500, 288]]",[1],1,14400000,14400000.0,2259840.0703125,2259840.0703125,14399922,-3.985614776611328,7.736293792724609,0,,,,0.9999945833333334,9000000000.0,9000000000.0,9000000000.0,450000000.0,450000000.0,450000000.0,9000000000.0,450000000.0,0.0,0.0,0.0,9000000000.0,450000000.0,0.0,0.0,9000000000.0,450000000.0
middle,fp,fp,init_conv.0.conv,conv2d,dense,accounting_mode:all-dense,20,"{""dense"": 20}","[[1, 1, 3, 400, 400]]","[[1, 1, 32, 400, 400]]",[1],1,9600000,9600000.0,7411175.6640625,7411175.6640625,9600000,-2.1179039478302,2.640000104904175,0,,,,1.0,2764800000.0,2764800000.0,2764800000.0,138240000.0,138240000.0,138240000.0,2764800000.0,138240000.0,0.0,0.0,0.0,2764800000.0,138240000.0,0.0,0.0,2764800000.0,138240000.0
middle,fp,fp,init_conv.1.conv,conv2d,dense,accounting_mode:all-dense,20,"{""dense"": 20}","[[1, 1, 32, 400, 400]]","[[1, 1, 64, 400, 400]]",[1],1,102400000,102400000.0,40290354.0,40290354.0,25641739,0.0,8.0,20,,,,0.250407607421875,58982400000.0,58982400000.0,58982400000.0,2949120000.0,2949120000.0,2949120000.0,58982400000.0,2949120000.0,0.0,0.0,0.0,58982400000.0,2949120000.0,0.0,0.0,58982400000.0,2949120000.0
middle,fp,fp,init_conv.2.conv,conv2d,dense,accounting_mode:all-dense,20,"{""dense"": 20}","[[1, 1, 64, 400, 400]]","[[1, 1, 64, 200, 200]]",[1],1,204800000,204800000.0,44492375.0,44492375.0,37945182,0.0,8.0,20,,,,0.185279208984375,29491200000.0,29491200000.0,29491200000.0,1474560000.0,1474560000.0,1474560000.0,29491200000.0,1474560000.0,0.0,0.0,0.0,29491200000.0,1474560000.0,0.0,0.0,29491200000.0,1474560000.0
middle,fp,fp,downsample_1.conv3x3.conv,conv2d,dense,accounting_mode:all-dense,20,"{""dense"": 20}","[[1, 1, 64, 200, 200]]","[[1, 1, 32, 100, 100]]",[1],1,51200000,51200000.0,12312264.125,12312264.125,51200000,-6.466015815734863,6.470914363861084,0,,,,1.0,3686400000.0,3686400000.0,3686400000.0,184320000.0,184320000.0,184320000.0,3686400000.0,184320000.0,0.0,0.0,0.0,3686400000.0,184320000.0,0.0,0.0,3686400000.0,184320000.0
middle,fp,fp,downsample_1.conv,conv2d,dense,accounting_mode:all-dense,20,"{""dense"": 20}","[[1, 1, 64, 200, 200]]","[[1, 1, 64, 200, 200]]",[1],1,51200000,51200000.0,13153939.0,13153939.0,11200268,0.0,8.0,20,,,,0.218755234375,29491200000.0,29491200000.0,29491200000.0,1474560000.0,1474560000.0,1474560000.0,29491200000.0,1474560000.0,0.0,0.0,0.0,29491200000.0,1474560000.0,0.0,0.0,29491200000.0,1474560000.0
middle,fp,fp,DAB_Block_1.DAB_Module_1_0.conv1x1_in.conv,conv2d,dense,accounting_mode:all-dense,20,"{""dense"": 20}","[[1, 1, 96, 100, 100]]","[[1, 1, 48, 100, 100]]",[1],1,19200000,19200000.0,4270779.0,4270779.0,3654355,0.0,8.0,20,,,,0.19033098958333333,921600000.0,921600000.0,921600000.0,46080000.0,46080000.0,46080000.0,921600000.0,46080000.0,0.0,0.0,0.0,921600000.0,46080000.0,0.0,0.0,921600000.0,46080000.0
middle,fp,fp,DAB_Block_1.DAB_Module_1_0.conv3x1.conv,conv2d,dense,accounting_mode:all-dense,20,"{""dense"": 20}","[[1, 1, 48, 100, 100]]","[[1, 1, 48, 100, 100]]",[1],1,9600000,9600000.0,4213615.0,4213615.0,3259231,0.0,7.0,20,,,,0.33950322916666664,1382400000.0,1382400000.0,1382400000.0,69120000.0,69120000.0,69120000.0,1382400000.0,69120000.0,0.0,0.0,0.0,1382400000.0,69120000.0,0.0,0.0,1382400000.0,69120000.0
middle,fp,fp,DAB_Block_1.DAB_Module_1_0.conv1x3.conv,conv2d,dense,accounting_mode:all-dense,20,"{""dense"": 20}","[[1, 1, 48, 100, 100]]","[[1, 1, 48, 100, 100]]",[1],1,9600000,9600000.0,2683084.0,2683084.0,2415358,0.0,5.0,20,,,,0.2515997916666667,1382400000.0,1382400000.0,1382400000.0,69120000.0,69120000.0,69120000.0,1382400000.0,69120000.0,0.0,0.0,0.0,1382400000.0,69120000.0,0.0,0.0,1382400000.0,69120000.0
middle,fp,fp,DAB_Block_1.DAB_Module_1_0.dconv3x1.conv,conv2d,dense,accounting_mode:all-dense,20,"{""dense"": 20}","[[1, 1, 48, 100, 100]]","[[1, 1, 48, 100, 100]]",[1],1,9600000,9600000.0,3487441.0,3487441.0,2990321,0.0,7.0,20,,,,0.31149177083333335,28800000.0,28800000.0,28800000.0,1440000.0,1440000.0,1440000.0,28800000.0,1440000.0,0.0,0.0,0.0,28800000.0,1440000.0,0.0,0.0,28800000.0,1440000.0
middle,fp,fp,DAB_Block_1.DAB_Module_1_0.dconv1x3.conv,conv2d,dense,accounting_mode:all-dense,20,"{""dense"": 20}","[[1, 1, 48, 100, 100]]","[[1, 1, 48, 100, 100]]",[1],1,9600000,9600000.0,1368681.0,1368681.0,879736,0.0,8.0,20,,,,0.09163916666666666,28800000.0,28800000.0,28800000.0,1440000.0,1440000.0,1440000.0,28800000.0,1440000.0,0.0,0.0,0.0,28800000.0,1440000.0,0.0,0.0,28800000.0,1440000.0
middle,fp,fp,DAB_Block_1.DAB_Module_1_0.ca11.conv,conv1d,dense,accounting_mode:all-dense,20,"{""dense"": 20}","[[1, 1, 1, 48]]","[[1, 1, 1, 48]]",[1],1,960,960.0,119.10809707641602,119.10809707641602,240,0.0,1.9512999057769775,0,,,,0.25,2880.0,2880.0,2880.0,144.0,144.0,144.0,2880.0,144.0,0.0,0.0,0.0,2880.0,144.0,0.0,0.0,2880.0,144.0
middle,fp,fp,DAB_Block_1.DAB_Module_1_0.ddconv3x1.conv,conv2d,dense,accounting_mode:all-dense,20,"{""dense"": 20}","[[1, 1, 48, 100, 100]]","[[1, 1, 48, 100, 100]]",[1],1,9600000,9600000.0,3487441.0,3487441.0,2990321,0.0,7.0,20,,,,0.31149177083333335,28800000.0,28800000.0,28800000.0,1440000.0,1440000.0,1440000.0,28800000.0,1440000.0,0.0,0.0,0.0,28800000.0,1440000.0,0.0,0.0,28800000.0,1440000.0
middle,fp,fp,DAB_Block_1.DAB_Module_1_0.ddconv1x3.conv,conv2d,dense,accounting_mode:all-dense,20,"{""dense"": 20}","[[1, 1, 48, 100, 100]]","[[1, 1, 48, 100, 100]]",[1],1,9600000,9600000.0,2711766.0,2711766.0,1836309,0.0,8.0,20,,,,0.1912821875,28800000.0,28800000.0,28800000.0,1440000.0,1440000.0,1440000.0,28800000.0,1440000.0,0.0,0.0,0.0,28800000.0,1440000.0,0.0,0.0,28800000.0,1440000.0
middle,fp,fp,DAB_Block_1.DAB_Module_1_0.ca22.conv,conv1d,dense,accounting_mode:all-dense,20,"{""dense"": 20}","[[1, 1, 1, 48]]","[[1, 1, 1, 48]]",[1],1,960,960.0,270.54129219055176,270.54129219055176,480,0.0,2.799299955368042,0,,,,0.5,2880.0,2880.0,2880.0,144.0,144.0,144.0,2880.0,144.0,0.0,0.0,0.0,2880.0,144.0,0.0,0.0,2880.0,144.0
middle,fp,fp,DAB_Block_1.DAB_Module_1_0.conv1x1.conv,conv2d,dense,accounting_mode:all-dense,20,"{""dense"": 20}","[[1, 1, 48, 100, 100]]","[[1, 1, 96, 100, 100]]",[1],1,9600000,9600000.0,5637200.0,5637200.0,3747279,0.0,12.0,20,,,,0.3903415625,921600000.0,921600000.0,921600000.0,46080000.0,46080000.0,46080000.0,921600000.0,46080000.0,0.0,0.0,0.0,921600000.0,46080000.0,0.0,0.0,921600000.0,46080000.0
middle,fp,fp,downsample_2.conv3x3.conv,conv2d,dense,accounting_mode:all-dense,20,"{""dense"": 20}","[[1, 1, 96, 100, 100]]","[[1, 1, 96, 50, 50]]",[1],1,19200000,19200000.0,4054618.0625,4054618.0625,19200000,-8.432636260986328,8.713836669921875,0,,,,1.0,4147200000.0,4147200000.0,4147200000.0,207360000.0,207360000.0,207360000.0,4147200000.0,207360000.0,0.0,0.0,0.0,4147200000.0,207360000.0,0.0,0.0,4147200000.0,207360000.0
middle,fp,fp,downsample_2.conv,conv2d,dense,accounting_mode:all-dense,20,"{""dense"": 20}","[[1, 1, 96, 100, 100]]","[[1, 1, 96, 100, 100]]",[1],1,19200000,19200000.0,4978930.0,4978930.0,4212348,0.0,8.0,20,,,,0.219393125,16588800000.0,16588800000.0,16588800000.0,829440000.0,829440000.0,829440000.0,16588800000.0,829440000.0,0.0,0.0,0.0,16588800000.0,829440000.0,0.0,0.0,16588800000.0,829440000.0
middle,fp,fp,DAB_Block_2.DAB_Module_2_0.conv1x1_in.conv,conv2d,dense,accounting_mode:all-dense,20,"{""dense"": 20}","[[1, 1, 96, 50, 50]]","[[1, 1, 48, 50, 50]]",[1],1,4800000,4800000.0,681303.0,681303.0,533034,0.0,7.0,20,,,,0.11104875,230400000.0,230400000.0,230400000.0,11520000.0,11520000.0,11520000.0,230400000.0,11520000.0,0.0,0.0,0.0,230400000.0,11520000.0,0.0,0.0,230400000.0,11520000.0
middle,fp,fp,DAB_Block_2.DAB_Module_2_0.conv3x1.conv,conv2d,dense,accounting_mode:all-dense,20,"{""dense"": 20}","[[1, 1, 48, 50, 50]]","[[1, 1, 48, 50, 50]]",[1],1,2400000,2400000.0,772305.0,772305.0,642533,0.0,8.0,20,,,,0.26772208333333336,345600000.0,345600000.0,345600000.0,17280000.0,17280000.0,17280000.0,345600000.0,17280000.0,0.0,0.0,0.0,345600000.0,17280000.0,0.0,0.0,345600000.0,17280000.0
middle,fp,fp,DAB_Block_2.DAB_Module_2_0.conv1x3.conv,conv2d,dense,accounting_mode:all-dense,20,"{""dense"": 20}","[[1, 1, 48, 50, 50]]","[[1, 1, 48, 50, 50]]",[1],1,2400000,2400000.0,468669.0,468669.0,407222,0.0,7.0,20,,,,0.16967583333333333,345600000.0,345600000.0,345600000.0,17280000.0,17280000.0,17280000.0,345600000.0,17280000.0,0.0,0.0,0.0,345600000.0,17280000.0,0.0,0.0,345600000.0,17280000.0
middle,fp,fp,DAB_Block_2.DAB_Module_2_0.dconv3x1.conv,conv2d,dense,accounting_mode:all-dense,20,"{""dense"": 20}","[[1, 1, 48, 50, 50]]","[[1, 1, 48, 50, 50]]",[1],1,2400000,2400000.0,294003.0,294003.0,264316,0.0,7.0,20,,,,0.11013166666666667,7200000.0,7200000.0,7200000.0,360000.0,360000.0,360000.0,7200000.0,360000.0,0.0,0.0,0.0,7200000.0,360000.0,0.0,0.0,7200000.0,360000.0
middle,fp,fp,DAB_Block_2.DAB_Module_2_0.dconv1x3.conv,conv2d,dense,accounting_mode:all-dense,20,"{""dense"": 20}","[[1, 1, 48, 50, 50]]","[[1, 1, 48, 50, 50]]",[1],1,2400000,2400000.0,133332.0,133332.0,107128,0.0,8.0,20,,,,0.044636666666666665,7200000.0,7200000.0,7200000.0,360000.0,360000.0,360000.0,7200000.0,360000.0,0.0,0.0,0.0,7200000.0,360000.0,0.0,0.0,7200000.0,360000.0
middle,fp,fp,DAB_Block_2.DAB_Module_2_0.ca11.conv,conv1d,dense,accounting_mode:all-dense,20,"{""dense"": 20}","[[1, 1, 1, 48]]","[[1, 1, 1, 48]]",[1],1,960,960.0,88.71919751167297,88.71919751167297,200,0.0,1.2139999866485596,0,,,,0.20833333333333334,2880.0,2880.0,2880.0,144.0,144.0,144.0,2880.0,144.0,0.0,0.0,0.0,2880.0,144.0,0.0,0.0,2880.0,144.0
middle,fp,fp,DAB_Block_2.DAB_Module_2_0.ddconv3x1.conv,conv2d,dense,accounting_mode:all-dense,20,"{""dense"": 20}","[[1, 1, 48, 50, 50]]","[[1, 1, 48, 50, 50]]",[1],1,2400000,2400000.0,294003.0,294003.0,264316,0.0,7.0,20,,,,0.11013166666666667,7200000.0,7200000.0,7200000.0,360000.0,360000.0,360000.0,7200000.0,360000.0,0.0,0.0,0.0,7200000.0,360000.0,0.0,0.0,7200000.0,360000.0
middle,fp,fp,DAB_Block_2.DAB_Module_2_0.ddconv1x3.conv,conv2d,dense,accounting_mode:all-dense,20,"{""dense"": 20}","[[1, 1, 48, 50, 50]]","[[1, 1, 48, 50, 50]]",[1],1,2400000,2400000.0,33042.0,33042.0,25687,0.0,7.0,20,,,,0.010702916666666666,7200000.0,7200000.0,7200000.0,360000.0,360000.0,360000.0,7200000.0,360000.0,0.0,0.0,0.0,7200000.0,360000.0,0.0,0.0,7200000.0,360000.0
middle,fp,fp,DAB_Block_2.DAB_Module_2_0.ca22.conv,conv1d,dense,accounting_mode:all-dense,20,"{""dense"": 20}","[[1, 1, 1, 48]]","[[1, 1, 1, 48]]",[1],1,960,960.0,25.602399706840515,25.602399706840515,80,0.0,1.1460000276565552,0,,,,0.08333333333333333,2880.0,2880.0,2880.0,144.0,144.0,144.0,2880.0,144.0,0.0,0.0,0.0,2880.0,144.0,0.0,0.0,2880.0,144.0
middle,fp,fp,DAB_Block_2.DAB_Module_2_0.conv1x1.conv,conv2d,dense,accounting_mode:all-dense,20,"{""dense"": 20}","[[1, 1, 48, 50, 50]]","[[1, 1, 96, 50, 50]]",[1],1,2400000,2400000.0,500117.0,500117.0,361153,0.0,11.0,20,,,,0.15048041666666667,230400000.0,230400000.0,230400000.0,11520000.0,11520000.0,11520000.0,230400000.0,11520000.0,0.0,0.0,0.0,230400000.0,11520000.0,0.0,0.0,230400000.0,11520000.0
middle,fp,fp,downsample_3.conv3x3.conv,conv2d,dense,accounting_mode:all-dense,20,"{""dense"": 20}","[[1, 1, 96, 50, 50]]","[[1, 1, 32, 25, 25]]",[1],1,4800000,4800000.0,483034.525390625,483034.525390625,4800000,-11.022692680358887,9.390989303588867,0,,,,1.0,345600000.0,345600000.0,345600000.0,17280000.0,17280000.0,17280000.0,345600000.0,17280000.0,0.0,0.0,0.0,345600000.0,17280000.0,0.0,0.0,345600000.0,17280000.0
middle,fp,fp,downsample_3.conv,conv2d,dense,accounting_mode:all-dense,20,"{""dense"": 20}","[[1, 1, 96, 50, 50]]","[[1, 1, 96, 50, 50]]",[1],1,4800000,4800000.0,515566.0,515566.0,410471,0.0,8.0,20,,,,0.08551479166666667,4147200000.0,4147200000.0,4147200000.0,207360000.0,207360000.0,207360000.0,4147200000.0,207360000.0,0.0,0.0,0.0,4147200000.0,207360000.0,0.0,0.0,4147200000.0,207360000.0
middle,fp,fp,DAB_Block_3.DAB_Module_3_0.conv1x1_in.conv,conv2d,dense,accounting_mode:all-dense,20,"{""dense"": 20}","[[1, 1, 32, 25, 25]]","[[1, 1, 16, 25, 25]]",[1],1,400000,400000.0,143774.0,143774.0,109118,0.0,8.0,20,,,,0.272795,6400000.0,6400000.0,6400000.0,320000.0,320000.0,320000.0,6400000.0,320000.0,0.0,0.0,0.0,6400000.0,320000.0,0.0,0.0,6400000.0,320000.0
middle,fp,fp,DAB_Block_3.DAB_Module_3_0.conv3x1.conv,conv2d,dense,accounting_mode:all-dense,20,"{""dense"": 20}","[[1, 1, 16, 25, 25]]","[[1, 1, 16, 25, 25]]",[1],1,200000,200000.0,89569.0,89569.0,67379,0.0,8.0,20,,,,0.336895,9600000.0,9600000.0,9600000.0,480000.0,480000.0,480000.0,9600000.0,480000.0,0.0,0.0,0.0,9600000.0,480000.0,0.0,0.0,9600000.0,480000.0
middle,fp,fp,DAB_Block_3.DAB_Module_3_0.conv1x3.conv,conv2d,dense,accounting_mode:all-dense,20,"{""dense"": 20}","[[1, 1, 16, 25, 25]]","[[1, 1, 16, 25, 25]]",[1],1,200000,200000.0,77199.0,77199.0,66193,0.0,7.0,20,,,,0.330965,9600000.0,9600000.0,9600000.0,480000.0,480000.0,480000.0,9600000.0,480000.0,0.0,0.0,0.0,9600000.0,480000.0,0.0,0.0,9600000.0,480000.0
middle,fp,fp,DAB_Block_3.DAB_Module_3_0.dconv3x1.conv,conv2d,dense,accounting_mode:all-dense,20,"{""dense"": 20}","[[1, 1, 16, 25, 25]]","[[1, 1, 16, 25, 25]]",[1],1,200000,200000.0,55630.0,55630.0,46486,0.0,7.0,20,,,,0.23243,600000.0,600000.0,600000.0,30000.0,30000.0,30000.0,600000.0,30000.0,0.0,0.0,0.0,600000.0,30000.0,0.0,0.0,600000.0,30000.0
middle,fp,fp,DAB_Block_3.DAB_Module_3_0.dconv1x3.conv,conv2d,dense,accounting_mode:all-dense,20,"{""dense"": 20}","[[1, 1, 16, 25, 25]]","[[1, 1, 16, 25, 25]]",[1],1,200000,200000.0,13029.0,13029.0,10349,0.0,5.0,20,,,,0.051745,600000.0,600000.0,600000.0,30000.0,30000.0,30000.0,600000.0,30000.0,0.0,0.0,0.0,600000.0,30000.0,0.0,0.0,600000.0,30000.0
middle,fp,fp,DAB_Block_3.DAB_Module_3_0.ca11.conv,conv1d,dense,accounting_mode:all-dense,20,"{""dense"": 20}","[[1, 1, 1, 16]]","[[1, 1, 1, 16]]",[1],1,320,320.0,30.28319889307022,30.28319889307022,60,0.0,1.5504000186920166,0,,,,0.1875,960.0,960.0,960.0,48.0,48.0,48.0,960.0,48.0,0.0,0.0,0.0,960.0,48.0,0.0,0.0,960.0,48.0
middle,fp,fp,DAB_Block_3.DAB_Module_3_0.ddconv3x1.conv,conv2d,dense,accounting_mode:all-dense,20,"{""dense"": 20}","[[1, 1, 16, 25, 25]]","[[1, 1, 16, 25, 25]]",[1],1,200000,200000.0,55630.0,55630.0,46486,0.0,7.0,20,,,,0.23243,600000.0,600000.0,600000.0,30000.0,30000.0,30000.0,600000.0,30000.0,0.0,0.0,0.0,600000.0,30000.0,0.0,0.0,600000.0,30000.0
middle,fp,fp,DAB_Block_3.DAB_Module_3_0.ddconv1x3.conv,conv2d,dense,accounting_mode:all-dense,20,"{""dense"": 20}","[[1, 1, 16, 25, 25]]","[[1, 1, 16, 25, 25]]",[1],1,200000,200000.0,23002.0,23002.0,15786,0.0,8.0,20,,,,0.07893,600000.0,600000.0,600000.0,30000.0,30000.0,30000.0,600000.0,30000.0,0.0,0.0,0.0,600000.0,30000.0,0.0,0.0,600000.0,30000.0
middle,fp,fp,DAB_Block_3.DAB_Module_3_0.ca22.conv,conv1d,dense,accounting_mode:all-dense,20,"{""dense"": 20}","[[1, 1, 1, 16]]","[[1, 1, 1, 16]]",[1],1,320,320.0,39.32319939136505,39.32319939136505,80,0.0,2.075199842453003,0,,,,0.25,960.0,960.0,960.0,48.0,48.0,48.0,960.0,48.0,0.0,0.0,0.0,960.0,48.0,0.0,0.0,960.0,48.0
middle,fp,fp,DAB_Block_3.DAB_Module_3_0.conv1x1.conv,conv2d,dense,accounting_mode:all-dense,20,"{""dense"": 20}","[[1, 1, 16, 25, 25]]","[[1, 1, 32, 25, 25]]",[1],1,200000,200000.0,87836.0,87836.0,58499,0.0,13.0,20,,,,0.292495,6400000.0,6400000.0,6400000.0,320000.0,320000.0,320000.0,6400000.0,320000.0,0.0,0.0,0.0,6400000.0,320000.0,0.0,0.0,6400000.0,320000.0
middle,fp,fp,transformer1.atten.reduce,linear,dense,accounting_mode:all-dense,20,"{""dense"": 20}","[[1, 625, 288]]","[[1, 625, 144]]",[1],1,3600000,3600000.0,188316.87255859375,188316.87255859375,3600000,-1.2553216218948364,9.562822341918945,0,,,,1.0,518400000.0,518400000.0,518400000.0,25920000.0,25920000.0,25920000.0,518400000.0,25920000.0,0.0,0.0,0.0,518400000.0,25920000.0,0.0,0.0,518400000.0,25920000.0
middle,fp,fp,transformer1.atten.qkv,linear,dense,accounting_mode:all-dense,20,"{""dense"": 20}","[[1, 625, 144]]","[[1, 625, 432]]",[1],1,1800000,1800000.0,224899.421875,224899.421875,1800000,-7.387084007263184,6.883456707000732,0,,,,1.0,777600000.0,777600000.0,777600000.0,38880000.0,38880000.0,38880000.0,777600000.0,38880000.0,0.0,0.0,0.0,777600000.0,38880000.0,0.0,0.0,777600000.0,38880000.0
middle,fp,fp,transformer1.atten.proj,linear,dense,accounting_mode:all-dense,20,"{""dense"": 20}","[[1, 625, 144]]","[[1, 625, 288]]",[1],1,1800000,1800000.0,127283.47143554688,127283.47143554688,1800000,-11.980027198791504,10.883394241333008,0,,,,1.0,518400000.0,518400000.0,518400000.0,25920000.0,25920000.0,25920000.0,518400000.0,25920000.0,0.0,0.0,0.0,518400000.0,25920000.0,0.0,0.0,518400000.0,25920000.0
middle,fp,fp,transformer1.mlp.fc1,linear,dense,accounting_mode:all-dense,20,"{""dense"": 20}","[[1, 625, 288]]","[[1, 625, 72]]",[1],1,3600000,3600000.0,1.1133893194580775e-34,1.1133893194580775e-34,3599991,-2.794749657249415e-40,4.92538193330137e-40,20,,,,0.9999975,259200000.0,259200000.0,259200000.0,12960000.0,12960000.0,12960000.0,259200000.0,12960000.0,0.0,0.0,0.0,259200000.0,12960000.0,0.0,0.0,259200000.0,12960000.0
middle,fp,fp,transformer1.mlp.fc2,linear,dense,accounting_mode:all-dense,20,"{""dense"": 20}","[[1, 625, 72]]","[[1, 625, 288]]",[1],1,900000,900000.0,6.899250933109518e-33,6.899250933109518e-33,50000,0.0,2.7576728693376606e-37,20,,,,0.05555555555555555,259200000.0,259200000.0,259200000.0,12960000.0,12960000.0,12960000.0,259200000.0,12960000.0,0.0,0.0,0.0,259200000.0,12960000.0,0.0,0.0,259200000.0,12960000.0
middle,fp,fp,DAB_Block_4.DAB_Module_4_0.conv1x1_in.conv,conv2d,dense,accounting_mode:all-dense,20,"{""dense"": 20}","[[1, 1, 32, 25, 25]]","[[1, 1, 16, 25, 25]]",[1],1,400000,400000.0,1655621.765625,1655621.765625,400000,-25.10316276550293,72.53804779052734,0,,,,1.0,6400000.0,6400000.0,6400000.0,320000.0,320000.0,320000.0,6400000.0,320000.0,0.0,0.0,0.0,6400000.0,320000.0,0.0,0.0,6400000.0,320000.0
middle,fp,fp,DAB_Block_4.DAB_Module_4_0.conv3x1.conv,conv2d,dense,accounting_mode:all-dense,20,"{""dense"": 20}","[[1, 1, 16, 25, 25]]","[[1, 1, 16, 25, 25]]",[1],1,200000,200000.0,0.0,0.0,0,0.0,0.0,20,,,,0.0,9600000.0,9600000.0,9600000.0,480000.0,480000.0,480000.0,9600000.0,480000.0,0.0,0.0,0.0,9600000.0,480000.0,0.0,0.0,9600000.0,480000.0
middle,fp,fp,DAB_Block_4.DAB_Module_4_0.conv1x3.conv,conv2d,dense,accounting_mode:all-dense,20,"{""dense"": 20}","[[1, 1, 16, 25, 25]]","[[1, 1, 16, 25, 25]]",[1],1,200000,200000.0,0.0,0.0,0,0.0,0.0,20,,,,0.0,9600000.0,9600000.0,9600000.0,480000.0,480000.0,480000.0,9600000.0,480000.0,0.0,0.0,0.0,9600000.0,480000.0,0.0,0.0,9600000.0,480000.0
middle,fp,fp,DAB_Block_4.DAB_Module_4_0.dconv3x1.conv,conv2d,dense,accounting_mode:all-dense,20,"{""dense"": 20}","[[1, 1, 16, 25, 25]]","[[1, 1, 16, 25, 25]]",[1],1,200000,200000.0,0.0,0.0,0,0.0,0.0,20,,,,0.0,600000.0,600000.0,600000.0,30000.0,30000.0,30000.0,600000.0,30000.0,0.0,0.0,0.0,600000.0,30000.0,0.0,0.0,600000.0,30000.0
middle,fp,fp,DAB_Block_4.DAB_Module_4_0.dconv1x3.conv,conv2d,dense,accounting_mode:all-dense,20,"{""dense"": 20}","[[1, 1, 16, 25, 25]]","[[1, 1, 16, 25, 25]]",[1],1,200000,200000.0,0.0,0.0,0,0.0,0.0,20,,,,0.0,600000.0,600000.0,600000.0,30000.0,30000.0,30000.0,600000.0,30000.0,0.0,0.0,0.0,600000.0,30000.0,0.0,0.0,600000.0,30000.0
middle,fp,fp,DAB_Block_4.DAB_Module_4_0.ca11.conv,conv1d,dense,accounting_mode:all-dense,20,"{""dense"": 20}","[[1, 1, 1, 16]]","[[1, 1, 1, 16]]",[1],1,320,320.0,0.0,0.0,0,0.0,0.0,20,,,,0.0,960.0,960.0,960.0,48.0,48.0,48.0,960.0,48.0,0.0,0.0,0.0,960.0,48.0,0.0,0.0,960.0,48.0
middle,fp,fp,DAB_Block_4.DAB_Module_4_0.ddconv3x1.conv,conv2d,dense,accounting_mode:all-dense,20,"{""dense"": 20}","[[1, 1, 16, 25, 25]]","[[1, 1, 16, 25, 25]]",[1],1,200000,200000.0,0.0,0.0,0,0.0,0.0,20,,,,0.0,600000.0,600000.0,600000.0,30000.0,30000.0,30000.0,600000.0,30000.0,0.0,0.0,0.0,600000.0,30000.0,0.0,0.0,600000.0,30000.0
middle,fp,fp,DAB_Block_4.DAB_Module_4_0.ddconv1x3.conv,conv2d,dense,accounting_mode:all-dense,20,"{""dense"": 20}","[[1, 1, 16, 25, 25]]","[[1, 1, 16, 25, 25]]",[1],1,200000,200000.0,0.0,0.0,0,0.0,0.0,20,,,,0.0,600000.0,600000.0,600000.0,30000.0,30000.0,30000.0,600000.0,30000.0,0.0,0.0,0.0,600000.0,30000.0,0.0,0.0,600000.0,30000.0
middle,fp,fp,DAB_Block_4.DAB_Module_4_0.ca22.conv,conv1d,dense,accounting_mode:all-dense,20,"{""dense"": 20}","[[1, 1, 1, 16]]","[[1, 1, 1, 16]]",[1],1,320,320.0,0.0,0.0,0,0.0,0.0,20,,,,0.0,960.0,960.0,960.0,48.0,48.0,48.0,960.0,48.0,0.0,0.0,0.0,960.0,48.0,0.0,0.0,960.0,48.0
middle,fp,fp,DAB_Block_4.DAB_Module_4_0.conv1x1.conv,conv2d,dense,accounting_mode:all-dense,20,"{""dense"": 20}","[[1, 1, 16, 25, 25]]","[[1, 1, 32, 25, 25]]",[1],1,200000,200000.0,0.0,0.0,0,0.0,0.0,20,,,,0.0,6400000.0,6400000.0,6400000.0,320000.0,320000.0,320000.0,6400000.0,320000.0,0.0,0.0,0.0,6400000.0,320000.0,0.0,0.0,6400000.0,320000.0
middle,fp,fp,upsample_1.conv,conv_transpose2d,dense,accounting_mode:all-dense,20,"{""dense"": 20}","[[1, 1, 32, 25, 25]]","[[1, 1, 32, 50, 50]]",[1],1,400000,400000.0,257065.0,257065.0,173014,0.0,10.0,20,,,,0.432535,115200000.0,115200000.0,115200000.0,5760000.0,5760000.0,5760000.0,115200000.0,5760000.0,0.0,0.0,0.0,115200000.0,5760000.0,0.0,0.0,115200000.0,5760000.0
middle,fp,fp,DAB_Block_5.DAB_Module_5_0.conv1x1_in.conv,conv2d,dense,accounting_mode:all-dense,20,"{""dense"": 20}","[[1, 1, 32, 50, 50]]","[[1, 1, 16, 50, 50]]",[1],1,1600000,1600000.0,559624.0,559624.0,452037,0.0,8.0,20,,,,0.282523125,25600000.0,25600000.0,25600000.0,1280000.0,1280000.0,1280000.0,25600000.0,1280000.0,0.0,0.0,0.0,25600000.0,1280000.0,0.0,0.0,25600000.0,1280000.0
middle,fp,fp,DAB_Block_5.DAB_Module_5_0.conv3x1.conv,conv2d,dense,accounting_mode:all-dense,20,"{""dense"": 20}","[[1, 1, 16, 50, 50]]","[[1, 1, 16, 50, 50]]",[1],1,800000,800000.0,388143.0,388143.0,290154,0.0,8.0,20,,,,0.3626925,38400000.0,38400000.0,38400000.0,1920000.0,1920000.0,1920000.0,38400000.0,1920000.0,0.0,0.0,0.0,38400000.0,1920000.0,0.0,0.0,38400000.0,1920000.0
middle,fp,fp,DAB_Block_5.DAB_Module_5_0.conv1x3.conv,conv2d,dense,accounting_mode:all-dense,20,"{""dense"": 20}","[[1, 1, 16, 50, 50]]","[[1, 1, 16, 50, 50]]",[1],1,800000,800000.0,257522.0,257522.0,220259,0.0,6.0,20,,,,0.27532375,38400000.0,38400000.0,38400000.0,1920000.0,1920000.0,1920000.0,38400000.0,1920000.0,0.0,0.0,0.0,38400000.0,1920000.0,0.0,0.0,38400000.0,1920000.0
middle,fp,fp,DAB_Block_5.DAB_Module_5_0.dconv3x1.conv,conv2d,dense,accounting_mode:all-dense,20,"{""dense"": 20}","[[1, 1, 16, 50, 50]]","[[1, 1, 16, 50, 50]]",[1],1,800000,800000.0,177636.0,177636.0,147142,0.0,8.0,20,,,,0.1839275,2400000.0,2400000.0,2400000.0,120000.0,120000.0,120000.0,2400000.0,120000.0,0.0,0.0,0.0,2400000.0,120000.0,0.0,0.0,2400000.0,120000.0
middle,fp,fp,DAB_Block_5.DAB_Module_5_0.dconv1x3.conv,conv2d,dense,accounting_mode:all-dense,20,"{""dense"": 20}","[[1, 1, 16, 50, 50]]","[[1, 1, 16, 50, 50]]",[1],1,800000,800000.0,182783.0,182783.0,123989,0.0,8.0,20,,,,0.15498625,2400000.0,2400000.0,2400000.0,120000.0,120000.0,120000.0,2400000.0,120000.0,0.0,0.0,0.0,2400000.0,120000.0,0.0,0.0,2400000.0,120000.0
middle,fp,fp,DAB_Block_5.DAB_Module_5_0.ca11.conv,conv1d,dense,accounting_mode:all-dense,20,"{""dense"": 20}","[[1, 1, 1, 16]]","[[1, 1, 1, 16]]",[1],1,320,320.0,49.388398468494415,49.388398468494415,100,0.0,1.88319993019104,0,,,,0.3125,960.0,960.0,960.0,48.0,48.0,48.0,960.0,48.0,0.0,0.0,0.0,960.0,48.0,0.0,0.0,960.0,48.0
middle,fp,fp,DAB_Block_5.DAB_Module_5_0.ddconv3x1.conv,conv2d,dense,accounting_mode:all-dense,20,"{""dense"": 20}","[[1, 1, 16, 50, 50]]","[[1, 1, 16, 50, 50]]",[1],1,800000,800000.0,177636.0,177636.0,147142,0.0,8.0,20,,,,0.1839275,2400000.0,2400000.0,2400000.0,120000.0,120000.0,120000.0,2400000.0,120000.0,0.0,0.0,0.0,2400000.0,120000.0,0.0,0.0,2400000.0,120000.0
middle,fp,fp,DAB_Block_5.DAB_Module_5_0.ddconv1x3.conv,conv2d,dense,accounting_mode:all-dense,20,"{""dense"": 20}","[[1, 1, 16, 50, 50]]","[[1, 1, 16, 50, 50]]",[1],1,800000,800000.0,39144.0,39144.0,22490,0.0,8.0,20,,,,0.0281125,2400000.0,2400000.0,2400000.0,120000.0,120000.0,120000.0,2400000.0,120000.0,0.0,0.0,0.0,2400000.0,120000.0,0.0,0.0,2400000.0,120000.0
middle,fp,fp,DAB_Block_5.DAB_Module_5_0.ca22.conv,conv1d,dense,accounting_mode:all-dense,20,"{""dense"": 20}","[[1, 1, 1, 16]]","[[1, 1, 1, 16]]",[1],1,320,320.0,16.19679944217205,16.19679944217205,20,0.0,1.830399990081787,0,,,,0.0625,960.0,960.0,960.0,48.0,48.0,48.0,960.0,48.0,0.0,0.0,0.0,960.0,48.0,0.0,0.0,960.0,48.0
middle,fp,fp,DAB_Block_5.DAB_Module_5_0.conv1x1.conv,conv2d,dense,accounting_mode:all-dense,20,"{""dense"": 20}","[[1, 1, 16, 50, 50]]","[[1, 1, 32, 50, 50]]",[1],1,800000,800000.0,295737.0,295737.0,193231,0.0,11.0,20,,,,0.24153875,25600000.0,25600000.0,25600000.0,1280000.0,1280000.0,1280000.0,25600000.0,1280000.0,0.0,0.0,0.0,25600000.0,1280000.0,0.0,0.0,25600000.0,1280000.0
middle,fp,fp,upsample_2.conv,conv_transpose2d,dense,accounting_mode:all-dense,20,"{""dense"": 20}","[[1, 1, 32, 50, 50]]","[[1, 1, 32, 100, 100]]",[1],1,1600000,1600000.0,1048106.0,1048106.0,683263,0.0,11.0,20,,,,0.427039375,460800000.0,460800000.0,460800000.0,23040000.0,23040000.0,23040000.0,460800000.0,23040000.0,0.0,0.0,0.0,460800000.0,23040000.0,0.0,0.0,460800000.0,23040000.0
middle,fp,fp,DAB_Block_6.DAB_Module_6_0.conv1x1_in.conv,conv2d,dense,accounting_mode:all-dense,20,"{""dense"": 20}","[[1, 1, 32, 100, 100]]","[[1, 1, 16, 100, 100]]",[1],1,6400000,6400000.0,2887301.0,2887301.0,2113137,0.0,8.0,20,,,,0.33017765625,102400000.0,102400000.0,102400000.0,5120000.0,5120000.0,5120000.0,102400000.0,5120000.0,0.0,0.0,0.0,102400000.0,5120000.0,0.0,0.0,102400000.0,5120000.0
middle,fp,fp,DAB_Block_6.DAB_Module_6_0.conv3x1.conv,conv2d,dense,accounting_mode:all-dense,20,"{""dense"": 20}","[[1, 1, 16, 100, 100]]","[[1, 1, 16, 100, 100]]",[1],1,3200000,3200000.0,1450986.0,1450986.0,1048620,0.0,8.0,20,,,,0.32769375,153600000.0,153600000.0,153600000.0,7680000.0,7680000.0,7680000.0,153600000.0,7680000.0,0.0,0.0,0.0,153600000.0,7680000.0,0.0,0.0,153600000.0,7680000.0
middle,fp,fp,DAB_Block_6.DAB_Module_6_0.conv1x3.conv,conv2d,dense,accounting_mode:all-dense,20,"{""dense"": 20}","[[1, 1, 16, 100, 100]]","[[1, 1, 16, 100, 100]]",[1],1,3200000,3200000.0,1183044.0,1183044.0,945999,0.0,8.0,20,,,,0.2956246875,153600000.0,153600000.0,153600000.0,7680000.0,7680000.0,7680000.0,153600000.0,7680000.0,0.0,0.0,0.0,153600000.0,7680000.0,0.0,0.0,153600000.0,7680000.0
middle,fp,fp,DAB_Block_6.DAB_Module_6_0.dconv3x1.conv,conv2d,dense,accounting_mode:all-dense,20,"{""dense"": 20}","[[1, 1, 16, 100, 100]]","[[1, 1, 16, 100, 100]]",[1],1,3200000,3200000.0,809686.0,809686.0,622019,0.0,8.0,20,,,,0.1943809375,9600000.0,9600000.0,9600000.0,480000.0,480000.0,480000.0,9600000.0,480000.0,0.0,0.0,0.0,9600000.0,480000.0,0.0,0.0,9600000.0,480000.0
middle,fp,fp,DAB_Block_6.DAB_Module_6_0.dconv1x3.conv,conv2d,dense,accounting_mode:all-dense,20,"{""dense"": 20}","[[1, 1, 16, 100, 100]]","[[1, 1, 16, 100, 100]]",[1],1,3200000,3200000.0,0.0,0.0,0,0.0,0.0,20,,,,0.0,9600000.0,9600000.0,9600000.0,480000.0,480000.0,480000.0,9600000.0,480000.0,0.0,0.0,0.0,9600000.0,480000.0,0.0,0.0,9600000.0,480000.0
middle,fp,fp,DAB_Block_6.DAB_Module_6_0.ca11.conv,conv1d,dense,accounting_mode:all-dense,20,"{""dense"": 20}","[[1, 1, 1, 16]]","[[1, 1, 1, 16]]",[1],1,320,320.0,0.0,0.0,0,0.0,0.0,20,,,,0.0,960.0,960.0,960.0,48.0,48.0,48.0,960.0,48.0,0.0,0.0,0.0,960.0,48.0,0.0,0.0,960.0,48.0
middle,fp,fp,DAB_Block_6.DAB_Module_6_0.ddconv3x1.conv,conv2d,dense,accounting_mode:all-dense,20,"{""dense"": 20}","[[1, 1, 16, 100, 100]]","[[1, 1, 16, 100, 100]]",[1],1,3200000,3200000.0,809686.0,809686.0,622019,0.0,8.0,20,,,,0.1943809375,9600000.0,9600000.0,9600000.0,480000.0,480000.0,480000.0,9600000.0,480000.0,0.0,0.0,0.0,9600000.0,480000.0,0.0,0.0,9600000.0,480000.0
middle,fp,fp,DAB_Block_6.DAB_Module_6_0.ddconv1x3.conv,conv2d,dense,accounting_mode:all-dense,20,"{""dense"": 20}","[[1, 1, 16, 100, 100]]","[[1, 1, 16, 100, 100]]",[1],1,3200000,3200000.0,624195.0,624195.0,411034,0.0,8.0,20,,,,0.128448125,9600000.0,9600000.0,9600000.0,480000.0,480000.0,480000.0,9600000.0,480000.0,0.0,0.0,0.0,9600000.0,480000.0,0.0,0.0,9600000.0,480000.0
middle,fp,fp,DAB_Block_6.DAB_Module_6_0.ca22.conv,conv1d,dense,accounting_mode:all-dense,20,"{""dense"": 20}","[[1, 1, 1, 16]]","[[1, 1, 1, 16]]",[1],1,320,320.0,57.733999252319336,57.733999252319336,80,0.0,2.1930999755859375,0,,,,0.25,960.0,960.0,960.0,48.0,48.0,48.0,960.0,48.0,0.0,0.0,0.0,960.0,48.0,0.0,0.0,960.0,48.0
middle,fp,fp,DAB_Block_6.DAB_Module_6_0.conv1x1.conv,conv2d,dense,accounting_mode:all-dense,20,"{""dense"": 20}","[[1, 1, 16, 100, 100]]","[[1, 1, 32, 100, 100]]",[1],1,3200000,3200000.0,1316528.0,1316528.0,704138,0.0,13.0,20,,,,0.220043125,102400000.0,102400000.0,102400000.0,5120000.0,5120000.0,5120000.0,102400000.0,5120000.0,0.0,0.0,0.0,102400000.0,5120000.0,0.0,0.0,102400000.0,5120000.0
middle,fp,fp,upsample_3.conv,conv_transpose2d,dense,accounting_mode:all-dense,20,"{""dense"": 20}","[[1, 1, 32, 100, 100]]","[[1, 1, 32, 200, 200]]",[1],1,6400000,6400000.0,5655929.0,5655929.0,3355633,0.0,10.0,20,,,,0.52431765625,1843200000.0,1843200000.0,1843200000.0,92160000.0,92160000.0,92160000.0,1843200000.0,92160000.0,0.0,0.0,0.0,1843200000.0,92160000.0,0.0,0.0,1843200000.0,92160000.0
middle,fp,fp,PA3.conv,conv2d,dense,accounting_mode:all-dense,0,{},[],[],[],1,0,0.0,0.0,0.0,0,,,0,,,,,0.0,0.0,0.0,0.0,0.0,0.0,0.0,0.0,0.0,0.0,0.0,0.0,0.0,0.0,0.0,0.0,0.0
middle,fp,fp,LC1.dconv3x1,conv2d,dense,accounting_mode:all-dense,20,"{""dense"": 20}","[[1, 1, 96, 100, 100]]","[[1, 1, 48, 100, 100]]",[1],1,19200000,19200000.0,4978930.0,4978930.0,4212348,0.0,8.0,20,,,,0.219393125,2764800000.0,2764800000.0,2764800000.0,138240000.0,138240000.0,138240000.0,2764800000.0,138240000.0,0.0,0.0,0.0,2764800000.0,138240000.0,0.0,0.0,2764800000.0,138240000.0
middle,fp,fp,LC1.dconv1x3,conv2d,dense,accounting_mode:all-dense,20,"{""dense"": 20}","[[1, 1, 48, 100, 100]]","[[1, 1, 32, 100, 100]]",[1],1,9600000,9600000.0,969852.3203125,969852.3203125,9600000,-3.2415058612823486,3.2456674575805664,0,,,,1.0,921600000.0,921600000.0,921600000.0,46080000.0,46080000.0,46080000.0,921600000.0,46080000.0,0.0,0.0,0.0,921600000.0,46080000.0,0.0,0.0,921600000.0,46080000.0
middle,fp,fp,LC2.dconv3x1,conv2d,dense,accounting_mode:all-dense,20,"{""dense"": 20}","[[1, 1, 96, 50, 50]]","[[1, 1, 48, 50, 50]]",[1],1,4800000,4800000.0,515566.0,515566.0,410471,0.0,8.0,20,,,,0.08551479166666667,691200000.0,691200000.0,691200000.0,34560000.0,34560000.0,34560000.0,691200000.0,34560000.0,0.0,0.0,0.0,691200000.0,34560000.0,0.0,0.0,691200000.0,34560000.0
middle,fp,fp,LC2.dconv1x3,conv2d,dense,accounting_mode:all-dense,20,"{""dense"": 20}","[[1, 1, 48, 50, 50]]","[[1, 1, 32, 50, 50]]",[1],1,2400000,2400000.0,159691.75244140625,159691.75244140625,2400000,-2.7275912761688232,2.88407564163208,0,,,,1.0,230400000.0,230400000.0,230400000.0,11520000.0,11520000.0,11520000.0,230400000.0,11520000.0,0.0,0.0,0.0,230400000.0,11520000.0,0.0,0.0,230400000.0,11520000.0
middle,fp,fp,LC3.dconv3x1,conv2d,dense,accounting_mode:all-dense,20,"{""dense"": 20}","[[1, 1, 32, 25, 25]]","[[1, 1, 16, 25, 25]]",[1],1,400000,400000.0,120748.0,120748.0,87670,0.0,8.0,20,,,,0.219175,19200000.0,19200000.0,19200000.0,960000.0,960000.0,960000.0,19200000.0,960000.0,0.0,0.0,0.0,19200000.0,960000.0,0.0,0.0,19200000.0,960000.0
middle,fp,fp,LC3.dconv1x3,conv2d,dense,accounting_mode:all-dense,20,"{""dense"": 20}","[[1, 1, 16, 25, 25]]","[[1, 1, 32, 25, 25]]",[1],1,200000,200000.0,29971.20458984375,29971.20458984375,200000,-3.014700412750244,2.4998137950897217,0,,,,1.0,19200000.0,19200000.0,19200000.0,960000.0,960000.0,960000.0,19200000.0,960000.0,0.0,0.0,0.0,19200000.0,960000.0,0.0,0.0,19200000.0,960000.0
middle,fp,fp,final_conv,conv2d,dense,accounting_mode:all-dense,20,"{""dense"": 20}","[[1, 1, 32, 200, 200]]","[[1, 1, 32, 200, 200]]",[1],1,25600000,25600000.0,13238856.0,13238856.0,9550516,0.0,8.0,20,,,,0.37306703125,7372800000.0,7372800000.0,7372800000.0,368640000.0,368640000.0,368640000.0,7372800000.0,368640000.0,0.0,0.0,0.0,7372800000.0,368640000.0,0.0,0.0,7372800000.0,368640000.0
middle,fp,fp,classifier.0.conv,conv2d,dense,accounting_mode:all-dense,20,"{""dense"": 20}","[[1, 1, 32, 400, 400]]","[[1, 1, 6, 400, 400]]",[1],1,102400000,102400000.0,25789201.5625,25789201.5625,102399999,-16.525901794433594,14.261846542358398,0,,,,0.999999990234375,614400000.0,614400000.0,614400000.0,30720000.0,30720000.0,30720000.0,614400000.0,30720000.0,0.0,0.0,0.0,614400000.0,30720000.0,0.0,0.0,614400000.0,30720000.0
middle,fp,fp,transformer1.atten.matmul,attention_matmul,dense,special:EffAttention,20,"{""dense"": 20}","[[1, 625, 288]]","[[1, 625, 288]]",[1],1,3600000,3600000.0,188316.87255859375,188316.87255859375,3600000,-1.2553216218948364,9.562822341918945,0,,,,1.0,560707200.0,560707200.0,560707200.0,28035360.0,28035360.0,28035360.0,560707200.0,28035360.0,0.0,0.0,0.0,560707200.0,28035360.0,0.0,0.0,560707200.0,28035360.0
middle,qat,int4,init_conv.0.conv,conv2d,dense,accounting_mode:all-dense,20,"{""dense"": 20}","[[1, 1, 3, 400, 400]]","[[1, 1, 32, 400, 400]]",[1],1,9600000,9600000.0,7411175.6640625,7411175.6640625,9600000,-2.1179039478302,2.640000104904175,0,,,,1.0,2764800000.0,2764800000.0,2764800000.0,138240000.0,138240000.0,138240000.0,2764800000.0,138240000.0,0.0,0.0,0.0,2764800000.0,138240000.0,0.0,0.0,2764800000.0,138240000.0
middle,qat,int4,init_conv.1.conv,conv2d,dense,accounting_mode:all-dense,20,"{""dense"": 20}","[[1, 1, 32, 400, 400]]","[[1, 1, 64, 400, 400]]",[1],1,102400000,102400000.0,39776263.0,39776263.0,23706724,0.0,8.0,20,,,,0.2315109765625,58982400000.0,58982400000.0,58982400000.0,2949120000.0,2949120000.0,2949120000.0,58982400000.0,2949120000.0,0.0,0.0,0.0,58982400000.0,2949120000.0,0.0,0.0,58982400000.0,2949120000.0
middle,qat,int4,init_conv.2.conv,conv2d,dense,accounting_mode:all-dense,20,"{""dense"": 20}","[[1, 1, 64, 400, 400]]","[[1, 1, 64, 200, 200]]",[1],1,204800000,204800000.0,42230784.0,42230784.0,34808918,0.0,8.0,20,,,,0.169965419921875,29491200000.0,29491200000.0,29491200000.0,1474560000.0,1474560000.0,1474560000.0,29491200000.0,1474560000.0,0.0,0.0,0.0,29491200000.0,1474560000.0,0.0,0.0,29491200000.0,1474560000.0
middle,qat,int4,downsample_1.conv3x3.conv,conv2d,dense,accounting_mode:all-dense,20,"{""dense"": 20}","[[1, 1, 64, 200, 200]]","[[1, 1, 32, 100, 100]]",[1],1,51200000,51200000.0,30532538.5,30532538.5,51200000,-14.658675193786621,18.428207397460938,0,,,,1.0,3686400000.0,3686400000.0,3686400000.0,184320000.0,184320000.0,184320000.0,3686400000.0,184320000.0,0.0,0.0,0.0,3686400000.0,184320000.0,0.0,0.0,3686400000.0,184320000.0
middle,qat,int4,downsample_1.conv,conv2d,dense,accounting_mode:all-dense,20,"{""dense"": 20}","[[1, 1, 64, 200, 200]]","[[1, 1, 64, 200, 200]]",[1],1,51200000,51200000.0,14434327.0,14434327.0,11889974,0.0,8.0,20,,,,0.2322260546875,29491200000.0,29491200000.0,29491200000.0,1474560000.0,1474560000.0,1474560000.0,29491200000.0,1474560000.0,0.0,0.0,0.0,29491200000.0,1474560000.0,0.0,0.0,29491200000.0,1474560000.0
middle,qat,int4,DAB_Block_1.DAB_Module_1_0.conv1x1_in.conv,conv2d,dense,accounting_mode:all-dense,20,"{""dense"": 20}","[[1, 1, 96, 100, 100]]","[[1, 1, 48, 100, 100]]",[1],1,19200000,19200000.0,3682390.0,3682390.0,2888148,0.0,8.0,20,,,,0.150424375,921600000.0,921600000.0,921600000.0,46080000.0,46080000.0,46080000.0,921600000.0,46080000.0,0.0,0.0,0.0,921600000.0,46080000.0,0.0,0.0,921600000.0,46080000.0
middle,qat,int4,DAB_Block_1.DAB_Module_1_0.conv3x1.conv,conv2d,dense,accounting_mode:all-dense,20,"{""dense"": 20}","[[1, 1, 48, 100, 100]]","[[1, 1, 48, 100, 100]]",[1],1,9600000,9600000.0,2907509.0,2907509.0,2534033,0.0,8.0,20,,,,0.26396177083333333,1382400000.0,1382400000.0,1382400000.0,69120000.0,69120000.0,69120000.0,1382400000.0,69120000.0,0.0,0.0,0.0,1382400000.0,69120000.0,0.0,0.0,1382400000.0,69120000.0
middle,qat,int4,DAB_Block_1.DAB_Module_1_0.conv1x3.conv,conv2d,dense,accounting_mode:all-dense,20,"{""dense"": 20}","[[1, 1, 48, 100, 100]]","[[1, 1, 48, 100, 100]]",[1],1,9600000,9600000.0,2041832.0,2041832.0,1850579,0.0,6.0,20,,,,0.19276864583333334,1382400000.0,1382400000.0,1382400000.0,69120000.0,69120000.0,69120000.0,1382400000.0,69120000.0,0.0,0.0,0.0,1382400000.0,69120000.0,0.0,0.0,1382400000.0,69120000.0
middle,qat,int4,DAB_Block_1.DAB_Module_1_0.dconv3x1.conv,conv2d,dense,accounting_mode:all-dense,20,"{""dense"": 20}","[[1, 1, 48, 100, 100]]","[[1, 1, 48, 100, 100]]",[1],1,9600000,9600000.0,3118817.0,3118817.0,2607197,0.0,8.0,20,,,,0.27158302083333336,28800000.0,28800000.0,28800000.0,1440000.0,1440000.0,1440000.0,28800000.0,1440000.0,0.0,0.0,0.0,28800000.0,1440000.0,0.0,0.0,28800000.0,1440000.0
middle,qat,int4,DAB_Block_1.DAB_Module_1_0.dconv1x3.conv,conv2d,dense,accounting_mode:all-dense,20,"{""dense"": 20}","[[1, 1, 48, 100, 100]]","[[1, 1, 48, 100, 100]]",[1],1,9600000,9600000.0,741582.0,741582.0,544586,0.0,5.0,20,,,,0.056727708333333335,28800000.0,28800000.0,28800000.0,1440000.0,1440000.0,1440000.0,28800000.0,1440000.0,0.0,0.0,0.0,28800000.0,1440000.0,0.0,0.0,28800000.0,1440000.0
middle,qat,fp,DAB_Block_1.DAB_Module_1_0.ca11.conv,conv1d,dense,accounting_mode:all-dense,20,"{""dense"": 20}","[[1, 1, 1, 48]]","[[1, 1, 1, 48]]",[1],1,960,960.0,252.1758975982666,252.1758975982666,300,0.0,2.7639000415802,0,,,,0.3125,2880.0,2880.0,2880.0,144.0,144.0,144.0,2880.0,144.0,0.0,0.0,0.0,2880.0,144.0,0.0,0.0,2880.0,144.0
middle,qat,int4,DAB_Block_1.DAB_Module_1_0.ddconv3x1.conv,conv2d,dense,accounting_mode:all-dense,20,"{""dense"": 20}","[[1, 1, 48, 100, 100]]","[[1, 1, 48, 100, 100]]",[1],1,9600000,9600000.0,3118817.0,3118817.0,2607197,0.0,8.0,20,,,,0.27158302083333336,28800000.0,28800000.0,28800000.0,1440000.0,1440000.0,1440000.0,28800000.0,1440000.0,0.0,0.0,0.0,28800000.0,1440000.0,0.0,0.0,28800000.0,1440000.0
middle,qat,int4,DAB_Block_1.DAB_Module_1_0.ddconv1x3.conv,conv2d,dense,accounting_mode:all-dense,20,"{""dense"": 20}","[[1, 1, 48, 100, 100]]","[[1, 1, 48, 100, 100]]",[1],1,9600000,9600000.0,1903204.0,1903204.0,1444334,0.0,6.0,20,,,,0.15045145833333334,28800000.0,28800000.0,28800000.0,1440000.0,1440000.0,1440000.0,28800000.0,1440000.0,0.0,0.0,0.0,28800000.0,1440000.0,0.0,0.0,28800000.0,1440000.0
middle,qat,fp,DAB_Block_1.DAB_Module_1_0.ca22.conv,conv1d,dense,accounting_mode:all-dense,20,"{""dense"": 20}","[[1, 1, 1, 48]]","[[1, 1, 1, 48]]",[1],1,960,960.0,596.5528831481934,596.5528831481934,519,0.0,3.661799907684326,0,,,,0.540625,2880.0,2880.0,2880.0,144.0,144.0,144.0,2880.0,144.0,0.0,0.0,0.0,2880.0,144.0,0.0,0.0,2880.0,144.0
middle,qat,int4,DAB_Block_1.DAB_Module_1_0.conv1x1.conv,conv2d,dense,accounting_mode:all-dense,20,"{""dense"": 20}","[[1, 1, 48, 100, 100]]","[[1, 1, 96, 100, 100]]",[1],1,9600000,9600000.0,8083940.0,8083940.0,4333811,0.0,12.0,20,,,,0.4514386458333333,921600000.0,921600000.0,921600000.0,46080000.0,46080000.0,46080000.0,921600000.0,46080000.0,0.0,0.0,0.0,921600000.0,46080000.0,0.0,0.0,921600000.0,46080000.0
middle,qat,int4,downsample_2.conv3x3.conv,conv2d,dense,accounting_mode:all-dense,20,"{""dense"": 20}","[[1, 1, 96, 100, 100]]","[[1, 1, 96, 50, 50]]",[1],1,19200000,19200000.0,3257450.234375,3257450.234375,19200000,-12.893392562866211,10.222188949584961,0,,,,1.0,4147200000.0,4147200000.0,4147200000.0,207360000.0,207360000.0,207360000.0,4147200000.0,207360000.0,0.0,0.0,0.0,4147200000.0,207360000.0,0.0,0.0,4147200000.0,207360000.0
middle,qat,int4,downsample_2.conv,conv2d,dense,accounting_mode:all-dense,20,"{""dense"": 20}","[[1, 1, 96, 100, 100]]","[[1, 1, 96, 100, 100]]",[1],1,19200000,19200000.0,4105653.0,4105653.0,3616905,0.0,8.0,20,,,,0.18838046875,16588800000.0,16588800000.0,16588800000.0,829440000.0,829440000.0,829440000.0,16588800000.0,829440000.0,0.0,0.0,0.0,16588800000.0,829440000.0,0.0,0.0,16588800000.0,829440000.0
middle,qat,int4,DAB_Block_2.DAB_Module_2_0.conv1x1_in.conv,conv2d,dense,accounting_mode:all-dense,20,"{""dense"": 20}","[[1, 1, 96, 50, 50]]","[[1, 1, 48, 50, 50]]",[1],1,4800000,4800000.0,390147.0,390147.0,312779,0.0,8.0,20,,,,0.06516229166666666,230400000.0,230400000.0,230400000.0,11520000.0,11520000.0,11520000.0,230400000.0,11520000.0,0.0,0.0,0.0,230400000.0,11520000.0,0.0,0.0,230400000.0,11520000.0
middle,qat,int4,DAB_Block_2.DAB_Module_2_0.conv3x1.conv,conv2d,dense,accounting_mode:all-dense,20,"{""dense"": 20}","[[1, 1, 48, 50, 50]]","[[1, 1, 48, 50, 50]]",[1],1,2400000,2400000.0,377257.0,377257.0,331811,0.0,7.0,20,,,,0.13825458333333332,345600000.0,345600000.0,345600000.0,17280000.0,17280000.0,17280000.0,345600000.0,17280000.0,0.0,0.0,0.0,345600000.0,17280000.0,0.0,0.0,345600000.0,17280000.0
middle,qat,int4,DAB_Block_2.DAB_Module_2_0.conv1x3.conv,conv2d,dense,accounting_mode:all-dense,20,"{""dense"": 20}","[[1, 1, 48, 50, 50]]","[[1, 1, 48, 50, 50]]",[1],1,2400000,2400000.0,315532.0,315532.0,279023,0.0,8.0,20,,,,0.11625958333333333,345600000.0,345600000.0,345600000.0,17280000.0,17280000.0,17280000.0,345600000.0,17280000.0,0.0,0.0,0.0,345600000.0,17280000.0,0.0,0.0,345600000.0,17280000.0
middle,qat,int4,DAB_Block_2.DAB_Module_2_0.dconv3x1.conv,conv2d,dense,accounting_mode:all-dense,20,"{""dense"": 20}","[[1, 1, 48, 50, 50]]","[[1, 1, 48, 50, 50]]",[1],1,2400000,2400000.0,144521.0,144521.0,125614,0.0,7.0,20,,,,0.052339166666666666,7200000.0,7200000.0,7200000.0,360000.0,360000.0,360000.0,7200000.0,360000.0,0.0,0.0,0.0,7200000.0,360000.0,0.0,0.0,7200000.0,360000.0
middle,qat,int4,DAB_Block_2.DAB_Module_2_0.dconv1x3.conv,conv2d,dense,accounting_mode:all-dense,20,"{""dense"": 20}","[[1, 1, 48, 50, 50]]","[[1, 1, 48, 50, 50]]",[1],1,2400000,2400000.0,52759.0,52759.0,41547,0.0,8.0,20,,,,0.01731125,7200000.0,7200000.0,7200000.0,360000.0,360000.0,360000.0,7200000.0,360000.0,0.0,0.0,0.0,7200000.0,360000.0,0.0,0.0,7200000.0,360000.0
middle,qat,fp,DAB_Block_2.DAB_Module_2_0.ca11.conv,conv1d,dense,accounting_mode:all-dense,20,"{""dense"": 20}","[[1, 1, 1, 48]]","[[1, 1, 1, 48]]",[1],1,960,960.0,46.263999581336975,46.263999581336975,198,0.0,0.9879999756813049,0,,,,0.20625,2880.0,2880.0,2880.0,144.0,144.0,144.0,2880.0,144.0,0.0,0.0,0.0,2880.0,144.0,0.0,0.0,2880.0,144.0
middle,qat,int4,DAB_Block_2.DAB_Module_2_0.ddconv3x1.conv,conv2d,dense,accounting_mode:all-dense,20,"{""dense"": 20}","[[1, 1, 48, 50, 50]]","[[1, 1, 48, 50, 50]]",[1],1,2400000,2400000.0,144521.0,144521.0,125614,0.0,7.0,20,,,,0.052339166666666666,7200000.0,7200000.0,7200000.0,360000.0,360000.0,360000.0,7200000.0,360000.0,0.0,0.0,0.0,7200000.0,360000.0,0.0,0.0,7200000.0,360000.0
middle,qat,int4,DAB_Block_2.DAB_Module_2_0.ddconv1x3.conv,conv2d,dense,accounting_mode:all-dense,20,"{""dense"": 20}","[[1, 1, 48, 50, 50]]","[[1, 1, 48, 50, 50]]",[1],1,2400000,2400000.0,13693.0,13693.0,10425,0.0,6.0,20,,,,0.00434375,7200000.0,7200000.0,7200000.0,360000.0,360000.0,360000.0,7200000.0,360000.0,0.0,0.0,0.0,7200000.0,360000.0,0.0,0.0,7200000.0,360000.0
middle,qat,fp,DAB_Block_2.DAB_Module_2_0.ca22.conv,conv1d,dense,accounting_mode:all-dense,20,"{""dense"": 20}","[[1, 1, 1, 48]]","[[1, 1, 1, 48]]",[1],1,960,960.0,13.541199684143066,13.541199684143066,78,0.0,0.9259999990463257,0,,,,0.08125,2880.0,2880.0,2880.0,144.0,144.0,144.0,2880.0,144.0,0.0,0.0,0.0,2880.0,144.0,0.0,0.0,2880.0,144.0
middle,qat,int4,DAB_Block_2.DAB_Module_2_0.conv1x1.conv,conv2d,dense,accounting_mode:all-dense,20,"{""dense"": 20}","[[1, 1, 48, 50, 50]]","[[1, 1, 96, 50, 50]]",[1],1,2400000,2400000.0,246626.0,246626.0,170667,0.0,12.0,20,,,,0.07111125,230400000.0,230400000.0,230400000.0,11520000.0,11520000.0,11520000.0,230400000.0,11520000.0,0.0,0.0,0.0,230400000.0,11520000.0,0.0,0.0,230400000.0,11520000.0
middle,qat,int4,downsample_3.conv3x3.conv,conv2d,dense,accounting_mode:all-dense,20,"{""dense"": 20}","[[1, 1, 96, 50, 50]]","[[1, 1, 32, 25, 25]]",[1],1,4800000,4800000.0,321392.3603515625,321392.3603515625,4800000,-12.380573272705078,6.8965678215026855,0,,,,1.0,345600000.0,345600000.0,345600000.0,17280000.0,17280000.0,17280000.0,345600000.0,17280000.0,0.0,0.0,0.0,345600000.0,17280000.0,0.0,0.0,345600000.0,17280000.0
middle,qat,int4,downsample_3.conv,conv2d,dense,accounting_mode:all-dense,20,"{""dense"": 20}","[[1, 1, 96, 50, 50]]","[[1, 1, 96, 50, 50]]",[1],1,4800000,4800000.0,353338.0,353338.0,310923,0.0,7.0,20,,,,0.064775625,4147200000.0,4147200000.0,4147200000.0,207360000.0,207360000.0,207360000.0,4147200000.0,207360000.0,0.0,0.0,0.0,4147200000.0,207360000.0,0.0,0.0,4147200000.0,207360000.0
middle,qat,int4,DAB_Block_3.DAB_Module_3_0.conv1x1_in.conv,conv2d,dense,accounting_mode:all-dense,20,"{""dense"": 20}","[[1, 1, 32, 25, 25]]","[[1, 1, 16, 25, 25]]",[1],1,400000,400000.0,66981.0,66981.0,41952,0.0,8.0,20,,,,0.10488,6400000.0,6400000.0,6400000.0,320000.0,320000.0,320000.0,6400000.0,320000.0,0.0,0.0,0.0,6400000.0,320000.0,0.0,0.0,6400000.0,320000.0
middle,qat,int4,DAB_Block_3.DAB_Module_3_0.conv3x1.conv,conv2d,dense,accounting_mode:all-dense,20,"{""dense"": 20}","[[1, 1, 16, 25, 25]]","[[1, 1, 16, 25, 25]]",[1],1,200000,200000.0,53040.0,53040.0,45369,0.0,7.0,20,,,,0.226845,9600000.0,9600000.0,9600000.0,480000.0,480000.0,480000.0,9600000.0,480000.0,0.0,0.0,0.0,9600000.0,480000.0,0.0,0.0,9600000.0,480000.0
middle,qat,int4,DAB_Block_3.DAB_Module_3_0.conv1x3.conv,conv2d,dense,accounting_mode:all-dense,20,"{""dense"": 20}","[[1, 1, 16, 25, 25]]","[[1, 1, 16, 25, 25]]",[1],1,200000,200000.0,40826.0,40826.0,34643,0.0,8.0,20,,,,0.173215,9600000.0,9600000.0,9600000.0,480000.0,480000.0,480000.0,9600000.0,480000.0,0.0,0.0,0.0,9600000.0,480000.0,0.0,0.0,9600000.0,480000.0
middle,qat,int4,DAB_Block_3.DAB_Module_3_0.dconv3x1.conv,conv2d,dense,accounting_mode:all-dense,20,"{""dense"": 20}","[[1, 1, 16, 25, 25]]","[[1, 1, 16, 25, 25]]",[1],1,200000,200000.0,35235.0,35235.0,27373,0.0,8.0,20,,,,0.136865,600000.0,600000.0,600000.0,30000.0,30000.0,30000.0,600000.0,30000.0,0.0,0.0,0.0,600000.0,30000.0,0.0,0.0,600000.0,30000.0
middle,qat,int4,DAB_Block_3.DAB_Module_3_0.dconv1x3.conv,conv2d,dense,accounting_mode:all-dense,20,"{""dense"": 20}","[[1, 1, 16, 25, 25]]","[[1, 1, 16, 25, 25]]",[1],1,200000,200000.0,8193.0,8193.0,6888,0.0,5.0,20,,,,0.03444,600000.0,600000.0,600000.0,30000.0,30000.0,30000.0,600000.0,30000.0,0.0,0.0,0.0,600000.0,30000.0,0.0,0.0,600000.0,30000.0
middle,qat,fp,DAB_Block_3.DAB_Module_3_0.ca11.conv,conv1d,dense,accounting_mode:all-dense,20,"{""dense"": 20}","[[1, 1, 1, 16]]","[[1, 1, 1, 16]]",[1],1,320,320.0,31.12799909710884,31.12799909710884,60,0.0,1.8240000009536743,0,,,,0.1875,960.0,960.0,960.0,48.0,48.0,48.0,960.0,48.0,0.0,0.0,0.0,960.0,48.0,0.0,0.0,960.0,48.0
middle,qat,int4,DAB_Block_3.DAB_Module_3_0.ddconv3x1.conv,conv2d,dense,accounting_mode:all-dense,20,"{""dense"": 20}","[[1, 1, 16, 25, 25]]","[[1, 1, 16, 25, 25]]",[1],1,200000,200000.0,35235.0,35235.0,27373,0.0,8.0,20,,,,0.136865,600000.0,600000.0,600000.0,30000.0,30000.0,30000.0,600000.0,30000.0,0.0,0.0,0.0,600000.0,30000.0,0.0,0.0,600000.0,30000.0
middle,qat,int4,DAB_Block_3.DAB_Module_3_0.ddconv1x3.conv,conv2d,dense,accounting_mode:all-dense,20,"{""dense"": 20}","[[1, 1, 16, 25, 25]]","[[1, 1, 16, 25, 25]]",[1],1,200000,200000.0,12198.0,12198.0,9277,0.0,8.0,20,,,,0.046385,600000.0,600000.0,600000.0,30000.0,30000.0,30000.0,600000.0,30000.0,0.0,0.0,0.0,600000.0,30000.0,0.0,0.0,600000.0,30000.0
middle,qat,fp,DAB_Block_3.DAB_Module_3_0.ca22.conv,conv1d,dense,accounting_mode:all-dense,20,"{""dense"": 20}","[[1, 1, 1, 16]]","[[1, 1, 1, 16]]",[1],1,320,320.0,47.228798627853394,47.228798627853394,78,0.0,2.473599910736084,0,,,,0.24375,960.0,960.0,960.0,48.0,48.0,48.0,960.0,48.0,0.0,0.0,0.0,960.0,48.0,0.0,0.0,960.0,48.0
middle,qat,int4,DAB_Block_3.DAB_Module_3_0.conv1x1.conv,conv2d,dense,accounting_mode:all-dense,20,"{""dense"": 20}","[[1, 1, 16, 25, 25]]","[[1, 1, 32, 25, 25]]",[1],1,200000,200000.0,71857.0,71857.0,39544,0.0,15.0,20,,,,0.19772,6400000.0,6400000.0,6400000.0,320000.0,320000.0,320000.0,6400000.0,320000.0,0.0,0.0,0.0,6400000.0,320000.0,0.0,0.0,6400000.0,320000.0
middle,qat,int4,transformer1.atten.reduce,linear,dense,accounting_mode:all-dense,20,"{""dense"": 20}","[[1, 625, 288]]","[[1, 625, 144]]",[1],1,3600000,3600000.0,179386.43017578125,179386.43017578125,3599997,-1.0257428884506226,7.983486652374268,0,,,,0.9999991666666667,518400000.0,518400000.0,518400000.0,25920000.0,25920000.0,25920000.0,518400000.0,25920000.0,0.0,0.0,0.0,518400000.0,25920000.0,0.0,0.0,518400000.0,25920000.0
middle,qat,int4,transformer1.atten.qkv,linear,dense,accounting_mode:all-dense,20,"{""dense"": 20}","[[1, 625, 144]]","[[1, 625, 432]]",[1],1,1800000,1800000.0,181129.0771484375,181129.0771484375,337498,-5.878302097320557,6.2128448486328125,0,,,,0.18749888888888888,777600000.0,777600000.0,777600000.0,38880000.0,38880000.0,38880000.0,777600000.0,38880000.0,0.0,0.0,0.0,777600000.0,38880000.0,0.0,0.0,777600000.0,38880000.0
middle,qat,int4,transformer1.atten.proj,linear,dense,accounting_mode:all-dense,20,"{""dense"": 20}","[[1, 625, 144]]","[[1, 625, 288]]",[1],1,1800000,1800000.0,106086.57028198242,106086.57028198242,99999,-10.02311897277832,9.46249008178711,0,,,,0.055555,518400000.0,518400000.0,518400000.0,25920000.0,25920000.0,25920000.0,518400000.0,25920000.0,0.0,0.0,0.0,518400000.0,25920000.0,0.0,0.0,518400000.0,25920000.0
middle,qat,int4,transformer1.mlp.fc1,linear,dense,accounting_mode:all-dense,20,"{""dense"": 20}","[[1, 625, 288]]","[[1, 625, 72]]",[1],1,3600000,3600000.0,1.079654776809271e-34,1.079654776809271e-34,3599986,-2.9402885157541907e-40,3.7878779048856995e-40,20,,,,0.9999961111111111,259200000.0,259200000.0,259200000.0,12960000.0,12960000.0,12960000.0,259200000.0,12960000.0,0.0,0.0,0.0,259200000.0,12960000.0,0.0,0.0,259200000.0,12960000.0
middle,qat,int4,transformer1.mlp.fc2,linear,dense,accounting_mode:all-dense,20,"{""dense"": 20}","[[1, 625, 72]]","[[1, 625, 288]]",[1],1,900000,900000.0,8.422504419824313e-37,8.422504419824313e-37,25000,0.0,6.295473480825673e-41,20,,,,0.027777777777777776,259200000.0,259200000.0,259200000.0,12960000.0,12960000.0,12960000.0,259200000.0,12960000.0,0.0,0.0,0.0,259200000.0,12960000.0,0.0,0.0,259200000.0,12960000.0
middle,qat,int4,DAB_Block_4.DAB_Module_4_0.conv1x1_in.conv,conv2d,dense,accounting_mode:all-dense,20,"{""dense"": 20}","[[1, 1, 32, 25, 25]]","[[1, 1, 16, 25, 25]]",[1],1,400000,400000.0,1167438.56640625,1167438.56640625,400000,-21.184961318969727,45.0,0,,,,1.0,6400000.0,6400000.0,6400000.0,320000.0,320000.0,320000.0,6400000.0,320000.0,0.0,0.0,0.0,6400000.0,320000.0,0.0,0.0,6400000.0,320000.0
middle,qat,int4,DAB_Block_4.DAB_Module_4_0.conv3x1.conv,conv2d,dense,accounting_mode:all-dense,20,"{""dense"": 20}","[[1, 1, 16, 25, 25]]","[[1, 1, 16, 25, 25]]",[1],1,200000,200000.0,0.0,0.0,0,0.0,0.0,20,,,,0.0,9600000.0,9600000.0,9600000.0,480000.0,480000.0,480000.0,9600000.0,480000.0,0.0,0.0,0.0,9600000.0,480000.0,0.0,0.0,9600000.0,480000.0
middle,qat,int4,DAB_Block_4.DAB_Module_4_0.conv1x3.conv,conv2d,dense,accounting_mode:all-dense,20,"{""dense"": 20}","[[1, 1, 16, 25, 25]]","[[1, 1, 16, 25, 25]]",[1],1,200000,200000.0,0.0,0.0,0,0.0,0.0,20,,,,0.0,9600000.0,9600000.0,9600000.0,480000.0,480000.0,480000.0,9600000.0,480000.0,0.0,0.0,0.0,9600000.0,480000.0,0.0,0.0,9600000.0,480000.0
middle,qat,int4,DAB_Block_4.DAB_Module_4_0.dconv3x1.conv,conv2d,dense,accounting_mode:all-dense,20,"{""dense"": 20}","[[1, 1, 16, 25, 25]]","[[1, 1, 16, 25, 25]]",[1],1,200000,200000.0,0.0,0.0,0,0.0,0.0,20,,,,0.0,600000.0,600000.0,600000.0,30000.0,30000.0,30000.0,600000.0,30000.0,0.0,0.0,0.0,600000.0,30000.0,0.0,0.0,600000.0,30000.0
middle,qat,int4,DAB_Block_4.DAB_Module_4_0.dconv1x3.conv,conv2d,dense,accounting_mode:all-dense,20,"{""dense"": 20}","[[1, 1, 16, 25, 25]]","[[1, 1, 16, 25, 25]]",[1],1,200000,200000.0,0.0,0.0,0,0.0,0.0,20,,,,0.0,600000.0,600000.0,600000.0,30000.0,30000.0,30000.0,600000.0,30000.0,0.0,0.0,0.0,600000.0,30000.0,0.0,0.0,600000.0,30000.0
middle,qat,fp,DAB_Block_4.DAB_Module_4_0.ca11.conv,conv1d,dense,accounting_mode:all-dense,20,"{""dense"": 20}","[[1, 1, 1, 16]]","[[1, 1, 1, 16]]",[1],1,320,320.0,0.0,0.0,0,0.0,0.0,20,,,,0.0,960.0,960.0,960.0,48.0,48.0,48.0,960.0,48.0,0.0,0.0,0.0,960.0,48.0,0.0,0.0,960.0,48.0
middle,qat,int4,DAB_Block_4.DAB_Module_4_0.ddconv3x1.conv,conv2d,dense,accounting_mode:all-dense,20,"{""dense"": 20}","[[1, 1, 16, 25, 25]]","[[1, 1, 16, 25, 25]]",[1],1,200000,200000.0,0.0,0.0,0,0.0,0.0,20,,,,0.0,600000.0,600000.0,600000.0,30000.0,30000.0,30000.0,600000.0,30000.0,0.0,0.0,0.0,600000.0,30000.0,0.0,0.0,600000.0,30000.0
middle,qat,int4,DAB_Block_4.DAB_Module_4_0.ddconv1x3.conv,conv2d,dense,accounting_mode:all-dense,20,"{""dense"": 20}","[[1, 1, 16, 25, 25]]","[[1, 1, 16, 25, 25]]",[1],1,200000,200000.0,0.0,0.0,0,0.0,0.0,20,,,,0.0,600000.0,600000.0,600000.0,30000.0,30000.0,30000.0,600000.0,30000.0,0.0,0.0,0.0,600000.0,30000.0,0.0,0.0,600000.0,30000.0
middle,qat,fp,DAB_Block_4.DAB_Module_4_0.ca22.conv,conv1d,dense,accounting_mode:all-dense,20,"{""dense"": 20}","[[1, 1, 1, 16]]","[[1, 1, 1, 16]]",[1],1,320,320.0,0.0,0.0,0,0.0,0.0,20,,,,0.0,960.0,960.0,960.0,48.0,48.0,48.0,960.0,48.0,0.0,0.0,0.0,960.0,48.0,0.0,0.0,960.0,48.0
middle,qat,int4,DAB_Block_4.DAB_Module_4_0.conv1x1.conv,conv2d,dense,accounting_mode:all-dense,20,"{""dense"": 20}","[[1, 1, 16, 25, 25]]","[[1, 1, 32, 25, 25]]",[1],1,200000,200000.0,0.0,0.0,0,0.0,0.0,20,,,,0.0,6400000.0,6400000.0,6400000.0,320000.0,320000.0,320000.0,6400000.0,320000.0,0.0,0.0,0.0,6400000.0,320000.0,0.0,0.0,6400000.0,320000.0
middle,qat,int4,upsample_1.conv,conv_transpose2d,dense,accounting_mode:all-dense,20,"{""dense"": 20}","[[1, 1, 32, 25, 25]]","[[1, 1, 32, 50, 50]]",[1],1,400000,400000.0,215437.0,215437.0,122882,0.0,11.0,20,,,,0.307205,115200000.0,115200000.0,115200000.0,5760000.0,5760000.0,5760000.0,115200000.0,5760000.0,0.0,0.0,0.0,115200000.0,5760000.0,0.0,0.0,115200000.0,5760000.0
middle,qat,int4,DAB_Block_5.DAB_Module_5_0.conv1x1_in.conv,conv2d,dense,accounting_mode:all-dense,20,"{""dense"": 20}","[[1, 1, 32, 50, 50]]","[[1, 1, 16, 50, 50]]",[1],1,1600000,1600000.0,433888.0,433888.0,387616,0.0,7.0,20,,,,0.24226,25600000.0,25600000.0,25600000.0,1280000.0,1280000.0,1280000.0,25600000.0,1280000.0,0.0,0.0,0.0,25600000.0,1280000.0,0.0,0.0,25600000.0,1280000.0
middle,qat,int4,DAB_Block_5.DAB_Module_5_0.conv3x1.conv,conv2d,dense,accounting_mode:all-dense,20,"{""dense"": 20}","[[1, 1, 16, 50, 50]]","[[1, 1, 16, 50, 50]]",[1],1,800000,800000.0,161725.0,161725.0,142202,0.0,6.0,20,,,,0.1777525,38400000.0,38400000.0,38400000.0,1920000.0,1920000.0,1920000.0,38400000.0,1920000.0,0.0,0.0,0.0,38400000.0,1920000.0,0.0,0.0,38400000.0,1920000.0
middle,qat,int4,DAB_Block_5.DAB_Module_5_0.conv1x3.conv,conv2d,dense,accounting_mode:all-dense,20,"{""dense"": 20}","[[1, 1, 16, 50, 50]]","[[1, 1, 16, 50, 50]]",[1],1,800000,800000.0,127020.0,127020.0,113240,0.0,5.0,20,,,,0.14155,38400000.0,38400000.0,38400000.0,1920000.0,1920000.0,1920000.0,38400000.0,1920000.0,0.0,0.0,0.0,38400000.0,1920000.0,0.0,0.0,38400000.0,1920000.0
middle,qat,int4,DAB_Block_5.DAB_Module_5_0.dconv3x1.conv,conv2d,dense,accounting_mode:all-dense,20,"{""dense"": 20}","[[1, 1, 16, 50, 50]]","[[1, 1, 16, 50, 50]]",[1],1,800000,800000.0,143809.0,143809.0,120467,0.0,8.0,20,,,,0.15058375,2400000.0,2400000.0,2400000.0,120000.0,120000.0,120000.0,2400000.0,120000.0,0.0,0.0,0.0,2400000.0,120000.0,0.0,0.0,2400000.0,120000.0
middle,qat,int4,DAB_Block_5.DAB_Module_5_0.dconv1x3.conv,conv2d,dense,accounting_mode:all-dense,20,"{""dense"": 20}","[[1, 1, 16, 50, 50]]","[[1, 1, 16, 50, 50]]",[1],1,800000,800000.0,89877.0,89877.0,79215,0.0,7.0,20,,,,0.09901875,2400000.0,2400000.0,2400000.0,120000.0,120000.0,120000.0,2400000.0,120000.0,0.0,0.0,0.0,2400000.0,120000.0,0.0,0.0,2400000.0,120000.0
middle,qat,fp,DAB_Block_5.DAB_Module_5_0.ca11.conv,conv1d,dense,accounting_mode:all-dense,20,"{""dense"": 20}","[[1, 1, 1, 16]]","[[1, 1, 1, 16]]",[1],1,320,320.0,78.7527984380722,78.7527984380722,99,0.0,4.461599826812744,0,,,,0.309375,960.0,960.0,960.0,48.0,48.0,48.0,960.0,48.0,0.0,0.0,0.0,960.0,48.0,0.0,0.0,960.0,48.0
middle,qat,int4,DAB_Block_5.DAB_Module_5_0.ddconv3x1.conv,conv2d,dense,accounting_mode:all-dense,20,"{""dense"": 20}","[[1, 1, 16, 50, 50]]","[[1, 1, 16, 50, 50]]",[1],1,800000,800000.0,143809.0,143809.0,120467,0.0,8.0,20,,,,0.15058375,2400000.0,2400000.0,2400000.0,120000.0,120000.0,120000.0,2400000.0,120000.0,0.0,0.0,0.0,2400000.0,120000.0,0.0,0.0,2400000.0,120000.0
middle,qat,int4,DAB_Block_5.DAB_Module_5_0.ddconv1x3.conv,conv2d,dense,accounting_mode:all-dense,20,"{""dense"": 20}","[[1, 1, 16, 50, 50]]","[[1, 1, 16, 50, 50]]",[1],1,800000,800000.0,20370.0,20370.0,12938,0.0,6.0,20,,,,0.0161725,2400000.0,2400000.0,2400000.0,120000.0,120000.0,120000.0,2400000.0,120000.0,0.0,0.0,0.0,2400000.0,120000.0,0.0,0.0,2400000.0,120000.0
middle,qat,fp,DAB_Block_5.DAB_Module_5_0.ca22.conv,conv1d,dense,accounting_mode:all-dense,20,"{""dense"": 20}","[[1, 1, 1, 16]]","[[1, 1, 1, 16]]",[1],1,320,320.0,19.577199587598443,19.577199587598443,20,0.0,4.376800060272217,0,,,,0.0625,960.0,960.0,960.0,48.0,48.0,48.0,960.0,48.0,0.0,0.0,0.0,960.0,48.0,0.0,0.0,960.0,48.0
middle,qat,int4,DAB_Block_5.DAB_Module_5_0.conv1x1.conv,conv2d,dense,accounting_mode:all-dense,20,"{""dense"": 20}","[[1, 1, 16, 50, 50]]","[[1, 1, 32, 50, 50]]",[1],1,800000,800000.0,306202.0,306202.0,164420,0.0,15.0,20,,,,0.205525,25600000.0,25600000.0,25600000.0,1280000.0,1280000.0,1280000.0,25600000.0,1280000.0,0.0,0.0,0.0,25600000.0,1280000.0,0.0,0.0,25600000.0,1280000.0
middle,qat,int4,upsample_2.conv,conv_transpose2d,dense,accounting_mode:all-dense,20,"{""dense"": 20}","[[1, 1, 32, 50, 50]]","[[1, 1, 32, 100, 100]]",[1],1,1600000,1600000.0,1420615.0,1420615.0,728087,0.0,16.0,20,,,,0.455054375,460800000.0,460800000.0,460800000.0,23040000.0,23040000.0,23040000.0,460800000.0,23040000.0,0.0,0.0,0.0,460800000.0,23040000.0,0.0,0.0,460800000.0,23040000.0
middle,qat,int4,DAB_Block_6.DAB_Module_6_0.conv1x1_in.conv,conv2d,dense,accounting_mode:all-dense,20,"{""dense"": 20}","[[1, 1, 32, 100, 100]]","[[1, 1, 16, 100, 100]]",[1],1,6400000,6400000.0,3196117.0,3196117.0,2865937,0.0,6.0,20,,,,0.44780265625,102400000.0,102400000.0,102400000.0,5120000.0,5120000.0,5120000.0,102400000.0,5120000.0,0.0,0.0,0.0,102400000.0,5120000.0,0.0,0.0,102400000.0,5120000.0
middle,qat,int4,DAB_Block_6.DAB_Module_6_0.conv3x1.conv,conv2d,dense,accounting_mode:all-dense,20,"{""dense"": 20}","[[1, 1, 16, 100, 100]]","[[1, 1, 16, 100, 100]]",[1],1,3200000,3200000.0,920086.0,920086.0,737557,0.0,6.0,20,,,,0.2304865625,153600000.0,153600000.0,153600000.0,7680000.0,7680000.0,7680000.0,153600000.0,7680000.0,0.0,0.0,0.0,153600000.0,7680000.0,0.0,0.0,153600000.0,7680000.0
middle,qat,int4,DAB_Block_6.DAB_Module_6_0.conv1x3.conv,conv2d,dense,accounting_mode:all-dense,20,"{""dense"": 20}","[[1, 1, 16, 100, 100]]","[[1, 1, 16, 100, 100]]",[1],1,3200000,3200000.0,908850.0,908850.0,708862,0.0,7.0,20,,,,0.221519375,153600000.0,153600000.0,153600000.0,7680000.0,7680000.0,7680000.0,153600000.0,7680000.0,0.0,0.0,0.0,153600000.0,7680000.0,0.0,0.0,153600000.0,7680000.0
middle,qat,int4,DAB_Block_6.DAB_Module_6_0.dconv3x1.conv,conv2d,dense,accounting_mode:all-dense,20,"{""dense"": 20}","[[1, 1, 16, 100, 100]]","[[1, 1, 16, 100, 100]]",[1],1,3200000,3200000.0,736888.0,736888.0,463003,0.0,8.0,20,,,,0.1446884375,9600000.0,9600000.0,9600000.0,480000.0,480000.0,480000.0,9600000.0,480000.0,0.0,0.0,0.0,9600000.0,480000.0,0.0,0.0,9600000.0,480000.0
middle,qat,int4,DAB_Block_6.DAB_Module_6_0.dconv1x3.conv,conv2d,dense,accounting_mode:all-dense,20,"{""dense"": 20}","[[1, 1, 16, 100, 100]]","[[1, 1, 16, 100, 100]]",[1],1,3200000,3200000.0,0.0,0.0,0,0.0,0.0,20,,,,0.0,9600000.0,9600000.0,9600000.0,480000.0,480000.0,480000.0,9600000.0,480000.0,0.0,0.0,0.0,9600000.0,480000.0,0.0,0.0,9600000.0,480000.0
middle,qat,fp,DAB_Block_6.DAB_Module_6_0.ca11.conv,conv1d,dense,accounting_mode:all-dense,20,"{""dense"": 20}","[[1, 1, 1, 16]]","[[1, 1, 1, 16]]",[1],1,320,320.0,0.0,0.0,0,0.0,0.0,20,,,,0.0,960.0,960.0,960.0,48.0,48.0,48.0,960.0,48.0,0.0,0.0,0.0,960.0,48.0,0.0,0.0,960.0,48.0
middle,qat,int4,DAB_Block_6.DAB_Module_6_0.ddconv3x1.conv,conv2d,dense,accounting_mode:all-dense,20,"{""dense"": 20}","[[1, 1, 16, 100, 100]]","[[1, 1, 16, 100, 100]]",[1],1,3200000,3200000.0,736888.0,736888.0,463003,0.0,8.0,20,,,,0.1446884375,9600000.0,9600000.0,9600000.0,480000.0,480000.0,480000.0,9600000.0,480000.0,0.0,0.0,0.0,9600000.0,480000.0,0.0,0.0,9600000.0,480000.0
middle,qat,int4,DAB_Block_6.DAB_Module_6_0.ddconv1x3.conv,conv2d,dense,accounting_mode:all-dense,20,"{""dense"": 20}","[[1, 1, 16, 100, 100]]","[[1, 1, 16, 100, 100]]",[1],1,3200000,3200000.0,399594.0,399594.0,285735,0.0,7.0,20,,,,0.0892921875,9600000.0,9600000.0,9600000.0,480000.0,480000.0,480000.0,9600000.0,480000.0,0.0,0.0,0.0,9600000.0,480000.0,0.0,0.0,9600000.0,480000.0
middle,qat,fp,DAB_Block_6.DAB_Module_6_0.ca22.conv,conv1d,dense,accounting_mode:all-dense,20,"{""dense"": 20}","[[1, 1, 1, 16]]","[[1, 1, 1, 16]]",[1],1,320,320.0,91.18879806995392,91.18879806995392,80,0.0,4.1153998374938965,0,,,,0.25,960.0,960.0,960.0,48.0,48.0,48.0,960.0,48.0,0.0,0.0,0.0,960.0,48.0,0.0,0.0,960.0,48.0
middle,qat,int4,DAB_Block_6.DAB_Module_6_0.conv1x1.conv,conv2d,dense,accounting_mode:all-dense,20,"{""dense"": 20}","[[1, 1, 16, 100, 100]]","[[1, 1, 32, 100, 100]]",[1],1,3200000,3200000.0,1578714.0,1578714.0,585569,0.0,16.0,20,,,,0.1829903125,102400000.0,102400000.0,102400000.0,5120000.0,5120000.0,5120000.0,102400000.0,5120000.0,0.0,0.0,0.0,102400000.0,5120000.0,0.0,0.0,102400000.0,5120000.0
middle,qat,int4,upsample_3.conv,conv_transpose2d,dense,accounting_mode:all-dense,20,"{""dense"": 20}","[[1, 1, 32, 100, 100]]","[[1, 1, 32, 200, 200]]",[1],1,6400000,6400000.0,7997954.0,7997954.0,3496738,0.0,15.0,20,,,,0.5463653125,1843200000.0,1843200000.0,1843200000.0,92160000.0,92160000.0,92160000.0,1843200000.0,92160000.0,0.0,0.0,0.0,1843200000.0,92160000.0,0.0,0.0,1843200000.0,92160000.0
middle,qat,int4,PA3.conv,conv2d,dense,accounting_mode:all-dense,0,{},[],[],[],1,0,0.0,0.0,0.0,0,,,0,,,,,0.0,0.0,0.0,0.0,0.0,0.0,0.0,0.0,0.0,0.0,0.0,0.0,0.0,0.0,0.0,0.0,0.0
middle,qat,int4,LC1.dconv3x1,conv2d,dense,accounting_mode:all-dense,20,"{""dense"": 20}","[[1, 1, 96, 100, 100]]","[[1, 1, 48, 100, 100]]",[1],1,19200000,19200000.0,4105653.0,4105653.0,3616905,0.0,8.0,20,,,,0.18838046875,2764800000.0,2764800000.0,2764800000.0,138240000.0,138240000.0,138240000.0,2764800000.0,138240000.0,0.0,0.0,0.0,2764800000.0,138240000.0,0.0,0.0,2764800000.0,138240000.0
middle,qat,int4,LC1.dconv1x3,conv2d,dense,accounting_mode:all-dense,20,"{""dense"": 20}","[[1, 1, 48, 100, 100]]","[[1, 1, 32, 100, 100]]",[1],1,9600000,9600000.0,2647705.671875,2647705.671875,9600000,-9.651750564575195,9.070561408996582,0,,,,1.0,921600000.0,921600000.0,921600000.0,46080000.0,46080000.0,46080000.0,921600000.0,46080000.0,0.0,0.0,0.0,921600000.0,46080000.0,0.0,0.0,921600000.0,46080000.0
middle,qat,int4,LC2.dconv3x1,conv2d,dense,accounting_mode:all-dense,20,"{""dense"": 20}","[[1, 1, 96, 50, 50]]","[[1, 1, 48, 50, 50]]",[1],1,4800000,4800000.0,353338.0,353338.0,310923,0.0,7.0,20,,,,0.064775625,691200000.0,691200000.0,691200000.0,34560000.0,34560000.0,34560000.0,691200000.0,34560000.0,0.0,0.0,0.0,691200000.0,34560000.0,0.0,0.0,691200000.0,34560000.0
middle,qat,int4,LC2.dconv1x3,conv2d,dense,accounting_mode:all-dense,20,"{""dense"": 20}","[[1, 1, 48, 50, 50]]","[[1, 1, 32, 50, 50]]",[1],1,2400000,2400000.0,250588.72265625,250588.72265625,2400000,-4.686215400695801,3.3131039142608643,0,,,,1.0,230400000.0,230400000.0,230400000.0,11520000.0,11520000.0,11520000.0,230400000.0,11520000.0,0.0,0.0,0.0,230400000.0,11520000.0,0.0,0.0,230400000.0,11520000.0
middle,qat,int4,LC3.dconv3x1,conv2d,dense,accounting_mode:all-dense,20,"{""dense"": 20}","[[1, 1, 32, 25, 25]]","[[1, 1, 16, 25, 25]]",[1],1,400000,400000.0,94873.0,94873.0,82904,0.0,5.0,20,,,,0.20726,19200000.0,19200000.0,19200000.0,960000.0,960000.0,960000.0,19200000.0,960000.0,0.0,0.0,0.0,19200000.0,960000.0,0.0,0.0,19200000.0,960000.0
middle,qat,int4,LC3.dconv1x3,conv2d,dense,accounting_mode:all-dense,20,"{""dense"": 20}","[[1, 1, 16, 25, 25]]","[[1, 1, 32, 25, 25]]",[1],1,200000,200000.0,37681.750061035156,37681.750061035156,200000,-2.6256299018859863,5.639853000640869,0,,,,1.0,19200000.0,19200000.0,19200000.0,960000.0,960000.0,960000.0,19200000.0,960000.0,0.0,0.0,0.0,19200000.0,960000.0,0.0,0.0,19200000.0,960000.0
middle,qat,int4,final_conv,conv2d,dense,accounting_mode:all-dense,20,"{""dense"": 20}","[[1, 1, 32, 200, 200]]","[[1, 1, 32, 200, 200]]",[1],1,25600000,25600000.0,5908486.0,5908486.0,4866544,0.0,7.0,20,,,,0.190099375,7372800000.0,7372800000.0,7372800000.0,368640000.0,368640000.0,368640000.0,7372800000.0,368640000.0,0.0,0.0,0.0,7372800000.0,368640000.0,0.0,0.0,7372800000.0,368640000.0
middle,qat,int4,classifier.0.conv,conv2d,dense,accounting_mode:all-dense,20,"{""dense"": 20}","[[1, 1, 32, 400, 400]]","[[1, 1, 6, 400, 400]]",[1],1,102400000,102400000.0,30645731.625,30645731.625,102400000,-12.08452033996582,10.648910522460938,0,,,,1.0,614400000.0,614400000.0,614400000.0,30720000.0,30720000.0,30720000.0,614400000.0,30720000.0,0.0,0.0,0.0,614400000.0,30720000.0,0.0,0.0,614400000.0,30720000.0
middle,qat,fp,transformer1.atten.matmul,attention_matmul,dense,special:EffAttention,20,"{""dense"": 20}","[[1, 625, 288]]","[[1, 625, 288]]",[1],1,3600000,3600000.0,179386.43017578125,179386.43017578125,3599997,-1.0257428884506226,7.983486652374268,0,,,,0.9999991666666667,560707200.0,560707200.0,560707200.0,28035360.0,28035360.0,28035360.0,560707200.0,28035360.0,0.0,0.0,0.0,560707200.0,28035360.0,0.0,0.0,560707200.0,28035360.0
max,fp,fp,init_conv.0.conv,conv2d,dense,accounting_mode:all-dense,20,"{""dense"": 20}","[[1, 1, 3, 400, 400]]","[[1, 1, 32, 400, 400]]",[1],1,9600000,9600000.0,7411175.6640625,7411175.6640625,9600000,-2.1179039478302,2.640000104904175,0,,,,1.0,2764800000.0,2764800000.0,2764800000.0,138240000.0,138240000.0,138240000.0,2764800000.0,138240000.0,0.0,0.0,0.0,2764800000.0,138240000.0,0.0,0.0,2764800000.0,138240000.0
max,fp,fp,init_conv.1.conv,conv2d,dense,accounting_mode:all-dense,20,"{""dense"": 20}","[[1, 1, 32, 400, 400]]","[[1, 1, 64, 400, 400]]",[1],1,102400000,102400000.0,28294630.0,28294630.0,20586901,0.0,8.0,20,,,,0.201043955078125,58982400000.0,58982400000.0,58982400000.0,2949120000.0,2949120000.0,2949120000.0,58982400000.0,2949120000.0,0.0,0.0,0.0,58982400000.0,2949120000.0,0.0,0.0,58982400000.0,2949120000.0
max,fp,fp,init_conv.2.conv,conv2d,dense,accounting_mode:all-dense,20,"{""dense"": 20}","[[1, 1, 64, 400, 400]]","[[1, 1, 64, 200, 200]]",[1],1,204800000,204800000.0,40188870.0,40188870.0,37231473,0.0,8.0,20,,,,0.1817943017578125,29491200000.0,29491200000.0,29491200000.0,1474560000.0,1474560000.0,1474560000.0,29491200000.0,1474560000.0,0.0,0.0,0.0,29491200000.0,1474560000.0,0.0,0.0,29491200000.0,1474560000.0
max,fp,fp,downsample_1.conv3x3.conv,conv2d,dense,accounting_mode:all-dense,20,"{""dense"": 20}","[[1, 1, 64, 200, 200]]","[[1, 1, 64, 100, 100]]",[1],1,51200000,51200000.0,7446442.0,7446442.0,6519769,0.0,8.0,20,,,,0.12733923828125,7372800000.0,7372800000.0,7372800000.0,368640000.0,368640000.0,368640000.0,7372800000.0,368640000.0,0.0,0.0,0.0,7372800000.0,368640000.0,0.0,0.0,7372800000.0,368640000.0
max,fp,fp,DAB_Block_1.DAB_Module_1_0.conv1x1_in.conv,conv2d,dense,accounting_mode:all-dense,20,"{""dense"": 20}","[[1, 1, 128, 100, 100]]","[[1, 1, 64, 100, 100]]",[1],1,25600000,25600000.0,3828993.0,3828993.0,3343903,0.0,8.0,20,,,,0.1306212109375,1638400000.0,1638400000.0,1638400000.0,81920000.0,81920000.0,81920000.0,1638400000.0,81920000.0,0.0,0.0,0.0,1638400000.0,81920000.0,0.0,0.0,1638400000.0,81920000.0
max,fp,fp,DAB_Block_1.DAB_Module_1_0.conv3x1.conv,conv2d,dense,accounting_mode:all-dense,20,"{""dense"": 20}","[[1, 1, 64, 100, 100]]","[[1, 1, 64, 100, 100]]",[1],1,12800000,12800000.0,1822696.0,1822696.0,1756069,0.0,5.0,20,,,,0.137192890625,2457600000.0,2457600000.0,2457600000.0,122880000.0,122880000.0,122880000.0,2457600000.0,122880000.0,0.0,0.0,0.0,2457600000.0,122880000.0,0.0,0.0,2457600000.0,122880000.0
max,fp,fp,DAB_Block_1.DAB_Module_1_0.conv1x3.conv,conv2d,dense,accounting_mode:all-dense,20,"{""dense"": 20}","[[1, 1, 64, 100, 100]]","[[1, 1, 64, 100, 100]]",[1],1,12800000,12800000.0,1793378.0,1793378.0,1723100,0.0,6.0,20,,,,0.1346171875,2457600000.0,2457600000.0,2457600000.0,122880000.0,122880000.0,122880000.0,2457600000.0,122880000.0,0.0,0.0,0.0,2457600000.0,122880000.0,0.0,0.0,2457600000.0,122880000.0
max,fp,fp,DAB_Block_1.DAB_Module_1_0.dconv3x1.conv,conv2d,dense,accounting_mode:all-dense,20,"{""dense"": 20}","[[1, 1, 64, 100, 100]]","[[1, 1, 64, 100, 100]]",[1],1,12800000,12800000.0,2842867.0,2842867.0,2740577,0.0,4.0,20,,,,0.214107578125,38400000.0,38400000.0,38400000.0,1920000.0,1920000.0,1920000.0,38400000.0,1920000.0,0.0,0.0,0.0,38400000.0,1920000.0,0.0,0.0,38400000.0,1920000.0
max,fp,fp,DAB_Block_1.DAB_Module_1_0.dconv1x3.conv,conv2d,dense,accounting_mode:all-dense,20,"{""dense"": 20}","[[1, 1, 64, 100, 100]]","[[1, 1, 64, 100, 100]]",[1],1,12800000,12800000.0,826606.0,826606.0,770705,0.0,5.0,20,,,,0.060211328125,38400000.0,38400000.0,38400000.0,1920000.0,1920000.0,1920000.0,38400000.0,1920000.0,0.0,0.0,0.0,38400000.0,1920000.0,0.0,0.0,38400000.0,1920000.0
max,fp,fp,DAB_Block_1.DAB_Module_1_0.ca11.conv,conv1d,dense,accounting_mode:all-dense,20,"{""dense"": 20}","[[1, 1, 1, 64]]","[[1, 1, 1, 64]]",[1],1,1280,1280.0,236.81779193878174,236.81779193878174,240,0.0,2.4293999671936035,0,,,,0.1875,3840.0,3840.0,3840.0,192.0,192.0,192.0,3840.0,192.0,0.0,0.0,0.0,3840.0,192.0,0.0,0.0,3840.0,192.0
max,fp,fp,DAB_Block_1.DAB_Module_1_0.ddconv3x1.conv,conv2d,dense,accounting_mode:all-dense,20,"{""dense"": 20}","[[1, 1, 64, 100, 100]]","[[1, 1, 64, 100, 100]]",[1],1,12800000,12800000.0,2842867.0,2842867.0,2740577,0.0,4.0,20,,,,0.214107578125,38400000.0,38400000.0,38400000.0,1920000.0,1920000.0,1920000.0,38400000.0,1920000.0,0.0,0.0,0.0,38400000.0,1920000.0,0.0,0.0,38400000.0,1920000.0
max,fp,fp,DAB_Block_1.DAB_Module_1_0.ddconv1x3.conv,conv2d,dense,accounting_mode:all-dense,20,"{""dense"": 20}","[[1, 1, 64, 100, 100]]","[[1, 1, 64, 100, 100]]",[1],1,12800000,12800000.0,671736.0,671736.0,571454,0.0,5.0,20,,,,0.04464484375,38400000.0,38400000.0,38400000.0,1920000.0,1920000.0,1920000.0,38400000.0,1920000.0,0.0,0.0,0.0,38400000.0,1920000.0,0.0,0.0,38400000.0,1920000.0
max,fp,fp,DAB_Block_1.DAB_Module_1_0.ca22.conv,conv1d,dense,accounting_mode:all-dense,20,"{""dense"": 20}","[[1, 1, 1, 64]]","[[1, 1, 1, 64]]",[1],1,1280,1280.0,206.97419452667236,206.97419452667236,320,0.0,2.2649998664855957,0,,,,0.25,3840.0,3840.0,3840.0,192.0,192.0,192.0,3840.0,192.0,0.0,0.0,0.0,3840.0,192.0,0.0,0.0,3840.0,192.0
max,fp,fp,DAB_Block_1.DAB_Module_1_0.conv1x1.conv,conv2d,dense,accounting_mode:all-dense,20,"{""dense"": 20}","[[1, 1, 64, 100, 100]]","[[1, 1, 128, 100, 100]]",[1],1,12800000,12800000.0,5167227.0,5167227.0,3964488,0.0,11.0,20,,,,0.309725625,1638400000.0,1638400000.0,1638400000.0,81920000.0,81920000.0,81920000.0,1638400000.0,81920000.0,0.0,0.0,0.0,1638400000.0,81920000.0,0.0,0.0,1638400000.0,81920000.0
max,fp,fp,downsample_2.conv3x3.conv,conv2d,dense,accounting_mode:all-dense,20,"{""dense"": 20}","[[1, 1, 128, 100, 100]]","[[1, 1, 128, 50, 50]]",[1],1,25600000,25600000.0,6182806.0,6182806.0,5406547,0.0,8.0,20,,,,0.2111932421875,7372800000.0,7372800000.0,7372800000.0,368640000.0,368640000.0,368640000.0,7372800000.0,368640000.0,0.0,0.0,0.0,7372800000.0,368640000.0,0.0,0.0,7372800000.0,368640000.0
max,fp,fp,DAB_Block_2.DAB_Module_2_0.conv1x1_in.conv,conv2d,dense,accounting_mode:all-dense,20,"{""dense"": 20}","[[1, 1, 128, 50, 50]]","[[1, 1, 64, 50, 50]]",[1],1,6400000,6400000.0,607337.0,607337.0,542362,0.0,5.0,20,,,,0.0847440625,409600000.0,409600000.0,409600000.0,20480000.0,20480000.0,20480000.0,409600000.0,20480000.0,0.0,0.0,0.0,409600000.0,20480000.0,0.0,0.0,409600000.0,20480000.0
max,fp,fp,DAB_Block_2.DAB_Module_2_0.conv3x1.conv,conv2d,dense,accounting_mode:all-dense,20,"{""dense"": 20}","[[1, 1, 64, 50, 50]]","[[1, 1, 64, 50, 50]]",[1],1,3200000,3200000.0,301921.0,301921.0,295295,0.0,4.0,20,,,,0.0922796875,614400000.0,614400000.0,614400000.0,30720000.0,30720000.0,30720000.0,614400000.0,30720000.0,0.0,0.0,0.0,614400000.0,30720000.0,0.0,0.0,614400000.0,30720000.0
max,fp,fp,DAB_Block_2.DAB_Module_2_0.conv1x3.conv,conv2d,dense,accounting_mode:all-dense,20,"{""dense"": 20}","[[1, 1, 64, 50, 50]]","[[1, 1, 64, 50, 50]]",[1],1,3200000,3200000.0,281416.0,281416.0,267174,0.0,5.0,20,,,,0.083491875,614400000.0,614400000.0,614400000.0,30720000.0,30720000.0,30720000.0,614400000.0,30720000.0,0.0,0.0,0.0,614400000.0,30720000.0,0.0,0.0,614400000.0,30720000.0
max,fp,fp,DAB_Block_2.DAB_Module_2_0.dconv3x1.conv,conv2d,dense,accounting_mode:all-dense,20,"{""dense"": 20}","[[1, 1, 64, 50, 50]]","[[1, 1, 64, 50, 50]]",[1],1,3200000,3200000.0,216413.0,216413.0,207837,0.0,4.0,20,,,,0.0649490625,9600000.0,9600000.0,9600000.0,480000.0,480000.0,480000.0,9600000.0,480000.0,0.0,0.0,0.0,9600000.0,480000.0,0.0,0.0,9600000.0,480000.0
max,fp,fp,DAB_Block_2.DAB_Module_2_0.dconv1x3.conv,conv2d,dense,accounting_mode:all-dense,20,"{""dense"": 20}","[[1, 1, 64, 50, 50]]","[[1, 1, 64, 50, 50]]",[1],1,3200000,3200000.0,16102.0,16102.0,15910,0.0,3.0,20,,,,0.004971875,9600000.0,9600000.0,9600000.0,480000.0,480000.0,480000.0,9600000.0,480000.0,0.0,0.0,0.0,9600000.0,480000.0,0.0,0.0,9600000.0,480000.0
max,fp,fp,DAB_Block_2.DAB_Module_2_0.ca11.conv,conv1d,dense,accounting_mode:all-dense,20,"{""dense"": 20}","[[1, 1, 1, 64]]","[[1, 1, 1, 64]]",[1],1,1280,1280.0,7.063999876379967,7.063999876379967,120,0.0,0.24879999458789825,0,,,,0.09375,3840.0,3840.0,3840.0,192.0,192.0,192.0,3840.0,192.0,0.0,0.0,0.0,3840.0,192.0,0.0,0.0,3840.0,192.0
max,fp,fp,DAB_Block_2.DAB_Module_2_0.ddconv3x1.conv,conv2d,dense,accounting_mode:all-dense,20,"{""dense"": 20}","[[1, 1, 64, 50, 50]]","[[1, 1, 64, 50, 50]]",[1],1,3200000,3200000.0,216413.0,216413.0,207837,0.0,4.0,20,,,,0.0649490625,9600000.0,9600000.0,9600000.0,480000.0,480000.0,480000.0,9600000.0,480000.0,0.0,0.0,0.0,9600000.0,480000.0,0.0,0.0,9600000.0,480000.0
max,fp,fp,DAB_Block_2.DAB_Module_2_0.ddconv1x3.conv,conv2d,dense,accounting_mode:all-dense,20,"{""dense"": 20}","[[1, 1, 64, 50, 50]]","[[1, 1, 64, 50, 50]]",[1],1,3200000,3200000.0,18971.0,18971.0,18746,0.0,3.0,20,,,,0.005858125,9600000.0,9600000.0,9600000.0,480000.0,480000.0,480000.0,9600000.0,480000.0,0.0,0.0,0.0,9600000.0,480000.0,0.0,0.0,9600000.0,480000.0
max,fp,fp,DAB_Block_2.DAB_Module_2_0.ca22.conv,conv1d,dense,accounting_mode:all-dense,20,"{""dense"": 20}","[[1, 1, 1, 64]]","[[1, 1, 1, 64]]",[1],1,1280,1280.0,7.824399799108505,7.824399799108505,157,0.0,0.3991999924182892,0,,,,0.12265625,3840.0,3840.0,3840.0,192.0,192.0,192.0,3840.0,192.0,0.0,0.0,0.0,3840.0,192.0,0.0,0.0,3840.0,192.0
max,fp,fp,DAB_Block_2.DAB_Module_2_0.conv1x1.conv,conv2d,dense,accounting_mode:all-dense,20,"{""dense"": 20}","[[1, 1, 64, 50, 50]]","[[1, 1, 128, 50, 50]]",[1],1,3200000,3200000.0,252313.0,252313.0,225736,0.0,5.0,20,,,,0.0705425,409600000.0,409600000.0,409600000.0,20480000.0,20480000.0,20480000.0,409600000.0,20480000.0,0.0,0.0,0.0,409600000.0,20480000.0,0.0,0.0,409600000.0,20480000.0
max,fp,fp,downsample_3.conv3x3.conv,conv2d,dense,accounting_mode:all-dense,20,"{""dense"": 20}","[[1, 1, 128, 50, 50]]","[[1, 1, 64, 25, 25]]",[1],1,6400000,6400000.0,782517.0,782517.0,657168,0.0,7.0,20,,,,0.1026825,921600000.0,921600000.0,921600000.0,46080000.0,46080000.0,46080000.0,921600000.0,46080000.0,0.0,0.0,0.0,921600000.0,46080000.0,0.0,0.0,921600000.0,46080000.0
max,fp,fp,DAB_Block_3.DAB_Module_3_0.conv1x1_in.conv,conv2d,dense,accounting_mode:all-dense,20,"{""dense"": 20}","[[1, 1, 64, 25, 25]]","[[1, 1, 32, 25, 25]]",[1],1,800000,800000.0,143041.0,143041.0,128962,0.0,5.0,20,,,,0.1612025,25600000.0,25600000.0,25600000.0,1280000.0,1280000.0,1280000.0,25600000.0,1280000.0,0.0,0.0,0.0,25600000.0,1280000.0,0.0,0.0,25600000.0,1280000.0
max,fp,fp,DAB_Block_3.DAB_Module_3_0.conv3x1.conv,conv2d,dense,accounting_mode:all-dense,20,"{""dense"": 20}","[[1, 1, 32, 25, 25]]","[[1, 1, 32, 25, 25]]",[1],1,400000,400000.0,83547.0,83547.0,79214,0.0,5.0,20,,,,0.198035,38400000.0,38400000.0,38400000.0,1920000.0,1920000.0,1920000.0,38400000.0,1920000.0,0.0,0.0,0.0,38400000.0,1920000.0,0.0,0.0,38400000.0,1920000.0
max,fp,fp,DAB_Block_3.DAB_Module_3_0.conv1x3.conv,conv2d,dense,accounting_mode:all-dense,20,"{""dense"": 20}","[[1, 1, 32, 25, 25]]","[[1, 1, 32, 25, 25]]",[1],1,400000,400000.0,69985.0,69985.0,63968,0.0,5.0,20,,,,0.15992,38400000.0,38400000.0,38400000.0,1920000.0,1920000.0,1920000.0,38400000.0,1920000.0,0.0,0.0,0.0,38400000.0,1920000.0,0.0,0.0,38400000.0,1920000.0
max,fp,fp,DAB_Block_3.DAB_Module_3_0.dconv3x1.conv,conv2d,dense,accounting_mode:all-dense,20,"{""dense"": 20}","[[1, 1, 32, 25, 25]]","[[1, 1, 32, 25, 25]]",[1],1,400000,400000.0,55016.0,55016.0,50023,0.0,6.0,20,,,,0.1250575,1200000.0,1200000.0,1200000.0,60000.0,60000.0,60000.0,1200000.0,60000.0,0.0,0.0,0.0,1200000.0,60000.0,0.0,0.0,1200000.0,60000.0
max,fp,fp,DAB_Block_3.DAB_Module_3_0.dconv1x3.conv,conv2d,dense,accounting_mode:all-dense,20,"{""dense"": 20}","[[1, 1, 32, 25, 25]]","[[1, 1, 32, 25, 25]]",[1],1,400000,400000.0,10666.0,10666.0,9991,0.0,4.0,20,,,,0.0249775,1200000.0,1200000.0,1200000.0,60000.0,60000.0,60000.0,1200000.0,60000.0,0.0,0.0,0.0,1200000.0,60000.0,0.0,0.0,1200000.0,60000.0
max,fp,fp,DAB_Block_3.DAB_Module_3_0.ca11.conv,conv1d,dense,accounting_mode:all-dense,20,"{""dense"": 20}","[[1, 1, 1, 32]]","[[1, 1, 1, 32]]",[1],1,640,640.0,26.47999942302704,26.47999942302704,100,0.0,1.58079993724823,0,,,,0.15625,1920.0,1920.0,1920.0,96.0,96.0,96.0,1920.0,96.0,0.0,0.0,0.0,1920.0,96.0,0.0,0.0,1920.0,96.0
max,fp,fp,DAB_Block_3.DAB_Module_3_0.ddconv3x1.conv,conv2d,dense,accounting_mode:all-dense,20,"{""dense"": 20}","[[1, 1, 32, 25, 25]]","[[1, 1, 32, 25, 25]]",[1],1,400000,400000.0,55016.0,55016.0,50023,0.0,6.0,20,,,,0.1250575,1200000.0,1200000.0,1200000.0,60000.0,60000.0,60000.0,1200000.0,60000.0,0.0,0.0,0.0,1200000.0,60000.0,0.0,0.0,1200000.0,60000.0
max,fp,fp,DAB_Block_3.DAB_Module_3_0.ddconv1x3.conv,conv2d,dense,accounting_mode:all-dense,20,"{""dense"": 20}","[[1, 1, 32, 25, 25]]","[[1, 1, 32, 25, 25]]",[1],1,400000,400000.0,6767.0,6767.0,5875,0.0,6.0,20,,,,0.0146875,1200000.0,1200000.0,1200000.0,60000.0,60000.0,60000.0,1200000.0,60000.0,0.0,0.0,0.0,1200000.0,60000.0,0.0,0.0,1200000.0,60000.0
max,fp,fp,DAB_Block_3.DAB_Module_3_0.ca22.conv,conv1d,dense,accounting_mode:all-dense,20,"{""dense"": 20}","[[1, 1, 1, 32]]","[[1, 1, 1, 32]]",[1],1,640,640.0,18.670399397611618,18.670399397611618,100,0.0,0.9967999458312988,0,,,,0.15625,1920.0,1920.0,1920.0,96.0,96.0,96.0,1920.0,96.0,0.0,0.0,0.0,1920.0,96.0,0.0,0.0,1920.0,96.0
max,fp,fp,DAB_Block_3.DAB_Module_3_0.conv1x1.conv,conv2d,dense,accounting_mode:all-dense,20,"{""dense"": 20}","[[1, 1, 32, 25, 25]]","[[1, 1, 64, 25, 25]]",[1],1,400000,400000.0,75861.0,75861.0,60437,0.0,9.0,20,,,,0.1510925,25600000.0,25600000.0,25600000.0,1280000.0,1280000.0,1280000.0,25600000.0,1280000.0,0.0,0.0,0.0,25600000.0,1280000.0,0.0,0.0,25600000.0,1280000.0
max,fp,fp,transformer1.atten.reduce,linear,dense,accounting_mode:all-dense,20,"{""dense"": 20}","[[1, 625, 576]]","[[1, 625, 288]]",[1],1,7200000,7200000.0,258728.412109375,258728.412109375,7200000,-0.685391366481781,8.73540210723877,0,,,,1.0,2073600000.0,2073600000.0,2073600000.0,103680000.0,103680000.0,103680000.0,2073600000.0,103680000.0,0.0,0.0,0.0,2073600000.0,103680000.0,0.0,0.0,2073600000.0,103680000.0
max,fp,fp,transformer1.atten.qkv,linear,dense,accounting_mode:all-dense,20,"{""dense"": 20}","[[1, 625, 288]]","[[1, 625, 864]]",[1],1,3600000,3600000.0,202597.6357421875,202597.6357421875,3600000,-8.921098709106445,7.268383502960205,0,,,,1.0,3110400000.0,3110400000.0,3110400000.0,155520000.0,155520000.0,155520000.0,3110400000.0,155520000.0,0.0,0.0,0.0,3110400000.0,155520000.0,0.0,0.0,3110400000.0,155520000.0
max,fp,fp,transformer1.atten.proj,linear,dense,accounting_mode:all-dense,20,"{""dense"": 20}","[[1, 625, 288]]","[[1, 625, 576]]",[1],1,3600000,3600000.0,169378.42138671875,169378.42138671875,3600000,-8.10078239440918,7.340671062469482,0,,,,1.0,2073600000.0,2073600000.0,2073600000.0,103680000.0,103680000.0,103680000.0,2073600000.0,103680000.0,0.0,0.0,0.0,2073600000.0,103680000.0,0.0,0.0,2073600000.0,103680000.0
max,fp,fp,transformer1.mlp.fc1,linear,dense,accounting_mode:all-dense,20,"{""dense"": 20}","[[1, 625, 576]]","[[1, 625, 144]]",[1],1,7200000,7200000.0,2.231751516683814e-34,2.231751516683814e-34,7199976,-2.758722273731624e-40,6.127696015692063e-40,20,,,,0.9999966666666666,1036800000.0,1036800000.0,1036800000.0,51840000.0,51840000.0,51840000.0,1036800000.0,51840000.0,0.0,0.0,0.0,1036800000.0,51840000.0,0.0,0.0,1036800000.0,51840000.0
max,fp,fp,transformer1.mlp.fc2,linear,dense,accounting_mode:all-dense,20,"{""dense"": 20}","[[1, 625, 144]]","[[1, 625, 576]]",[1],1,1800000,1800000.0,0.12374874204397202,0.12374874204397202,125000,0.0,9.899300493998453e-06,20,,,,0.06944444444444445,1036800000.0,1036800000.0,1036800000.0,51840000.0,51840000.0,51840000.0,1036800000.0,51840000.0,0.0,0.0,0.0,1036800000.0,51840000.0,0.0,0.0,1036800000.0,51840000.0
max,fp,fp,DAB_Block_4.DAB_Module_4_0.conv1x1_in.conv,conv2d,dense,accounting_mode:all-dense,20,"{""dense"": 20}","[[1, 1, 64, 25, 25]]","[[1, 1, 32, 25, 25]]",[1],1,800000,800000.0,1760704.265625,1760704.265625,800000,-14.66189956665039,71.65555572509766,0,,,,1.0,25600000.0,25600000.0,25600000.0,1280000.0,1280000.0,1280000.0,25600000.0,1280000.0,0.0,0.0,0.0,25600000.0,1280000.0,0.0,0.0,25600000.0,1280000.0
max,fp,fp,DAB_Block_4.DAB_Module_4_0.conv3x1.conv,conv2d,dense,accounting_mode:all-dense,20,"{""dense"": 20}","[[1, 1, 32, 25, 25]]","[[1, 1, 32, 25, 25]]",[1],1,400000,400000.0,0.0,0.0,0,0.0,0.0,20,,,,0.0,38400000.0,38400000.0,38400000.0,1920000.0,1920000.0,1920000.0,38400000.0,1920000.0,0.0,0.0,0.0,38400000.0,1920000.0,0.0,0.0,38400000.0,1920000.0
max,fp,fp,DAB_Block_4.DAB_Module_4_0.conv1x3.conv,conv2d,dense,accounting_mode:all-dense,20,"{""dense"": 20}","[[1, 1, 32, 25, 25]]","[[1, 1, 32, 25, 25]]",[1],1,400000,400000.0,0.0,0.0,0,0.0,0.0,20,,,,0.0,38400000.0,38400000.0,38400000.0,1920000.0,1920000.0,1920000.0,38400000.0,1920000.0,0.0,0.0,0.0,38400000.0,1920000.0,0.0,0.0,38400000.0,1920000.0
max,fp,fp,DAB_Block_4.DAB_Module_4_0.dconv3x1.conv,conv2d,dense,accounting_mode:all-dense,20,"{""dense"": 20}","[[1, 1, 32, 25, 25]]","[[1, 1, 32, 25, 25]]",[1],1,400000,400000.0,0.0,0.0,0,0.0,0.0,20,,,,0.0,1200000.0,1200000.0,1200000.0,60000.0,60000.0,60000.0,1200000.0,60000.0,0.0,0.0,0.0,1200000.0,60000.0,0.0,0.0,1200000.0,60000.0
max,fp,fp,DAB_Block_4.DAB_Module_4_0.dconv1x3.conv,conv2d,dense,accounting_mode:all-dense,20,"{""dense"": 20}","[[1, 1, 32, 25, 25]]","[[1, 1, 32, 25, 25]]",[1],1,400000,400000.0,0.0,0.0,0,0.0,0.0,20,,,,0.0,1200000.0,1200000.0,1200000.0,60000.0,60000.0,60000.0,1200000.0,60000.0,0.0,0.0,0.0,1200000.0,60000.0,0.0,0.0,1200000.0,60000.0
max,fp,fp,DAB_Block_4.DAB_Module_4_0.ca11.conv,conv1d,dense,accounting_mode:all-dense,20,"{""dense"": 20}","[[1, 1, 1, 32]]","[[1, 1, 1, 32]]",[1],1,640,640.0,0.0,0.0,0,0.0,0.0,20,,,,0.0,1920.0,1920.0,1920.0,96.0,96.0,96.0,1920.0,96.0,0.0,0.0,0.0,1920.0,96.0,0.0,0.0,1920.0,96.0
max,fp,fp,DAB_Block_4.DAB_Module_4_0.ddconv3x1.conv,conv2d,dense,accounting_mode:all-dense,20,"{""dense"": 20}","[[1, 1, 32, 25, 25]]","[[1, 1, 32, 25, 25]]",[1],1,400000,400000.0,0.0,0.0,0,0.0,0.0,20,,,,0.0,1200000.0,1200000.0,1200000.0,60000.0,60000.0,60000.0,1200000.0,60000.0,0.0,0.0,0.0,1200000.0,60000.0,0.0,0.0,1200000.0,60000.0
max,fp,fp,DAB_Block_4.DAB_Module_4_0.ddconv1x3.conv,conv2d,dense,accounting_mode:all-dense,20,"{""dense"": 20}","[[1, 1, 32, 25, 25]]","[[1, 1, 32, 25, 25]]",[1],1,400000,400000.0,0.0,0.0,0,0.0,0.0,20,,,,0.0,1200000.0,1200000.0,1200000.0,60000.0,60000.0,60000.0,1200000.0,60000.0,0.0,0.0,0.0,1200000.0,60000.0,0.0,0.0,1200000.0,60000.0
max,fp,fp,DAB_Block_4.DAB_Module_4_0.ca22.conv,conv1d,dense,accounting_mode:all-dense,20,"{""dense"": 20}","[[1, 1, 1, 32]]","[[1, 1, 1, 32]]",[1],1,640,640.0,0.0,0.0,0,0.0,0.0,20,,,,0.0,1920.0,1920.0,1920.0,96.0,96.0,96.0,1920.0,96.0,0.0,0.0,0.0,1920.0,96.0,0.0,0.0,1920.0,96.0
max,fp,fp,DAB_Block_4.DAB_Module_4_0.conv1x1.conv,conv2d,dense,accounting_mode:all-dense,20,"{""dense"": 20}","[[1, 1, 32, 25, 25]]","[[1, 1, 64, 25, 25]]",[1],1,400000,400000.0,0.0,0.0,0,0.0,0.0,20,,,,0.0,25600000.0,25600000.0,25600000.0,1280000.0,1280000.0,1280000.0,25600000.0,1280000.0,0.0,0.0,0.0,25600000.0,1280000.0,0.0,0.0,25600000.0,1280000.0
max,fp,fp,upsample_1.conv,conv_transpose2d,dense,accounting_mode:all-dense,20,"{""dense"": 20}","[[1, 1, 64, 25, 25]]","[[1, 1, 32, 50, 50]]",[1],1,800000,800000.0,279437.0,279437.0,223808,0.0,7.0,20,,,,0.27976,230400000.0,230400000.0,230400000.0,11520000.0,11520000.0,11520000.0,230400000.0,11520000.0,0.0,0.0,0.0,230400000.0,11520000.0,0.0,0.0,230400000.0,11520000.0
max,fp,fp,DAB_Block_5.DAB_Module_5_0.conv1x1_in.conv,conv2d,dense,accounting_mode:all-dense,20,"{""dense"": 20}","[[1, 1, 32, 50, 50]]","[[1, 1, 16, 50, 50]]",[1],1,1600000,1600000.0,443690.0,443690.0,347173,0.0,8.0,20,,,,0.216983125,25600000.0,25600000.0,25600000.0,1280000.0,1280000.0,1280000.0,25600000.0,1280000.0,0.0,0.0,0.0,25600000.0,1280000.0,0.0,0.0,25600000.0,1280000.0
max,fp,fp,DAB_Block_5.DAB_Module_5_0.conv3x1.conv,conv2d,dense,accounting_mode:all-dense,20,"{""dense"": 20}","[[1, 1, 16, 50, 50]]","[[1, 1, 16, 50, 50]]",[1],1,800000,800000.0,207045.0,207045.0,166781,0.0,7.0,20,,,,0.20847625,38400000.0,38400000.0,38400000.0,1920000.0,1920000.0,1920000.0,38400000.0,1920000.0,0.0,0.0,0.0,38400000.0,1920000.0,0.0,0.0,38400000.0,1920000.0
max,fp,fp,DAB_Block_5.DAB_Module_5_0.conv1x3.conv,conv2d,dense,accounting_mode:all-dense,20,"{""dense"": 20}","[[1, 1, 16, 50, 50]]","[[1, 1, 16, 50, 50]]",[1],1,800000,800000.0,191989.0,191989.0,157296,0.0,8.0,20,,,,0.19662,38400000.0,38400000.0,38400000.0,1920000.0,1920000.0,1920000.0,38400000.0,1920000.0,0.0,0.0,0.0,38400000.0,1920000.0,0.0,0.0,38400000.0,1920000.0
max,fp,fp,DAB_Block_5.DAB_Module_5_0.dconv3x1.conv,conv2d,dense,accounting_mode:all-dense,20,"{""dense"": 20}","[[1, 1, 16, 50, 50]]","[[1, 1, 16, 50, 50]]",[1],1,800000,800000.0,105109.0,105109.0,79305,0.0,8.0,20,,,,0.09913125,2400000.0,2400000.0,2400000.0,120000.0,120000.0,120000.0,2400000.0,120000.0,0.0,0.0,0.0,2400000.0,120000.0,0.0,0.0,2400000.0,120000.0
max,fp,fp,DAB_Block_5.DAB_Module_5_0.dconv1x3.conv,conv2d,dense,accounting_mode:all-dense,20,"{""dense"": 20}","[[1, 1, 16, 50, 50]]","[[1, 1, 16, 50, 50]]",[1],1,800000,800000.0,0.0,0.0,0,0.0,0.0,20,,,,0.0,2400000.0,2400000.0,2400000.0,120000.0,120000.0,120000.0,2400000.0,120000.0,0.0,0.0,0.0,2400000.0,120000.0,0.0,0.0,2400000.0,120000.0
max,fp,fp,DAB_Block_5.DAB_Module_5_0.ca11.conv,conv1d,dense,accounting_mode:all-dense,20,"{""dense"": 20}","[[1, 1, 1, 16]]","[[1, 1, 1, 16]]",[1],1,320,320.0,0.0,0.0,0,0.0,0.0,20,,,,0.0,960.0,960.0,960.0,48.0,48.0,48.0,960.0,48.0,0.0,0.0,0.0,960.0,48.0,0.0,0.0,960.0,48.0
max,fp,fp,DAB_Block_5.DAB_Module_5_0.ddconv3x1.conv,conv2d,dense,accounting_mode:all-dense,20,"{""dense"": 20}","[[1, 1, 16, 50, 50]]","[[1, 1, 16, 50, 50]]",[1],1,800000,800000.0,105109.0,105109.0,79305,0.0,8.0,20,,,,0.09913125,2400000.0,2400000.0,2400000.0,120000.0,120000.0,120000.0,2400000.0,120000.0,0.0,0.0,0.0,2400000.0,120000.0,0.0,0.0,2400000.0,120000.0
max,fp,fp,DAB_Block_5.DAB_Module_5_0.ddconv1x3.conv,conv2d,dense,accounting_mode:all-dense,20,"{""dense"": 20}","[[1, 1, 16, 50, 50]]","[[1, 1, 16, 50, 50]]",[1],1,800000,800000.0,92049.0,92049.0,58975,0.0,8.0,20,,,,0.07371875,2400000.0,2400000.0,2400000.0,120000.0,120000.0,120000.0,2400000.0,120000.0,0.0,0.0,0.0,2400000.0,120000.0,0.0,0.0,2400000.0,120000.0
max,fp,fp,DAB_Block_5.DAB_Module_5_0.ca22.conv,conv1d,dense,accounting_mode:all-dense,20,"{""dense"": 20}","[[1, 1, 1, 16]]","[[1, 1, 1, 16]]",[1],1,320,320.0,77.05839800834656,77.05839800834656,100,0.0,2.891199827194214,0,,,,0.3125,960.0,960.0,960.0,48.0,48.0,48.0,960.0,48.0,0.0,0.0,0.0,960.0,48.0,0.0,0.0,960.0,48.0
max,fp,fp,DAB_Block_5.DAB_Module_5_0.conv1x1.conv,conv2d,dense,accounting_mode:all-dense,20,"{""dense"": 20}","[[1, 1, 16, 50, 50]]","[[1, 1, 32, 50, 50]]",[1],1,800000,800000.0,269930.0,269930.0,121527,0.0,15.0,20,,,,0.15190875,25600000.0,25600000.0,25600000.0,1280000.0,1280000.0,1280000.0,25600000.0,1280000.0,0.0,0.0,0.0,25600000.0,1280000.0,0.0,0.0,25600000.0,1280000.0
max,fp,fp,upsample_2.conv,conv_transpose2d,dense,accounting_mode:all-dense,20,"{""dense"": 20}","[[1, 1, 32, 50, 50]]","[[1, 1, 32, 100, 100]]",[1],1,1600000,1600000.0,1017974.0,1017974.0,644436,0.0,10.0,20,,,,0.4027725,460800000.0,460800000.0,460800000.0,23040000.0,23040000.0,23040000.0,460800000.0,23040000.0,0.0,0.0,0.0,460800000.0,23040000.0,0.0,0.0,460800000.0,23040000.0
max,fp,fp,DAB_Block_6.DAB_Module_6_0.conv1x1_in.conv,conv2d,dense,accounting_mode:all-dense,20,"{""dense"": 20}","[[1, 1, 32, 100, 100]]","[[1, 1, 16, 100, 100]]",[1],1,6400000,6400000.0,2456189.0,2456189.0,1743279,0.0,8.0,20,,,,0.27238734375,102400000.0,102400000.0,102400000.0,5120000.0,5120000.0,5120000.0,102400000.0,5120000.0,0.0,0.0,0.0,102400000.0,5120000.0,0.0,0.0,102400000.0,5120000.0
max,fp,fp,DAB_Block_6.DAB_Module_6_0.conv3x1.conv,conv2d,dense,accounting_mode:all-dense,20,"{""dense"": 20}","[[1, 1, 16, 100, 100]]","[[1, 1, 16, 100, 100]]",[1],1,3200000,3200000.0,1121762.0,1121762.0,936008,0.0,7.0,20,,,,0.2925025,153600000.0,153600000.0,153600000.0,7680000.0,7680000.0,7680000.0,153600000.0,7680000.0,0.0,0.0,0.0,153600000.0,7680000.0,0.0,0.0,153600000.0,7680000.0
max,fp,fp,DAB_Block_6.DAB_Module_6_0.conv1x3.conv,conv2d,dense,accounting_mode:all-dense,20,"{""dense"": 20}","[[1, 1, 16, 100, 100]]","[[1, 1, 16, 100, 100]]",[1],1,3200000,3200000.0,996272.0,996272.0,839154,0.0,8.0,20,,,,0.262235625,153600000.0,153600000.0,153600000.0,7680000.0,7680000.0,7680000.0,153600000.0,7680000.0,0.0,0.0,0.0,153600000.0,7680000.0,0.0,0.0,153600000.0,7680000.0
max,fp,fp,DAB_Block_6.DAB_Module_6_0.dconv3x1.conv,conv2d,dense,accounting_mode:all-dense,20,"{""dense"": 20}","[[1, 1, 16, 100, 100]]","[[1, 1, 16, 100, 100]]",[1],1,3200000,3200000.0,1093386.0,1093386.0,912753,0.0,6.0,20,,,,0.2852353125,9600000.0,9600000.0,9600000.0,480000.0,480000.0,480000.0,9600000.0,480000.0,0.0,0.0,0.0,9600000.0,480000.0,0.0,0.0,9600000.0,480000.0
max,fp,fp,DAB_Block_6.DAB_Module_6_0.dconv1x3.conv,conv2d,dense,accounting_mode:all-dense,20,"{""dense"": 20}","[[1, 1, 16, 100, 100]]","[[1, 1, 16, 100, 100]]",[1],1,3200000,3200000.0,613646.0,613646.0,381478,0.0,7.0,20,,,,0.119211875,9600000.0,9600000.0,9600000.0,480000.0,480000.0,480000.0,9600000.0,480000.0,0.0,0.0,0.0,9600000.0,480000.0,0.0,0.0,9600000.0,480000.0
max,fp,fp,DAB_Block_6.DAB_Module_6_0.ca11.conv,conv1d,dense,accounting_mode:all-dense,20,"{""dense"": 20}","[[1, 1, 1, 16]]","[[1, 1, 1, 16]]",[1],1,320,320.0,211.5666961669922,211.5666961669922,140,0.0,4.591399669647217,0,,,,0.4375,960.0,960.0,960.0,48.0,48.0,48.0,960.0,48.0,0.0,0.0,0.0,960.0,48.0,0.0,0.0,960.0,48.0
max,fp,fp,DAB_Block_6.DAB_Module_6_0.ddconv3x1.conv,conv2d,dense,accounting_mode:all-dense,20,"{""dense"": 20}","[[1, 1, 16, 100, 100]]","[[1, 1, 16, 100, 100]]",[1],1,3200000,3200000.0,1093386.0,1093386.0,912753,0.0,6.0,20,,,,0.2852353125,9600000.0,9600000.0,9600000.0,480000.0,480000.0,480000.0,9600000.0,480000.0,0.0,0.0,0.0,9600000.0,480000.0,0.0,0.0,9600000.0,480000.0
max,fp,fp,DAB_Block_6.DAB_Module_6_0.ddconv1x3.conv,conv2d,dense,accounting_mode:all-dense,20,"{""dense"": 20}","[[1, 1, 16, 100, 100]]","[[1, 1, 16, 100, 100]]",[1],1,3200000,3200000.0,371401.0,371401.0,237087,0.0,8.0,20,,,,0.0740896875,9600000.0,9600000.0,9600000.0,480000.0,480000.0,480000.0,9600000.0,480000.0,0.0,0.0,0.0,9600000.0,480000.0,0.0,0.0,9600000.0,480000.0
max,fp,fp,DAB_Block_6.DAB_Module_6_0.ca22.conv,conv1d,dense,accounting_mode:all-dense,20,"{""dense"": 20}","[[1, 1, 1, 16]]","[[1, 1, 1, 16]]",[1],1,320,320.0,68.70929801464081,68.70929801464081,120,0.0,2.5976998805999756,0,,,,0.375,960.0,960.0,960.0,48.0,48.0,48.0,960.0,48.0,0.0,0.0,0.0,960.0,48.0,0.0,0.0,960.0,48.0
max,fp,fp,DAB_Block_6.DAB_Module_6_0.conv1x1.conv,conv2d,dense,accounting_mode:all-dense,20,"{""dense"": 20}","[[1, 1, 16, 100, 100]]","[[1, 1, 32, 100, 100]]",[1],1,3200000,3200000.0,2082483.0,2082483.0,1158121,0.0,14.0,20,,,,0.3619128125,102400000.0,102400000.0,102400000.0,5120000.0,5120000.0,5120000.0,102400000.0,5120000.0,0.0,0.0,0.0,102400000.0,5120000.0,0.0,0.0,102400000.0,5120000.0
max,fp,fp,upsample_3.conv,conv_transpose2d,dense,accounting_mode:all-dense,20,"{""dense"": 20}","[[1, 1, 32, 100, 100]]","[[1, 1, 32, 200, 200]]",[1],1,6400000,6400000.0,6297703.0,6297703.0,3460689,0.0,11.0,20,,,,0.54073265625,1843200000.0,1843200000.0,1843200000.0,92160000.0,92160000.0,92160000.0,1843200000.0,92160000.0,0.0,0.0,0.0,1843200000.0,92160000.0,0.0,0.0,1843200000.0,92160000.0
max,fp,fp,PA3.conv,conv2d,dense,accounting_mode:all-dense,0,{},[],[],[],1,0,0.0,0.0,0.0,0,,,0,,,,,0.0,0.0,0.0,0.0,0.0,0.0,0.0,0.0,0.0,0.0,0.0,0.0,0.0,0.0,0.0,0.0,0.0
max,fp,fp,LC1.dconv3x1,conv2d,dense,accounting_mode:all-dense,20,"{""dense"": 20}","[[1, 1, 128, 100, 100]]","[[1, 1, 64, 100, 100]]",[1],1,25600000,25600000.0,6182806.0,6182806.0,5406547,0.0,8.0,20,,,,0.2111932421875,4915200000.0,4915200000.0,4915200000.0,245760000.0,245760000.0,245760000.0,4915200000.0,245760000.0,0.0,0.0,0.0,4915200000.0,245760000.0,0.0,0.0,4915200000.0,245760000.0
max,fp,fp,LC1.dconv1x3,conv2d,dense,accounting_mode:all-dense,20,"{""dense"": 20}","[[1, 1, 64, 100, 100]]","[[1, 1, 32, 100, 100]]",[1],1,12800000,12800000.0,1308629.45703125,1308629.45703125,12800000,-4.763454437255859,3.6942687034606934,0,,,,1.0,1228800000.0,1228800000.0,1228800000.0,61440000.0,61440000.0,61440000.0,1228800000.0,61440000.0,0.0,0.0,0.0,1228800000.0,61440000.0,0.0,0.0,1228800000.0,61440000.0
max,fp,fp,LC2.dconv3x1,conv2d,dense,accounting_mode:all-dense,20,"{""dense"": 20}","[[1, 1, 128, 50, 50]]","[[1, 1, 64, 50, 50]]",[1],1,6400000,6400000.0,782517.0,782517.0,657168,0.0,7.0,20,,,,0.1026825,1228800000.0,1228800000.0,1228800000.0,61440000.0,61440000.0,61440000.0,1228800000.0,61440000.0,0.0,0.0,0.0,1228800000.0,61440000.0,0.0,0.0,1228800000.0,61440000.0
max,fp,fp,LC2.dconv1x3,conv2d,dense,accounting_mode:all-dense,20,"{""dense"": 20}","[[1, 1, 64, 50, 50]]","[[1, 1, 32, 50, 50]]",[1],1,3200000,3200000.0,235646.4169921875,235646.4169921875,3200000,-2.700171947479248,2.7487940788269043,0,,,,1.0,307200000.0,307200000.0,307200000.0,15360000.0,15360000.0,15360000.0,307200000.0,15360000.0,0.0,0.0,0.0,307200000.0,15360000.0,0.0,0.0,307200000.0,15360000.0
max,fp,fp,LC3.dconv3x1,conv2d,dense,accounting_mode:all-dense,20,"{""dense"": 20}","[[1, 1, 64, 25, 25]]","[[1, 1, 32, 25, 25]]",[1],1,800000,800000.0,180527.0,180527.0,148867,0.0,8.0,20,,,,0.18608375,76800000.0,76800000.0,76800000.0,3840000.0,3840000.0,3840000.0,76800000.0,3840000.0,0.0,0.0,0.0,76800000.0,3840000.0,0.0,0.0,76800000.0,3840000.0
max,fp,fp,LC3.dconv1x3,conv2d,dense,accounting_mode:all-dense,20,"{""dense"": 20}","[[1, 1, 32, 25, 25]]","[[1, 1, 64, 25, 25]]",[1],1,400000,400000.0,50632.520751953125,50632.520751953125,400000,-2.7035439014434814,2.686885118484497,0,,,,1.0,76800000.0,76800000.0,76800000.0,3840000.0,3840000.0,3840000.0,76800000.0,3840000.0,0.0,0.0,0.0,76800000.0,3840000.0,0.0,0.0,76800000.0,3840000.0
max,fp,fp,final_conv,conv2d,dense,accounting_mode:all-dense,20,"{""dense"": 20}","[[1, 1, 32, 200, 200]]","[[1, 1, 32, 200, 200]]",[1],1,25600000,25600000.0,12193128.0,12193128.0,8618742,0.0,8.0,20,,,,0.336669609375,7372800000.0,7372800000.0,7372800000.0,368640000.0,368640000.0,368640000.0,7372800000.0,368640000.0,0.0,0.0,0.0,7372800000.0,368640000.0,0.0,0.0,7372800000.0,368640000.0
max,fp,fp,classifier.0.conv,conv2d,dense,accounting_mode:all-dense,20,"{""dense"": 20}","[[1, 1, 32, 400, 400]]","[[1, 1, 6, 400, 400]]",[1],1,102400000,102400000.0,45765894.0,45765894.0,102399999,-12.974593162536621,18.345073699951172,0,,,,0.999999990234375,614400000.0,614400000.0,614400000.0,30720000.0,30720000.0,30720000.0,614400000.0,30720000.0,0.0,0.0,0.0,614400000.0,30720000.0,0.0,0.0,614400000.0,30720000.0
max,fp,fp,transformer1.atten.matmul,attention_matmul,dense,special:EffAttention,20,"{""dense"": 20}","[[1, 625, 576]]","[[1, 625, 576]]",[1],1,7200000,7200000.0,258728.412109375,258728.412109375,7200000,-0.685391366481781,8.73540210723877,0,,,,1.0,1121414400.0,1121414400.0,1121414400.0,56070720.0,56070720.0,56070720.0,1121414400.0,56070720.0,0.0,0.0,0.0,1121414400.0,56070720.0,0.0,0.0,1121414400.0,56070720.0
max,qat,int4,init_conv.0.conv,conv2d,dense,accounting_mode:all-dense,20,"{""dense"": 20}","[[1, 1, 3, 400, 400]]","[[1, 1, 32, 400, 400]]",[1],1,9600000,9600000.0,7411175.6640625,7411175.6640625,9600000,-2.1179039478302,2.640000104904175,0,,,,1.0,2764800000.0,2764800000.0,2764800000.0,138240000.0,138240000.0,138240000.0,2764800000.0,138240000.0,0.0,0.0,0.0,2764800000.0,138240000.0,0.0,0.0,2764800000.0,138240000.0
max,qat,int4,init_conv.1.conv,conv2d,dense,accounting_mode:all-dense,20,"{""dense"": 20}","[[1, 1, 32, 400, 400]]","[[1, 1, 64, 400, 400]]",[1],1,102400000,102400000.0,37759300.0,37759300.0,22739053,0.0,8.0,20,,,,0.222061064453125,58982400000.0,58982400000.0,58982400000.0,2949120000.0,2949120000.0,2949120000.0,58982400000.0,2949120000.0,0.0,0.0,0.0,58982400000.0,2949120000.0,0.0,0.0,58982400000.0,2949120000.0
max,qat,int4,init_conv.2.conv,conv2d,dense,accounting_mode:all-dense,20,"{""dense"": 20}","[[1, 1, 64, 400, 400]]","[[1, 1, 64, 200, 200]]",[1],1,204800000,204800000.0,55833627.0,55833627.0,44931836,0.0,8.0,20,,,,0.21939373046875,29491200000.0,29491200000.0,29491200000.0,1474560000.0,1474560000.0,1474560000.0,29491200000.0,1474560000.0,0.0,0.0,0.0,29491200000.0,1474560000.0,0.0,0.0,29491200000.0,1474560000.0
max,qat,int4,downsample_1.conv3x3.conv,conv2d,dense,accounting_mode:all-dense,20,"{""dense"": 20}","[[1, 1, 64, 200, 200]]","[[1, 1, 64, 100, 100]]",[1],1,51200000,51200000.0,9780420.0,9780420.0,7375895,0.0,8.0,20,,,,0.14406044921875,7372800000.0,7372800000.0,7372800000.0,368640000.0,368640000.0,368640000.0,7372800000.0,368640000.0,0.0,0.0,0.0,7372800000.0,368640000.0,0.0,0.0,7372800000.0,368640000.0
max,qat,int4,DAB_Block_1.DAB_Module_1_0.conv1x1_in.conv,conv2d,dense,accounting_mode:all-dense,20,"{""dense"": 20}","[[1, 1, 128, 100, 100]]","[[1, 1, 64, 100, 100]]",[1],1,25600000,25600000.0,4951774.0,4951774.0,3675225,0.0,8.0,20,,,,0.1435634765625,1638400000.0,1638400000.0,1638400000.0,81920000.0,81920000.0,81920000.0,1638400000.0,81920000.0,0.0,0.0,0.0,1638400000.0,81920000.0,0.0,0.0,1638400000.0,81920000.0
max,qat,int4,DAB_Block_1.DAB_Module_1_0.conv3x1.conv,conv2d,dense,accounting_mode:all-dense,20,"{""dense"": 20}","[[1, 1, 64, 100, 100]]","[[1, 1, 64, 100, 100]]",[1],1,12800000,12800000.0,2010878.0,2010878.0,1788179,0.0,6.0,20,,,,0.139701484375,2457600000.0,2457600000.0,2457600000.0,122880000.0,122880000.0,122880000.0,2457600000.0,122880000.0,0.0,0.0,0.0,2457600000.0,122880000.0,0.0,0.0,2457600000.0,122880000.0
max,qat,int4,DAB_Block_1.DAB_Module_1_0.conv1x3.conv,conv2d,dense,accounting_mode:all-dense,20,"{""dense"": 20}","[[1, 1, 64, 100, 100]]","[[1, 1, 64, 100, 100]]",[1],1,12800000,12800000.0,2036064.0,2036064.0,1851568,0.0,7.0,20,,,,0.14465375,2457600000.0,2457600000.0,2457600000.0,122880000.0,122880000.0,122880000.0,2457600000.0,122880000.0,0.0,0.0,0.0,2457600000.0,122880000.0,0.0,0.0,2457600000.0,122880000.0
max,qat,int4,DAB_Block_1.DAB_Module_1_0.dconv3x1.conv,conv2d,dense,accounting_mode:all-dense,20,"{""dense"": 20}","[[1, 1, 64, 100, 100]]","[[1, 1, 64, 100, 100]]",[1],1,12800000,12800000.0,4583540.0,4583540.0,3708612,0.0,6.0,20,,,,0.2897353125,38400000.0,38400000.0,38400000.0,1920000.0,1920000.0,1920000.0,38400000.0,1920000.0,0.0,0.0,0.0,38400000.0,1920000.0,0.0,0.0,38400000.0,1920000.0
max,qat,int4,DAB_Block_1.DAB_Module_1_0.dconv1x3.conv,conv2d,dense,accounting_mode:all-dense,20,"{""dense"": 20}","[[1, 1, 64, 100, 100]]","[[1, 1, 64, 100, 100]]",[1],1,12800000,12800000.0,1322107.0,1322107.0,1018754,0.0,8.0,20,,,,0.07959015625,38400000.0,38400000.0,38400000.0,1920000.0,1920000.0,1920000.0,38400000.0,1920000.0,0.0,0.0,0.0,38400000.0,1920000.0,0.0,0.0,38400000.0,1920000.0
max,qat,fp,DAB_Block_1.DAB_Module_1_0.ca11.conv,conv1d,dense,accounting_mode:all-dense,20,"{""dense"": 20}","[[1, 1, 1, 64]]","[[1, 1, 1, 64]]",[1],1,1280,1280.0,480.88089179992676,480.88089179992676,240,0.0,3.9210000038146973,0,,,,0.1875,3840.0,3840.0,3840.0,192.0,192.0,192.0,3840.0,192.0,0.0,0.0,0.0,3840.0,192.0,0.0,0.0,3840.0,192.0
max,qat,int4,DAB_Block_1.DAB_Module_1_0.ddconv3x1.conv,conv2d,dense,accounting_mode:all-dense,20,"{""dense"": 20}","[[1, 1, 64, 100, 100]]","[[1, 1, 64, 100, 100]]",[1],1,12800000,12800000.0,4583540.0,4583540.0,3708612,0.0,6.0,20,,,,0.2897353125,38400000.0,38400000.0,38400000.0,1920000.0,1920000.0,1920000.0,38400000.0,1920000.0,0.0,0.0,0.0,38400000.0,1920000.0,0.0,0.0,38400000.0,1920000.0
max,qat,int4,DAB_Block_1.DAB_Module_1_0.ddconv1x3.conv,conv2d,dense,accounting_mode:all-dense,20,"{""dense"": 20}","[[1, 1, 64, 100, 100]]","[[1, 1, 64, 100, 100]]",[1],1,12800000,12800000.0,1240057.0,1240057.0,957632,0.0,6.0,20,,,,0.074815,38400000.0,38400000.0,38400000.0,1920000.0,1920000.0,1920000.0,38400000.0,1920000.0,0.0,0.0,0.0,38400000.0,1920000.0,0.0,0.0,38400000.0,1920000.0
max,qat,fp,DAB_Block_1.DAB_Module_1_0.ca22.conv,conv1d,dense,accounting_mode:all-dense,20,"{""dense"": 20}","[[1, 1, 1, 64]]","[[1, 1, 1, 64]]",[1],1,1280,1280.0,351.70398902893066,351.70398902893066,340,0.0,3.3135998249053955,0,,,,0.265625,3840.0,3840.0,3840.0,192.0,192.0,192.0,3840.0,192.0,0.0,0.0,0.0,3840.0,192.0,0.0,0.0,3840.0,192.0
max,qat,int4,DAB_Block_1.DAB_Module_1_0.conv1x1.conv,conv2d,dense,accounting_mode:all-dense,20,"{""dense"": 20}","[[1, 1, 64, 100, 100]]","[[1, 1, 128, 100, 100]]",[1],1,12800000,12800000.0,9951518.0,9951518.0,5237830,0.0,12.0,20,,,,0.40920546875,1638400000.0,1638400000.0,1638400000.0,81920000.0,81920000.0,81920000.0,1638400000.0,81920000.0,0.0,0.0,0.0,1638400000.0,81920000.0,0.0,0.0,1638400000.0,81920000.0
max,qat,int4,downsample_2.conv3x3.conv,conv2d,dense,accounting_mode:all-dense,20,"{""dense"": 20}","[[1, 1, 128, 100, 100]]","[[1, 1, 128, 50, 50]]",[1],1,25600000,25600000.0,4783303.0,4783303.0,4042938,0.0,8.0,20,,,,0.157927265625,7372800000.0,7372800000.0,7372800000.0,368640000.0,368640000.0,368640000.0,7372800000.0,368640000.0,0.0,0.0,0.0,7372800000.0,368640000.0,0.0,0.0,7372800000.0,368640000.0
max,qat,int4,DAB_Block_2.DAB_Module_2_0.conv1x1_in.conv,conv2d,dense,accounting_mode:all-dense,20,"{""dense"": 20}","[[1, 1, 128, 50, 50]]","[[1, 1, 64, 50, 50]]",[1],1,6400000,6400000.0,675838.0,675838.0,537857,0.0,7.0,20,,,,0.08404015625,409600000.0,409600000.0,409600000.0,20480000.0,20480000.0,20480000.0,409600000.0,20480000.0,0.0,0.0,0.0,409600000.0,20480000.0,0.0,0.0,409600000.0,20480000.0
max,qat,int4,DAB_Block_2.DAB_Module_2_0.conv3x1.conv,conv2d,dense,accounting_mode:all-dense,20,"{""dense"": 20}","[[1, 1, 64, 50, 50]]","[[1, 1, 64, 50, 50]]",[1],1,3200000,3200000.0,408671.0,408671.0,384078,0.0,5.0,20,,,,0.120024375,614400000.0,614400000.0,614400000.0,30720000.0,30720000.0,30720000.0,614400000.0,30720000.0,0.0,0.0,0.0,614400000.0,30720000.0,0.0,0.0,614400000.0,30720000.0
max,qat,int4,DAB_Block_2.DAB_Module_2_0.conv1x3.conv,conv2d,dense,accounting_mode:all-dense,20,"{""dense"": 20}","[[1, 1, 64, 50, 50]]","[[1, 1, 64, 50, 50]]",[1],1,3200000,3200000.0,386937.0,386937.0,347631,0.0,7.0,20,,,,0.1086346875,614400000.0,614400000.0,614400000.0,30720000.0,30720000.0,30720000.0,614400000.0,30720000.0,0.0,0.0,0.0,614400000.0,30720000.0,0.0,0.0,614400000.0,30720000.0
max,qat,int4,DAB_Block_2.DAB_Module_2_0.dconv3x1.conv,conv2d,dense,accounting_mode:all-dense,20,"{""dense"": 20}","[[1, 1, 64, 50, 50]]","[[1, 1, 64, 50, 50]]",[1],1,3200000,3200000.0,276279.0,276279.0,241880,0.0,8.0,20,,,,0.0755875,9600000.0,9600000.0,9600000.0,480000.0,480000.0,480000.0,9600000.0,480000.0,0.0,0.0,0.0,9600000.0,480000.0,0.0,0.0,9600000.0,480000.0
max,qat,int4,DAB_Block_2.DAB_Module_2_0.dconv1x3.conv,conv2d,dense,accounting_mode:all-dense,20,"{""dense"": 20}","[[1, 1, 64, 50, 50]]","[[1, 1, 64, 50, 50]]",[1],1,3200000,3200000.0,39718.0,39718.0,33408,0.0,7.0,20,,,,0.01044,9600000.0,9600000.0,9600000.0,480000.0,480000.0,480000.0,9600000.0,480000.0,0.0,0.0,0.0,9600000.0,480000.0,0.0,0.0,9600000.0,480000.0
max,qat,fp,DAB_Block_2.DAB_Module_2_0.ca11.conv,conv1d,dense,accounting_mode:all-dense,20,"{""dense"": 20}","[[1, 1, 1, 64]]","[[1, 1, 1, 64]]",[1],1,1280,1280.0,31.111199259757996,31.111199259757996,140,0.0,1.1759999990463257,0,,,,0.109375,3840.0,3840.0,3840.0,192.0,192.0,192.0,3840.0,192.0,0.0,0.0,0.0,3840.0,192.0,0.0,0.0,3840.0,192.0
max,qat,int4,DAB_Block_2.DAB_Module_2_0.ddconv3x1.conv,conv2d,dense,accounting_mode:all-dense,20,"{""dense"": 20}","[[1, 1, 64, 50, 50]]","[[1, 1, 64, 50, 50]]",[1],1,3200000,3200000.0,276279.0,276279.0,241880,0.0,8.0,20,,,,0.0755875,9600000.0,9600000.0,9600000.0,480000.0,480000.0,480000.0,9600000.0,480000.0,0.0,0.0,0.0,9600000.0,480000.0,0.0,0.0,9600000.0,480000.0
max,qat,int4,DAB_Block_2.DAB_Module_2_0.ddconv1x3.conv,conv2d,dense,accounting_mode:all-dense,20,"{""dense"": 20}","[[1, 1, 64, 50, 50]]","[[1, 1, 64, 50, 50]]",[1],1,3200000,3200000.0,26434.0,26434.0,22425,0.0,5.0,20,,,,0.0070078125,9600000.0,9600000.0,9600000.0,480000.0,480000.0,480000.0,9600000.0,480000.0,0.0,0.0,0.0,9600000.0,480000.0,0.0,0.0,9600000.0,480000.0
max,qat,fp,DAB_Block_2.DAB_Module_2_0.ca22.conv,conv1d,dense,accounting_mode:all-dense,20,"{""dense"": 20}","[[1, 1, 1, 64]]","[[1, 1, 1, 64]]",[1],1,1280,1280.0,20.39199921488762,20.39199921488762,157,0.0,0.6487999558448792,0,,,,0.12265625,3840.0,3840.0,3840.0,192.0,192.0,192.0,3840.0,192.0,0.0,0.0,0.0,3840.0,192.0,0.0,0.0,3840.0,192.0
max,qat,int4,DAB_Block_2.DAB_Module_2_0.conv1x1.conv,conv2d,dense,accounting_mode:all-dense,20,"{""dense"": 20}","[[1, 1, 64, 50, 50]]","[[1, 1, 128, 50, 50]]",[1],1,3200000,3200000.0,374442.0,374442.0,293008,0.0,9.0,20,,,,0.091565,409600000.0,409600000.0,409600000.0,20480000.0,20480000.0,20480000.0,409600000.0,20480000.0,0.0,0.0,0.0,409600000.0,20480000.0,0.0,0.0,409600000.0,20480000.0
max,qat,int4,downsample_3.conv3x3.conv,conv2d,dense,accounting_mode:all-dense,20,"{""dense"": 20}","[[1, 1, 128, 50, 50]]","[[1, 1, 64, 25, 25]]",[1],1,6400000,6400000.0,553867.0,553867.0,474256,0.0,7.0,20,,,,0.0741025,921600000.0,921600000.0,921600000.0,46080000.0,46080000.0,46080000.0,921600000.0,46080000.0,0.0,0.0,0.0,921600000.0,46080000.0,0.0,0.0,921600000.0,46080000.0
max,qat,int4,DAB_Block_3.DAB_Module_3_0.conv1x1_in.conv,conv2d,dense,accounting_mode:all-dense,20,"{""dense"": 20}","[[1, 1, 64, 25, 25]]","[[1, 1, 32, 25, 25]]",[1],1,800000,800000.0,158108.0,158108.0,123889,0.0,8.0,20,,,,0.15486125,25600000.0,25600000.0,25600000.0,1280000.0,1280000.0,1280000.0,25600000.0,1280000.0,0.0,0.0,0.0,25600000.0,1280000.0,0.0,0.0,25600000.0,1280000.0
max,qat,int4,DAB_Block_3.DAB_Module_3_0.conv3x1.conv,conv2d,dense,accounting_mode:all-dense,20,"{""dense"": 20}","[[1, 1, 32, 25, 25]]","[[1, 1, 32, 25, 25]]",[1],1,400000,400000.0,93607.0,93607.0,82728,0.0,6.0,20,,,,0.20682,38400000.0,38400000.0,38400000.0,1920000.0,1920000.0,1920000.0,38400000.0,1920000.0,0.0,0.0,0.0,38400000.0,1920000.0,0.0,0.0,38400000.0,1920000.0
max,qat,int4,DAB_Block_3.DAB_Module_3_0.conv1x3.conv,conv2d,dense,accounting_mode:all-dense,20,"{""dense"": 20}","[[1, 1, 32, 25, 25]]","[[1, 1, 32, 25, 25]]",[1],1,400000,400000.0,71934.0,71934.0,61790,0.0,6.0,20,,,,0.154475,38400000.0,38400000.0,38400000.0,1920000.0,1920000.0,1920000.0,38400000.0,1920000.0,0.0,0.0,0.0,38400000.0,1920000.0,0.0,0.0,38400000.0,1920000.0
max,qat,int4,DAB_Block_3.DAB_Module_3_0.dconv3x1.conv,conv2d,dense,accounting_mode:all-dense,20,"{""dense"": 20}","[[1, 1, 32, 25, 25]]","[[1, 1, 32, 25, 25]]",[1],1,400000,400000.0,50547.0,50547.0,41690,0.0,8.0,20,,,,0.104225,1200000.0,1200000.0,1200000.0,60000.0,60000.0,60000.0,1200000.0,60000.0,0.0,0.0,0.0,1200000.0,60000.0,0.0,0.0,1200000.0,60000.0
max,qat,int4,DAB_Block_3.DAB_Module_3_0.dconv1x3.conv,conv2d,dense,accounting_mode:all-dense,20,"{""dense"": 20}","[[1, 1, 32, 25, 25]]","[[1, 1, 32, 25, 25]]",[1],1,400000,400000.0,17962.0,17962.0,12563,0.0,8.0,20,,,,0.0314075,1200000.0,1200000.0,1200000.0,60000.0,60000.0,60000.0,1200000.0,60000.0,0.0,0.0,0.0,1200000.0,60000.0,0.0,0.0,1200000.0,60000.0
max,qat,fp,DAB_Block_3.DAB_Module_3_0.ca11.conv,conv1d,dense,accounting_mode:all-dense,20,"{""dense"": 20}","[[1, 1, 1, 32]]","[[1, 1, 1, 32]]",[1],1,640,640.0,70.15679681301117,70.15679681301117,100,0.0,3.089599847793579,0,,,,0.15625,1920.0,1920.0,1920.0,96.0,96.0,96.0,1920.0,96.0,0.0,0.0,0.0,1920.0,96.0,0.0,0.0,1920.0,96.0
max,qat,int4,DAB_Block_3.DAB_Module_3_0.ddconv3x1.conv,conv2d,dense,accounting_mode:all-dense,20,"{""dense"": 20}","[[1, 1, 32, 25, 25]]","[[1, 1, 32, 25, 25]]",[1],1,400000,400000.0,50547.0,50547.0,41690,0.0,8.0,20,,,,0.104225,1200000.0,1200000.0,1200000.0,60000.0,60000.0,60000.0,1200000.0,60000.0,0.0,0.0,0.0,1200000.0,60000.0,0.0,0.0,1200000.0,60000.0
max,qat,int4,DAB_Block_3.DAB_Module_3_0.ddconv1x3.conv,conv2d,dense,accounting_mode:all-dense,20,"{""dense"": 20}","[[1, 1, 32, 25, 25]]","[[1, 1, 32, 25, 25]]",[1],1,400000,400000.0,9293.0,9293.0,7523,0.0,8.0,20,,,,0.0188075,1200000.0,1200000.0,1200000.0,60000.0,60000.0,60000.0,1200000.0,60000.0,0.0,0.0,0.0,1200000.0,60000.0,0.0,0.0,1200000.0,60000.0
max,qat,fp,DAB_Block_3.DAB_Module_3_0.ca22.conv,conv1d,dense,accounting_mode:all-dense,20,"{""dense"": 20}","[[1, 1, 1, 32]]","[[1, 1, 1, 32]]",[1],1,640,640.0,36.23839867115021,36.23839867115021,100,0.0,1.4271999597549438,0,,,,0.15625,1920.0,1920.0,1920.0,96.0,96.0,96.0,1920.0,96.0,0.0,0.0,0.0,1920.0,96.0,0.0,0.0,1920.0,96.0
max,qat,int4,DAB_Block_3.DAB_Module_3_0.conv1x1.conv,conv2d,dense,accounting_mode:all-dense,20,"{""dense"": 20}","[[1, 1, 32, 25, 25]]","[[1, 1, 64, 25, 25]]",[1],1,400000,400000.0,102567.0,102567.0,54872,0.0,13.0,20,,,,0.13718,25600000.0,25600000.0,25600000.0,1280000.0,1280000.0,1280000.0,25600000.0,1280000.0,0.0,0.0,0.0,25600000.0,1280000.0,0.0,0.0,25600000.0,1280000.0
max,qat,int4,transformer1.atten.reduce,linear,dense,accounting_mode:all-dense,20,"{""dense"": 20}","[[1, 625, 576]]","[[1, 625, 288]]",[1],1,7200000,7200000.0,331073.658203125,331073.658203125,7199999,-0.6054840683937073,12.426146507263184,0,,,,0.9999998611111112,2073600000.0,2073600000.0,2073600000.0,103680000.0,103680000.0,103680000.0,2073600000.0,103680000.0,0.0,0.0,0.0,2073600000.0,103680000.0,0.0,0.0,2073600000.0,103680000.0
max,qat,int4,transformer1.atten.qkv,linear,dense,accounting_mode:all-dense,20,"{""dense"": 20}","[[1, 625, 288]]","[[1, 625, 864]]",[1],1,3600000,3600000.0,258042.2109375,258042.2109375,272749,-9.733118057250977,9.866436004638672,0,,,,0.07576361111111111,3110400000.0,3110400000.0,3110400000.0,155520000.0,155520000.0,155520000.0,3110400000.0,155520000.0,0.0,0.0,0.0,3110400000.0,155520000.0,0.0,0.0,3110400000.0,155520000.0
max,qat,int4,transformer1.atten.proj,linear,dense,accounting_mode:all-dense,20,"{""dense"": 20}","[[1, 625, 288]]","[[1, 625, 576]]",[1],1,3600000,3600000.0,249334.3740234375,249334.3740234375,112500,-14.273835182189941,12.906529426574707,0,,,,0.03125,2073600000.0,2073600000.0,2073600000.0,103680000.0,103680000.0,103680000.0,2073600000.0,103680000.0,0.0,0.0,0.0,2073600000.0,103680000.0,0.0,0.0,2073600000.0,103680000.0
max,qat,int4,transformer1.mlp.fc1,linear,dense,accounting_mode:all-dense,20,"{""dense"": 20}","[[1, 625, 576]]","[[1, 625, 144]]",[1],1,7200000,7200000.0,2.2832275866438276e-34,2.2832275866438276e-34,7199966,-3.6469353053439094e-40,6.399772125525369e-40,20,,,,0.9999952777777777,1036800000.0,1036800000.0,1036800000.0,51840000.0,51840000.0,51840000.0,1036800000.0,51840000.0,0.0,0.0,0.0,1036800000.0,51840000.0,0.0,0.0,1036800000.0,51840000.0
max,qat,int4,transformer1.mlp.fc2,linear,dense,accounting_mode:all-dense,20,"{""dense"": 20}","[[1, 625, 144]]","[[1, 625, 576]]",[1],1,1800000,1800000.0,1.8588539365371233e-35,1.8588539365371233e-35,300000,0.0,6.305843089461677e-41,20,,,,0.16666666666666666,1036800000.0,1036800000.0,1036800000.0,51840000.0,51840000.0,51840000.0,1036800000.0,51840000.0,0.0,0.0,0.0,1036800000.0,51840000.0,0.0,0.0,1036800000.0,51840000.0
max,qat,int4,DAB_Block_4.DAB_Module_4_0.conv1x1_in.conv,conv2d,dense,accounting_mode:all-dense,20,"{""dense"": 20}","[[1, 1, 64, 25, 25]]","[[1, 1, 32, 25, 25]]",[1],1,800000,800000.0,1379347.26171875,1379347.26171875,800000,-26.356050491333008,67.84868621826172,0,,,,1.0,25600000.0,25600000.0,25600000.0,1280000.0,1280000.0,1280000.0,25600000.0,1280000.0,0.0,0.0,0.0,25600000.0,1280000.0,0.0,0.0,25600000.0,1280000.0
max,qat,int4,DAB_Block_4.DAB_Module_4_0.conv3x1.conv,conv2d,dense,accounting_mode:all-dense,20,"{""dense"": 20}","[[1, 1, 32, 25, 25]]","[[1, 1, 32, 25, 25]]",[1],1,400000,400000.0,0.0,0.0,0,0.0,0.0,20,,,,0.0,38400000.0,38400000.0,38400000.0,1920000.0,1920000.0,1920000.0,38400000.0,1920000.0,0.0,0.0,0.0,38400000.0,1920000.0,0.0,0.0,38400000.0,1920000.0
max,qat,int4,DAB_Block_4.DAB_Module_4_0.conv1x3.conv,conv2d,dense,accounting_mode:all-dense,20,"{""dense"": 20}","[[1, 1, 32, 25, 25]]","[[1, 1, 32, 25, 25]]",[1],1,400000,400000.0,0.0,0.0,0,0.0,0.0,20,,,,0.0,38400000.0,38400000.0,38400000.0,1920000.0,1920000.0,1920000.0,38400000.0,1920000.0,0.0,0.0,0.0,38400000.0,1920000.0,0.0,0.0,38400000.0,1920000.0
max,qat,int4,DAB_Block_4.DAB_Module_4_0.dconv3x1.conv,conv2d,dense,accounting_mode:all-dense,20,"{""dense"": 20}","[[1, 1, 32, 25, 25]]","[[1, 1, 32, 25, 25]]",[1],1,400000,400000.0,0.0,0.0,0,0.0,0.0,20,,,,0.0,1200000.0,1200000.0,1200000.0,60000.0,60000.0,60000.0,1200000.0,60000.0,0.0,0.0,0.0,1200000.0,60000.0,0.0,0.0,1200000.0,60000.0
max,qat,int4,DAB_Block_4.DAB_Module_4_0.dconv1x3.conv,conv2d,dense,accounting_mode:all-dense,20,"{""dense"": 20}","[[1, 1, 32, 25, 25]]","[[1, 1, 32, 25, 25]]",[1],1,400000,400000.0,0.0,0.0,0,0.0,0.0,20,,,,0.0,1200000.0,1200000.0,1200000.0,60000.0,60000.0,60000.0,1200000.0,60000.0,0.0,0.0,0.0,1200000.0,60000.0,0.0,0.0,1200000.0,60000.0
max,qat,fp,DAB_Block_4.DAB_Module_4_0.ca11.conv,conv1d,dense,accounting_mode:all-dense,20,"{""dense"": 20}","[[1, 1, 1, 32]]","[[1, 1, 1, 32]]",[1],1,640,640.0,0.0,0.0,0,0.0,0.0,20,,,,0.0,1920.0,1920.0,1920.0,96.0,96.0,96.0,1920.0,96.0,0.0,0.0,0.0,1920.0,96.0,0.0,0.0,1920.0,96.0
max,qat,int4,DAB_Block_4.DAB_Module_4_0.ddconv3x1.conv,conv2d,dense,accounting_mode:all-dense,20,"{""dense"": 20}","[[1, 1, 32, 25, 25]]","[[1, 1, 32, 25, 25]]",[1],1,400000,400000.0,0.0,0.0,0,0.0,0.0,20,,,,0.0,1200000.0,1200000.0,1200000.0,60000.0,60000.0,60000.0,1200000.0,60000.0,0.0,0.0,0.0,1200000.0,60000.0,0.0,0.0,1200000.0,60000.0
max,qat,int4,DAB_Block_4.DAB_Module_4_0.ddconv1x3.conv,conv2d,dense,accounting_mode:all-dense,20,"{""dense"": 20}","[[1, 1, 32, 25, 25]]","[[1, 1, 32, 25, 25]]",[1],1,400000,400000.0,0.0,0.0,0,0.0,0.0,20,,,,0.0,1200000.0,1200000.0,1200000.0,60000.0,60000.0,60000.0,1200000.0,60000.0,0.0,0.0,0.0,1200000.0,60000.0,0.0,0.0,1200000.0,60000.0
max,qat,fp,DAB_Block_4.DAB_Module_4_0.ca22.conv,conv1d,dense,accounting_mode:all-dense,20,"{""dense"": 20}","[[1, 1, 1, 32]]","[[1, 1, 1, 32]]",[1],1,640,640.0,0.0,0.0,0,0.0,0.0,20,,,,0.0,1920.0,1920.0,1920.0,96.0,96.0,96.0,1920.0,96.0,0.0,0.0,0.0,1920.0,96.0,0.0,0.0,1920.0,96.0
max,qat,int4,DAB_Block_4.DAB_Module_4_0.conv1x1.conv,conv2d,dense,accounting_mode:all-dense,20,"{""dense"": 20}","[[1, 1, 32, 25, 25]]","[[1, 1, 64, 25, 25]]",[1],1,400000,400000.0,0.0,0.0,0,0.0,0.0,20,,,,0.0,25600000.0,25600000.0,25600000.0,1280000.0,1280000.0,1280000.0,25600000.0,1280000.0,0.0,0.0,0.0,25600000.0,1280000.0,0.0,0.0,25600000.0,1280000.0
max,qat,int4,upsample_1.conv,conv_transpose2d,dense,accounting_mode:all-dense,20,"{""dense"": 20}","[[1, 1, 64, 25, 25]]","[[1, 1, 32, 50, 50]]",[1],1,800000,800000.0,297422.0,297422.0,208760,0.0,11.0,20,,,,0.26095,230400000.0,230400000.0,230400000.0,11520000.0,11520000.0,11520000.0,230400000.0,11520000.0,0.0,0.0,0.0,230400000.0,11520000.0,0.0,0.0,230400000.0,11520000.0
max,qat,int4,DAB_Block_5.DAB_Module_5_0.conv1x1_in.conv,conv2d,dense,accounting_mode:all-dense,20,"{""dense"": 20}","[[1, 1, 32, 50, 50]]","[[1, 1, 16, 50, 50]]",[1],1,1600000,1600000.0,332188.0,332188.0,291178,0.0,7.0,20,,,,0.18198625,25600000.0,25600000.0,25600000.0,1280000.0,1280000.0,1280000.0,25600000.0,1280000.0,0.0,0.0,0.0,25600000.0,1280000.0,0.0,0.0,25600000.0,1280000.0
max,qat,int4,DAB_Block_5.DAB_Module_5_0.conv3x1.conv,conv2d,dense,accounting_mode:all-dense,20,"{""dense"": 20}","[[1, 1, 16, 50, 50]]","[[1, 1, 16, 50, 50]]",[1],1,800000,800000.0,139786.0,139786.0,114751,0.0,7.0,20,,,,0.14343875,38400000.0,38400000.0,38400000.0,1920000.0,1920000.0,1920000.0,38400000.0,1920000.0,0.0,0.0,0.0,38400000.0,1920000.0,0.0,0.0,38400000.0,1920000.0
max,qat,int4,DAB_Block_5.DAB_Module_5_0.conv1x3.conv,conv2d,dense,accounting_mode:all-dense,20,"{""dense"": 20}","[[1, 1, 16, 50, 50]]","[[1, 1, 16, 50, 50]]",[1],1,800000,800000.0,106376.0,106376.0,84300,0.0,8.0,20,,,,0.105375,38400000.0,38400000.0,38400000.0,1920000.0,1920000.0,1920000.0,38400000.0,1920000.0,0.0,0.0,0.0,38400000.0,1920000.0,0.0,0.0,38400000.0,1920000.0
max,qat,int4,DAB_Block_5.DAB_Module_5_0.dconv3x1.conv,conv2d,dense,accounting_mode:all-dense,20,"{""dense"": 20}","[[1, 1, 16, 50, 50]]","[[1, 1, 16, 50, 50]]",[1],1,800000,800000.0,66409.0,66409.0,46256,0.0,8.0,20,,,,0.05782,2400000.0,2400000.0,2400000.0,120000.0,120000.0,120000.0,2400000.0,120000.0,0.0,0.0,0.0,2400000.0,120000.0,0.0,0.0,2400000.0,120000.0
max,qat,int4,DAB_Block_5.DAB_Module_5_0.dconv1x3.conv,conv2d,dense,accounting_mode:all-dense,20,"{""dense"": 20}","[[1, 1, 16, 50, 50]]","[[1, 1, 16, 50, 50]]",[1],1,800000,800000.0,0.0,0.0,0,0.0,0.0,20,,,,0.0,2400000.0,2400000.0,2400000.0,120000.0,120000.0,120000.0,2400000.0,120000.0,0.0,0.0,0.0,2400000.0,120000.0,0.0,0.0,2400000.0,120000.0
max,qat,fp,DAB_Block_5.DAB_Module_5_0.ca11.conv,conv1d,dense,accounting_mode:all-dense,20,"{""dense"": 20}","[[1, 1, 1, 16]]","[[1, 1, 1, 16]]",[1],1,320,320.0,0.0,0.0,0,0.0,0.0,20,,,,0.0,960.0,960.0,960.0,48.0,48.0,48.0,960.0,48.0,0.0,0.0,0.0,960.0,48.0,0.0,0.0,960.0,48.0
max,qat,int4,DAB_Block_5.DAB_Module_5_0.ddconv3x1.conv,conv2d,dense,accounting_mode:all-dense,20,"{""dense"": 20}","[[1, 1, 16, 50, 50]]","[[1, 1, 16, 50, 50]]",[1],1,800000,800000.0,66409.0,66409.0,46256,0.0,8.0,20,,,,0.05782,2400000.0,2400000.0,2400000.0,120000.0,120000.0,120000.0,2400000.0,120000.0,0.0,0.0,0.0,2400000.0,120000.0,0.0,0.0,2400000.0,120000.0
max,qat,int4,DAB_Block_5.DAB_Module_5_0.ddconv1x3.conv,conv2d,dense,accounting_mode:all-dense,20,"{""dense"": 20}","[[1, 1, 16, 50, 50]]","[[1, 1, 16, 50, 50]]",[1],1,800000,800000.0,69630.0,69630.0,41506,0.0,8.0,20,,,,0.0518825,2400000.0,2400000.0,2400000.0,120000.0,120000.0,120000.0,2400000.0,120000.0,0.0,0.0,0.0,2400000.0,120000.0,0.0,0.0,2400000.0,120000.0
max,qat,fp,DAB_Block_5.DAB_Module_5_0.ca22.conv,conv1d,dense,accounting_mode:all-dense,20,"{""dense"": 20}","[[1, 1, 1, 16]]","[[1, 1, 1, 16]]",[1],1,320,320.0,58.40399879217148,58.40399879217148,100,0.0,3.7283999919891357,0,,,,0.3125,960.0,960.0,960.0,48.0,48.0,48.0,960.0,48.0,0.0,0.0,0.0,960.0,48.0,0.0,0.0,960.0,48.0
max,qat,int4,DAB_Block_5.DAB_Module_5_0.conv1x1.conv,conv2d,dense,accounting_mode:all-dense,20,"{""dense"": 20}","[[1, 1, 16, 50, 50]]","[[1, 1, 32, 50, 50]]",[1],1,800000,800000.0,193985.0,193985.0,77472,0.0,16.0,20,,,,0.09684,25600000.0,25600000.0,25600000.0,1280000.0,1280000.0,1280000.0,25600000.0,1280000.0,0.0,0.0,0.0,25600000.0,1280000.0,0.0,0.0,25600000.0,1280000.0
max,qat,int4,upsample_2.conv,conv_transpose2d,dense,accounting_mode:all-dense,20,"{""dense"": 20}","[[1, 1, 32, 50, 50]]","[[1, 1, 32, 100, 100]]",[1],1,1600000,1600000.0,979948.0,979948.0,512022,0.0,13.0,20,,,,0.32001375,460800000.0,460800000.0,460800000.0,23040000.0,23040000.0,23040000.0,460800000.0,23040000.0,0.0,0.0,0.0,460800000.0,23040000.0,0.0,0.0,460800000.0,23040000.0
max,qat,int4,DAB_Block_6.DAB_Module_6_0.conv1x1_in.conv,conv2d,dense,accounting_mode:all-dense,20,"{""dense"": 20}","[[1, 1, 32, 100, 100]]","[[1, 1, 16, 100, 100]]",[1],1,6400000,6400000.0,2294549.0,2294549.0,1920575,0.0,8.0,20,,,,0.30008984375,102400000.0,102400000.0,102400000.0,5120000.0,5120000.0,5120000.0,102400000.0,5120000.0,0.0,0.0,0.0,102400000.0,5120000.0,0.0,0.0,102400000.0,5120000.0
max,qat,int4,DAB_Block_6.DAB_Module_6_0.conv3x1.conv,conv2d,dense,accounting_mode:all-dense,20,"{""dense"": 20}","[[1, 1, 16, 100, 100]]","[[1, 1, 16, 100, 100]]",[1],1,3200000,3200000.0,1040043.0,1040043.0,813058,0.0,7.0,20,,,,0.254080625,153600000.0,153600000.0,153600000.0,7680000.0,7680000.0,7680000.0,153600000.0,7680000.0,0.0,0.0,0.0,153600000.0,7680000.0,0.0,0.0,153600000.0,7680000.0
max,qat,int4,DAB_Block_6.DAB_Module_6_0.conv1x3.conv,conv2d,dense,accounting_mode:all-dense,20,"{""dense"": 20}","[[1, 1, 16, 100, 100]]","[[1, 1, 16, 100, 100]]",[1],1,3200000,3200000.0,910088.0,910088.0,725651,0.0,8.0,20,,,,0.2267659375,153600000.0,153600000.0,153600000.0,7680000.0,7680000.0,7680000.0,153600000.0,7680000.0,0.0,0.0,0.0,153600000.0,7680000.0,0.0,0.0,153600000.0,7680000.0
max,qat,int4,DAB_Block_6.DAB_Module_6_0.dconv3x1.conv,conv2d,dense,accounting_mode:all-dense,20,"{""dense"": 20}","[[1, 1, 16, 100, 100]]","[[1, 1, 16, 100, 100]]",[1],1,3200000,3200000.0,1036472.0,1036472.0,816779,0.0,7.0,20,,,,0.2552434375,9600000.0,9600000.0,9600000.0,480000.0,480000.0,480000.0,9600000.0,480000.0,0.0,0.0,0.0,9600000.0,480000.0,0.0,0.0,9600000.0,480000.0
max,qat,int4,DAB_Block_6.DAB_Module_6_0.dconv1x3.conv,conv2d,dense,accounting_mode:all-dense,20,"{""dense"": 20}","[[1, 1, 16, 100, 100]]","[[1, 1, 16, 100, 100]]",[1],1,3200000,3200000.0,571013.0,571013.0,355350,0.0,6.0,20,,,,0.111046875,9600000.0,9600000.0,9600000.0,480000.0,480000.0,480000.0,9600000.0,480000.0,0.0,0.0,0.0,9600000.0,480000.0,0.0,0.0,9600000.0,480000.0
max,qat,fp,DAB_Block_6.DAB_Module_6_0.ca11.conv,conv1d,dense,accounting_mode:all-dense,20,"{""dense"": 20}","[[1, 1, 1, 16]]","[[1, 1, 1, 16]]",[1],1,320,320.0,349.68049335479736,349.68049335479736,160,0.0,5.482699871063232,0,,,,0.5,960.0,960.0,960.0,48.0,48.0,48.0,960.0,48.0,0.0,0.0,0.0,960.0,48.0,0.0,0.0,960.0,48.0
max,qat,int4,DAB_Block_6.DAB_Module_6_0.ddconv3x1.conv,conv2d,dense,accounting_mode:all-dense,20,"{""dense"": 20}","[[1, 1, 16, 100, 100]]","[[1, 1, 16, 100, 100]]",[1],1,3200000,3200000.0,1036472.0,1036472.0,816779,0.0,7.0,20,,,,0.2552434375,9600000.0,9600000.0,9600000.0,480000.0,480000.0,480000.0,9600000.0,480000.0,0.0,0.0,0.0,9600000.0,480000.0,0.0,0.0,9600000.0,480000.0
max,qat,int4,DAB_Block_6.DAB_Module_6_0.ddconv1x3.conv,conv2d,dense,accounting_mode:all-dense,20,"{""dense"": 20}","[[1, 1, 16, 100, 100]]","[[1, 1, 16, 100, 100]]",[1],1,3200000,3200000.0,294144.0,294144.0,150898,0.0,8.0,20,,,,0.047155625,9600000.0,9600000.0,9600000.0,480000.0,480000.0,480000.0,9600000.0,480000.0,0.0,0.0,0.0,9600000.0,480000.0,0.0,0.0,9600000.0,480000.0
max,qat,fp,DAB_Block_6.DAB_Module_6_0.ca22.conv,conv1d,dense,accounting_mode:all-dense,20,"{""dense"": 20}","[[1, 1, 1, 16]]","[[1, 1, 1, 16]]",[1],1,320,320.0,57.86139915883541,57.86139915883541,118,0.0,5.290499687194824,0,,,,0.36875,960.0,960.0,960.0,48.0,48.0,48.0,960.0,48.0,0.0,0.0,0.0,960.0,48.0,0.0,0.0,960.0,48.0
max,qat,int4,DAB_Block_6.DAB_Module_6_0.conv1x1.conv,conv2d,dense,accounting_mode:all-dense,20,"{""dense"": 20}","[[1, 1, 16, 100, 100]]","[[1, 1, 32, 100, 100]]",[1],1,3200000,3200000.0,2533280.0,2533280.0,1162591,0.0,15.0,20,,,,0.3633096875,102400000.0,102400000.0,102400000.0,5120000.0,5120000.0,5120000.0,102400000.0,5120000.0,0.0,0.0,0.0,102400000.0,5120000.0,0.0,0.0,102400000.0,5120000.0
max,qat,int4,upsample_3.conv,conv_transpose2d,dense,accounting_mode:all-dense,20,"{""dense"": 20}","[[1, 1, 32, 100, 100]]","[[1, 1, 32, 200, 200]]",[1],1,6400000,6400000.0,7245521.0,7245521.0,3473822,0.0,14.0,20,,,,0.5427846875,1843200000.0,1843200000.0,1843200000.0,92160000.0,92160000.0,92160000.0,1843200000.0,92160000.0,0.0,0.0,0.0,1843200000.0,92160000.0,0.0,0.0,1843200000.0,92160000.0
max,qat,int4,PA3.conv,conv2d,dense,accounting_mode:all-dense,0,{},[],[],[],1,0,0.0,0.0,0.0,0,,,0,,,,,0.0,0.0,0.0,0.0,0.0,0.0,0.0,0.0,0.0,0.0,0.0,0.0,0.0,0.0,0.0,0.0,0.0
max,qat,int4,LC1.dconv3x1,conv2d,dense,accounting_mode:all-dense,20,"{""dense"": 20}","[[1, 1, 128, 100, 100]]","[[1, 1, 64, 100, 100]]",[1],1,25600000,25600000.0,4783303.0,4783303.0,4042938,0.0,8.0,20,,,,0.157927265625,4915200000.0,4915200000.0,4915200000.0,245760000.0,245760000.0,245760000.0,4915200000.0,245760000.0,0.0,0.0,0.0,4915200000.0,245760000.0,0.0,0.0,4915200000.0,245760000.0
max,qat,int4,LC1.dconv1x3,conv2d,dense,accounting_mode:all-dense,20,"{""dense"": 20}","[[1, 1, 64, 100, 100]]","[[1, 1, 32, 100, 100]]",[1],1,12800000,12800000.0,2446271.84375,2446271.84375,12800000,-9.124398231506348,6.4561448097229,0,,,,1.0,1228800000.0,1228800000.0,1228800000.0,61440000.0,61440000.0,61440000.0,1228800000.0,61440000.0,0.0,0.0,0.0,1228800000.0,61440000.0,0.0,0.0,1228800000.0,61440000.0
max,qat,int4,LC2.dconv3x1,conv2d,dense,accounting_mode:all-dense,20,"{""dense"": 20}","[[1, 1, 128, 50, 50]]","[[1, 1, 64, 50, 50]]",[1],1,6400000,6400000.0,553867.0,553867.0,474256,0.0,7.0,20,,,,0.0741025,1228800000.0,1228800000.0,1228800000.0,61440000.0,61440000.0,61440000.0,1228800000.0,61440000.0,0.0,0.0,0.0,1228800000.0,61440000.0,0.0,0.0,1228800000.0,61440000.0
max,qat,int4,LC2.dconv1x3,conv2d,dense,accounting_mode:all-dense,20,"{""dense"": 20}","[[1, 1, 64, 50, 50]]","[[1, 1, 32, 50, 50]]",[1],1,3200000,3200000.0,256519.064453125,256519.064453125,3200000,-4.749549865722656,5.916093349456787,0,,,,1.0,307200000.0,307200000.0,307200000.0,15360000.0,15360000.0,15360000.0,307200000.0,15360000.0,0.0,0.0,0.0,307200000.0,15360000.0,0.0,0.0,307200000.0,15360000.0
max,qat,int4,LC3.dconv3x1,conv2d,dense,accounting_mode:all-dense,20,"{""dense"": 20}","[[1, 1, 64, 25, 25]]","[[1, 1, 32, 25, 25]]",[1],1,800000,800000.0,133392.0,133392.0,103399,0.0,8.0,20,,,,0.12924875,76800000.0,76800000.0,76800000.0,3840000.0,3840000.0,3840000.0,76800000.0,3840000.0,0.0,0.0,0.0,76800000.0,3840000.0,0.0,0.0,76800000.0,3840000.0
max,qat,int4,LC3.dconv1x3,conv2d,dense,accounting_mode:all-dense,20,"{""dense"": 20}","[[1, 1, 32, 25, 25]]","[[1, 1, 64, 25, 25]]",[1],1,400000,400000.0,98348.44653320312,98348.44653320312,400000,-6.349499225616455,8.174336433410645,0,,,,1.0,76800000.0,76800000.0,76800000.0,3840000.0,3840000.0,3840000.0,76800000.0,3840000.0,0.0,0.0,0.0,76800000.0,3840000.0,0.0,0.0,76800000.0,3840000.0
max,qat,int4,final_conv,conv2d,dense,accounting_mode:all-dense,20,"{""dense"": 20}","[[1, 1, 32, 200, 200]]","[[1, 1, 32, 200, 200]]",[1],1,25600000,25600000.0,3539635.0,3539635.0,3193207,0.0,5.0,20,,,,0.1247346484375,7372800000.0,7372800000.0,7372800000.0,368640000.0,368640000.0,368640000.0,7372800000.0,368640000.0,0.0,0.0,0.0,7372800000.0,368640000.0,0.0,0.0,7372800000.0,368640000.0
max,qat,int4,classifier.0.conv,conv2d,dense,accounting_mode:all-dense,20,"{""dense"": 20}","[[1, 1, 32, 400, 400]]","[[1, 1, 6, 400, 400]]",[1],1,102400000,102400000.0,47055799.875,47055799.875,102400000,-10.574843406677246,13.330780029296875,0,,,,1.0,614400000.0,614400000.0,614400000.0,30720000.0,30720000.0,30720000.0,614400000.0,30720000.0,0.0,0.0,0.0,614400000.0,30720000.0,0.0,0.0,614400000.0,30720000.0
max,qat,fp,transformer1.atten.matmul,attention_matmul,dense,special:EffAttention,20,"{""dense"": 20}","[[1, 625, 576]]","[[1, 625, 576]]",[1],1,7200000,7200000.0,331073.658203125,331073.658203125,7199999,-0.6054840683937073,12.426146507263184,0,,,,0.9999998611111112,1121414400.0,1121414400.0,1121414400.0,56070720.0,56070720.0,56070720.0,1121414400.0,56070720.0,0.0,0.0,0.0,1121414400.0,56070720.0,0.0,0.0,1121414400.0,56070720.0
