trial,phase,rel_time_s,wall_time_s,power_w,temperature_c,gpu_util_pct,sm_clock_mhz,mem_clock_mhz
1,fp32_idle_pre,0.0005213432013988495,1783793758.6192074,128.196,36,94,2250,12481
1,fp32_idle_pre,0.10878285206854343,1783793758.7222738,128.196,36,94,2250,12481
1,fp32_idle_pre,0.20903212390840054,1783793758.8225155,132.996,34,94,2250,12481
1,fp32_idle_pre,0.3093063607811928,1783793758.9227898,128.552,33,0,2257,12481
1,fp32_idle_pre,0.4095265008509159,1783793759.0230105,133.131,33,0,2257,12481
1,fp32_idle_pre,0.5097547806799412,1783793759.1232386,133.202,33,0,2272,12481
1,fp32_idle_pre,0.6099682990461588,1783793759.2234511,133.202,33,0,2272,12481
1,fp32_idle_pre,0.710186468437314,1783793759.3236704,133.202,33,0,2272,12481
1,fp32_idle_pre,0.8104063831269741,1783793759.42389,128.6,33,0,2272,12481
1,fp32_idle_pre,0.910630289465189,1783793759.5241144,122.765,33,0,2272,12481
1,fp32_idle_pre,1.0108510050922632,1783793759.6243346,101.93,33,0,2265,12481
1,fp32_idle_pre,1.1110721211880445,1783793759.7245555,83.385,33,0,2265,12481
1,fp32_idle_pre,1.2112942915409803,1783793759.8247774,83.385,33,0,2265,12481
1,fp32_idle_pre,1.3115168772637844,1783793759.925002,83.385,33,0,2265,12481
1,fp32_idle_pre,1.4117122199386358,1783793760.0251892,83.385,33,0,2265,12481
1,fp32_idle_pre,1.5118892826139927,1783793760.1253755,83.385,33,0,2265,12481
1,fp32_idle_pre,1.612141853198409,1783793760.225629,83.385,33,0,2265,12481
1,fp32_idle_pre,1.7123712413012981,1783793760.3258548,83.385,33,0,2265,12481
1,fp32_idle_pre,1.81259111687541,1783793760.4260745,83.385,33,0,2265,12481
1,fp32_idle_pre,1.912810193374753,1783793760.5262938,83.385,33,0,2265,12481
1,fp32_idle_pre,2.0130201168358326,1783793760.6265032,83.385,33,0,2265,12481
1,fp32_idle_pre,2.1132564805448055,1783793760.72674,82.592,33,0,2272,12481
1,fp32_idle_pre,2.2134787291288376,1783793760.826971,82.592,33,0,2272,12481
1,fp32_idle_pre,2.3137176781892776,1783793760.927201,82.592,33,0,2272,12481
1,fp32_idle_pre,2.4139384888112545,1783793761.0274591,82.592,33,0,2272,12481
1,fp32_idle_pre,2.5141898039728403,1783793761.1276731,82.592,33,0,2272,12481
1,fp32_idle_pre,2.6144136246293783,1783793761.2278974,82.592,33,0,2272,12481
1,fp32_idle_pre,2.7147116735577583,1783793761.3281956,82.592,33,0,2272,12481
1,fp32_idle_pre,2.8149322383105755,1783793761.4284158,82.592,33,0,2272,12481
1,fp32_idle_pre,2.9151554089039564,1783793761.528639,82.592,33,0,2272,12481
1,fp32_idle_pre,3.015473237261176,1783793761.628957,82.592,33,0,2272,12481
1,fp32_idle_pre,3.115672517567873,1783793761.7291412,82.067,33,0,2265,12481
1,fp32_idle_pre,3.2159494161605835,1783793761.8294332,82.067,33,0,2265,12481
1,fp32_idle_pre,3.316241405904293,1783793761.9297247,82.067,33,0,2265,12481
1,fp32_idle_pre,3.4164778124541044,1783793762.029961,82.067,33,0,2265,12481
1,fp32_idle_pre,3.516667552292347,1783793762.1301365,82.067,33,0,2265,12481
1,fp32_idle_pre,3.6169269010424614,1783793762.230412,82.067,33,0,2265,12481
1,fp32_idle_pre,3.7171464283019304,1783793762.3306303,82.067,33,0,2265,12481
1,fp32_idle_pre,3.817374389618635,1783793762.4308608,82.067,33,0,2265,12481
1,fp32_idle_pre,3.9176097456365824,1783793762.5310934,82.067,33,0,2265,12481
1,fp32_idle_pre,4.017828233540058,1783793762.6313117,82.067,33,0,2265,12481
1,fp32_idle_pre,4.118063116446137,1783793762.7315474,82.334,33,0,2265,12481
1,fp32_idle_pre,4.2182849533855915,1783793762.831769,82.334,33,0,2265,12481
1,fp32_idle_pre,4.318597147241235,1783793762.932081,82.334,33,0,2265,12481
1,fp32_idle_pre,4.418802099302411,1783793763.03228,82.334,33,0,2265,12481
1,fp32_idle_pre,4.518997088074684,1783793763.1324806,82.334,33,0,2265,12481
1,fp32_idle_pre,4.619177840650082,1783793763.232645,82.334,33,0,2265,12481
1,fp32_idle_pre,4.719368416815996,1783793763.3328426,82.334,33,0,2265,12481
1,fp32_idle_pre,4.8195432890206575,1783793763.4330268,82.334,33,0,2265,12481
1,fp32_idle_pre,4.919761188328266,1783793763.5332446,82.334,33,0,2265,12481
1,fp32_idle_pre,5.0199678130447865,1783793763.633451,82.334,33,0,2265,12481
1,fp32_idle_pre,5.120174800977111,1783793763.7336583,82.334,33,0,2272,12481
1,fp32_idle_pre,5.220387829467654,1783793763.8338714,82.334,33,0,2272,12481
1,fp32_idle_pre,5.320596627891064,1783793763.9340806,82.334,33,0,2272,12481
1,fp32_idle_pre,5.420818880200386,1783793764.0343068,82.334,33,0,2272,12481
1,fp32_idle_pre,5.521051170304418,1783793764.134536,82.334,33,0,2272,12481
1,fp32_idle_pre,5.6212690975517035,1783793764.2347589,82.334,33,0,2272,12481
1,fp32_idle_pre,5.721478469669819,1783793764.3349512,82.334,33,0,2272,12481
1,fp32_idle_pre,5.821665018796921,1783793764.435151,82.334,33,0,2272,12481
1,fp32_idle_pre,5.921883741393685,1783793764.5353684,82.334,33,0,2272,12481
1,fp32_idle_pre,6.0221025962382555,1783793764.635587,82.334,33,0,2272,12481
1,fp32_idle_pre,6.122323360294104,1783793764.7358067,82.067,33,0,2272,12481
1,fp32_idle_pre,6.2225808054208755,1783793764.8360648,82.067,33,0,2272,12481
1,fp32_idle_pre,6.322793001309037,1783793764.9362772,82.067,33,0,2272,12481
1,fp32_idle_pre,6.422998810186982,1783793765.0364795,82.067,33,0,2272,12481
1,fp32_idle_pre,6.5232023447752,1783793765.13669,82.067,33,0,2272,12481
1,fp32_idle_pre,6.623411912471056,1783793765.2368963,82.067,33,0,2272,12481
1,fp32_idle_pre,6.723685961216688,1783793765.3371694,82.067,33,0,2272,12481
1,fp32_idle_pre,6.823907297104597,1783793765.437391,82.067,33,0,2272,12481
1,fp32_idle_pre,6.924131568521261,1783793765.5376153,82.067,33,0,2272,12481
1,fp32_idle_pre,7.024353504180908,1783793765.637838,82.067,33,0,2272,12481
1,fp32_idle_pre,7.12456295080483,1783793765.7380464,82.067,33,0,2265,12481
1,fp32_idle_pre,7.2248207330703735,1783793765.8383045,82.067,33,0,2265,12481
1,fp32_idle_pre,7.3250418566167355,1783793765.9385254,82.067,33,0,2265,12481
1,fp32_idle_pre,7.425274603068829,1783793766.0387585,82.067,33,0,2265,12481
1,fp32_idle_pre,7.525484478101134,1783793766.1389692,82.067,33,0,2265,12481
1,fp32_idle_pre,7.625696940347552,1783793766.2391798,82.067,33,0,2265,12481
1,fp32_idle_pre,7.725908784195781,1783793766.3393903,82.067,33,0,2265,12481
1,fp32_idle_pre,7.826112186536193,1783793766.4395962,82.067,33,0,2265,12481
1,fp32_idle_pre,7.926289996132255,1783793766.5397537,82.067,33,0,2265,12481
1,fp32_idle_pre,8.02642722055316,1783793766.6399112,82.067,33,0,2272,12481
1,fp32_idle_pre,8.126620644703507,1783793766.740102,82.067,33,0,2272,12481
1,fp32_idle_pre,8.226832885295153,1783793766.8403165,82.067,33,0,2272,12481
1,fp32_idle_pre,8.32703921943903,1783793766.9405227,82.067,33,0,2272,12481
1,fp32_idle_pre,8.427227150648832,1783793767.0407085,82.067,33,0,2272,12481
1,fp32_idle_pre,8.52744009718299,1783793767.1409235,82.067,33,0,2272,12481
1,fp32_idle_pre,8.627628216519952,1783793767.24111,82.067,33,0,2272,12481
1,fp32_idle_pre,8.727836137637496,1783793767.34132,82.067,33,0,2272,12481
1,fp32_idle_pre,8.828023344278336,1783793767.4415035,82.067,33,0,2272,12481
1,fp32_idle_pre,8.928207324817777,1783793767.5416896,82.067,33,0,2272,12481
1,fp32_idle_pre,9.028401041403413,1783793767.6418831,82.067,33,0,2272,12481
1,fp32_idle_pre,9.128612652420998,1783793767.7420964,82.067,33,0,2272,12481
1,fp32_idle_pre,9.228838725015521,1783793767.8423233,82.067,33,0,2272,12481
1,fp32_idle_pre,9.329049868509173,1783793767.9425337,82.067,33,0,2272,12481
1,fp32_idle_pre,9.429256090894341,1783793768.0427375,82.067,33,0,2272,12481
1,fp32_idle_pre,9.52945950254798,1783793768.142943,82.067,33,0,2272,12481
1,fp32_idle_pre,9.629649855196476,1783793768.2431307,82.067,33,0,2272,12481
1,fp32_idle_pre,9.72985409013927,1783793768.343338,82.067,33,0,2272,12481
1,fp32_idle_pre,9.830013893544674,1783793768.4434836,82.067,33,0,2272,12481
1,fp32_idle_pre,9.930191200226545,1783793768.5436697,82.067,33,0,2272,12481
1,fp32_active,0.0002755559980869293,1783793768.6154542,82.067,33,0,2272,12481
1,fp32_active,0.10066067986190319,1783793768.715786,82.554,33,0,2272,12481
1,fp32_active,0.20097210817039013,1783793768.8160496,103.031,37,0,2272,12481
1,fp32_active,0.3011826239526272,1783793768.9162593,117.669,38,94,2257,12481
1,fp32_active,0.40139356814324856,1783793769.0164711,129.747,39,94,2257,12481
1,fp32_active,0.5016088262200356,1783793769.116688,143.148,39,94,2242,12481
1,fp32_active,0.6018304750323296,1783793769.2169065,154.945,40,94,2242,12481
1,fp32_active,0.7020426876842976,1783793769.3171217,162.833,40,94,2242,12481
1,fp32_active,0.8022467754781246,1783793769.4173234,169.778,40,94,2250,12481
1,fp32_active,0.9024586006999016,1783793769.517537,179.083,40,94,2250,12481
1,fp32_active,1.0027066096663475,1783793769.6177857,184.586,40,94,2250,12481
1,fp32_active,1.1029348690062761,1783793769.718012,189.428,40,94,2250,12481
1,fp32_active,1.2031473331153393,1783793769.8182254,299.541,41,94,2250,12481
1,fp32_active,1.3033598195761442,1783793769.9184365,299.703,41,94,2250,12481
1,fp32_active,1.4036007020622492,1783793770.018804,302.412,41,94,2250,12481
1,fp32_active,1.5039784330874681,1783793770.1190364,304.218,41,94,2250,12481
1,fp32_active,1.604109963402152,1783793770.21917,302.798,41,94,2250,12481
1,fp32_active,1.704253287985921,1783793770.3193116,301.386,41,94,2250,12481
1,fp32_active,1.8043671771883965,1783793770.4194214,303.221,41,94,2250,12481
1,fp32_active,1.9044770635664463,1783793770.5195346,307.749,41,94,2250,12481
1,fp32_active,2.004662375897169,1783793770.6197624,303.003,41,94,2250,12481
1,fp32_active,2.1048724837601185,1783793770.7199311,304.992,41,94,2250,12481
1,fp32_active,2.204978808760643,1783793770.8200347,308.009,41,94,2250,12481
1,fp32_active,2.3050773795694113,1783793770.9201324,304.395,42,94,2250,12481
1,fp32_active,2.405178127810359,1783793771.0202327,302.641,42,94,2250,12481
1,fp32_active,2.505271028727293,1783793771.120326,307.409,42,94,2250,12481
1,fp32_active,2.605364730581641,1783793771.2204201,304.111,42,94,2250,12481
1,fp32_active,2.7054588925093412,1783793771.3205137,305.533,42,94,2250,12481
1,fp32_active,2.8055526334792376,1783793771.4206076,306.565,42,94,2250,12481
1,fp32_active,2.905645599588752,1783793771.520701,302.08,42,94,2250,12481
1,fp32_active,3.0057424288243055,1783793771.6207974,302.935,42,94,2250,12481
1,fp32_active,3.1058350522071123,1783793771.7208903,304.895,42,94,2250,12481
1,fp32_active,3.205928508192301,1783793771.820984,306.071,42,94,2250,12481
1,fp32_active,3.306033920496702,1783793771.9210885,305.47,42,94,2250,12481
1,fp32_active,3.4061252288520336,1783793772.0211802,306.259,42,94,2250,12481
1,fp32_active,3.5062171574681997,1783793772.1212714,306.868,42,94,2250,12481
1,fp32_active,3.6063071843236685,1783793772.2213619,306.804,42,94,2250,12481
1,fp32_active,3.7063979487866163,1783793772.321453,304.971,42,94,2250,12481
1,fp32_active,3.806487552821636,1783793772.4215424,308.395,42,94,2250,12481
1,fp32_active,3.9065805561840534,1783793772.521636,304.91,43,94,2250,12481
1,fp32_active,4.006674604490399,1783793772.6217299,305.16,43,94,2250,12481
1,fp32_active,4.10677600838244,1783793772.7218318,307.957,43,94,2250,12481
1,fp32_active,4.206880932673812,1783793772.821936,303.932,43,94,2250,12481
1,fp32_active,4.306973043829203,1783793772.9220278,302.185,43,94,2250,12481
1,fp32_idle_post,0.00022091716527938843,1783793773.0142038,308.383,43,94,2250,12481
1,fp32_idle_post,0.10064776055514812,1783793773.1145391,306.992,43,94,2250,12481
1,fp32_idle_post,0.20086991786956787,1783793773.2147613,283.849,39,94,2250,12481
1,fp32_idle_post,0.301138324663043,1783793773.31503,263.896,37,0,2250,12481
1,fp32_idle_post,0.4013573657721281,1783793773.4152486,247.817,37,0,2257,12481
1,fp32_idle_post,0.5015840139240026,1783793773.5154753,218.408,36,0,2257,12481
1,fp32_idle_post,0.6018753536045551,1783793773.615767,198.063,36,0,2257,12481
1,fp32_idle_post,0.7020818646997213,1783793773.7159731,172.52,36,0,2257,12481
1,fp32_idle_post,0.8023070208728313,1783793773.8161983,152.347,36,0,2257,12481
1,fp32_idle_post,0.9025827366858721,1783793773.9164746,132.371,36,0,2257,12481
1,fp32_idle_post,1.002904549241066,1783793774.0167952,128.03,36,0,2257,12481
1,fp32_idle_post,1.1031240373849869,1783793774.1170156,85.776,36,0,2265,12481
1,fp32_idle_post,1.2033747974783182,1783793774.217266,85.776,36,0,2265,12481
1,fp32_idle_post,1.3035939000546932,1783793774.3174856,85.776,36,0,2265,12481
1,fp32_idle_post,1.4038126021623611,1783793774.4177036,85.776,36,0,2265,12481
1,fp32_idle_post,1.504163809120655,1783793774.5180557,85.776,36,0,2265,12481
1,fp32_idle_post,1.604385856539011,1783793774.618277,85.776,36,0,2265,12481
1,fp32_idle_post,1.704645186662674,1783793774.7185404,85.776,36,0,2265,12481
1,fp32_idle_post,1.8049218337982893,1783793774.8188157,85.776,36,0,2265,12481
1,fp32_idle_post,1.9052632581442595,1783793774.9191554,85.776,36,0,2265,12481
1,fp32_idle_post,2.0054563730955124,1783793775.0193422,85.776,36,0,2265,12481
1,fp32_idle_post,2.1056212931871414,1783793775.1194992,84.107,35,0,2257,12481
1,fp32_idle_post,2.205818545073271,1783793775.2197099,84.107,35,0,2257,12481
1,fp32_idle_post,2.3060368448495865,1783793775.3199272,84.107,35,0,2257,12481
1,fp32_idle_post,2.4062312692403793,1783793775.4201217,84.107,35,0,2257,12481
1,fp32_idle_post,2.5064551811665297,1783793775.5203466,84.107,35,0,2257,12481
1,fp32_idle_post,2.6066757049411535,1783793775.620567,84.107,35,0,2257,12481
1,fp32_idle_post,2.706889010965824,1783793775.7207808,84.107,35,0,2257,12481
1,fp32_idle_post,2.807110235095024,1783793775.8210018,84.107,35,0,2257,12481
1,fp32_idle_post,2.9073076341301203,1783793775.9211984,84.107,35,0,2257,12481
1,fp32_idle_post,3.0075246896594763,1783793776.0214167,84.107,35,0,2257,12481
1,fp32_idle_post,3.1077544447034597,1783793776.1216466,84.014,35,0,2265,12481
1,fp32_idle_post,3.207963578402996,1783793776.2218554,84.014,35,0,2265,12481
1,fp32_idle_post,3.3082727659493685,1783793776.3221643,84.014,35,0,2265,12481
1,fp32_idle_post,3.408471681177616,1783793776.4223623,84.014,35,0,2265,12481
1,fp32_idle_post,3.508689181879163,1783793776.5225806,84.014,35,0,2265,12481
1,fp32_idle_post,3.608933186158538,1783793776.6228242,84.014,35,0,2265,12481
1,fp32_idle_post,3.709140522405505,1783793776.7230322,84.014,35,0,2265,12481
1,fp32_idle_post,3.8093426171690226,1783793776.8232338,84.014,35,0,2265,12481
1,fp32_idle_post,3.9095634445548058,1783793776.923455,84.014,35,0,2265,12481
1,fp32_idle_post,4.009809380397201,1783793777.0237014,84.014,35,0,2265,12481
1,fp32_idle_post,4.1100594736635685,1783793777.1239512,83.77,35,0,2265,12481
1,fp32_idle_post,4.210276901721954,1783793777.2241678,83.77,35,0,2265,12481
1,fp32_idle_post,4.310514053329825,1783793777.3244045,83.77,35,0,2265,12481
1,fp32_idle_post,4.410720942541957,1783793777.4246123,83.77,35,0,2265,12481
1,fp32_idle_post,4.510923556983471,1783793777.5248141,83.77,35,0,2265,12481
1,fp32_idle_post,4.611152462661266,1783793777.6250439,83.77,35,0,2265,12481
1,fp32_idle_post,4.711480434983969,1783793777.725361,83.77,35,0,2265,12481
1,fp32_idle_post,4.811653941869736,1783793777.8255446,83.77,35,0,2265,12481
1,fp32_idle_post,4.911874493584037,1783793777.9257667,83.77,35,0,2265,12481
1,fp32_idle_post,5.012075090780854,1783793778.0259655,83.77,35,0,2265,12481
1,fp32_idle_post,5.112290762364864,1783793778.126182,83.551,35,0,2265,12481
1,fp32_idle_post,5.2125244326889515,1783793778.2264156,83.551,35,0,2265,12481
1,fp32_idle_post,5.312837056815624,1783793778.3267288,83.551,35,0,2265,12481
1,fp32_idle_post,5.413069345057011,1783793778.4269607,83.551,35,0,2265,12481
1,fp32_idle_post,5.513277688995004,1783793778.5271688,83.551,35,0,2265,12481
1,fp32_idle_post,5.613485338166356,1783793778.6273775,83.551,35,0,2265,12481
1,fp32_idle_post,5.71374099329114,1783793778.7276325,83.551,35,0,2265,12481
1,fp32_idle_post,5.813961178064346,1783793778.8278525,83.551,35,0,2265,12481
1,fp32_idle_post,5.914159316569567,1783793778.928049,83.551,35,0,2265,12481
1,fp32_idle_post,6.014391265809536,1783793779.0282826,83.551,35,0,2265,12481
1,fp32_idle_post,6.1146164406090975,1783793779.1285076,83.551,35,0,2257,12481
1,fp32_idle_post,6.214879969134927,1783793779.2287722,83.551,35,0,2257,12481
1,fp32_idle_post,6.315100621432066,1783793779.328992,83.551,35,0,2257,12481
1,fp32_idle_post,6.4153201803565025,1783793779.4292116,83.551,35,0,2257,12481
1,fp32_idle_post,6.515604475513101,1783793779.5294957,83.551,35,0,2257,12481
1,fp32_idle_post,6.615803465247154,1783793779.629694,83.551,35,0,2257,12481
1,fp32_idle_post,6.7160210609436035,1783793779.7299125,83.551,35,0,2257,12481
1,fp32_idle_post,6.816264595836401,1783793779.8301558,83.551,35,0,2257,12481
1,fp32_idle_post,6.91648137755692,1783793779.930373,83.551,35,0,2257,12481
1,fp32_idle_post,7.016678025946021,1783793780.030569,83.551,35,0,2257,12481
1,fp32_idle_post,7.116900937631726,1783793780.1307936,83.527,34,0,2257,12481
1,fp32_idle_post,7.217130433768034,1783793780.2310216,83.527,34,0,2257,12481
1,fp32_idle_post,7.317350544035435,1783793780.3312418,83.527,34,0,2257,12481
1,fp32_idle_post,7.4175982885062695,1783793780.4314897,83.527,34,0,2257,12481
1,fp32_idle_post,7.517817137762904,1783793780.531709,83.527,34,0,2257,12481
1,fp32_idle_post,7.618036696687341,1783793780.631928,83.527,34,0,2257,12481
1,fp32_idle_post,7.718258809298277,1783793780.7321508,83.527,34,0,2257,12481
1,fp32_idle_post,7.818470649421215,1783793780.8323622,83.527,34,0,2257,12481
1,fp32_idle_post,7.91877374984324,1783793780.932665,83.527,34,0,2257,12481
1,fp32_idle_post,8.018994256854057,1783793781.0328856,83.527,34,0,2257,12481
1,fp32_idle_post,8.119252560660243,1783793781.1331441,83.527,34,0,2265,12481
1,fp32_idle_post,8.219472777098417,1783793781.2333639,83.527,34,0,2265,12481
1,fp32_idle_post,8.319693107157946,1783793781.3335843,83.527,34,0,2265,12481
1,fp32_idle_post,8.419913534075022,1783793781.4338048,83.527,34,0,2265,12481
1,fp32_idle_post,8.520137840881944,1783793781.5340288,83.527,34,0,2265,12481
1,fp32_idle_post,8.620418207719922,1783793781.63431,83.527,34,0,2265,12481
1,fp32_idle_post,8.72063834220171,1783793781.73453,83.527,34,0,2265,12481
1,fp32_idle_post,8.820858357474208,1783793781.8347497,83.527,34,0,2265,12481
1,fp32_idle_post,8.921176861971617,1783793781.9350681,83.527,34,0,2265,12481
1,fp32_idle_post,9.021397503092885,1783793782.0352888,83.527,34,0,2265,12481
1,fp32_idle_post,9.121616156771779,1783793782.1355073,83.527,34,0,2265,12481
1,fp32_idle_post,9.221836186945438,1783793782.2357273,83.527,34,0,2265,12481
1,fp32_idle_post,9.322057876735926,1783793782.335949,83.527,34,0,2265,12481
1,fp32_idle_post,9.42227790504694,1783793782.4361694,83.527,34,0,2265,12481
1,fp32_idle_post,9.522498466074467,1783793782.5363898,83.527,34,0,2265,12481
1,fp32_idle_post,9.622717401012778,1783793782.6366088,83.527,34,0,2265,12481
1,fp32_idle_post,9.72293857485056,1783793782.7368305,83.527,34,0,2265,12481
1,fp32_idle_post,9.823160376399755,1783793782.8370519,83.527,34,0,2265,12481
1,fp32_idle_post,9.923388876020908,1783793782.9372807,83.527,34,0,2265,12481
2,int8_idle_pre,0.00034263916313648224,1783793783.019334,83.527,34,0,2265,12481
2,int8_idle_pre,0.10056144371628761,1783793783.1195555,83.527,34,0,2265,12481
2,int8_idle_pre,0.20083129592239857,1783793783.2198255,83.527,34,0,2265,12481
2,int8_idle_pre,0.3010623287409544,1783793783.3200567,83.527,34,0,2265,12481
2,int8_idle_pre,0.40134142711758614,1783793783.4203355,83.527,34,0,2265,12481
2,int8_idle_pre,0.5016817227005959,1783793783.5206761,83.527,34,0,2265,12481
2,int8_idle_pre,0.601992579177022,1783793783.620987,83.527,34,0,2265,12481
2,int8_idle_pre,0.7022112067788839,1783793783.7212052,83.527,34,0,2265,12481
2,int8_idle_pre,0.8024632520973682,1783793783.8214571,83.527,34,0,2265,12481
2,int8_idle_pre,0.9028031546622515,1783793783.9217973,83.527,34,0,2265,12481
2,int8_idle_pre,1.0030233804136515,1783793784.0220196,83.527,34,0,2265,12481
2,int8_idle_pre,1.1032490395009518,1783793784.1222448,83.527,34,0,2257,12481
2,int8_idle_pre,1.2034511417150497,1783793784.2224467,83.527,34,0,2257,12481
2,int8_idle_pre,1.3038277067244053,1783793784.3228235,83.527,34,0,2257,12481
2,int8_idle_pre,1.404082603752613,1783793784.4230776,83.527,34,0,2257,12481
2,int8_idle_pre,1.504353642463684,1783793784.5233488,83.527,34,0,2257,12481
2,int8_idle_pre,1.6046290379017591,1783793784.6236231,83.527,34,0,2257,12481
2,int8_idle_pre,1.7048466429114342,1783793784.7238421,83.527,34,0,2257,12481
2,int8_idle_pre,1.8050647266209126,1783793784.8240588,83.527,34,0,2257,12481
2,int8_idle_pre,1.905281798914075,1783793784.9242778,83.527,34,0,2257,12481
2,int8_idle_pre,2.0055982135236263,1783793785.0245945,83.527,34,0,2257,12481
2,int8_idle_pre,2.105873327702284,1783793785.1248724,83.284,34,0,2257,12481
2,int8_idle_pre,2.20611160248518,1783793785.2251074,83.284,34,0,2257,12481
2,int8_idle_pre,2.3063351213932037,1783793785.3253293,83.284,34,0,2257,12481
2,int8_idle_pre,2.4065995030105114,1783793785.425594,83.284,34,0,2257,12481
2,int8_idle_pre,2.506822442635894,1783793785.5258021,83.284,34,0,2257,12481
2,int8_idle_pre,2.6069854348897934,1783793785.625987,83.284,34,0,2257,12481
2,int8_idle_pre,2.7072170544415712,1783793785.7262132,83.284,34,0,2257,12481
2,int8_idle_pre,2.807439474388957,1783793785.8264375,83.284,34,0,2257,12481
2,int8_idle_pre,2.9077311791479588,1783793785.9267294,83.284,34,0,2257,12481
2,int8_idle_pre,3.0079248026013374,1783793786.0269158,83.284,34,0,2257,12481
2,int8_idle_pre,3.1081846319139004,1783793786.1271825,83.035,34,0,2265,12481
2,int8_idle_pre,3.2085057199001312,1783793786.2275026,83.035,34,0,2265,12481
2,int8_idle_pre,3.3087227270007133,1783793786.3277218,83.035,34,0,2265,12481
2,int8_idle_pre,3.4089527539908886,1783793786.4279468,83.035,34,0,2265,12481
2,int8_idle_pre,3.5092432126402855,1783793786.5282373,83.035,34,0,2265,12481
2,int8_idle_pre,3.6094736121594906,1783793786.6284692,83.035,34,0,2265,12481
2,int8_idle_pre,3.7097008787095547,1783793786.7286954,83.035,34,0,2265,12481
2,int8_idle_pre,3.8099208548665047,1783793786.828916,83.035,34,0,2265,12481
2,int8_idle_pre,3.9101331029087305,1783793786.929129,83.035,34,0,2265,12481
2,int8_idle_pre,4.010440491139889,1783793787.0294363,83.035,34,0,2265,12481
2,int8_idle_pre,4.110667586326599,1783793787.129666,83.041,34,0,2265,12481
2,int8_idle_pre,4.210898043587804,1783793787.2298946,83.041,34,0,2265,12481
2,int8_idle_pre,4.31112409196794,1783793787.3301198,83.041,34,0,2265,12481
2,int8_idle_pre,4.411417519673705,1783793787.430412,83.041,34,0,2265,12481
2,int8_idle_pre,4.511678839102387,1783793787.5306938,83.041,34,0,2265,12481
2,int8_idle_pre,4.611986611038446,1783793787.63098,83.041,34,0,2265,12481
2,int8_idle_pre,4.712217416614294,1783793787.7312117,83.041,34,0,2265,12481
2,int8_idle_pre,4.812568448483944,1783793787.8315625,83.041,34,0,2265,12481
2,int8_idle_pre,4.912786576896906,1783793787.9317803,83.041,34,0,2265,12481
2,int8_idle_pre,5.013007130473852,1783793788.0320017,83.041,34,0,2265,12481
2,int8_idle_pre,5.11323107033968,1783793788.1322255,83.064,34,0,2257,12481
2,int8_idle_pre,5.2134506199508905,1783793788.2324445,83.064,34,0,2257,12481
2,int8_idle_pre,5.313703263178468,1783793788.3326972,83.064,34,0,2257,12481
2,int8_idle_pre,5.41400445997715,1783793788.4329987,83.064,34,0,2257,12481
2,int8_idle_pre,5.514253718778491,1783793788.5332475,83.064,34,0,2257,12481
2,int8_idle_pre,5.614564606919885,1783793788.6335585,83.064,34,0,2257,12481
2,int8_idle_pre,5.7148040272295475,1783793788.7337978,83.064,34,0,2257,12481
2,int8_idle_pre,5.815042829141021,1783793788.8340373,83.064,34,0,2257,12481
2,int8_idle_pre,5.915267081931233,1783793788.934263,83.064,34,0,2257,12481
2,int8_idle_pre,6.015503820031881,1783793789.0344977,83.064,34,0,2257,12481
2,int8_idle_pre,6.115743858739734,1783793789.1347377,83.065,34,0,2257,12481
2,int8_idle_pre,6.216042559593916,1783793789.2350366,83.065,34,0,2257,12481
2,int8_idle_pre,6.3162679467350245,1783793789.3352613,83.065,34,0,2257,12481
2,int8_idle_pre,6.416479362174869,1783793789.4354732,83.065,34,0,2257,12481
2,int8_idle_pre,6.516701087355614,1783793789.535695,83.065,34,0,2257,12481
2,int8_idle_pre,6.616919396445155,1783793789.6359134,83.065,34,0,2257,12481
2,int8_idle_pre,6.7171382289379835,1783793789.7361326,83.065,34,0,2257,12481
2,int8_idle_pre,6.8173569943755865,1783793789.8363507,83.065,34,0,2257,12481
2,int8_idle_pre,6.917583780363202,1783793789.9365778,83.065,34,0,2257,12481
2,int8_idle_pre,7.017805002629757,1783793790.0368,83.065,34,0,2257,12481
2,int8_idle_pre,7.118030471727252,1783793790.137028,83.041,34,0,2265,12481
2,int8_idle_pre,7.218256710097194,1783793790.237251,83.041,34,0,2265,12481
2,int8_idle_pre,7.318541428074241,1783793790.3375354,83.041,34,0,2265,12481
2,int8_idle_pre,7.418792651966214,1783793790.4377863,83.041,34,0,2265,12481
2,int8_idle_pre,7.519008779898286,1783793790.5380027,83.041,34,0,2265,12481
2,int8_idle_pre,7.619259513914585,1783793790.6382532,83.041,34,0,2265,12481
2,int8_idle_pre,7.719488000497222,1783793790.7384818,83.041,34,0,2265,12481
2,int8_idle_pre,7.819744519889355,1783793790.8387382,83.041,34,0,2265,12481
2,int8_idle_pre,7.920171862468123,1783793790.939166,83.041,34,0,2265,12481
2,int8_idle_pre,8.020412502810359,1783793791.0394082,83.041,34,0,2265,12481
2,int8_idle_pre,8.120636222884059,1783793791.1396298,83.041,34,0,2265,12481
2,int8_idle_pre,8.220910830423236,1783793791.2399044,83.041,34,0,2265,12481
2,int8_idle_pre,8.32113010250032,1783793791.3401241,83.041,34,0,2265,12481
2,int8_idle_pre,8.421398749575019,1783793791.4403927,83.041,34,0,2265,12481
2,int8_idle_pre,8.521669495850801,1783793791.5406632,83.041,34,0,2265,12481
2,int8_idle_pre,8.62196921557188,1783793791.6409633,83.041,34,0,2265,12481
2,int8_idle_pre,8.7222391795367,1783793791.741233,83.041,34,0,2265,12481
2,int8_idle_pre,8.822456562891603,1783793791.8414505,83.041,34,0,2265,12481
2,int8_idle_pre,8.922729333862662,1783793791.941723,83.041,34,0,2265,12481
2,int8_idle_pre,9.02309157513082,1783793792.0420856,83.041,34,0,2265,12481
2,int8_idle_pre,9.123312208801508,1783793792.142306,83.041,34,0,2265,12481
2,int8_idle_pre,9.22360117919743,1783793792.242595,83.041,34,0,2265,12481
2,int8_idle_pre,9.323829840868711,1783793792.342824,83.041,34,0,2265,12481
2,int8_idle_pre,9.424048863351345,1783793792.443044,83.041,34,0,2265,12481
2,int8_idle_pre,9.524269735440612,1783793792.5432637,83.041,34,0,2265,12481
2,int8_idle_pre,9.624528024345636,1783793792.6435218,83.041,34,0,2265,12481
2,int8_idle_pre,9.724747655913234,1783793792.7437418,83.041,34,0,2265,12481
2,int8_idle_pre,9.824985256418586,1783793792.8439796,83.041,34,0,2265,12481
2,int8_idle_pre,9.925203589722514,1783793792.9441981,83.041,34,0,2265,12481
2,int8_active,0.0003960411995649338,1783793793.020548,83.041,34,0,2265,12481
2,int8_active,0.10061620734632015,1783793793.1207697,83.041,34,0,2257,12481
2,int8_active,0.20091278851032257,1783793793.2210655,92.384,36,0,2257,12481
2,int8_active,0.30113255232572556,1783793793.3212912,101.056,37,94,2257,12481
2,int8_active,0.40141337737441063,1783793793.4215667,108.511,37,94,2257,12481
2,int8_active,0.5016343332827091,1783793793.521788,114.272,37,94,2257,12481
2,int8_active,0.6018609125167131,1783793793.6220138,119.861,37,94,2257,12481
2,int8_active,0.7021604478359222,1783793793.7223132,124.404,38,94,2257,12481
2,int8_active,0.8023792561143637,1783793793.8225324,128.559,38,94,2257,12481
2,int8_active,0.902671180665493,1783793793.9228241,132.491,38,94,2257,12481
2,int8_active,1.0029923971742392,1783793794.0231452,135.465,38,94,2257,12481
2,int8_active,1.103251239284873,1783793794.123404,138.666,38,94,2257,12481
2,int8_active,1.203510582447052,1783793794.223663,194.485,38,94,2257,12481
2,int8_active,1.3037290498614311,1783793794.323882,195.142,38,94,2257,12481
2,int8_active,1.4039474446326494,1783793794.4241002,195.528,38,94,2257,12481
2,int8_active,1.5042595751583576,1783793794.5244124,195.034,38,94,2257,12481
2,int8_active,1.6044796984642744,1783793794.6246321,195.459,38,94,2257,12481
2,int8_active,1.704697685316205,1783793794.7248507,195.803,38,93,2257,12481
2,int8_active,1.8049580324441195,1783793794.8251112,195.197,38,93,2257,12481
2,int8_active,1.905175980180502,1783793794.9253287,195.064,38,94,2257,12481
2,int8_active,2.005437845364213,1783793795.0255916,196.301,38,94,2257,12481
2,int8_active,2.10577174089849,1783793795.12593,195.657,38,93,2257,12481
2,int8_active,2.2060027066618204,1783793795.2261565,196.111,38,93,2257,12481
2,int8_active,2.306222580373287,1783793795.3264174,196.141,38,94,2257,12481
2,int8_active,2.406493917107582,1783793795.4266467,195.328,38,94,2257,12481
2,int8_active,2.5068249441683292,1783793795.526978,195.879,39,94,2257,12481
2,int8_active,2.6070546377450228,1783793795.6272075,196.238,39,94,2257,12481
2,int8_active,2.707260424271226,1783793795.7274132,196.165,39,94,2257,12481
2,int8_active,2.8074590917676687,1783793795.8276112,196.385,39,94,2257,12481
2,int8_active,2.9077003318816423,1783793795.9278536,196.518,39,94,2257,12481
2,int8_active,3.007916720584035,1783793796.02807,195.982,39,94,2257,12481
2,int8_active,3.108134564012289,1783793796.1282897,196.697,39,94,2257,12481
2,int8_active,3.208453981205821,1783793796.2286086,195.679,39,94,2257,12481
2,int8_active,3.308682344853878,1783793796.3288357,196.022,39,94,2257,12481
2,int8_active,3.408903518691659,1783793796.4290564,196.964,39,94,2257,12481
2,int8_active,3.5091320853680372,1783793796.5292852,196.505,39,94,2257,12481
2,int8_active,3.609357237815857,1783793796.629515,196.494,39,94,2257,12481
2,int8_active,3.7096468210220337,1783793796.7298017,196.357,39,94,2257,12481
2,int8_active,3.809869660064578,1783793796.8300242,196.637,39,94,2257,12481
2,int8_active,3.9100894797593355,1783793796.9302454,196.951,39,94,2257,12481
2,int8_idle_post,0.0003016255795955658,1783793796.9925973,196.549,39,94,2257,12481
2,int8_idle_post,0.10060378909111023,1783793797.092855,196.946,39,94,2257,12481
2,int8_idle_post,0.20084932073950768,1783793797.1931012,186.172,37,94,2257,12481
2,int8_idle_post,0.30107529275119305,1783793797.2933247,176.982,36,0,2257,12481
2,int8_idle_post,0.40129646100103855,1783793797.3935456,163.368,36,0,2265,12481
2,int8_idle_post,0.5015586577355862,1783793797.4938092,152.632,36,0,2265,12481
2,int8_idle_post,0.6017912738025188,1783793797.5940409,140.941,35,0,2257,12481
2,int8_idle_post,0.7020104322582483,1783793797.6942596,130.264,35,0,2257,12481
2,int8_idle_post,0.8022223301231861,1783793797.7944713,118.825,35,0,2257,12481
2,int8_idle_post,0.9024343676865101,1783793797.894759,115.704,35,0,2265,12481
2,int8_idle_post,1.0027204118669033,1783793797.9949696,105.36,35,0,2265,12481
2,int8_idle_post,1.102938387542963,1783793798.0951874,84.861,35,0,2265,12481
2,int8_idle_post,1.2031510528177023,1783793798.1953998,84.861,35,0,2265,12481
2,int8_idle_post,1.3034030869603157,1783793798.295653,84.861,35,0,2265,12481
2,int8_idle_post,1.403620345517993,1783793798.3958697,84.861,35,0,2265,12481
2,int8_idle_post,1.503922725096345,1783793798.496172,84.861,35,0,2265,12481
2,int8_idle_post,1.6041433718055487,1783793798.5963929,84.861,35,0,2265,12481
2,int8_idle_post,1.7043983209878206,1783793798.6966476,84.861,35,0,2265,12481
2,int8_idle_post,1.8046136423945427,1783793798.796863,84.861,35,0,2265,12481
2,int8_idle_post,1.9048296380788088,1783793798.8970792,84.861,35,0,2265,12481
2,int8_idle_post,2.0050954651087523,1783793798.9973447,84.861,35,0,2265,12481
2,int8_idle_post,2.1053048819303513,1783793799.097554,83.571,35,0,2265,12481
2,int8_idle_post,2.205584207549691,1783793799.197834,83.571,35,0,2265,12481
2,int8_idle_post,2.305774597451091,1783793799.2980227,83.571,35,0,2265,12481
2,int8_idle_post,2.405995912849903,1783793799.398246,83.571,35,0,2265,12481
2,int8_idle_post,2.5062343664467335,1783793799.4984837,83.571,35,0,2265,12481
2,int8_idle_post,2.6064541414380074,1783793799.5987234,83.571,35,0,2265,12481
2,int8_idle_post,2.7067454624921083,1783793799.6989949,83.571,35,0,2265,12481
2,int8_idle_post,2.8070858772844076,1783793799.7993367,83.571,35,0,2265,12481
2,int8_idle_post,2.907296469435096,1783793799.8995469,83.571,35,0,2265,12481
2,int8_idle_post,3.007517172023654,1783793799.9997685,83.571,35,0,2265,12481
2,int8_idle_post,3.107746610417962,1783793800.1000016,83.527,35,0,2265,12481
2,int8_idle_post,3.2079816460609436,1783793800.2002354,83.527,35,0,2265,12481
2,int8_idle_post,3.3084147330373526,1783793800.3006651,83.527,35,0,2265,12481
2,int8_idle_post,3.4086348209530115,1783793800.4008844,83.527,35,0,2265,12481
2,int8_idle_post,3.5088942274451256,1783793800.5011454,83.527,35,0,2265,12481
2,int8_idle_post,3.6091143283993006,1783793800.6013644,83.527,35,0,2265,12481
2,int8_idle_post,3.7094242610037327,1783793800.7016747,83.527,35,0,2265,12481
2,int8_idle_post,3.809643706306815,1783793800.8018937,83.527,35,0,2265,12481
2,int8_idle_post,3.9098925832659006,1783793800.902127,83.527,35,0,2265,12481
2,int8_idle_post,4.010086517781019,1783793801.0023246,83.527,35,0,2265,12481
2,int8_idle_post,4.110279448330402,1783793801.1025305,83.308,35,0,2257,12481
2,int8_idle_post,4.210513489320874,1783793801.2027643,83.308,35,0,2257,12481
2,int8_idle_post,4.310728019103408,1783793801.3029869,83.308,35,0,2257,12481
2,int8_idle_post,4.410956060513854,1783793801.40321,83.308,35,0,2257,12481
2,int8_idle_post,4.511165061965585,1783793801.5034118,83.308,35,0,2257,12481
2,int8_idle_post,4.611358981579542,1783793801.6036112,83.308,35,0,2257,12481
2,int8_idle_post,4.7115557808429,1783793801.7037966,83.308,35,0,2257,12481
2,int8_idle_post,4.811740467324853,1783793801.803991,83.308,35,0,2257,12481
2,int8_idle_post,4.912092875689268,1783793801.9043455,83.308,35,0,2257,12481
2,int8_idle_post,5.012350710108876,1783793802.0045962,83.308,35,0,2257,12481
2,int8_idle_post,5.112670535221696,1783793802.104911,83.308,35,0,2265,12481
2,int8_idle_post,5.212854562327266,1783793802.205106,83.308,35,0,2265,12481
2,int8_idle_post,5.313119472935796,1783793802.3053694,83.308,35,0,2265,12481
2,int8_idle_post,5.413420561701059,1783793802.4056706,83.308,35,0,2265,12481
2,int8_idle_post,5.513692501932383,1783793802.5059407,83.308,35,0,2265,12481
2,int8_idle_post,5.613902384415269,1783793802.6061542,83.308,35,0,2265,12481
2,int8_idle_post,5.714138718321919,1783793802.7063894,83.308,35,0,2265,12481
2,int8_idle_post,5.8143471740186214,1783793802.806591,83.308,35,0,2265,12481
2,int8_idle_post,5.914516780525446,1783793802.9067502,83.308,35,0,2265,12481
2,int8_idle_post,6.014665964990854,1783793803.0069177,83.308,35,0,2265,12481
2,int8_idle_post,6.114869553595781,1783793803.107113,83.041,34,0,2272,12481
2,int8_idle_post,6.215051773935556,1783793803.2073028,83.041,34,0,2272,12481
2,int8_idle_post,6.315373180434108,1783793803.307623,83.041,34,0,2272,12481
2,int8_idle_post,6.415591506287456,1783793803.4078412,83.041,34,0,2272,12481
2,int8_idle_post,6.515812814235687,1783793803.508063,83.041,34,0,2272,12481
2,int8_idle_post,6.616010807454586,1783793803.6082525,83.041,34,0,2272,12481
2,int8_idle_post,6.716267744079232,1783793803.708504,83.041,34,0,2272,12481
2,int8_idle_post,6.816435066983104,1783793803.8086846,83.041,34,0,2272,12481
2,int8_idle_post,6.916682360693812,1783793803.9089327,83.041,34,0,2272,12481
2,int8_idle_post,7.016900451853871,1783793804.0091498,83.041,34,0,2272,12481
2,int8_idle_post,7.117117613554001,1783793804.1093674,83.041,34,0,2272,12481
2,int8_idle_post,7.217369453981519,1783793804.2096195,83.041,34,0,2272,12481
2,int8_idle_post,7.317587189376354,1783793804.3098373,83.041,34,0,2272,12481
2,int8_idle_post,7.4178265780210495,1783793804.410076,83.041,34,0,2272,12481
2,int8_idle_post,7.51804319396615,1783793804.5102928,83.041,34,0,2272,12481
2,int8_idle_post,7.61827826872468,1783793804.6105282,83.041,34,0,2272,12481
2,int8_idle_post,7.718555614352226,1783793804.7107906,83.041,34,0,2272,12481
2,int8_idle_post,7.818711869418621,1783793804.8109617,83.041,34,0,2272,12481
2,int8_idle_post,7.918920209631324,1783793804.9111698,83.041,34,0,2272,12481
2,int8_idle_post,8.019128507003188,1783793805.0113788,83.041,34,0,2272,12481
2,int8_idle_post,8.119346721097827,1783793805.111598,83.041,34,0,2265,12481
2,int8_idle_post,8.219572078436613,1783793805.211824,83.041,34,0,2265,12481
2,int8_idle_post,8.319769440218806,1783793805.312018,83.041,34,0,2265,12481
2,int8_idle_post,8.420076685026288,1783793805.4123263,83.041,34,0,2265,12481
2,int8_idle_post,8.520297322422266,1783793805.5125468,83.041,34,0,2265,12481
2,int8_idle_post,8.620667336508632,1783793805.6129172,83.041,34,0,2265,12481
2,int8_idle_post,8.720886290073395,1783793805.7131352,83.041,34,0,2265,12481
2,int8_idle_post,8.821137323975563,1783793805.8133879,83.041,34,0,2265,12481
2,int8_idle_post,8.921358017250896,1783793805.9136076,83.041,34,0,2265,12481
2,int8_idle_post,9.021574821323156,1783793806.0138245,83.041,34,0,2265,12481
2,int8_idle_post,9.121845502406359,1783793806.1140966,83.041,34,0,2272,12481
2,int8_idle_post,9.22206548973918,1783793806.2143154,83.041,34,0,2272,12481
2,int8_idle_post,9.322373798117042,1783793806.3146236,83.041,34,0,2272,12481
2,int8_idle_post,9.42260361649096,1783793806.4148507,83.041,34,0,2272,12481
2,int8_idle_post,9.522825432941318,1783793806.5150743,83.041,34,0,2272,12481
2,int8_idle_post,9.623030561953783,1783793806.6152802,83.041,34,0,2272,12481
2,int8_idle_post,9.723237361758947,1783793806.715487,83.041,34,0,2272,12481
2,int8_idle_post,9.823510156944394,1783793806.81576,83.041,34,0,2272,12481
2,int8_idle_post,9.923728944733739,1783793806.9159782,83.041,34,0,2272,12481
3,fp32_idle_pre,0.000294635072350502,1783793807.0018542,83.041,34,0,2272,12481
3,fp32_idle_pre,0.10052262060344219,1783793807.1020846,83.041,34,0,2272,12481
3,fp32_idle_pre,0.2008033860474825,1783793807.2023656,83.041,34,0,2272,12481
3,fp32_idle_pre,0.3011380173265934,1783793807.3027306,83.041,34,0,2272,12481
3,fp32_idle_pre,0.40139167197048664,1783793807.4029593,83.041,34,0,2272,12481
3,fp32_idle_pre,0.5016991253942251,1783793807.5032651,83.041,34,0,2272,12481
3,fp32_idle_pre,0.6019289363175631,1783793807.6034908,83.041,34,0,2272,12481
3,fp32_idle_pre,0.7022127769887447,1783793807.703776,83.041,34,0,2272,12481
3,fp32_idle_pre,0.8024317529052496,1783793807.8039944,83.041,34,0,2272,12481
3,fp32_idle_pre,0.9026546124368906,1783793807.9042175,83.041,34,0,2272,12481
3,fp32_idle_pre,1.0028793849050999,1783793808.0044425,83.041,34,0,2272,12481
3,fp32_idle_pre,1.1030992232263088,1783793808.1046634,83.041,34,0,2272,12481
3,fp32_idle_pre,1.2033226266503334,1783793808.2048857,83.041,34,0,2272,12481
3,fp32_idle_pre,1.3035650588572025,1783793808.3051271,83.041,34,0,2272,12481
3,fp32_idle_pre,1.403788611292839,1783793808.405351,83.041,34,0,2272,12481
3,fp32_idle_pre,1.504006288945675,1783793808.5055685,83.041,34,0,2272,12481
3,fp32_idle_pre,1.6042225193232298,1783793808.6057847,83.041,34,0,2272,12481
3,fp32_idle_pre,1.704527048394084,1783793808.706089,83.041,34,0,2272,12481
3,fp32_idle_pre,1.8047597724944353,1783793808.8063223,83.041,34,0,2272,12481
3,fp32_idle_pre,1.9049837160855532,1783793808.9065456,83.041,34,0,2272,12481
3,fp32_idle_pre,2.0052142050117254,1783793809.0067759,83.041,34,0,2272,12481
3,fp32_idle_pre,2.105659669265151,1783793809.1072226,83.041,34,0,2265,12481
3,fp32_idle_pre,2.2058699280023575,1783793809.2074323,83.041,34,0,2265,12481
3,fp32_idle_pre,2.3061082027852535,1783793809.3076699,83.041,34,0,2265,12481
3,fp32_idle_pre,2.4063148610293865,1783793809.4078774,83.041,34,0,2265,12481
3,fp32_idle_pre,2.5065373200923204,1783793809.508105,83.041,34,0,2265,12481
3,fp32_idle_pre,2.606768310070038,1783793809.6083307,83.041,34,0,2265,12481
3,fp32_idle_pre,2.706979736685753,1783793809.7085392,83.041,34,0,2265,12481
3,fp32_idle_pre,2.80718987993896,1783793809.808752,83.041,34,0,2265,12481
3,fp32_idle_pre,2.907412577420473,1783793809.9089763,83.041,34,0,2265,12481
3,fp32_idle_pre,3.007671942934394,1783793810.0092342,83.041,34,0,2265,12481
3,fp32_idle_pre,3.1078841891139746,1783793810.1094434,83.041,34,0,2272,12481
3,fp32_idle_pre,3.2080896757543087,1783793810.2096522,83.041,34,0,2272,12481
3,fp32_idle_pre,3.308312349021435,1783793810.3098745,83.041,34,0,2272,12481
3,fp32_idle_pre,3.4085653126239777,1783793810.4101264,83.041,34,0,2272,12481
3,fp32_idle_pre,3.508786940947175,1783793810.5103493,83.041,34,0,2272,12481
3,fp32_idle_pre,3.609035348519683,1783793810.6105978,83.041,34,0,2272,12481
3,fp32_idle_pre,3.7092134803533554,1783793810.7107756,83.041,34,0,2272,12481
3,fp32_idle_pre,3.8094779644161463,1783793810.8110402,83.041,34,0,2272,12481
3,fp32_idle_pre,3.909688076004386,1783793810.91125,83.041,34,0,2272,12481
3,fp32_idle_pre,4.009869398549199,1783793811.0114138,83.041,34,0,2272,12481
3,fp32_idle_pre,4.110067762434483,1783793811.11163,83.041,34,0,2265,12481
3,fp32_idle_pre,4.210358796641231,1783793811.2119212,83.041,34,0,2265,12481
3,fp32_idle_pre,4.310578051954508,1783793811.3121402,83.041,34,0,2265,12481
3,fp32_idle_pre,4.4107789769768715,1783793811.412339,83.041,34,0,2265,12481
3,fp32_idle_pre,4.511057188734412,1783793811.51262,83.041,34,0,2265,12481
3,fp32_idle_pre,4.611280381679535,1783793811.6128473,83.041,34,0,2265,12481
3,fp32_idle_pre,4.711493607610464,1783793811.7130477,83.041,34,0,2265,12481
3,fp32_idle_pre,4.811814945191145,1783793811.8133774,83.041,34,0,2265,12481
3,fp32_idle_pre,4.912034071981907,1783793811.9135966,83.041,34,0,2265,12481
3,fp32_idle_pre,5.012314507737756,1783793812.0138772,83.041,34,0,2265,12481
3,fp32_idle_pre,5.112533949315548,1783793812.1140969,83.041,34,0,2272,12481
3,fp32_idle_pre,5.212864760309458,1783793812.2144272,83.041,34,0,2272,12481
3,fp32_idle_pre,5.313081685453653,1783793812.3146443,83.041,34,0,2272,12481
3,fp32_idle_pre,5.413338139653206,1783793812.4149005,83.041,34,0,2272,12481
3,fp32_idle_pre,5.51356621645391,1783793812.5151284,83.041,34,0,2272,12481
3,fp32_idle_pre,5.6137707605957985,1783793812.6153328,83.041,34,0,2272,12481
3,fp32_idle_pre,5.713990032672882,1783793812.7155528,83.041,34,0,2272,12481
3,fp32_idle_pre,5.814300090074539,1783793812.8158617,83.041,34,0,2272,12481
3,fp32_idle_pre,5.914516746997833,1783793812.9160788,83.041,34,0,2272,12481
3,fp32_idle_pre,6.014751212671399,1783793813.0163133,83.041,34,0,2272,12481
3,fp32_idle_pre,6.114968832582235,1783793813.1165311,83.041,34,0,2272,12481
3,fp32_idle_pre,6.215213663876057,1783793813.2167618,83.041,34,0,2272,12481
3,fp32_idle_pre,6.315375745296478,1783793813.316938,83.041,34,0,2272,12481
3,fp32_idle_pre,6.4156137723475695,1783793813.417176,83.041,34,0,2272,12481
3,fp32_idle_pre,6.51583356782794,1783793813.517396,83.041,34,0,2272,12481
3,fp32_idle_pre,6.616052284836769,1783793813.6176145,83.041,34,0,2272,12481
3,fp32_idle_pre,6.7162474524229765,1783793813.717802,83.041,34,0,2272,12481
3,fp32_idle_pre,6.816432196646929,1783793813.8179944,83.041,34,0,2272,12481
3,fp32_idle_pre,6.916650049388409,1783793813.9182122,83.041,34,0,2272,12481
3,fp32_idle_pre,7.016866052523255,1783793814.018428,83.041,34,0,2272,12481
3,fp32_idle_pre,7.117083922028542,1783793814.118646,83.041,34,0,2272,12481
3,fp32_idle_pre,7.217316072434187,1783793814.218878,83.041,34,0,2272,12481
3,fp32_idle_pre,7.317518476396799,1783793814.3190806,83.041,34,0,2272,12481
3,fp32_idle_pre,7.4177271053195,1783793814.419289,83.041,34,0,2272,12481
3,fp32_idle_pre,7.517929280176759,1783793814.5194895,83.041,34,0,2272,12481
3,fp32_idle_pre,7.618158310651779,1783793814.6197207,83.041,34,0,2272,12481
3,fp32_idle_pre,7.718377215787768,1783793814.7199395,83.041,34,0,2272,12481
3,fp32_idle_pre,7.818614698946476,1783793814.8201766,83.041,34,0,2272,12481
3,fp32_idle_pre,7.918928964063525,1783793814.9204926,83.041,34,0,2272,12481
3,fp32_idle_pre,8.019208123907447,1783793815.020771,83.041,34,0,2272,12481
3,fp32_idle_pre,8.119430726394057,1783793815.1209977,83.041,34,0,2265,12481
3,fp32_idle_pre,8.21967470832169,1783793815.2212327,83.041,34,0,2265,12481
3,fp32_idle_pre,8.319853456690907,1783793815.3214097,83.041,34,0,2265,12481
3,fp32_idle_pre,8.420039201155305,1783793815.4216044,83.041,34,0,2265,12481
3,fp32_idle_pre,8.520264672115445,1783793815.5218291,83.041,34,0,2265,12481
3,fp32_idle_pre,8.620593970641494,1783793815.6221614,83.041,34,0,2265,12481
3,fp32_idle_pre,8.720811445266008,1783793815.7223785,83.041,34,0,2265,12481
3,fp32_idle_pre,8.82104654610157,1783793815.8226135,83.041,34,0,2265,12481
3,fp32_idle_pre,8.92128106765449,1783793815.9228444,83.041,34,0,2265,12481
3,fp32_idle_pre,9.021495591849089,1783793816.0230615,83.041,34,0,2265,12481
3,fp32_idle_pre,9.121729303151369,1783793816.123294,82.554,34,0,2272,12481
3,fp32_idle_pre,9.221944447606802,1783793816.2235081,82.554,34,0,2272,12481
3,fp32_idle_pre,9.322170794010162,1783793816.3237367,82.554,34,0,2272,12481
3,fp32_idle_pre,9.422382049262524,1783793816.4239476,82.554,34,0,2272,12481
3,fp32_idle_pre,9.522744555026293,1783793816.5243082,82.554,34,0,2272,12481
3,fp32_idle_pre,9.622969828546047,1783793816.6245377,82.554,34,0,2272,12481
3,fp32_idle_pre,9.723224893212318,1783793816.7247884,82.554,34,0,2272,12481
3,fp32_idle_pre,9.823450708761811,1783793816.8250163,82.554,34,0,2272,12481
3,fp32_idle_pre,9.923772243782878,1783793816.9253402,82.554,34,0,2272,12481
3,fp32_active,0.00040472298860549927,1783793817.0030432,82.554,34,0,2272,12481
3,fp32_active,0.1006090585142374,1783793817.1032507,82.554,34,0,2265,12481
3,fp32_active,0.20081480219960213,1783793817.2034593,105.263,38,0,2265,12481
3,fp32_active,0.3010785263031721,1783793817.30372,119.205,40,94,2265,12481
3,fp32_active,0.4013049490749836,1783793817.403951,133.55,40,94,2242,12481
3,fp32_active,0.5015986394137144,1783793817.5042443,148.045,40,94,2242,12481
3,fp32_active,0.6018336657434702,1783793817.6044781,156.627,41,94,2242,12481
3,fp32_active,0.7020669989287853,1783793817.7047195,166.736,41,94,2242,12481
3,fp32_active,0.802362710237503,1783793817.8050117,174.404,41,94,2242,12481
3,fp32_active,0.9026652872562408,1783793817.9053144,181.188,41,94,2250,12481
3,fp32_active,1.0029053818434477,1783793818.0055497,188.375,41,94,2250,12481
3,fp32_active,1.1031391881406307,1783793818.1057866,304.272,41,94,2250,12481
3,fp32_active,1.2034226581454277,1783793818.206072,306.224,42,94,2250,12481
3,fp32_active,1.3037004619836807,1783793818.3063474,302.029,42,94,2250,12481
3,fp32_active,1.4039725475013256,1783793818.4066193,307.961,42,94,2250,12481
3,fp32_active,1.5042301435023546,1783793818.5068748,305.789,42,94,2250,12481
3,fp32_active,1.6045386902987957,1783793818.6071835,308.654,42,94,2250,12481
3,fp32_active,1.7048103846609592,1783793818.7074547,305.57,42,94,2250,12481
3,fp32_active,1.805040528997779,1783793818.807683,309.405,42,94,2250,12481
3,fp32_active,1.90530538931489,1783793818.9079463,307.167,42,94,2250,12481
3,fp32_active,2.0055234506726265,1783793819.0081642,310.036,42,94,2250,12481
3,fp32_active,2.105744546279311,1783793819.1083853,307.751,42,94,2250,12481
3,fp32_active,2.2059660386294127,1783793819.208608,308.261,42,94,2250,12481
3,fp32_active,2.3061967249959707,1783793819.3088374,307.961,42,94,2250,12481
3,fp32_active,2.4064508993178606,1783793819.4090912,306.134,43,94,2250,12481
3,fp32_active,2.506673149764538,1783793819.5093138,307.229,43,94,2250,12481
3,fp32_active,2.6069005634635687,1783793819.609543,307.933,43,94,2250,12481
3,fp32_active,2.707125322893262,1783793819.7097664,309.942,43,94,2250,12481
3,fp32_active,2.807346750050783,1783793819.8099875,307.715,43,94,2250,12481
3,fp32_active,2.907560434192419,1783793819.9102113,307.941,43,94,2250,12481
3,fp32_active,3.0077684577554464,1783793820.0104089,308.053,43,94,2250,12481
3,fp32_active,3.1079660579562187,1783793820.1106057,311.048,43,94,2250,12481
3,fp32_active,3.20817543938756,1783793820.210815,308.592,43,94,2250,12481
3,fp32_active,3.3083916902542114,1783793820.311032,312.95,43,94,2250,12481
3,fp32_active,3.4085878394544125,1783793820.4112284,311.608,43,94,2250,12481
3,fp32_active,3.508809193968773,1783793820.5114527,312.435,43,94,2250,12481
3,fp32_active,3.6090107858181,1783793820.6116514,311.716,43,94,2250,12481
3,fp32_active,3.7092265188694,1783793820.7118678,313.463,43,94,2250,12481
3,fp32_active,3.809446496888995,1783793820.8120873,310.998,43,94,2250,12481
3,fp32_active,3.9096366465091705,1783793820.9122643,310.292,43,94,2250,12481
3,fp32_active,4.009783102199435,1783793821.0124202,307.925,43,94,2250,12481
3,fp32_active,4.109981695190072,1783793821.1126196,308.906,43,94,2250,12481
3,fp32_active,4.210194582119584,1783793821.2128353,309.042,43,94,2250,12481
3,fp32_active,4.310391262173653,1783793821.3130314,311.888,43,94,2250,12481
3,fp32_idle_post,0.00030556507408618927,1783793821.3933337,306.592,44,94,2250,12481
3,fp32_idle_post,0.10060008428990841,1783793821.4935813,309.061,44,94,2250,12481
3,fp32_idle_post,0.20082098245620728,1783793821.5938022,289.531,39,94,2257,12481
3,fp32_idle_post,0.301041916012764,1783793821.694023,265.277,38,0,2257,12481
3,fp32_idle_post,0.4012623690068722,1783793821.7942433,249.082,38,0,2257,12481
3,fp32_idle_post,0.5014829505234957,1783793821.8944647,231.037,37,0,2265,12481
3,fp32_idle_post,0.6017638240009546,1783793821.994745,201.224,37,0,2265,12481
3,fp32_idle_post,0.7019868325442076,1783793822.0949676,190.653,37,0,2265,12481
3,fp32_idle_post,0.802212605252862,1783793822.1951938,168.42,37,0,2265,12481
3,fp32_idle_post,0.902434466406703,1783793822.2954154,131.191,37,0,2265,12481
3,fp32_idle_post,1.0026545077562332,1783793822.395636,111.319,37,0,2265,12481
3,fp32_idle_post,1.1028751395642757,1783793822.4958563,86.088,37,0,2265,12481
3,fp32_idle_post,1.2030968647450209,1783793822.5960784,86.088,37,0,2265,12481
3,fp32_idle_post,1.3033170141279697,1783793822.696298,86.088,37,0,2265,12481
3,fp32_idle_post,1.4035361483693123,1783793822.7965174,86.088,37,0,2265,12481
3,fp32_idle_post,1.503757068887353,1783793822.896738,86.088,37,0,2265,12481
3,fp32_idle_post,1.6039772685617208,1783793822.9969585,86.088,37,0,2265,12481
3,fp32_idle_post,1.7041960638016462,1783793823.0971768,86.088,37,0,2265,12481
3,fp32_idle_post,1.8044123966246843,1783793823.197394,86.088,37,0,2265,12481
3,fp32_idle_post,1.9046337120234966,1783793823.2976146,86.088,37,0,2265,12481
3,fp32_idle_post,2.0048885326832533,1783793823.3978693,86.088,37,0,2265,12481
3,fp32_idle_post,2.1051203925162554,1783793823.4981024,84.102,36,0,2257,12481
3,fp32_idle_post,2.2053988240659237,1783793823.59838,84.102,36,0,2257,12481
3,fp32_idle_post,2.305628187954426,1783793823.6986086,84.102,36,0,2257,12481
3,fp32_idle_post,2.405980624258518,1783793823.7989616,84.102,36,0,2257,12481
3,fp32_idle_post,2.5062286853790283,1783793823.8992095,84.102,36,0,2257,12481
3,fp32_idle_post,2.606549896299839,1783793823.9995306,84.102,36,0,2257,12481
3,fp32_idle_post,2.7068008445203304,1783793824.099782,84.102,36,0,2257,12481
3,fp32_idle_post,2.8070208970457315,1783793824.2000015,84.102,36,0,2257,12481
3,fp32_idle_post,2.907241553068161,1783793824.3002224,84.102,36,0,2257,12481
3,fp32_idle_post,3.007517645135522,1783793824.4004986,84.102,36,0,2257,12481
3,fp32_idle_post,3.1077699288725853,1783793824.5007539,84.014,36,0,2265,12481
3,fp32_idle_post,3.208029020577669,1783793824.6010103,84.014,36,0,2265,12481
3,fp32_idle_post,3.3082527443766594,1783793824.7012339,84.014,36,0,2265,12481
3,fp32_idle_post,3.4084738735109568,1783793824.801455,84.014,36,0,2265,12481
3,fp32_idle_post,3.508744331076741,1783793824.9017255,84.014,36,0,2265,12481
3,fp32_idle_post,3.608964864164591,1783793825.0019462,84.014,36,0,2265,12481
3,fp32_idle_post,3.7091878093779087,1783793825.1021707,84.014,36,0,2265,12481
3,fp32_idle_post,3.809617703780532,1783793825.2025988,84.014,36,0,2265,12481
3,fp32_idle_post,3.909858424216509,1783793825.3028393,84.014,36,0,2265,12481
3,fp32_idle_post,4.010116985067725,1783793825.403098,84.014,36,0,2265,12481
3,fp32_idle_post,4.110354395583272,1783793825.5033355,84.014,36,0,2257,12481
3,fp32_idle_post,4.21057496778667,1783793825.6035562,84.014,36,0,2257,12481
3,fp32_idle_post,4.310823876410723,1783793825.703805,84.014,36,0,2257,12481
3,fp32_idle_post,4.41104344651103,1783793825.8040242,84.014,36,0,2257,12481
3,fp32_idle_post,4.511262517422438,1783793825.9042432,84.014,36,0,2257,12481
3,fp32_idle_post,4.611634124070406,1783793826.0046167,84.014,36,0,2257,12481
3,fp32_idle_post,4.711860936135054,1783793826.104842,84.014,36,0,2257,12481
3,fp32_idle_post,4.8120917193591595,1783793826.2050726,84.014,36,0,2257,12481
3,fp32_idle_post,4.912320064380765,1783793826.3053012,84.014,36,0,2257,12481
3,fp32_idle_post,5.012549392879009,1783793826.4055305,84.014,36,0,2257,12481
3,fp32_idle_post,5.1127684991806746,1783793826.5057492,83.773,35,0,2265,12481
3,fp32_idle_post,5.212987219914794,1783793826.6059692,83.773,35,0,2265,12481
3,fp32_idle_post,5.3132174629718065,1783793826.7062001,83.773,35,0,2265,12481
3,fp32_idle_post,5.413441335782409,1783793826.8064237,83.773,35,0,2265,12481
3,fp32_idle_post,5.513663500547409,1783793826.9066482,83.773,35,0,2265,12481
3,fp32_idle_post,5.613920712843537,1783793827.0069036,83.773,35,0,2265,12481
3,fp32_idle_post,5.7141469437628984,1783793827.1071281,83.773,35,0,2265,12481
3,fp32_idle_post,5.814368201419711,1783793827.2073488,83.773,35,0,2265,12481
3,fp32_idle_post,5.914588561281562,1783793827.3075697,83.773,35,0,2265,12481
3,fp32_idle_post,6.014810033142567,1783793827.4077914,83.773,35,0,2265,12481
3,fp32_idle_post,6.11506856046617,1783793827.5080495,83.527,35,0,2257,12481
3,fp32_idle_post,6.2152883894741535,1783793827.608269,83.527,35,0,2257,12481
3,fp32_idle_post,6.3155368734151125,1783793827.708518,83.527,35,0,2257,12481
3,fp32_idle_post,6.415757458657026,1783793827.8087385,83.527,35,0,2257,12481
3,fp32_idle_post,6.51597941853106,1783793827.9089606,83.527,35,0,2257,12481
3,fp32_idle_post,6.6162012703716755,1783793828.0091822,83.527,35,0,2257,12481
3,fp32_idle_post,6.71642036177218,1783793828.1094012,83.527,35,0,2257,12481
3,fp32_idle_post,6.816719805821776,1783793828.2097008,83.527,35,0,2257,12481
3,fp32_idle_post,6.917034896090627,1783793828.3100162,83.527,35,0,2257,12481
3,fp32_idle_post,7.017250273376703,1783793828.410232,83.527,35,0,2257,12481
3,fp32_idle_post,7.117471808567643,1783793828.5104527,83.527,35,0,2265,12481
3,fp32_idle_post,7.217692732810974,1783793828.6106932,83.527,35,0,2265,12481
3,fp32_idle_post,7.318022241815925,1783793828.711003,83.527,35,0,2265,12481
3,fp32_idle_post,7.41824203915894,1783793828.811223,83.527,35,0,2265,12481
3,fp32_idle_post,7.518463661894202,1783793828.9114447,83.527,35,0,2265,12481
3,fp32_idle_post,7.618691485375166,1783793829.0116725,83.527,35,0,2265,12481
3,fp32_idle_post,7.718914244323969,1783793829.1118956,83.527,35,0,2265,12481
3,fp32_idle_post,7.819139003753662,1783793829.2121232,83.527,35,0,2265,12481
3,fp32_idle_post,7.91937012039125,1783793829.3123531,83.527,35,0,2265,12481
3,fp32_idle_post,8.019597815349698,1783793829.4125795,83.527,35,0,2265,12481
3,fp32_idle_post,8.119821289554238,1783793829.512803,83.527,35,0,2265,12481
3,fp32_idle_post,8.220044616609812,1783793829.6130264,83.527,35,0,2265,12481
3,fp32_idle_post,8.320266168564558,1783793829.7132473,83.527,35,0,2265,12481
3,fp32_idle_post,8.420486835762858,1783793829.8134682,83.527,35,0,2265,12481
3,fp32_idle_post,8.520697444677353,1783793829.9136784,83.527,35,0,2265,12481
3,fp32_idle_post,8.62088580057025,1783793830.0138528,83.527,35,0,2265,12481
3,fp32_idle_post,8.721040962263942,1783793830.1140268,83.527,35,0,2265,12481
3,fp32_idle_post,8.82127239741385,1783793830.214254,83.527,35,0,2265,12481
3,fp32_idle_post,8.921494539827108,1783793830.3144755,83.527,35,0,2265,12481
3,fp32_idle_post,9.021714191883802,1783793830.4147127,83.527,35,0,2265,12481
3,fp32_idle_post,9.122001880779862,1783793830.514983,83.523,35,0,2265,12481
3,fp32_idle_post,9.222322313115,1783793830.6153033,83.523,35,0,2265,12481
3,fp32_idle_post,9.32255088351667,1783793830.7155318,83.523,35,0,2265,12481
3,fp32_idle_post,9.42277281358838,1783793830.815755,83.523,35,0,2265,12481
3,fp32_idle_post,9.523000784218311,1783793830.9159844,83.523,35,0,2265,12481
3,fp32_idle_post,9.62324290908873,1783793831.0162253,83.523,35,0,2265,12481
3,fp32_idle_post,9.723469598218799,1783793831.116451,83.523,35,0,2265,12481
3,fp32_idle_post,9.823794582858682,1783793831.2167768,83.523,35,0,2265,12481
3,fp32_idle_post,9.92405672930181,1783793831.317038,83.523,35,0,2265,12481
4,int8_idle_pre,0.0003067869693040848,1783793831.4021635,83.523,35,0,2265,12481
4,int8_idle_pre,0.10053152032196522,1783793831.502391,83.521,35,0,2257,12481
4,int8_idle_pre,0.20079508051276207,1783793831.6026547,83.521,35,0,2257,12481
4,int8_idle_pre,0.3011258840560913,1783793831.7029831,83.521,35,0,2257,12481
4,int8_idle_pre,0.4014071263372898,1783793831.8032665,83.521,35,0,2257,12481
4,int8_idle_pre,0.5016773361712694,1783793831.9035363,83.521,35,0,2257,12481
4,int8_idle_pre,0.6019359976053238,1783793832.0037923,83.521,35,0,2257,12481
4,int8_idle_pre,0.7022072374820709,1783793832.1040661,83.521,35,0,2257,12481
4,int8_idle_pre,0.8024360053241253,1783793832.2042928,83.521,35,0,2257,12481
4,int8_idle_pre,0.9026607312262058,1783793832.3045192,83.521,35,0,2257,12481
4,int8_idle_pre,1.0028879176825285,1783793832.4047482,83.521,35,0,2257,12481
4,int8_idle_pre,1.103118745610118,1783793832.5049767,83.278,35,0,2265,12481
4,int8_idle_pre,1.2034042831510305,1783793832.6052642,83.278,35,0,2265,12481
4,int8_idle_pre,1.3036361522972584,1783793832.7054985,83.278,35,0,2265,12481
4,int8_idle_pre,1.4039336740970612,1783793832.805793,83.278,35,0,2265,12481
4,int8_idle_pre,1.5041559282690287,1783793832.906015,83.278,35,0,2265,12481
4,int8_idle_pre,1.6044827867299318,1783793833.0063405,83.278,35,0,2265,12481
4,int8_idle_pre,1.704763300716877,1783793833.1066203,83.278,35,0,2265,12481
4,int8_idle_pre,1.8051162753254175,1783793833.2069745,83.278,35,0,2265,12481
4,int8_idle_pre,1.905375773087144,1783793833.3072362,83.278,35,0,2265,12481
4,int8_idle_pre,2.005657745525241,1783793833.4075189,83.278,35,0,2265,12481
4,int8_idle_pre,2.105893637984991,1783793833.5077512,83.041,35,0,2257,12481
4,int8_idle_pre,2.2061176411807537,1783793833.6079762,83.041,35,0,2257,12481
4,int8_idle_pre,2.306357668712735,1783793833.70822,83.041,35,0,2257,12481
4,int8_idle_pre,2.4065957088023424,1783793833.8084583,83.041,35,0,2257,12481
4,int8_idle_pre,2.5068525411188602,1783793833.9087114,83.041,35,0,2257,12481
4,int8_idle_pre,2.6070783995091915,1783793834.0089357,83.041,35,0,2257,12481
4,int8_idle_pre,2.707330921664834,1783793834.1091902,83.041,35,0,2257,12481
4,int8_idle_pre,2.8076030053198338,1783793834.209462,83.041,35,0,2257,12481
4,int8_idle_pre,2.9078317768871784,1783793834.30969,83.041,35,0,2257,12481
4,int8_idle_pre,3.0080575942993164,1783793834.4099162,83.041,35,0,2257,12481
4,int8_idle_pre,3.1082828771322966,1783793834.5101402,83.038,35,0,2265,12481
4,int8_idle_pre,3.2085061576217413,1783793834.610364,83.038,35,0,2265,12481
4,int8_idle_pre,3.3087327629327774,1783793834.710591,83.038,35,0,2265,12481
4,int8_idle_pre,3.409000501036644,1783793834.810858,83.038,35,0,2265,12481
4,int8_idle_pre,3.509255949407816,1783793834.9111147,83.038,35,0,2265,12481
4,int8_idle_pre,3.6094750370830297,1783793835.011335,83.038,35,0,2265,12481
4,int8_idle_pre,3.7097040489315987,1783793835.111563,83.038,35,0,2265,12481
4,int8_idle_pre,3.809978988021612,1783793835.2118394,83.038,35,0,2265,12481
4,int8_idle_pre,3.9102110154926777,1783793835.312072,83.038,35,0,2265,12481
4,int8_idle_pre,4.010494461283088,1783793835.4123533,83.038,35,0,2265,12481
4,int8_idle_pre,4.11070803925395,1783793835.5125656,83.038,35,0,2265,12481
4,int8_idle_pre,4.210942007601261,1783793835.6128016,83.038,35,0,2265,12481
4,int8_idle_pre,4.311164973303676,1783793835.7130222,83.038,35,0,2265,12481
4,int8_idle_pre,4.411358809098601,1783793835.8132179,83.038,35,0,2265,12481
4,int8_idle_pre,4.511589443311095,1783793835.9134476,83.038,35,0,2265,12481
4,int8_idle_pre,4.611871488392353,1783793836.0137315,83.038,35,0,2265,12481
4,int8_idle_pre,4.712111417204142,1783793836.113972,83.038,35,0,2265,12481
4,int8_idle_pre,4.812343128025532,1783793836.2142031,83.038,35,0,2265,12481
4,int8_idle_pre,4.9125757068395615,1783793836.3144352,83.038,35,0,2265,12481
4,int8_idle_pre,5.012814139947295,1783793836.4146726,83.038,35,0,2265,12481
4,int8_idle_pre,5.113030506297946,1783793836.5148869,83.089,35,0,2265,12481
4,int8_idle_pre,5.213226908817887,1783793836.6150842,83.089,35,0,2265,12481
4,int8_idle_pre,5.313441852107644,1783793836.7153044,83.089,35,0,2265,12481
4,int8_idle_pre,5.413673033937812,1783793836.8155317,83.089,35,0,2265,12481
4,int8_idle_pre,5.513872744515538,1783793836.915736,83.089,35,0,2265,12481
4,int8_idle_pre,5.614108132198453,1783793837.0159748,83.089,35,0,2265,12481
4,int8_idle_pre,5.714342009276152,1783793837.1162019,83.089,35,0,2265,12481
4,int8_idle_pre,5.814580051228404,1783793837.216441,83.089,35,0,2265,12481
4,int8_idle_pre,5.914810243993998,1783793837.3166704,83.089,35,0,2265,12481
4,int8_idle_pre,6.015041347593069,1783793837.4169009,83.089,35,0,2265,12481
4,int8_idle_pre,6.1152662970125675,1783793837.5171309,83.041,35,0,2257,12481
4,int8_idle_pre,6.215506294742227,1783793837.6173658,83.041,35,0,2257,12481
4,int8_idle_pre,6.315732162445784,1783793837.7175918,83.041,35,0,2257,12481
4,int8_idle_pre,6.415942193940282,1783793837.817798,83.041,35,0,2257,12481
4,int8_idle_pre,6.516240458935499,1783793837.9180994,83.041,35,0,2257,12481
4,int8_idle_pre,6.6165202260017395,1783793838.0183794,83.041,35,0,2257,12481
4,int8_idle_pre,6.7167172729969025,1783793838.1185734,83.041,35,0,2257,12481
4,int8_idle_pre,6.816979857161641,1783793838.2188363,83.041,35,0,2257,12481
4,int8_idle_pre,6.917302273213863,1783793838.3191597,83.041,35,0,2257,12481
4,int8_idle_pre,7.017526425421238,1783793838.4193873,83.041,35,0,2257,12481
4,int8_idle_pre,7.117734735831618,1783793838.5195909,83.089,35,0,2265,12481
4,int8_idle_pre,7.217952895909548,1783793838.619811,83.089,35,0,2265,12481
4,int8_idle_pre,7.318168517202139,1783793838.7200272,83.089,35,0,2265,12481
4,int8_idle_pre,7.418391289189458,1783793838.8202477,83.089,35,0,2265,12481
4,int8_idle_pre,7.51860935613513,1783793838.9204688,83.089,35,0,2265,12481
4,int8_idle_pre,7.618814641609788,1783793839.020677,83.089,35,0,2265,12481
4,int8_idle_pre,7.71902927197516,1783793839.1208906,83.089,35,0,2265,12481
4,int8_idle_pre,7.8192339688539505,1783793839.2210932,83.089,35,0,2265,12481
4,int8_idle_pre,7.9194589126855135,1783793839.3213198,83.089,35,0,2265,12481
4,int8_idle_pre,8.019682720303535,1783793839.4215417,83.089,35,0,2265,12481
4,int8_idle_pre,8.120001088827848,1783793839.5218608,83.095,35,0,2265,12481
4,int8_idle_pre,8.2202328722924,1783793839.6220932,83.095,35,0,2265,12481
4,int8_idle_pre,8.320506505668163,1783793839.7223654,83.095,35,0,2265,12481
4,int8_idle_pre,8.420730924233794,1783793839.8225915,83.095,35,0,2265,12481
4,int8_idle_pre,8.520925553515553,1783793839.9227843,83.095,35,0,2265,12481
4,int8_idle_pre,8.621139982715249,1783793840.022998,83.095,35,0,2265,12481
4,int8_idle_pre,8.721356011927128,1783793840.1232185,83.095,35,0,2265,12481
4,int8_idle_pre,8.821591291576624,1783793840.2234519,83.095,35,0,2265,12481
4,int8_idle_pre,8.921827029436827,1783793840.323689,83.095,35,0,2265,12481
4,int8_idle_pre,9.022064233198762,1783793840.423926,83.095,35,0,2265,12481
4,int8_idle_pre,9.1223858371377,1783793840.5242484,83.092,34,0,2265,12481
4,int8_idle_pre,9.222619947046041,1783793840.624477,83.092,34,0,2265,12481
4,int8_idle_pre,9.32293309085071,1783793840.72479,83.092,34,0,2265,12481
4,int8_idle_pre,9.423153853043914,1783793840.8250113,83.092,34,0,2265,12481
4,int8_idle_pre,9.523379351943731,1783793840.9252386,83.092,34,0,2265,12481
4,int8_idle_pre,9.623607186600566,1783793841.0254664,83.092,34,0,2265,12481
4,int8_idle_pre,9.723838217556477,1783793841.1257012,83.092,34,0,2265,12481
4,int8_idle_pre,9.82410005480051,1783793841.225961,83.092,34,0,2265,12481
4,int8_idle_pre,9.924332467839122,1783793841.3261938,83.092,34,0,2265,12481
4,int8_active,0.0003772210329771042,1783793841.4035277,83.092,34,0,2265,12481
4,int8_active,0.10064147226512432,1783793841.5037956,83.089,34,0,2257,12481
4,int8_active,0.20088107138872147,1783793841.6040342,93.191,37,0,2257,12481
4,int8_active,0.3011008948087692,1783793841.7042542,101.583,37,94,2257,12481
4,int8_active,0.4013195987790823,1783793841.8044732,109.104,38,94,2257,12481
4,int8_active,0.5015312843024731,1783793841.9046838,115.318,38,93,2257,12481
4,int8_active,0.6017505414783955,1783793842.0049047,120.398,38,93,2257,12481
4,int8_active,0.7019703481346369,1783793842.1051233,125.393,38,93,2257,12481
4,int8_active,0.8021968714892864,1783793842.2053547,129.505,38,93,2257,12481
4,int8_active,0.9024754967540503,1783793842.30563,133.087,38,94,2257,12481
4,int8_active,1.0026976931840181,1783793842.405851,136.624,38,94,2257,12481
4,int8_active,1.1029202546924353,1783793842.5060768,195.932,38,93,2257,12481
4,int8_active,1.2031461354345083,1783793842.6062994,195.59,39,93,2257,12481
4,int8_active,1.3033638317137957,1783793842.7065172,196.29,39,94,2257,12481
4,int8_active,1.4036005735397339,1783793842.8067539,196.166,39,94,2257,12481
4,int8_active,1.5038192067295313,1783793842.9069722,195.572,39,94,2257,12481
4,int8_active,1.604038331657648,1783793843.007192,195.814,39,94,2257,12481
4,int8_active,1.704250255599618,1783793843.1074028,195.924,39,93,2257,12481
4,int8_active,1.8044735081493855,1783793843.2076323,195.585,39,93,2257,12481
4,int8_active,1.9047084338963032,1783793843.307865,195.694,39,93,2257,12481
4,int8_active,2.004929507151246,1783793843.4080822,196.255,39,93,2257,12481
4,int8_active,2.105139907449484,1783793843.508293,195.61,39,93,2257,12481
4,int8_active,2.2053691036999226,1783793843.608522,195.901,39,93,2257,12481
4,int8_active,2.3055782709270716,1783793843.708731,196.3,39,93,2257,12481
4,int8_active,2.4057983458042145,1783793843.8089511,196.154,39,93,2257,12481
4,int8_active,2.5060083959251642,1783793843.9091604,195.858,39,93,2257,12481
4,int8_active,2.6062151324003935,1783793844.0093677,197.21,39,93,2257,12481
4,int8_active,2.7064149361103773,1783793844.1095672,196.603,39,94,2257,12481
4,int8_active,2.806625073775649,1783793844.2097776,196.046,39,94,2257,12481
4,int8_active,2.906833590939641,1783793844.309985,196.873,39,94,2257,12481
4,int8_active,3.007003642618656,1783793844.4101338,196.859,39,94,2257,12481
4,int8_active,3.107113065198064,1783793844.5102413,196.367,39,94,2257,12481
4,int8_active,3.2072145082056522,1783793844.6103425,196.962,39,94,2257,12481
4,int8_active,3.3073496520519257,1783793844.7105274,197.436,39,93,2257,12481
4,int8_active,3.407565139234066,1783793844.8106985,196.557,39,93,2257,12481
4,int8_active,3.507676003500819,1783793844.9108045,196.644,39,94,2257,12481
4,int8_active,3.607819667086005,1783793845.010972,196.862,39,94,2257,12481
4,int8_active,3.7080025635659695,1783793845.111135,196.413,39,94,2257,12481
4,int8_active,3.8081230707466602,1783793845.2112596,197.092,39,94,2257,12481
4,int8_active,3.9082748759537935,1783793845.3114097,197.213,39,93,2257,12481
4,int8_idle_post,0.0003188643604516983,1783793845.3734615,196.765,39,93,2257,12481
4,int8_idle_post,0.10054289549589157,1783793845.4736862,196.958,39,85,2257,12481
4,int8_idle_post,0.2008007951080799,1783793845.5739443,186.878,37,85,2257,12481
4,int8_idle_post,0.3010197952389717,1783793845.674163,176.564,36,0,2257,12481
4,int8_idle_post,0.4013309422880411,1783793845.7744744,163.434,36,0,2257,12481
4,int8_idle_post,0.5015498884022236,1783793845.874713,152.197,36,0,2257,12481
4,int8_idle_post,0.6018089447170496,1783793845.9749525,140.476,36,0,2257,12481
4,int8_idle_post,0.7021199725568295,1783793846.0752637,129.734,36,0,2265,12481
4,int8_idle_post,0.8023269753903151,1783793846.1754708,118.619,36,0,2265,12481
4,int8_idle_post,0.9025687631219625,1783793846.2757125,115.517,36,0,2265,12481
4,int8_idle_post,1.0028903558850288,1783793846.3760343,96.115,36,0,2265,12481
4,int8_idle_post,1.103197118267417,1783793846.4763412,95.103,36,0,2265,12481
4,int8_idle_post,1.20341788046062,1783793846.5765617,95.103,36,0,2265,12481
4,int8_idle_post,1.3036396354436874,1783793846.6767836,95.103,36,0,2265,12481
4,int8_idle_post,1.4038599766790867,1783793846.7770038,95.103,36,0,2265,12481
4,int8_idle_post,1.504079619422555,1783793846.8772235,95.103,36,0,2265,12481
4,int8_idle_post,1.604295363649726,1783793846.9774392,95.103,36,0,2265,12481
4,int8_idle_post,1.704512819647789,1783793847.0776567,95.103,36,0,2265,12481
4,int8_idle_post,1.8047282360494137,1783793847.1778724,95.103,36,0,2265,12481
4,int8_idle_post,1.9049460478127003,1783793847.27809,95.103,36,0,2265,12481
4,int8_idle_post,2.005115535110235,1783793847.3782392,95.103,35,0,2265,12481
4,int8_idle_post,2.1052190251648426,1783793847.4783394,84.545,35,0,2265,12481
4,int8_idle_post,2.20548908226192,1783793847.578634,84.545,35,0,2265,12481
4,int8_idle_post,2.3058602791279554,1783793847.6790059,84.545,35,0,2265,12481
4,int8_idle_post,2.406047312542796,1783793847.7791748,84.545,35,0,2265,12481
4,int8_idle_post,2.5062029995024204,1783793847.8793478,84.545,35,0,2265,12481
4,int8_idle_post,2.6065151803195477,1783793847.979659,84.545,35,0,2265,12481
4,int8_idle_post,2.7067817971110344,1783793848.0799258,84.545,35,0,2265,12481
4,int8_idle_post,2.806999647989869,1783793848.180144,84.545,35,0,2265,12481
4,int8_idle_post,2.907216977328062,1783793848.2803607,84.545,35,0,2265,12481
4,int8_idle_post,3.0074796993285418,1783793848.3806233,84.545,35,0,2265,12481
4,int8_idle_post,3.1076996754854918,1783793848.480844,84.306,35,0,2265,12481
4,int8_idle_post,3.2079196516424417,1783793848.5810637,84.306,35,0,2265,12481
4,int8_idle_post,3.3081410881131887,1783793848.681285,84.306,35,0,2265,12481
4,int8_idle_post,3.4083879124373198,1783793848.781532,84.306,35,0,2265,12481
4,int8_idle_post,3.5086105205118656,1783793848.8817544,84.306,35,0,2265,12481
4,int8_idle_post,3.608827158808708,1783793848.9819708,84.306,35,0,2265,12481
4,int8_idle_post,3.7090442441403866,1783793849.0821888,84.306,35,0,2265,12481
4,int8_idle_post,3.8093117959797382,1783793849.182456,84.306,35,0,2265,12481
4,int8_idle_post,3.909541415050626,1783793849.2827032,84.306,35,0,2265,12481
4,int8_idle_post,4.009751019999385,1783793849.382893,84.306,35,0,2265,12481
4,int8_idle_post,4.1099722273647785,1783793849.4831166,84.008,35,0,2265,12481
4,int8_idle_post,4.210312575101852,1783793849.583457,84.008,35,0,2265,12481
4,int8_idle_post,4.310531871393323,1783793849.683676,84.008,35,0,2265,12481
4,int8_idle_post,4.410752119496465,1783793849.7838957,84.008,35,0,2265,12481
4,int8_idle_post,4.51092866808176,1783793849.8840559,84.008,35,0,2265,12481
4,int8_idle_post,4.611089656129479,1783793849.9842372,84.008,35,0,2265,12481
4,int8_idle_post,4.71131650172174,1783793850.0844615,84.008,35,0,2265,12481
4,int8_idle_post,4.811527634039521,1783793850.1846745,84.008,35,0,2265,12481
4,int8_idle_post,4.911750940605998,1783793850.2848952,84.008,35,0,2265,12481
4,int8_idle_post,5.01196738705039,1783793850.3851113,84.008,35,0,2265,12481
4,int8_idle_post,5.112156379967928,1783793850.4852982,84.008,35,0,2265,12481
4,int8_idle_post,5.212376656010747,1783793850.5855236,84.008,35,0,2265,12481
4,int8_idle_post,5.312611248344183,1783793850.6857607,84.008,35,0,2265,12481
4,int8_idle_post,5.412817435339093,1783793850.7859478,84.008,35,0,2265,12481
4,int8_idle_post,5.513013379648328,1783793850.8861573,84.008,35,0,2265,12481
4,int8_idle_post,5.613229604437947,1783793850.9863732,84.008,35,0,2265,12481
4,int8_idle_post,5.71344643458724,1783793851.0865908,84.008,35,0,2265,12481
4,int8_idle_post,5.813638420775533,1783793851.186783,84.008,35,0,2265,12481
4,int8_idle_post,5.913848739117384,1783793851.2869925,84.008,35,0,2265,12481
4,int8_idle_post,6.014055695384741,1783793851.3871996,84.008,35,0,2265,12481
4,int8_idle_post,6.114227527752519,1783793851.4873521,84.008,35,0,2257,12481
4,int8_idle_post,6.214383386075497,1783793851.5875294,84.008,35,0,2257,12481
4,int8_idle_post,6.3146408051252365,1783793851.6877851,84.008,35,0,2257,12481
4,int8_idle_post,6.41486163623631,1783793851.7880054,84.008,35,0,2257,12481
4,int8_idle_post,6.515084831044078,1783793851.8882287,84.008,35,0,2257,12481
4,int8_idle_post,6.615304172039032,1783793851.9884481,84.008,35,0,2257,12481
4,int8_idle_post,6.715525643900037,1783793852.0886698,84.008,35,0,2257,12481
4,int8_idle_post,6.815743735060096,1783793852.1888876,84.008,35,0,2257,12481
4,int8_idle_post,6.915960116311908,1783793852.2891045,84.008,35,0,2257,12481
4,int8_idle_post,7.016179479658604,1783793852.3893232,84.008,35,0,2257,12481
4,int8_idle_post,7.116398120298982,1783793852.489543,84.011,35,0,2257,12481
4,int8_idle_post,7.216684760525823,1783793852.5898309,84.011,35,0,2257,12481
4,int8_idle_post,7.316961316391826,1783793852.6901069,84.011,35,0,2257,12481
4,int8_idle_post,7.417184604331851,1783793852.7903285,84.011,35,0,2257,12481
4,int8_idle_post,7.517499027773738,1783793852.890643,84.011,35,0,2257,12481
4,int8_idle_post,7.617790665477514,1783793852.9909346,84.011,35,0,2257,12481
4,int8_idle_post,7.718110516667366,1783793853.091254,84.011,35,0,2257,12481
4,int8_idle_post,7.818316640332341,1783793853.1914601,84.011,35,0,2257,12481
4,int8_idle_post,7.918598860502243,1783793853.2917426,84.011,35,0,2257,12481
4,int8_idle_post,8.018879367038608,1783793853.3920233,84.011,35,0,2257,12481
4,int8_idle_post,8.119201444089413,1783793853.492345,84.014,35,0,2265,12481
4,int8_idle_post,8.219468455761671,1783793853.592613,84.014,35,0,2265,12481
4,int8_idle_post,8.319674940779805,1783793853.6928186,84.014,35,0,2265,12481
4,int8_idle_post,8.419897416606545,1783793853.793045,84.014,35,0,2265,12481
4,int8_idle_post,8.520125979557633,1783793853.8932734,84.014,35,0,2265,12481
4,int8_idle_post,8.6203597728163,1783793853.9935071,84.014,35,0,2265,12481
4,int8_idle_post,8.72058523260057,1783793854.0937302,84.014,35,0,2265,12481
4,int8_idle_post,8.820808412507176,1783793854.1939545,84.014,35,0,2265,12481
4,int8_idle_post,8.9210344273597,1783793854.2941802,84.014,35,0,2265,12481
4,int8_idle_post,9.021256631240249,1783793854.394403,84.014,35,0,2265,12481
4,int8_idle_post,9.121619403362274,1783793854.4947658,84.105,35,0,2257,12481
4,int8_idle_post,9.22189841978252,1783793854.595045,84.105,35,0,2257,12481
4,int8_idle_post,9.322128595784307,1783793854.6952755,84.105,35,0,2257,12481
4,int8_idle_post,9.42241052724421,1783793854.7955594,84.105,35,0,2257,12481
4,int8_idle_post,9.522644283249974,1783793854.8957918,84.105,35,0,2257,12481
4,int8_idle_post,9.622873172163963,1783793854.9960186,84.105,35,0,2257,12481
4,int8_idle_post,9.723102716729045,1783793855.0962524,84.105,35,0,2257,12481
4,int8_idle_post,9.823339596390724,1783793855.1964884,84.105,35,0,2257,12481
4,int8_idle_post,9.92357431165874,1783793855.296721,84.105,35,0,2257,12481
5,fp32_idle_pre,0.0002933591604232788,1783793855.3843112,84.105,35,0,2257,12481
5,fp32_idle_pre,0.10051277279853821,1783793855.4845352,84.056,35,0,2257,12481
5,fp32_idle_pre,0.20082387141883373,1783793855.5848472,84.056,35,0,2257,12481
5,fp32_idle_pre,0.30105033330619335,1783793855.6850724,84.056,35,0,2257,12481
5,fp32_idle_pre,0.40127441100776196,1783793855.785295,84.056,35,0,2257,12481
5,fp32_idle_pre,0.5015497244894505,1783793855.8855696,84.056,35,0,2257,12481
5,fp32_idle_pre,0.6017903070896864,1783793855.985813,84.056,35,0,2257,12481
5,fp32_idle_pre,0.7020322270691395,1783793856.0860572,84.056,35,0,2257,12481
5,fp32_idle_pre,0.802263006567955,1783793856.1862867,84.056,35,0,2257,12481
5,fp32_idle_pre,0.9024914726614952,1783793856.2865129,84.056,35,0,2257,12481
5,fp32_idle_pre,1.002729568630457,1783793856.3867497,84.056,35,0,2257,12481
5,fp32_idle_pre,1.1029671523720026,1783793856.4869905,84.011,35,0,2265,12481
5,fp32_idle_pre,1.2031966913491488,1783793856.5872207,84.011,35,0,2265,12481
5,fp32_idle_pre,1.303426031023264,1783793856.687449,84.011,35,0,2265,12481
5,fp32_idle_pre,1.403654083609581,1783793856.7876768,84.011,35,0,2265,12481
5,fp32_idle_pre,1.503935320302844,1783793856.887961,84.011,35,0,2265,12481
5,fp32_idle_pre,1.6041721552610397,1783793856.988192,84.011,35,0,2265,12481
5,fp32_idle_pre,1.7043929491192102,1783793857.088413,84.011,35,0,2265,12481
5,fp32_idle_pre,1.8046706765890121,1783793857.188691,84.011,35,0,2265,12481
5,fp32_idle_pre,1.904889127239585,1783793857.288909,84.011,35,0,2265,12481
5,fp32_idle_pre,2.00510798022151,1783793857.389128,84.011,35,0,2265,12481
5,fp32_idle_pre,2.1053695846349,1783793857.4893904,84.008,35,0,2265,12481
5,fp32_idle_pre,2.2055918779224157,1783793857.589612,84.008,35,0,2265,12481
5,fp32_idle_pre,2.305825676769018,1783793857.6898456,84.008,35,0,2265,12481
5,fp32_idle_pre,2.406044412404299,1783793857.7900648,84.008,35,0,2265,12481
5,fp32_idle_pre,2.5062648840248585,1783793857.8902848,84.008,35,0,2265,12481
5,fp32_idle_pre,2.6064829286187887,1783793857.9905026,84.008,35,0,2265,12481
5,fp32_idle_pre,2.706803761422634,1783793858.0908237,84.008,35,0,2265,12481
5,fp32_idle_pre,2.8070627860724926,1783793858.1910825,84.008,35,0,2265,12481
5,fp32_idle_pre,2.9072799514979124,1783793858.2912998,84.008,35,0,2265,12481
5,fp32_idle_pre,3.007499663159251,1783793858.3915198,84.008,34,0,2265,12481
5,fp32_idle_pre,3.10776031576097,1783793858.49178,84.008,34,0,2265,12481
5,fp32_idle_pre,3.20797928981483,1783793858.5919995,84.008,34,0,2265,12481
5,fp32_idle_pre,3.3082002997398376,1783793858.6922202,84.008,34,0,2265,12481
5,fp32_idle_pre,3.408419316634536,1783793858.7924392,84.008,34,0,2265,12481
5,fp32_idle_pre,3.5086885280907154,1783793858.892711,84.008,34,0,2265,12481
5,fp32_idle_pre,3.608945978805423,1783793858.992966,84.008,34,0,2265,12481
5,fp32_idle_pre,3.7091651875525713,1783793859.093185,84.008,34,0,2265,12481
5,fp32_idle_pre,3.8093947526067495,1783793859.1934152,84.008,34,0,2265,12481
5,fp32_idle_pre,3.909637214615941,1783793859.2936609,84.008,34,0,2265,12481
5,fp32_idle_pre,4.009969072416425,1783793859.3939955,84.008,34,0,2265,12481
5,fp32_idle_pre,4.110240023583174,1783793859.4942656,84.011,34,0,2257,12481
5,fp32_idle_pre,4.210457652807236,1783793859.5944836,84.011,34,0,2257,12481
5,fp32_idle_pre,4.310838412493467,1783793859.6948597,84.011,34,0,2257,12481
5,fp32_idle_pre,4.411096528172493,1783793859.795117,84.011,34,0,2257,12481
5,fp32_idle_pre,4.511407097801566,1783793859.895428,84.011,34,0,2257,12481
5,fp32_idle_pre,4.611631743609905,1783793859.9956515,84.011,34,0,2257,12481
5,fp32_idle_pre,4.711823672056198,1783793860.095828,84.011,34,0,2257,12481
5,fp32_idle_pre,4.812034483999014,1783793860.1960564,84.011,34,0,2257,12481
5,fp32_idle_pre,4.9123028963804245,1783793860.2963283,84.011,34,0,2257,12481
5,fp32_idle_pre,5.012531096115708,1783793860.3965514,84.011,34,0,2257,12481
5,fp32_idle_pre,5.112872872501612,1783793860.4968927,84.013,34,0,2257,12481
5,fp32_idle_pre,5.213224828243256,1783793860.5972447,84.013,34,0,2257,12481
5,fp32_idle_pre,5.31352486461401,1783793860.697545,84.013,34,0,2257,12481
5,fp32_idle_pre,5.413846515119076,1783793860.7978666,84.013,34,0,2257,12481
5,fp32_idle_pre,5.51411703042686,1783793860.8981373,84.013,34,0,2257,12481
5,fp32_idle_pre,5.61440728418529,1783793860.998428,84.013,34,0,2257,12481
5,fp32_idle_pre,5.7146271001547575,1783793861.0986478,84.013,34,0,2257,12481
5,fp32_idle_pre,5.814957970753312,1783793861.1989777,84.013,34,0,2257,12481
5,fp32_idle_pre,5.915164720267057,1783793861.2991846,84.013,34,0,2257,12481
5,fp32_idle_pre,6.015378074720502,1783793861.3993986,84.013,34,0,2257,12481
5,fp32_idle_pre,6.115600755438209,1783793861.4996252,84.014,34,0,2265,12481
5,fp32_idle_pre,6.215915789827704,1783793861.5999367,84.014,34,0,2265,12481
5,fp32_idle_pre,6.316156160086393,1783793861.7001793,84.014,34,0,2265,12481
5,fp32_idle_pre,6.416425712406635,1783793861.8004475,84.014,34,0,2265,12481
5,fp32_idle_pre,6.516651771962643,1783793861.9006724,84.014,34,0,2265,12481
5,fp32_idle_pre,6.616965239867568,1783793862.0009868,84.014,34,0,2265,12481
5,fp32_idle_pre,6.717188557609916,1783793862.1012087,84.014,34,0,2265,12481
5,fp32_idle_pre,6.817454356700182,1783793862.2014742,84.014,34,0,2265,12481
5,fp32_idle_pre,6.917675139382482,1783793862.3016956,84.014,34,0,2265,12481
5,fp32_idle_pre,7.017972243949771,1783793862.4019926,84.014,34,0,2265,12481
5,fp32_idle_pre,7.118191968649626,1783793862.502212,84.014,34,0,2265,12481
5,fp32_idle_pre,7.218410238623619,1783793862.60243,84.014,34,0,2265,12481
5,fp32_idle_pre,7.318628208711743,1783793862.7026484,84.014,34,0,2265,12481
5,fp32_idle_pre,7.418970203027129,1783793862.8029907,84.014,34,0,2265,12481
5,fp32_idle_pre,7.519302532076836,1783793862.9033225,84.014,34,0,2265,12481
5,fp32_idle_pre,7.6194758005440235,1783793863.0034776,84.014,34,0,2265,12481
5,fp32_idle_pre,7.7196255177259445,1783793863.1036453,84.014,34,0,2265,12481
5,fp32_idle_pre,7.819846009835601,1783793863.203866,84.014,34,0,2265,12481
5,fp32_idle_pre,7.920074958354235,1783793863.304095,84.014,34,0,2265,12481
5,fp32_idle_pre,8.02029387652874,1783793863.404314,84.014,34,0,2265,12481
5,fp32_idle_pre,8.120514368638396,1783793863.5045347,84.014,34,0,2257,12481
5,fp32_idle_pre,8.220735615119338,1783793863.6047552,84.014,34,0,2257,12481
5,fp32_idle_pre,8.320954509079456,1783793863.7049747,84.014,34,0,2257,12481
5,fp32_idle_pre,8.421173704788089,1783793863.805194,84.014,34,0,2257,12481
5,fp32_idle_pre,8.52139188721776,1783793863.9054115,84.014,34,0,2257,12481
5,fp32_idle_pre,8.62163650803268,1783793864.0056567,84.014,34,0,2257,12481
5,fp32_idle_pre,8.721857111901045,1783793864.1058774,84.014,34,0,2257,12481
5,fp32_idle_pre,8.822076816111803,1783793864.206097,84.014,34,0,2257,12481
5,fp32_idle_pre,8.922296211123466,1783793864.3063166,84.014,34,0,2257,12481
5,fp32_idle_pre,9.022586768493056,1783793864.4066067,84.014,34,0,2257,12481
5,fp32_idle_pre,9.122822765260935,1783793864.5068426,84.014,34,0,2257,12481
5,fp32_idle_pre,9.223082007840276,1783793864.607102,84.014,34,0,2257,12481
5,fp32_idle_pre,9.323302119970322,1783793864.707322,84.014,34,0,2257,12481
5,fp32_idle_pre,9.423570089042187,1783793864.8075898,84.014,34,0,2257,12481
5,fp32_idle_pre,9.523790065199137,1783793864.9078104,84.014,34,0,2257,12481
5,fp32_idle_pre,9.623989284038544,1783793865.0080085,84.014,34,0,2257,12481
5,fp32_idle_pre,9.724251419305801,1783793865.108279,84.014,34,0,2257,12481
5,fp32_idle_pre,9.82449134066701,1783793865.208511,84.014,34,0,2257,12481
5,fp32_idle_pre,9.924711056053638,1783793865.3087313,84.014,34,0,2257,12481
5,fp32_active,0.00039557553827762604,1783793865.3858726,84.014,34,0,2257,12481
5,fp32_active,0.10061188414692879,1783793865.4860919,84.014,34,1,2265,12481
5,fp32_active,0.20083134062588215,1783793865.5863109,105.06,39,1,2250,12481
5,fp32_active,0.30105256102979183,1783793865.686532,119.681,40,94,2250,12481
5,fp32_active,0.40130138769745827,1783793865.7867806,131.984,40,94,2250,12481
5,fp32_active,0.5015149973332882,1783793865.8869941,143.097,41,94,2242,12481
5,fp32_active,0.6017290446907282,1783793865.9872081,154.864,41,94,2242,12481
5,fp32_active,0.701962910592556,1783793866.0874443,165.315,41,94,2242,12481
5,fp32_active,0.8021888416260481,1783793866.187669,173.335,41,94,2242,12481
5,fp32_active,0.9024118985980749,1783793866.2878914,179.761,42,94,2242,12481
5,fp32_active,1.0026389434933662,1783793866.3881185,185.176,42,94,2250,12481
5,fp32_active,1.102861339226365,1783793866.4883416,296.025,42,94,2250,12481
5,fp32_active,1.2030795756727457,1783793866.5885594,295.732,42,94,2250,12481
5,fp32_active,1.3033010065555573,1783793866.6887808,299.092,42,94,2250,12481
5,fp32_active,1.4035229999572039,1783793866.7890027,301.131,42,94,2250,12481
5,fp32_active,1.5037454161792994,1783793866.889225,303.124,42,94,2250,12481
5,fp32_active,1.6039661895483732,1783793866.9894457,299.542,42,94,2250,12481
5,fp32_active,1.704231958836317,1783793867.0897117,300.086,42,94,2250,12481
5,fp32_active,1.804450511932373,1783793867.1899319,301.164,42,94,2250,12481
5,fp32_active,1.9047208242118359,1783793867.2902002,301.939,42,94,2250,12481
5,fp32_active,2.0049308873713017,1783793867.3904052,303.241,42,94,2250,12481
5,fp32_active,2.1051486376672983,1783793867.490628,303.997,43,94,2250,12481
5,fp32_active,2.205403519794345,1783793867.590883,306.3,43,94,2250,12481
5,fp32_active,2.305613962933421,1783793867.6910932,306.849,43,94,2250,12481
5,fp32_active,2.4058222081512213,1783793867.791303,306.203,43,94,2250,12481
5,fp32_active,2.506063273176551,1783793867.8915431,304.664,43,94,2250,12481
5,fp32_active,2.6063138507306576,1783793867.9917934,303.071,43,94,2250,12481
5,fp32_active,2.7065566517412663,1783793868.0920367,307.385,43,94,2250,12481
5,fp32_active,2.8068234249949455,1783793868.1923032,307.371,43,94,2250,12481
5,fp32_active,2.9070452079176903,1783793868.2925248,306.906,43,94,2250,12481
5,fp32_active,3.00727085955441,1783793868.39275,307.039,43,94,2250,12481
5,fp32_active,3.107491407543421,1783793868.492971,305.798,43,94,2250,12481
5,fp32_active,3.2077996842563152,1783793868.5932791,310.117,43,94,2250,12481
5,fp32_active,3.308060208335519,1783793868.6935396,308.26,43,94,2250,12481
5,fp32_active,3.4082833789288998,1783793868.793763,306.396,43,94,2250,12481
5,fp32_active,3.508513495326042,1783793868.8939786,305.501,43,94,2250,12481
5,fp32_active,3.608679123222828,1783793868.9941645,311.532,43,94,2250,12481
5,fp32_active,3.708965703845024,1783793869.0944452,312.37,44,94,2250,12481
5,fp32_active,3.8091912921518087,1783793869.1947052,310.587,44,94,2250,12481
5,fp32_active,3.9094432815909386,1783793869.294931,308.819,44,94,2250,12481
5,fp32_active,4.009757038205862,1783793869.3952374,309.467,44,94,2250,12481
5,fp32_active,4.109984809532762,1783793869.495467,313.543,44,94,2250,12481
5,fp32_active,4.210216699168086,1783793869.595701,313.543,44,94,2250,12481
5,fp32_active,4.310458904132247,1783793869.695954,311.023,44,94,2250,12481
5,fp32_idle_post,0.0002994239330291748,1783793869.7895849,311.207,44,94,2250,12481
5,fp32_idle_post,0.10056055895984173,1783793869.8897822,309.105,44,94,2250,12481
5,fp32_idle_post,0.20071688294410706,1783793869.9899578,286.866,39,94,2250,12481
5,fp32_idle_post,0.3009624406695366,1783793870.0902052,268.857,38,0,2257,12481
5,fp32_idle_post,0.4011963792145252,1783793870.1904373,239.08,38,0,2257,12481
5,fp32_idle_post,0.5015443470329046,1783793870.2907846,218.557,38,0,2257,12481
5,fp32_idle_post,0.6018119361251593,1783793870.391052,206.504,37,0,2265,12481
5,fp32_idle_post,0.7020394671708345,1783793870.4912798,188.252,37,0,2265,12481
5,fp32_idle_post,0.8022683560848236,1783793870.5915098,148.572,37,0,2257,12481
5,fp32_idle_post,0.9025102630257607,1783793870.6917515,142.835,37,0,2257,12481
5,fp32_idle_post,1.002779956907034,1783793870.7920208,106.586,37,0,2257,12481
5,fp32_idle_post,1.1030185110867023,1783793870.8922596,104.692,37,0,2265,12481
5,fp32_idle_post,1.2032489031553268,1783793870.99249,104.692,37,0,2265,12481
5,fp32_idle_post,1.3034856282174587,1783793871.0927296,104.692,37,0,2265,12481
5,fp32_idle_post,1.4037372469902039,1783793871.1929789,104.692,37,0,2265,12481
5,fp32_idle_post,1.5039312951266766,1783793871.2931547,104.692,37,0,2265,12481
5,fp32_idle_post,1.6040966343134642,1783793871.3933384,104.692,37,0,2265,12481
5,fp32_idle_post,1.7043816782534122,1783793871.4936213,104.692,37,0,2265,12481
5,fp32_idle_post,1.804605033248663,1783793871.5938451,104.692,37,0,2265,12481
5,fp32_idle_post,1.904831761494279,1783793871.6940706,104.692,37,0,2265,12481
5,fp32_idle_post,2.0050904005765915,1783793871.7943325,104.692,37,0,2265,12481
5,fp32_idle_post,2.105318386107683,1783793871.8945684,84.495,37,0,2265,12481
5,fp32_idle_post,2.20558550208807,1783793871.9948332,84.495,37,0,2265,12481
5,fp32_idle_post,2.3059748373925686,1783793872.0952194,84.495,37,0,2265,12481
5,fp32_idle_post,2.4063165560364723,1783793872.19556,84.495,37,0,2265,12481
5,fp32_idle_post,2.5065549835562706,1783793872.2957983,84.495,37,0,2265,12481
5,fp32_idle_post,2.606791539117694,1783793872.396038,84.495,37,0,2265,12481
5,fp32_idle_post,2.7070360612124205,1783793872.4962819,84.495,37,0,2265,12481
5,fp32_idle_post,2.8072788733989,1783793872.5965204,84.495,37,0,2265,12481
5,fp32_idle_post,2.907563030719757,1783793872.696807,84.495,37,0,2265,12481
5,fp32_idle_post,3.0077978130429983,1783793872.797037,84.495,36,0,2265,12481
5,fp32_idle_post,3.1080208998173475,1783793872.8972585,84.738,36,0,2265,12481
5,fp32_idle_post,3.2082408033311367,1783793872.997479,84.738,36,0,2265,12481
5,fp32_idle_post,3.308464525267482,1783793873.097702,84.738,36,0,2265,12481
5,fp32_idle_post,3.40868429094553,1783793873.1979218,84.738,36,0,2265,12481
5,fp32_idle_post,3.5089048705995083,1783793873.298143,84.738,36,0,2265,12481
5,fp32_idle_post,3.6091190353035927,1783793873.3983567,84.738,36,0,2265,12481
5,fp32_idle_post,3.7093296349048615,1783793873.498567,84.738,36,0,2265,12481
5,fp32_idle_post,3.809542642906308,1783793873.5987806,84.738,36,0,2265,12481
5,fp32_idle_post,3.9097622875124216,1783793873.6990004,84.738,36,0,2265,12481
5,fp32_idle_post,4.010036267340183,1783793873.7992742,84.738,36,0,2265,12481
5,fp32_idle_post,4.1102578882128,1783793873.899496,84.501,36,0,2257,12481
5,fp32_idle_post,4.210479414090514,1783793873.9997175,84.501,36,0,2257,12481
5,fp32_idle_post,4.310702359303832,1783793874.09994,84.501,36,0,2257,12481
5,fp32_idle_post,4.410922711715102,1783793874.200161,84.501,36,0,2257,12481
5,fp32_idle_post,4.511142643168569,1783793874.3003805,84.501,36,0,2257,12481
5,fp32_idle_post,4.611361974850297,1783793874.4006,84.501,36,0,2257,12481
5,fp32_idle_post,4.711619148030877,1783793874.5008574,84.501,36,0,2257,12481
5,fp32_idle_post,4.811830868944526,1783793874.6010675,84.501,36,0,2257,12481
5,fp32_idle_post,4.912041015923023,1783793874.7012787,84.501,36,0,2257,12481
5,fp32_idle_post,5.012260470539331,1783793874.8014982,84.501,36,0,2257,12481
5,fp32_idle_post,5.112478407099843,1783793874.9017177,84.498,36,0,2265,12481
5,fp32_idle_post,5.212722947821021,1783793875.001962,84.498,36,0,2265,12481
5,fp32_idle_post,5.312939723953605,1783793875.1021812,84.498,36,0,2265,12481
5,fp32_idle_post,5.41327459178865,1783793875.2025142,84.498,36,0,2265,12481
5,fp32_idle_post,5.5135236121714115,1783793875.3027618,84.498,36,0,2265,12481
5,fp32_idle_post,5.6137363743036985,1783793875.4029763,84.498,36,0,2265,12481
5,fp32_idle_post,5.713953057304025,1783793875.5031903,84.498,36,0,2265,12481
5,fp32_idle_post,5.814172636717558,1783793875.6034102,84.498,36,0,2265,12481
5,fp32_idle_post,5.914391864091158,1783793875.7036295,84.498,36,0,2265,12481
5,fp32_idle_post,6.01460319571197,1783793875.8038404,84.498,36,0,2265,12481
5,fp32_idle_post,6.114813746884465,1783793875.9040513,84.501,36,0,2265,12481
5,fp32_idle_post,6.215154787525535,1783793876.0043914,84.501,36,0,2265,12481
5,fp32_idle_post,6.315373830497265,1783793876.1046119,84.501,36,0,2265,12481
5,fp32_idle_post,6.415592610836029,1783793876.204831,84.501,36,0,2265,12481
5,fp32_idle_post,6.515819014981389,1783793876.3050606,84.501,36,0,2265,12481
5,fp32_idle_post,6.616045277565718,1783793876.4052832,84.501,36,0,2265,12481
5,fp32_idle_post,6.71628194488585,1783793876.5055203,84.501,36,0,2265,12481
5,fp32_idle_post,6.816622318699956,1783793876.6058602,84.501,36,0,2265,12481
5,fp32_idle_post,6.916872575879097,1783793876.7061105,84.501,36,0,2265,12481
5,fp32_idle_post,7.017224334180355,1783793876.8064628,84.501,36,0,2265,12481
5,fp32_idle_post,7.117451658472419,1783793876.9067085,84.501,36,0,2265,12481
5,fp32_idle_post,7.217744128778577,1783793877.006982,84.501,36,0,2265,12481
5,fp32_idle_post,7.318042570725083,1783793877.1072805,84.501,36,0,2265,12481
5,fp32_idle_post,7.418263399973512,1783793877.2075007,84.501,36,0,2265,12481
5,fp32_idle_post,7.5185235142707825,1783793877.307762,84.501,36,0,2265,12481
5,fp32_idle_post,7.618746591731906,1783793877.4079869,84.501,36,0,2265,12481
5,fp32_idle_post,7.719052163884044,1783793877.5082898,84.501,36,0,2265,12481
5,fp32_idle_post,7.819270920008421,1783793877.6085086,84.501,36,0,2265,12481
5,fp32_idle_post,7.919491328299046,1783793877.7087293,84.501,36,0,2265,12481
5,fp32_idle_post,8.019710732623935,1783793877.8089488,84.501,35,0,2265,12481
5,fp32_idle_post,8.119938228279352,1783793877.9091763,84.598,35,0,2257,12481
5,fp32_idle_post,8.22018682397902,1783793878.009426,84.598,35,0,2257,12481
5,fp32_idle_post,8.320401111617684,1783793878.1096385,84.598,35,0,2257,12481
5,fp32_idle_post,8.42061053775251,1783793878.2098475,84.598,35,0,2257,12481
5,fp32_idle_post,8.520823823288083,1783793878.3100615,84.598,35,0,2257,12481
5,fp32_idle_post,8.621050177142024,1783793878.4102914,84.598,35,0,2257,12481
5,fp32_idle_post,8.721274714916945,1783793878.5105155,84.598,35,0,2257,12481
5,fp32_idle_post,8.821515832096338,1783793878.6107535,84.598,35,0,2257,12481
5,fp32_idle_post,8.921811141073704,1783793878.7110493,84.598,35,0,2257,12481
5,fp32_idle_post,9.022060139104724,1783793878.8112977,84.598,35,0,2257,12481
5,fp32_idle_post,9.122370295226574,1783793878.9116085,84.111,35,0,2265,12481
5,fp32_idle_post,9.222581710666418,1783793879.0118194,84.111,35,0,2265,12481
5,fp32_idle_post,9.322818160057068,1783793879.112056,84.111,35,0,2265,12481
5,fp32_idle_post,9.423038782551885,1783793879.2122762,84.111,35,0,2265,12481
5,fp32_idle_post,9.523258009925485,1783793879.312496,84.111,35,0,2265,12481
5,fp32_idle_post,9.62347130663693,1783793879.4127083,84.111,35,0,2265,12481
5,fp32_idle_post,9.723695110529661,1783793879.5129347,84.111,35,0,2265,12481
5,fp32_idle_post,9.823953747749329,1783793879.6131911,84.111,35,0,2265,12481
5,fp32_idle_post,9.924173340201378,1783793879.713411,84.111,35,0,2265,12481
6,int8_idle_pre,0.0003084838390350342,1783793879.800279,84.111,35,0,2265,12481
6,int8_idle_pre,0.1005261056125164,1783793879.9004984,84.111,35,0,2265,12481
6,int8_idle_pre,0.2008526362478733,1783793880.0008252,84.111,35,0,2265,12481
6,int8_idle_pre,0.30107455141842365,1783793880.1010504,84.111,35,0,2265,12481
6,int8_idle_pre,0.40130191296339035,1783793880.2012744,84.111,35,0,2265,12481
6,int8_idle_pre,0.5016340687870979,1783793880.3016064,84.111,35,0,2265,12481
6,int8_idle_pre,0.601901400834322,1783793880.4018738,84.111,35,0,2265,12481
6,int8_idle_pre,0.7021748442202806,1783793880.5021498,84.111,35,0,2265,12481
6,int8_idle_pre,0.8024443127214909,1783793880.6024175,84.111,35,0,2265,12481
6,int8_idle_pre,0.902701010927558,1783793880.7026734,84.111,35,0,2265,12481
6,int8_idle_pre,1.003065513446927,1783793880.803039,84.111,35,0,2265,12481
6,int8_idle_pre,1.103508511558175,1783793880.9034812,84.062,35,0,2265,12481
6,int8_idle_pre,1.203777328133583,1783793881.0037496,84.062,35,0,2265,12481
6,int8_idle_pre,1.3040598556399345,1783793881.1040337,84.062,35,0,2265,12481
6,int8_idle_pre,1.4043383095413446,1783793881.204311,84.062,35,0,2265,12481
6,int8_idle_pre,1.5045575238764286,1783793881.3045301,84.062,35,0,2265,12481
6,int8_idle_pre,1.6048071552067995,1783793881.4047806,84.062,35,0,2265,12481
6,int8_idle_pre,1.7050305679440498,1783793881.505003,84.062,35,0,2265,12481
6,int8_idle_pre,1.8052761554718018,1783793881.6052496,84.062,35,0,2265,12481
6,int8_idle_pre,1.9055004436522722,1783793881.7054741,84.062,35,0,2265,12481
6,int8_idle_pre,2.0058345198631287,1783793881.8058069,84.062,35,0,2265,12481
6,int8_idle_pre,2.1061260867863894,1783793881.9061003,84.014,35,0,2257,12481
6,int8_idle_pre,2.2063669208437204,1783793882.006342,84.014,35,0,2257,12481
6,int8_idle_pre,2.3065922148525715,1783793882.106564,84.014,35,0,2257,12481
6,int8_idle_pre,2.4068557880818844,1783793882.206828,84.014,35,0,2257,12481
6,int8_idle_pre,2.507122104987502,1783793882.3070943,84.014,35,0,2257,12481
6,int8_idle_pre,2.6073413398116827,1783793882.4073138,84.014,35,0,2257,12481
6,int8_idle_pre,2.707633424550295,1783793882.507609,84.014,35,0,2257,12481
6,int8_idle_pre,2.8078669104725122,1783793882.607844,84.014,35,0,2257,12481
6,int8_idle_pre,2.9081010073423386,1783793882.7080746,84.014,35,0,2257,12481
6,int8_idle_pre,3.008361602202058,1783793882.8083355,84.014,35,0,2257,12481
6,int8_idle_pre,3.1085840109735727,1783793882.9085565,84.014,35,0,2257,12481
6,int8_idle_pre,3.2088913545012474,1783793883.0088637,84.014,35,0,2257,12481
6,int8_idle_pre,3.3091603629291058,1783793883.1091328,84.014,35,0,2257,12481
6,int8_idle_pre,3.4094708655029535,1783793883.2094438,84.014,35,0,2257,12481
6,int8_idle_pre,3.509700108319521,1783793883.309673,84.014,35,0,2257,12481
6,int8_idle_pre,3.609969487413764,1783793883.4099414,84.014,35,0,2257,12481
6,int8_idle_pre,3.710198936983943,1783793883.5101724,84.014,35,0,2257,12481
6,int8_idle_pre,3.8104233648627996,1783793883.6103964,84.014,35,0,2257,12481
6,int8_idle_pre,3.910645328462124,1783793883.7106175,84.014,35,0,2257,12481
6,int8_idle_pre,4.010977948084474,1783793883.8109505,84.014,35,0,2257,12481
6,int8_idle_pre,4.111199347302318,1783793883.9111714,84.014,35,0,2265,12481
6,int8_idle_pre,4.2115270886570215,1783793884.0114992,84.014,35,0,2265,12481
6,int8_idle_pre,4.311747655272484,1783793884.1117198,84.014,35,0,2265,12481
6,int8_idle_pre,4.41196640022099,1783793884.2119389,84.014,35,0,2265,12481
6,int8_idle_pre,4.512170000001788,1783793884.312142,84.014,35,0,2265,12481
6,int8_idle_pre,4.612412478774786,1783793884.412385,84.014,35,0,2265,12481
6,int8_idle_pre,4.712693203240633,1783793884.5126653,84.014,35,0,2265,12481
6,int8_idle_pre,4.813076164573431,1783793884.6130486,84.014,35,0,2265,12481
6,int8_idle_pre,4.913306416943669,1783793884.7132797,84.014,35,0,2265,12481
6,int8_idle_pre,5.013537768274546,1783793884.8135145,84.014,35,0,2265,12481
6,int8_idle_pre,5.113854503259063,1783793884.91383,84.013,35,0,2265,12481
6,int8_idle_pre,5.214160043746233,1783793885.0141385,84.013,35,0,2265,12481
6,int8_idle_pre,5.314401673153043,1783793885.1143816,84.013,35,0,2265,12481
6,int8_idle_pre,5.414719292894006,1783793885.2147155,84.013,35,0,2265,12481
6,int8_idle_pre,5.515078151598573,1783793885.3150508,84.013,35,0,2265,12481
6,int8_idle_pre,5.615350149571896,1783793885.4153237,84.013,35,0,2265,12481
6,int8_idle_pre,5.715579988434911,1783793885.5155575,84.013,35,0,2265,12481
6,int8_idle_pre,5.815815826877952,1783793885.6157923,84.013,35,0,2265,12481
6,int8_idle_pre,5.916049208492041,1783793885.7160254,84.013,35,0,2265,12481
6,int8_idle_pre,6.0162789933383465,1783793885.8162534,84.013,35,0,2265,12481
6,int8_idle_pre,6.116507219150662,1783793885.9164853,84.008,35,0,2257,12481
6,int8_idle_pre,6.216736076399684,1783793886.0167089,84.008,35,0,2257,12481
6,int8_idle_pre,6.317046610638499,1783793886.1170242,84.008,35,0,2257,12481
6,int8_idle_pre,6.417285760864615,1783793886.2172616,84.008,35,0,2257,12481
6,int8_idle_pre,6.517518920823932,1783793886.3174946,84.008,35,0,2257,12481
6,int8_idle_pre,6.61784397624433,1783793886.4178169,84.008,35,0,2257,12481
6,int8_idle_pre,6.718070572242141,1783793886.518048,84.008,35,0,2257,12481
6,int8_idle_pre,6.818312907591462,1783793886.618295,84.008,35,0,2257,12481
6,int8_idle_pre,6.918647056445479,1783793886.7186253,84.008,35,0,2257,12481
6,int8_idle_pre,7.0190186481922865,1783793886.8189955,84.008,35,0,2257,12481
6,int8_idle_pre,7.1193373668938875,1783793886.9193115,84.011,35,0,2257,12481
6,int8_idle_pre,7.219589011743665,1783793887.0195656,84.011,35,0,2257,12481
6,int8_idle_pre,7.319840645417571,1783793887.1198194,84.011,35,0,2257,12481
6,int8_idle_pre,7.420127231627703,1783793887.2201023,84.011,35,0,2257,12481
6,int8_idle_pre,7.520352605730295,1783793887.320325,84.011,35,0,2257,12481
6,int8_idle_pre,7.620584387332201,1783793887.4205592,84.011,35,0,2257,12481
6,int8_idle_pre,7.720813043415546,1783793887.5207858,84.011,35,0,2257,12481
6,int8_idle_pre,7.82109728269279,1783793887.6210747,84.011,35,0,2257,12481
6,int8_idle_pre,7.921329772099853,1783793887.7213042,84.011,35,0,2257,12481
6,int8_idle_pre,8.021666644141078,1783793887.821643,84.011,35,0,2257,12481
6,int8_idle_pre,8.12189899943769,1783793887.9218745,84.014,35,0,2265,12481
6,int8_idle_pre,8.222128581255674,1783793888.022106,84.014,35,0,2265,12481
6,int8_idle_pre,8.322362748906016,1783793888.1223395,84.014,35,0,2265,12481
6,int8_idle_pre,8.422592820599675,1783793888.2225664,84.014,35,0,2265,12481
6,int8_idle_pre,8.522838842123747,1783793888.3228116,84.014,35,0,2265,12481
6,int8_idle_pre,8.623098187148571,1783793888.4230707,84.014,35,0,2265,12481
6,int8_idle_pre,8.723408984020352,1783793888.5233817,84.014,35,0,2265,12481
6,int8_idle_pre,8.823689494282007,1783793888.623663,84.014,35,0,2265,12481
6,int8_idle_pre,8.923990525305271,1783793888.723963,84.014,35,0,2265,12481
6,int8_idle_pre,9.024210777133703,1783793888.8241832,84.014,35,0,2265,12481
6,int8_idle_pre,9.124521240592003,1783793888.9244943,84.014,35,0,2265,12481
6,int8_idle_pre,9.224742630496621,1783793889.0247147,84.014,35,0,2265,12481
6,int8_idle_pre,9.324964536353946,1783793889.124937,84.014,35,0,2265,12481
6,int8_idle_pre,9.425290863960981,1783793889.2252655,84.014,35,0,2265,12481
6,int8_idle_pre,9.525527523830533,1783793889.3255,84.014,35,0,2265,12481
6,int8_idle_pre,9.625838715583086,1783793889.425811,84.014,35,0,2265,12481
6,int8_idle_pre,9.726129399612546,1783793889.526103,84.014,35,0,2265,12481
6,int8_idle_pre,9.826388848945498,1783793889.6263614,84.014,35,0,2265,12481
6,int8_idle_pre,9.926608808338642,1783793889.7265813,84.014,35,0,2265,12481
6,int8_active,0.00038241222500801086,1783793889.8018262,84.014,35,0,2265,12481
6,int8_active,0.10060304403305054,1783793889.9020498,84.014,35,0,2272,12481
6,int8_active,0.2008746676146984,1783793890.0023198,94.372,37,0,2272,12481
6,int8_active,0.30111648328602314,1783793890.1025643,102.467,38,94,2257,12481
6,int8_active,0.40138449147343636,1783793890.2028296,109.962,38,94,2257,12481
6,int8_active,0.5015945769846439,1783793890.3030398,115.757,38,94,2257,12481
6,int8_active,0.6018626801669598,1783793890.4033077,121.302,38,94,2257,12481
6,int8_active,0.7021728027611971,1783793890.5036182,126.21,38,94,2257,12481
6,int8_active,0.8024128545075655,1783793890.6038585,130.018,38,94,2257,12481
6,int8_active,0.9026327636092901,1783793890.704083,133.957,38,94,2257,12481
6,int8_active,1.002962950617075,1783793890.8044083,137.007,39,94,2257,12481
6,int8_active,1.1031823437660933,1783793890.904628,195.989,39,94,2257,12481
6,int8_active,1.203575761988759,1783793891.005021,196.234,39,94,2257,12481
6,int8_active,1.30382608063519,1783793891.1052728,196.078,39,94,2257,12481
6,int8_active,1.4040846098214388,1783793891.20553,196.175,39,94,2257,12481
6,int8_active,1.5043343007564545,1783793891.3057795,196.369,39,94,2257,12481
6,int8_active,1.6045833677053452,1783793891.406029,196.139,39,94,2257,12481
6,int8_active,1.7048037890344858,1783793891.5062492,196.223,39,94,2257,12481
6,int8_active,1.8050234597176313,1783793891.6064687,195.711,39,94,2257,12481
6,int8_active,1.9052589759230614,1783793891.706753,195.798,39,94,2257,12481
6,int8_active,2.005602380260825,1783793891.807048,196.719,39,94,2257,12481
6,int8_active,2.1059237010776997,1783793891.907369,196.137,39,94,2257,12481
6,int8_active,2.2061436399817467,1783793892.0075946,196.614,39,94,2257,12481
6,int8_active,2.3063888661563396,1783793892.1078153,196.148,39,94,2257,12481
6,int8_active,2.4064964838325977,1783793892.2079198,196.727,39,94,2257,12481
6,int8_active,2.50659460388124,1783793892.3080175,196.76,39,94,2257,12481
6,int8_active,2.6066897120326757,1783793892.4081118,196.518,39,94,2257,12481
6,int8_active,2.7067834325134754,1783793892.5082057,196.336,39,94,2257,12481
6,int8_active,2.8068779930472374,1783793892.6083,196.386,39,94,2257,12481
6,int8_active,2.9069720208644867,1783793892.7083945,196.783,39,93,2257,12481
6,int8_active,3.0070661529898643,1783793892.8084886,197.125,39,93,2257,12481
6,int8_active,3.1071650721132755,1783793892.9085903,196.615,39,94,2257,12481
6,int8_active,3.2072697803378105,1783793893.008693,196.993,39,94,2257,12481
6,int8_active,3.307367091998458,1783793893.1087894,196.954,39,93,2257,12481
6,int8_active,3.407461941242218,1783793893.208885,196.918,39,93,2257,12481
6,int8_active,3.507568497210741,1783793893.3089907,196.979,39,93,2257,12481
6,int8_active,3.6076619159430265,1783793893.4090846,197.051,39,93,2257,12481
6,int8_active,3.7077588886022568,1783793893.509183,197.184,39,94,2257,12481
6,int8_active,3.807861903682351,1783793893.6092856,197.039,39,94,2257,12481
6,int8_active,3.9079624004662037,1783793893.7093852,197.294,39,94,2257,12481
6,int8_idle_post,0.00029294751584529877,1783793893.773575,197.342,39,94,2257,12481
6,int8_idle_post,0.1006024219095707,1783793893.8738902,196.154,39,84,2257,12481
6,int8_idle_post,0.20082422718405724,1783793893.9741116,185.224,37,84,2257,12481
6,int8_idle_post,0.30104721151292324,1783793894.0743325,174.084,37,0,2257,12481
6,int8_idle_post,0.4013066701591015,1783793894.1745923,162.888,36,0,2257,12481
6,int8_idle_post,0.5015464797616005,1783793894.2748315,155.812,36,0,2257,12481
6,int8_idle_post,0.6018801350146532,1783793894.3751662,145.191,36,0,2265,12481
6,int8_idle_post,0.7020908929407597,1783793894.4753804,135.546,36,0,2265,12481
6,int8_idle_post,0.802309975028038,1783793894.575599,118.043,36,0,2265,12481
6,int8_idle_post,0.902595454826951,1783793894.675886,115.038,36,0,2265,12481
6,int8_idle_post,1.0028267838060856,1783793894.776113,104.81,36,0,2265,12481
6,int8_idle_post,1.1030485332012177,1783793894.876335,104.81,36,0,2265,12481
6,int8_idle_post,1.2032663598656654,1783793894.9765518,104.81,36,0,2265,12481
6,int8_idle_post,1.3035120833665133,1783793895.0768,104.81,36,0,2265,12481
6,int8_idle_post,1.4037389680743217,1783793895.1770256,104.81,36,0,2265,12481
6,int8_idle_post,1.503959832713008,1783793895.2772453,104.81,36,0,2265,12481
6,int8_idle_post,1.604178562760353,1783793895.3774638,104.81,36,0,2265,12481
6,int8_idle_post,1.7044884152710438,1783793895.477774,104.81,36,0,2265,12481
6,int8_idle_post,1.8047488629817963,1783793895.578034,104.81,36,0,2265,12481
6,int8_idle_post,1.904966089874506,1783793895.6782513,104.81,36,0,2265,12481
6,int8_idle_post,2.0051865838468075,1783793895.778472,84.106,36,0,2265,12481
6,int8_idle_post,2.105517391115427,1783793895.8788025,84.106,36,0,2265,12481
6,int8_idle_post,2.205778444185853,1783793895.9790642,84.106,36,0,2265,12481
6,int8_idle_post,2.3060377445071936,1783793896.079324,84.106,36,0,2265,12481
6,int8_idle_post,2.4062594920396805,1783793896.1795454,84.106,36,0,2265,12481
6,int8_idle_post,2.5064814276993275,1783793896.279766,84.106,36,0,2265,12481
6,int8_idle_post,2.606703046709299,1783793896.379988,84.106,36,0,2265,12481
6,int8_idle_post,2.7069226000458,1783793896.4802082,84.106,36,0,2265,12481
6,int8_idle_post,2.8071921598166227,1783793896.5804775,84.106,36,0,2265,12481
6,int8_idle_post,2.907451331615448,1783793896.6807365,84.106,36,0,2265,12481
6,int8_idle_post,3.0076694823801517,1783793896.780955,84.014,35,0,2265,12481
6,int8_idle_post,3.1079505644738674,1783793896.881236,84.014,35,0,2265,12481
6,int8_idle_post,3.208190195262432,1783793896.981475,84.014,35,0,2265,12481
6,int8_idle_post,3.308459848165512,1783793897.081745,84.014,35,0,2265,12481
6,int8_idle_post,3.408718802034855,1783793897.182004,84.014,35,0,2265,12481
6,int8_idle_post,3.5090924613177776,1783793897.2823775,84.014,35,0,2265,12481
6,int8_idle_post,3.6093729101121426,1783793897.3826582,84.014,35,0,2265,12481
6,int8_idle_post,3.7096730023622513,1783793897.482958,84.014,35,0,2265,12481
6,int8_idle_post,3.810005171224475,1783793897.5832903,84.014,35,0,2265,12481
6,int8_idle_post,3.9102234467864037,1783793897.6835093,84.014,35,0,2265,12481
6,int8_idle_post,4.010472418740392,1783793897.7837577,84.111,35,0,2257,12481
6,int8_idle_post,4.110691642388701,1783793897.8839765,84.111,35,0,2257,12481
6,int8_idle_post,4.211015114560723,1783793897.9843009,84.111,35,0,2257,12481
6,int8_idle_post,4.3112356550991535,1783793898.0845222,84.111,35,0,2257,12481
6,int8_idle_post,4.411511544138193,1783793898.1847973,84.111,35,0,2257,12481
6,int8_idle_post,4.511729087680578,1783793898.2850146,84.111,35,0,2257,12481
6,int8_idle_post,4.611978475004435,1783793898.385264,84.111,35,0,2257,12481
6,int8_idle_post,4.7122187949717045,1783793898.4855037,84.111,35,0,2257,12481
6,int8_idle_post,4.812499742954969,1783793898.585785,84.111,35,0,2257,12481
6,int8_idle_post,4.9127280078828335,1783793898.6860142,84.111,35,0,2257,12481
6,int8_idle_post,5.01294787414372,1783793898.786233,84.062,35,0,2265,12481
6,int8_idle_post,5.113176021724939,1783793898.8864622,84.062,35,0,2265,12481
6,int8_idle_post,5.213397193700075,1783793898.986701,84.062,35,0,2265,12481
6,int8_idle_post,5.313714819028974,1783793899.0870001,84.062,35,0,2265,12481
6,int8_idle_post,5.414057372137904,1783793899.1873431,84.062,35,0,2265,12481
6,int8_idle_post,5.51427579857409,1783793899.2875614,84.062,35,0,2265,12481
6,int8_idle_post,5.614524953067303,1783793899.3878105,84.062,35,0,2265,12481
6,int8_idle_post,5.714744387194514,1783793899.4880297,84.062,35,0,2265,12481
6,int8_idle_post,5.815034359693527,1783793899.58832,84.062,35,0,2265,12481
6,int8_idle_post,5.915264194831252,1783793899.688549,84.062,35,0,2265,12481
6,int8_idle_post,6.015467170625925,1783793899.7887456,84.063,35,0,2265,12481
6,int8_idle_post,6.115659531205893,1783793899.888945,84.063,35,0,2265,12481
6,int8_idle_post,6.215930024161935,1783793899.989215,84.063,35,0,2265,12481
6,int8_idle_post,6.316253365948796,1783793900.0895422,84.063,35,0,2265,12481
6,int8_idle_post,6.416507810354233,1783793900.189793,84.063,35,0,2265,12481
6,int8_idle_post,6.516767963767052,1783793900.290054,84.063,35,0,2265,12481
6,int8_idle_post,6.6169916447252035,1783793900.3902786,84.063,35,0,2265,12481
6,int8_idle_post,6.717301283031702,1783793900.4905887,84.063,35,0,2265,12481
6,int8_idle_post,6.8174958154559135,1783793900.590783,84.063,35,0,2265,12481
6,int8_idle_post,6.917770968750119,1783793900.6910582,84.063,35,0,2265,12481
6,int8_idle_post,7.018052242696285,1783793900.7913404,83.822,35,0,2265,12481
6,int8_idle_post,7.118277920410037,1783793900.8915656,83.822,35,0,2265,12481
6,int8_idle_post,7.218556746840477,1783793900.9918454,83.822,35,0,2265,12481
6,int8_idle_post,7.3187821470201015,1783793901.0920715,83.822,35,0,2265,12481
6,int8_idle_post,7.419009583070874,1783793901.1922958,83.822,35,0,2265,12481
6,int8_idle_post,7.519327279180288,1783793901.2926145,83.822,35,0,2265,12481
6,int8_idle_post,7.619584675878286,1783793901.3928738,83.822,35,0,2265,12481
6,int8_idle_post,7.7197916228324175,1783793901.4930768,83.822,35,0,2265,12481
6,int8_idle_post,7.820065621286631,1783793901.5933537,83.822,35,0,2265,12481
6,int8_idle_post,7.9203364495188,1783793901.6936245,83.822,35,0,2265,12481
6,int8_idle_post,8.020563069730997,1783793901.7938523,83.527,35,0,2257,12481
6,int8_idle_post,8.120774436742067,1783793901.894065,83.527,35,0,2257,12481
6,int8_idle_post,8.221009155735373,1783793901.994301,83.527,35,0,2257,12481
6,int8_idle_post,8.321272732689977,1783793902.09456,83.527,35,0,2257,12481
6,int8_idle_post,8.421498451381922,1783793902.194786,83.527,35,0,2257,12481
6,int8_idle_post,8.521709598600864,1783793902.2949953,83.527,35,0,2257,12481
6,int8_idle_post,8.622018918395042,1783793902.395312,83.527,35,0,2257,12481
6,int8_idle_post,8.72223642282188,1783793902.4955218,83.527,35,0,2257,12481
6,int8_idle_post,8.822459746152163,1783793902.595749,83.527,35,0,2257,12481
6,int8_idle_post,8.92275782302022,1783793902.6960442,83.527,35,0,2257,12481
6,int8_idle_post,9.022963806986809,1783793902.7962506,83.521,35,0,2265,12481
6,int8_idle_post,9.123192271217704,1783793902.896481,83.521,35,0,2265,12481
6,int8_idle_post,9.223426651209593,1783793902.9967155,83.521,35,0,2265,12481
6,int8_idle_post,9.323681186884642,1783793903.0969682,83.521,35,0,2265,12481
6,int8_idle_post,9.423903860151768,1783793903.1971898,83.521,35,0,2265,12481
6,int8_idle_post,9.524126099422574,1783793903.297414,83.521,35,0,2265,12481
6,int8_idle_post,9.62434720247984,1783793903.3976338,83.521,35,0,2265,12481
6,int8_idle_post,9.724701907485723,1783793903.4979925,83.521,35,0,2265,12481
6,int8_idle_post,9.824917491525412,1783793903.5982077,83.521,35,0,2265,12481
6,int8_idle_post,9.925147611647844,1783793903.6984365,83.521,35,0,2265,12481
7,fp32_idle_pre,0.0003213807940483093,1783793903.784597,83.767,35,0,2265,12481
7,fp32_idle_pre,0.10065206699073315,1783793903.8849354,83.767,35,0,2265,12481
7,fp32_idle_pre,0.20092656090855598,1783793903.9852138,83.767,35,0,2265,12481
7,fp32_idle_pre,0.3011686410754919,1783793904.0854487,83.767,35,0,2265,12481
7,fp32_idle_pre,0.4015522450208664,1783793904.1858313,83.767,35,0,2265,12481
7,fp32_idle_pre,0.5017793644219637,1783793904.2860577,83.767,35,0,2265,12481
7,fp32_idle_pre,0.60200010612607,1783793904.3862777,83.767,35,0,2265,12481
7,fp32_idle_pre,0.7022203281521797,1783793904.4864986,83.767,35,0,2265,12481
7,fp32_idle_pre,0.8024869691580534,1783793904.5867648,83.767,35,0,2265,12481
7,fp32_idle_pre,0.9027873482555151,1783793904.6870651,83.767,35,0,2265,12481
7,fp32_idle_pre,1.003007348626852,1783793904.787285,84.014,35,0,2265,12481
7,fp32_idle_pre,1.103228023275733,1783793904.887505,84.014,35,0,2265,12481
7,fp32_idle_pre,1.2034638822078705,1783793904.987742,84.014,35,0,2265,12481
7,fp32_idle_pre,1.3037057239562273,1783793905.0879867,84.014,35,0,2265,12481
7,fp32_idle_pre,1.4039360079914331,1783793905.1882153,84.014,35,0,2265,12481
7,fp32_idle_pre,1.5041601806879044,1783793905.2884378,84.014,35,0,2265,12481
7,fp32_idle_pre,1.604380153119564,1783793905.3886578,84.014,35,0,2265,12481
7,fp32_idle_pre,1.70465724542737,1783793905.488936,84.014,35,0,2265,12481
7,fp32_idle_pre,1.8048838581889868,1783793905.5891669,84.014,35,0,2265,12481
7,fp32_idle_pre,1.9051179606467485,1783793905.6893957,84.014,35,0,2265,12481
7,fp32_idle_pre,2.005338968709111,1783793905.7896168,83.77,35,0,2265,12481
7,fp32_idle_pre,2.1055603325366974,1783793905.8898377,83.77,35,0,2265,12481
7,fp32_idle_pre,2.2057798132300377,1783793905.9900572,83.77,35,0,2265,12481
7,fp32_idle_pre,2.3060559406876564,1783793906.0903344,83.77,35,0,2265,12481
7,fp32_idle_pre,2.4062792789191008,1783793906.1905572,83.77,35,0,2265,12481
7,fp32_idle_pre,2.50655304081738,1783793906.2908313,83.77,35,0,2265,12481
7,fp32_idle_pre,2.6067824214696884,1783793906.3910599,83.77,35,0,2265,12481
7,fp32_idle_pre,2.7070017363876104,1783793906.4912791,83.77,35,0,2265,12481
7,fp32_idle_pre,2.8072706926614046,1783793906.5915477,83.77,35,0,2265,12481
7,fp32_idle_pre,2.9074865989387035,1783793906.6917648,83.77,35,0,2265,12481
7,fp32_idle_pre,3.007706865668297,1783793906.7919843,84.063,35,0,2265,12481
7,fp32_idle_pre,3.1079778745770454,1783793906.8922555,84.063,35,0,2265,12481
7,fp32_idle_pre,3.208278700709343,1783793906.992556,84.063,35,0,2265,12481
7,fp32_idle_pre,3.308528356254101,1783793907.092806,84.063,35,0,2265,12481
7,fp32_idle_pre,3.408751493319869,1783793907.1930358,84.063,35,0,2265,12481
7,fp32_idle_pre,3.508987145498395,1783793907.2932658,84.063,35,0,2265,12481
7,fp32_idle_pre,3.6092073749750853,1783793907.3934858,84.063,35,0,2265,12481
7,fp32_idle_pre,3.709428120404482,1783793907.493707,84.063,35,0,2265,12481
7,fp32_idle_pre,3.8096494525671005,1783793907.5939271,84.063,35,0,2265,12481
7,fp32_idle_pre,3.9099641405045986,1783793907.6942418,84.063,35,0,2265,12481
7,fp32_idle_pre,4.0101825054734945,1783793907.79446,83.521,35,0,2257,12481
7,fp32_idle_pre,4.110400322824717,1783793907.894698,83.521,35,0,2257,12481
7,fp32_idle_pre,4.210691388696432,1783793907.994969,83.521,35,0,2257,12481
7,fp32_idle_pre,4.310887984931469,1783793908.0951655,83.521,35,0,2257,12481
7,fp32_idle_pre,4.411107940599322,1783793908.1953857,83.521,35,0,2257,12481
7,fp32_idle_pre,4.511398985981941,1783793908.2956765,83.521,35,0,2257,12481
7,fp32_idle_pre,4.611617477610707,1783793908.395895,83.521,35,0,2257,12481
7,fp32_idle_pre,4.711836986243725,1783793908.4961147,83.521,35,0,2257,12481
7,fp32_idle_pre,4.812055740505457,1783793908.596333,83.521,35,0,2257,12481
7,fp32_idle_pre,4.912377543747425,1783793908.696656,83.521,35,0,2257,12481
7,fp32_idle_pre,5.012601364403963,1783793908.7968822,83.524,35,0,2265,12481
7,fp32_idle_pre,5.1128729693591595,1783793908.8971512,83.524,35,0,2265,12481
7,fp32_idle_pre,5.213185306638479,1783793908.9974627,83.524,35,0,2265,12481
7,fp32_idle_pre,5.313407260924578,1783793909.0976868,83.524,35,0,2265,12481
7,fp32_idle_pre,5.413736801594496,1783793909.198016,83.524,35,0,2265,12481
7,fp32_idle_pre,5.513992870226502,1783793909.298276,83.524,35,0,2265,12481
7,fp32_idle_pre,5.6142251919955015,1783793909.3985028,83.524,35,0,2265,12481
7,fp32_idle_pre,5.714546099305153,1783793909.4988234,83.524,35,0,2265,12481
7,fp32_idle_pre,5.814765565097332,1783793909.599043,83.524,35,0,2265,12481
7,fp32_idle_pre,5.9150033462792635,1783793909.6992807,83.524,35,0,2265,12481
7,fp32_idle_pre,6.015223952010274,1783793909.7995014,83.527,35,0,2265,12481
7,fp32_idle_pre,6.115475477650762,1783793909.8997533,83.527,35,0,2265,12481
7,fp32_idle_pre,6.21575160510838,1783793910.0000293,83.527,35,0,2265,12481
7,fp32_idle_pre,6.315974349156022,1783793910.100254,83.527,35,0,2265,12481
7,fp32_idle_pre,6.416200328618288,1783793910.2004783,83.527,35,0,2265,12481
7,fp32_idle_pre,6.516428768634796,1783793910.3007061,83.527,35,0,2265,12481
7,fp32_idle_pre,6.616648295894265,1783793910.4009268,83.527,35,0,2265,12481
7,fp32_idle_pre,6.71686963737011,1783793910.5011466,83.527,35,0,2265,12481
7,fp32_idle_pre,6.81713492795825,1783793910.6014123,83.527,35,0,2265,12481
7,fp32_idle_pre,6.917385207489133,1783793910.701663,83.527,35,0,2265,12481
7,fp32_idle_pre,7.017603844404221,1783793910.8018813,83.524,34,0,2265,12481
7,fp32_idle_pre,7.117904683575034,1783793910.9021819,83.524,34,0,2265,12481
7,fp32_idle_pre,7.218123896047473,1783793911.0024014,83.524,34,0,2265,12481
7,fp32_idle_pre,7.318345757201314,1783793911.1026242,83.524,34,0,2265,12481
7,fp32_idle_pre,7.418585600331426,1783793911.2028632,83.524,34,0,2265,12481
7,fp32_idle_pre,7.518906394019723,1783793911.3031836,83.524,34,0,2265,12481
7,fp32_idle_pre,7.619172386825085,1783793911.4034493,83.524,34,0,2265,12481
7,fp32_idle_pre,7.719392912462354,1783793911.5036702,83.524,34,0,2265,12481
7,fp32_idle_pre,7.81961122341454,1783793911.6038883,83.524,34,0,2265,12481
7,fp32_idle_pre,7.919830778613687,1783793911.7041085,83.524,34,0,2265,12481
7,fp32_idle_pre,8.02005736157298,1783793911.8043349,83.521,34,0,2257,12481
7,fp32_idle_pre,8.12030053511262,1783793911.90458,83.521,34,0,2257,12481
7,fp32_idle_pre,8.220524372532964,1783793912.0048025,83.521,34,0,2257,12481
7,fp32_idle_pre,8.320744425058365,1783793912.105022,83.521,34,0,2257,12481
7,fp32_idle_pre,8.420960268005729,1783793912.2052379,83.521,34,0,2257,12481
7,fp32_idle_pre,8.521273408085108,1783793912.305551,83.521,34,0,2257,12481
7,fp32_idle_pre,8.621518332511187,1783793912.4057992,83.521,34,0,2257,12481
7,fp32_idle_pre,8.721798935905099,1783793912.50608,83.521,34,0,2257,12481
7,fp32_idle_pre,8.822063500061631,1783793912.6063414,83.521,34,0,2257,12481
7,fp32_idle_pre,8.922281920909882,1783793912.7065594,83.521,34,0,2257,12481
7,fp32_idle_pre,9.02267544157803,1783793912.8069525,84.495,34,0,2265,12481
7,fp32_idle_pre,9.12300568073988,1783793912.9072828,84.495,34,0,2265,12481
7,fp32_idle_pre,9.223222330212593,1783793913.0074997,84.495,34,0,2265,12481
7,fp32_idle_pre,9.323444712907076,1783793913.1077223,84.495,34,0,2265,12481
7,fp32_idle_pre,9.423664452508092,1783793913.2079418,84.495,34,0,2265,12481
7,fp32_idle_pre,9.523891089484096,1783793913.3081684,84.495,34,0,2265,12481
7,fp32_idle_pre,9.624110436066985,1783793913.4083881,84.495,34,0,2265,12481
7,fp32_idle_pre,9.724332073703408,1783793913.5086126,84.495,34,0,2265,12481
7,fp32_idle_pre,9.824587864801288,1783793913.6088655,84.495,34,0,2265,12481
7,fp32_idle_pre,9.924878681078553,1783793913.709156,84.495,34,0,2265,12481
7,fp32_active,0.0004125721752643585,1783793913.7859757,84.011,34,0,2265,12481
7,fp32_active,0.10065078921616077,1783793913.8862166,83.618,34,1,2265,12481
7,fp32_active,0.20083537697792053,1783793913.9863832,96.745,39,1,2265,12481
7,fp32_active,0.30099276080727577,1783793914.08657,111.963,40,94,2250,12481
7,fp32_active,0.4012553561478853,1783793914.1868203,127.717,41,94,2250,12481
7,fp32_active,0.5015957038849592,1783793914.287205,137.928,41,94,2250,12481
7,fp32_active,0.6019287593662739,1783793914.3874938,150.154,41,94,2250,12481
7,fp32_active,0.7021484859287739,1783793914.4877138,157.825,41,94,2250,12481
7,fp32_active,0.8023684993386269,1783793914.5879335,167.334,42,94,2250,12481
7,fp32_active,0.9026261009275913,1783793914.6881967,173.276,42,94,2250,12481
7,fp32_active,1.0029358752071857,1783793914.7885008,279.214,42,94,2250,12481
7,fp32_active,1.1032053995877504,1783793914.8887706,279.292,42,94,2250,12481
7,fp32_active,1.2034669797867537,1783793914.989032,305.944,42,94,2250,12481
7,fp32_active,1.303728748112917,1783793915.0892966,307.141,42,94,2250,12481
7,fp32_active,1.4039865005761385,1783793915.1895518,308.034,42,94,2250,12481
7,fp32_active,1.5042247995734215,1783793915.28979,306.693,42,94,2250,12481
7,fp32_active,1.6044646874070168,1783793915.3900304,307.16,42,94,2250,12481
7,fp32_active,1.7047655247151852,1783793915.4903307,305.464,42,94,2250,12481
7,fp32_active,1.804953247308731,1783793915.5905008,304.508,42,94,2250,12481
7,fp32_active,1.9051139503717422,1783793915.690745,307.008,43,94,2250,12481
7,fp32_active,2.0054026637226343,1783793915.79097,307.792,43,94,2250,12481
7,fp32_active,2.1056626718491316,1783793915.8912299,307.214,43,94,2250,12481
7,fp32_active,2.2058666553348303,1783793915.991457,305.093,43,94,2250,12481
7,fp32_active,2.3061351403594017,1783793916.0917096,307.146,43,94,2250,12481
7,fp32_active,2.406411310657859,1783793916.1919792,308.026,43,94,2250,12481
7,fp32_active,2.506652880460024,1783793916.2922204,312.103,43,94,2250,12481
7,fp32_active,2.607022637501359,1783793916.39259,309.531,43,94,2250,12481
7,fp32_active,2.707248106598854,1783793916.4928148,312.029,43,94,2250,12481
7,fp32_active,2.8075725436210632,1783793916.593175,311.105,43,94,2250,12481
7,fp32_active,2.907870227470994,1783793916.6934373,311.486,43,94,2250,12481
7,fp32_active,3.008061144500971,1783793916.793611,309.087,43,94,2250,12481
7,fp32_active,3.1082247402518988,1783793916.8937933,313.821,43,94,2250,12481
7,fp32_active,3.2084659449756145,1783793916.994035,309.682,43,94,2250,12481
7,fp32_active,3.3087058681994677,1783793917.0942736,310.289,43,94,2250,12481
7,fp32_active,3.408929055556655,1783793917.1944969,312.044,43,94,2250,12481
7,fp32_active,3.5092161241918802,1783793917.2948196,310.61,44,94,2250,12481
7,fp32_active,3.6095171086490154,1783793917.3950849,311.637,44,94,2250,12481
7,fp32_active,3.709737818688154,1783793917.4953048,309.334,44,94,2250,12481
7,fp32_active,3.8099556155502796,1783793917.5955222,311.737,44,94,2250,12481
7,fp32_active,3.910181438550353,1783793917.6957488,312.3,44,94,2250,12481
7,fp32_active,4.010408908128738,1783793917.7959836,311.963,44,94,2250,12481
7,fp32_active,4.110644215717912,1783793917.8962092,308.62,44,94,2250,12481
7,fp32_active,4.210854789242148,1783793917.99642,311.463,44,94,2250,12481
7,fp32_active,4.311067620292306,1783793918.0966337,308.885,44,94,2250,12481
7,fp32_idle_post,0.0002322755753993988,1783793918.178394,308.335,44,94,2250,12481
7,fp32_idle_post,0.10054373182356358,1783793918.2786155,310.196,43,88,2250,12481
7,fp32_idle_post,0.20085664838552475,1783793918.3789294,284.421,39,88,2250,12481
7,fp32_idle_post,0.3011099807918072,1783793918.4791822,264.104,38,0,2250,12481
7,fp32_idle_post,0.4014405161142349,1783793918.579511,239.524,38,0,2265,12481
7,fp32_idle_post,0.5017299689352512,1783793918.6797993,225.572,38,0,2265,12481
7,fp32_idle_post,0.6019995752722025,1783793918.7800694,196.662,37,0,2265,12481
7,fp32_idle_post,0.7022276222705841,1783793918.8802965,186.702,37,0,2257,12481
7,fp32_idle_post,0.8024762123823166,1783793918.980544,166.562,37,0,2257,12481
7,fp32_idle_post,0.9027991034090519,1783793919.0808697,145.967,37,0,2265,12481
7,fp32_idle_post,1.0031226482242346,1783793919.181196,127.593,37,0,2265,12481
7,fp32_idle_post,1.103413736447692,1783793919.2814867,86.14,37,0,2265,12481
7,fp32_idle_post,1.2037518713623285,1783793919.381823,86.14,37,0,2265,12481
7,fp32_idle_post,1.3040021806955338,1783793919.4820726,86.14,37,0,2265,12481
7,fp32_idle_post,1.404227003455162,1783793919.5822952,86.14,37,0,2265,12481
7,fp32_idle_post,1.5044487714767456,1783793919.6825187,86.14,37,0,2265,12481
7,fp32_idle_post,1.6047679595649242,1783793919.7828355,86.14,37,0,2265,12481
7,fp32_idle_post,1.7050402350723743,1783793919.8831098,86.14,37,0,2265,12481
7,fp32_idle_post,1.8052794635295868,1783793919.9833503,86.14,37,0,2265,12481
7,fp32_idle_post,1.905571635812521,1783793920.0836425,86.14,37,0,2265,12481
7,fp32_idle_post,2.0058782808482647,1783793920.1839495,86.14,37,0,2265,12481
7,fp32_idle_post,2.1061322167515755,1783793920.2842014,84.047,37,0,2257,12481
7,fp32_idle_post,2.206356829032302,1783793920.3844252,84.047,37,0,2257,12481
7,fp32_idle_post,2.3066090755164623,1783793920.4846778,84.047,37,0,2257,12481
7,fp32_idle_post,2.406877251341939,1783793920.584947,84.047,37,0,2257,12481
7,fp32_idle_post,2.5072084553539753,1783793920.6852775,84.047,37,0,2257,12481
7,fp32_idle_post,2.6074290424585342,1783793920.7854972,84.047,37,0,2257,12481
7,fp32_idle_post,2.7076687961816788,1783793920.885739,84.047,37,0,2257,12481
7,fp32_idle_post,2.807945940643549,1783793920.986014,84.047,37,0,2257,12481
7,fp32_idle_post,2.908175328746438,1783793921.0862455,84.047,37,0,2257,12481
7,fp32_idle_post,3.008513869717717,1783793921.186582,84.047,36,0,2257,12481
7,fp32_idle_post,3.1088998168706894,1783793921.28697,84.226,36,0,2265,12481
7,fp32_idle_post,3.209125515073538,1783793921.3871934,84.226,36,0,2265,12481
7,fp32_idle_post,3.309348212555051,1783793921.4874175,84.226,36,0,2265,12481
7,fp32_idle_post,3.409563122317195,1783793921.5876348,84.226,36,0,2265,12481
7,fp32_idle_post,3.5100746396929026,1783793921.6881473,84.226,36,0,2265,12481
7,fp32_idle_post,3.6103145759552717,1783793921.7883863,84.226,36,0,2265,12481
7,fp32_idle_post,3.710611119866371,1783793921.88868,84.226,36,0,2265,12481
7,fp32_idle_post,3.810834800824523,1783793921.9889054,84.226,36,0,2265,12481
7,fp32_idle_post,3.9110897593200207,1783793922.0891573,84.226,36,0,2265,12481
7,fp32_idle_post,4.011310422793031,1783793922.1893802,84.226,36,0,2265,12481
7,fp32_idle_post,4.111534783616662,1783793922.2896042,84.3,36,0,2265,12481
7,fp32_idle_post,4.21178924664855,1783793922.389861,84.3,36,0,2265,12481
7,fp32_idle_post,4.312055239453912,1783793922.4901268,84.3,36,0,2265,12481
7,fp32_idle_post,4.412267656996846,1783793922.5903344,84.3,36,0,2265,12481
7,fp32_idle_post,4.5124865137040615,1783793922.6905568,84.3,36,0,2265,12481
7,fp32_idle_post,4.612767295911908,1783793922.790839,84.3,36,0,2265,12481
7,fp32_idle_post,4.713094877079129,1783793922.891164,84.3,36,0,2265,12481
7,fp32_idle_post,4.813326509669423,1783793922.9913979,84.3,36,0,2265,12481
7,fp32_idle_post,4.913606828078628,1783793923.0916781,84.3,36,0,2265,12481
7,fp32_idle_post,5.013938644900918,1783793923.1920092,84.3,36,0,2265,12481
7,fp32_idle_post,5.1142960879951715,1783793923.2923667,84.008,36,0,2265,12481
7,fp32_idle_post,5.214521585032344,1783793923.392592,84.008,36,0,2265,12481
7,fp32_idle_post,5.314839195460081,1783793923.4929101,84.008,36,0,2265,12481
7,fp32_idle_post,5.415078040212393,1783793923.5931463,84.008,36,0,2265,12481
7,fp32_idle_post,5.51531239412725,1783793923.6933806,84.008,36,0,2265,12481
7,fp32_idle_post,5.615597188472748,1783793923.7936661,84.008,36,0,2265,12481
7,fp32_idle_post,5.715868923813105,1783793923.8939395,84.008,36,0,2265,12481
7,fp32_idle_post,5.816095720976591,1783793923.994165,84.008,36,0,2265,12481
7,fp32_idle_post,5.916365496814251,1783793924.0944335,84.008,36,0,2265,12481
7,fp32_idle_post,6.0166259575635195,1783793924.1947136,84.008,36,0,2265,12481
7,fp32_idle_post,6.116904942318797,1783793924.2949731,84.982,36,0,2257,12481
7,fp32_idle_post,6.217114247381687,1783793924.3951836,84.982,36,0,2257,12481
7,fp32_idle_post,6.317338831722736,1783793924.4954073,84.982,36,0,2257,12481
7,fp32_idle_post,6.417559755966067,1783793924.5956292,84.982,36,0,2257,12481
7,fp32_idle_post,6.517852632328868,1783793924.6959236,84.982,36,0,2257,12481
7,fp32_idle_post,6.61808174662292,1783793924.7961543,84.982,36,0,2257,12481
7,fp32_idle_post,6.718404106795788,1783793924.8964744,84.982,36,0,2257,12481
7,fp32_idle_post,6.818631438538432,1783793924.9967015,84.982,36,0,2257,12481
7,fp32_idle_post,6.9189120046794415,1783793925.0969858,84.982,36,0,2257,12481
7,fp32_idle_post,7.019114766269922,1783793925.197171,84.982,36,0,2257,12481
7,fp32_idle_post,7.119391703978181,1783793925.2974613,84.982,36,0,2265,12481
7,fp32_idle_post,7.219630192965269,1783793925.3977003,84.982,36,0,2265,12481
7,fp32_idle_post,7.31984643265605,1783793925.4979136,84.982,36,0,2265,12481
7,fp32_idle_post,7.420123619958758,1783793925.598191,84.982,36,0,2265,12481
7,fp32_idle_post,7.520439425483346,1783793925.698508,84.982,36,0,2265,12481
7,fp32_idle_post,7.620686972513795,1783793925.7987564,84.982,36,0,2265,12481
7,fp32_idle_post,7.720902951434255,1783793925.898974,84.982,36,0,2265,12481
7,fp32_idle_post,7.821128947660327,1783793925.9991968,84.982,36,0,2265,12481
7,fp32_idle_post,7.921407423913479,1783793926.0994778,84.982,36,0,2265,12481
7,fp32_idle_post,8.02172808535397,1783793926.1997986,84.982,35,0,2265,12481
7,fp32_idle_post,8.121966123580933,1783793926.3000412,84.498,35,0,2265,12481
7,fp32_idle_post,8.222209537401795,1783793926.4002857,84.498,35,0,2265,12481
7,fp32_idle_post,8.322577895596623,1783793926.5006537,84.498,35,0,2265,12481
7,fp32_idle_post,8.422851713374257,1783793926.600925,84.498,35,0,2265,12481
7,fp32_idle_post,8.523122252896428,1783793926.7011917,84.498,35,0,2265,12481
7,fp32_idle_post,8.623358657583594,1783793926.8014293,84.498,35,0,2265,12481
7,fp32_idle_post,8.723640527576208,1783793926.901709,84.498,35,0,2265,12481
7,fp32_idle_post,8.823860770091414,1783793927.0019279,84.498,35,0,2265,12481
7,fp32_idle_post,8.924079727381468,1783793927.1021478,84.498,35,0,2265,12481
7,fp32_idle_post,9.024369256570935,1783793927.202437,84.498,35,0,2265,12481
7,fp32_idle_post,9.12471996806562,1783793927.3027875,83.624,35,0,2265,12481
7,fp32_idle_post,9.225042168051004,1783793927.40311,83.624,35,0,2265,12481
7,fp32_idle_post,9.325392296537757,1783793927.5034604,83.624,35,0,2265,12481
7,fp32_idle_post,9.425612887367606,1783793927.603681,83.624,35,0,2265,12481
7,fp32_idle_post,9.525933016091585,1783793927.7040005,83.624,35,0,2265,12481
7,fp32_idle_post,9.626152757555246,1783793927.8042204,83.624,35,0,2265,12481
7,fp32_idle_post,9.72637170739472,1783793927.904439,83.624,35,0,2265,12481
7,fp32_idle_post,9.82658895291388,1783793928.0046563,83.624,35,0,2265,12481
7,fp32_idle_post,9.926807817071676,1783793928.1048753,83.624,35,0,2265,12481
8,int8_idle_pre,0.00033755041658878326,1783793928.1906073,83.624,35,0,2265,12481
8,int8_idle_pre,0.10062897950410843,1783793928.2908573,83.818,35,0,2265,12481
8,int8_idle_pre,0.20087206363677979,1783793928.391101,83.818,35,0,2265,12481
8,int8_idle_pre,0.30114334262907505,1783793928.4913726,83.818,35,0,2265,12481
8,int8_idle_pre,0.4013632908463478,1783793928.5915918,83.818,35,0,2265,12481
8,int8_idle_pre,0.5015824194997549,1783793928.6918113,83.818,35,0,2265,12481
8,int8_idle_pre,0.6018026284873486,1783793928.7920318,83.818,35,0,2265,12481
8,int8_idle_pre,0.7020956724882126,1783793928.8923266,83.818,35,0,2265,12481
8,int8_idle_pre,0.8023471403867006,1783793928.9925764,83.818,35,0,2265,12481
8,int8_idle_pre,0.9025668520480394,1783793929.0927956,83.818,35,0,2265,12481
8,int8_idle_pre,1.0028156321495771,1783793929.1930447,83.818,35,0,2265,12481
8,int8_idle_pre,1.1030454859137535,1783793929.2932749,84.014,35,0,2265,12481
8,int8_idle_pre,1.2033457551151514,1783793929.3935752,84.014,35,0,2265,12481
8,int8_idle_pre,1.3035876601934433,1783793929.4938185,84.014,35,0,2265,12481
8,int8_idle_pre,1.403854839503765,1783793929.5940852,84.014,35,0,2265,12481
8,int8_idle_pre,1.5040797349065542,1783793929.6943142,84.014,35,0,2265,12481
8,int8_idle_pre,1.6043428964912891,1783793929.7945724,84.014,35,0,2265,12481
8,int8_idle_pre,1.7046294882893562,1783793929.8948588,84.014,35,0,2265,12481
8,int8_idle_pre,1.8049344271421432,1783793929.9951632,84.014,35,0,2265,12481
8,int8_idle_pre,1.9051417205482721,1783793930.0953717,84.014,35,0,2265,12481
8,int8_idle_pre,2.005363618955016,1783793930.1955922,84.014,35,0,2265,12481
8,int8_idle_pre,2.1055825632065535,1783793930.2958114,84.01,35,0,2257,12481
8,int8_idle_pre,2.205801384523511,1783793930.39603,84.01,35,0,2257,12481
8,int8_idle_pre,2.3060232512652874,1783793930.496253,84.01,35,0,2257,12481
8,int8_idle_pre,2.4062885511666536,1783793930.5965173,84.01,35,0,2257,12481
8,int8_idle_pre,2.5065370611846447,1783793930.6967657,84.01,35,0,2257,12481
8,int8_idle_pre,2.606757091358304,1783793930.796986,84.01,35,0,2257,12481
8,int8_idle_pre,2.707025395706296,1783793930.8972545,84.01,35,0,2257,12481
8,int8_idle_pre,2.8073056638240814,1783793930.9975352,84.01,35,0,2257,12481
8,int8_idle_pre,2.90756625123322,1783793931.0977962,84.01,35,0,2257,12481
8,int8_idle_pre,3.007787147536874,1783793931.198016,84.01,35,0,2257,12481
8,int8_idle_pre,3.108023799955845,1783793931.2982533,83.527,35,0,2265,12481
8,int8_idle_pre,3.208274083212018,1783793931.3985028,83.527,35,0,2265,12481
8,int8_idle_pre,3.3085635732859373,1783793931.4987926,83.527,35,0,2265,12481
8,int8_idle_pre,3.4088123869150877,1783793931.599041,83.527,35,0,2265,12481
8,int8_idle_pre,3.509042678400874,1783793931.6992714,83.527,35,0,2265,12481
8,int8_idle_pre,3.6092798188328743,1783793931.799509,83.527,35,0,2265,12481
8,int8_idle_pre,3.7095395028591156,1783793931.8997688,83.527,35,0,2265,12481
8,int8_idle_pre,3.809759574010968,1783793931.9999886,83.527,35,0,2265,12481
8,int8_idle_pre,3.9101305194199085,1783793932.1003597,83.527,35,0,2265,12481
8,int8_idle_pre,4.010380499064922,1783793932.2006092,83.527,35,0,2265,12481
8,int8_idle_pre,4.110661756247282,1783793932.3008919,83.77,35,0,2265,12481
8,int8_idle_pre,4.21093169786036,1783793932.401161,83.77,35,0,2265,12481
8,int8_idle_pre,4.311153795570135,1783793932.5013826,83.77,35,0,2265,12481
8,int8_idle_pre,4.411374043673277,1783793932.6016033,83.77,35,0,2265,12481
8,int8_idle_pre,4.511593427509069,1783793932.7018225,83.77,35,0,2265,12481
8,int8_idle_pre,4.611816581338644,1783793932.8020453,83.77,35,0,2265,12481
8,int8_idle_pre,4.712036760523915,1783793932.9022658,83.77,35,0,2265,12481
8,int8_idle_pre,4.812429055571556,1783793933.0026603,83.77,35,0,2265,12481
8,int8_idle_pre,4.912748247385025,1783793933.102977,83.77,35,0,2265,12481
8,int8_idle_pre,5.012968592345715,1783793933.2031972,83.77,35,0,2265,12481
8,int8_idle_pre,5.113187467679381,1783793933.3034163,84.063,35,0,2265,12481
8,int8_idle_pre,5.21347663551569,1783793933.4037056,84.063,35,0,2265,12481
8,int8_idle_pre,5.313685815781355,1783793933.503915,84.063,35,0,2265,12481
8,int8_idle_pre,5.413906095549464,1783793933.6041353,84.063,35,0,2265,12481
8,int8_idle_pre,5.514125103130937,1783793933.7043543,84.063,35,0,2265,12481
8,int8_idle_pre,5.614381896331906,1783793933.804611,84.063,35,0,2265,12481
8,int8_idle_pre,5.7146898321807384,1783793933.9049191,84.063,35,0,2265,12481
8,int8_idle_pre,5.81495238468051,1783793934.005181,84.063,35,0,2265,12481
8,int8_idle_pre,5.915171325206757,1783793934.105401,84.063,35,0,2265,12481
8,int8_idle_pre,6.015440903604031,1783793934.20567,84.063,35,0,2265,12481
8,int8_idle_pre,6.115772340446711,1783793934.3060012,83.819,35,0,2257,12481
8,int8_idle_pre,6.216042390093207,1783793934.4062715,83.819,35,0,2257,12481
8,int8_idle_pre,6.3162818513810635,1783793934.5065107,83.819,35,0,2257,12481
8,int8_idle_pre,6.416526777669787,1783793934.6067557,83.819,35,0,2257,12481
8,int8_idle_pre,6.516892351210117,1783793934.7071214,83.819,35,0,2257,12481
8,int8_idle_pre,6.617112686857581,1783793934.8073416,83.819,35,0,2257,12481
8,int8_idle_pre,6.717342080548406,1783793934.9075708,83.819,35,0,2257,12481
8,int8_idle_pre,6.8175621796399355,1783793935.007791,83.819,35,0,2257,12481
8,int8_idle_pre,6.917829167097807,1783793935.1080594,83.819,35,0,2257,12481
8,int8_idle_pre,7.0180537439882755,1783793935.2082837,83.819,35,0,2257,12481
8,int8_idle_pre,7.118296820670366,1783793935.3085258,83.794,35,0,2265,12481
8,int8_idle_pre,7.218516083434224,1783793935.408745,83.794,35,0,2265,12481
8,int8_idle_pre,7.318796211853623,1783793935.509025,83.794,35,0,2265,12481
8,int8_idle_pre,7.419016540050507,1783793935.6092453,83.794,35,0,2265,12481
8,int8_idle_pre,7.519295044243336,1783793935.709524,83.794,35,0,2265,12481
8,int8_idle_pre,7.619513288140297,1783793935.809742,83.794,35,0,2265,12481
8,int8_idle_pre,7.719732955098152,1783793935.9099622,83.794,35,0,2265,12481
8,int8_idle_pre,7.819953752681613,1783793936.0101826,83.794,35,0,2265,12481
8,int8_idle_pre,7.920172315090895,1783793936.1104016,83.794,35,0,2265,12481
8,int8_idle_pre,8.02040383964777,1783793936.210633,83.794,35,0,2265,12481
8,int8_idle_pre,8.12069988436997,1783793936.3109288,83.527,35,0,2265,12481
8,int8_idle_pre,8.220906849950552,1783793936.4111357,83.527,35,0,2265,12481
8,int8_idle_pre,8.321147188544273,1783793936.5113761,83.527,35,0,2265,12481
8,int8_idle_pre,8.421447968110442,1783793936.6116767,83.527,35,0,2265,12481
8,int8_idle_pre,8.521666901186109,1783793936.7118957,83.527,35,0,2265,12481
8,int8_idle_pre,8.621890436857939,1783793936.8121247,83.527,35,0,2265,12481
8,int8_idle_pre,8.722228759899735,1783793936.9124606,83.527,35,0,2265,12481
8,int8_idle_pre,8.822452871128917,1783793937.0126822,83.527,35,0,2265,12481
8,int8_idle_pre,8.922674799337983,1783793937.1129053,83.527,35,0,2265,12481
8,int8_idle_pre,9.022898668423295,1783793937.213128,83.527,35,0,2265,12481
8,int8_idle_pre,9.123152958229184,1783793937.3133817,83.527,35,0,2265,12481
8,int8_idle_pre,9.223369423300028,1783793937.4135985,83.527,35,0,2265,12481
8,int8_idle_pre,9.32359268143773,1783793937.5138216,83.527,35,0,2265,12481
8,int8_idle_pre,9.423880383372307,1783793937.6141093,83.527,35,0,2265,12481
8,int8_idle_pre,9.524191034957767,1783793937.71442,83.527,35,0,2265,12481
8,int8_idle_pre,9.624538974836469,1783793937.8147683,83.527,35,0,2265,12481
8,int8_idle_pre,9.724781785160303,1783793937.9150105,83.527,35,0,2265,12481
8,int8_idle_pre,9.82500028423965,1783793938.0152295,83.527,35,0,2265,12481
8,int8_idle_pre,9.925219969823956,1783793938.1154494,83.527,35,0,2265,12481
8,int8_active,0.00037871114909648895,1783793938.1920185,83.527,35,0,2265,12481
8,int8_active,0.10062011703848839,1783793938.2922633,83.527,35,1,2257,12481
8,int8_active,0.20082233846187592,1783793938.3924642,93.797,37,1,2257,12481
8,int8_active,0.30104705691337585,1783793938.4926898,102.554,38,93,2257,12481
8,int8_active,0.40126589871942997,1783793938.592909,109.465,38,93,2257,12481
8,int8_active,0.5014881193637848,1783793938.6931334,115.721,38,93,2257,12481
8,int8_active,0.6018079835921526,1783793938.7934515,121.36,38,93,2257,12481
8,int8_active,0.7021543961018324,1783793938.8938048,125.716,38,93,2257,12481
8,int8_active,0.8023951686918736,1783793938.9940434,129.795,38,93,2257,12481
8,int8_active,0.9026288669556379,1783793939.0942738,133.855,38,93,2257,12481
8,int8_active,1.0028422120958567,1783793939.1944735,137.089,39,93,2257,12481
8,int8_active,1.1031121481209993,1783793939.294762,196.499,39,93,2257,12481
8,int8_active,1.2033559456467628,1783793939.3950033,196.887,39,93,2257,12481
8,int8_active,1.303680932149291,1783793939.4953384,196.721,39,94,2257,12481
8,int8_active,1.4039895590394735,1783793939.5956402,196.038,39,94,2257,12481
8,int8_active,1.5042681023478508,1783793939.6959162,196.785,39,93,2257,12481
8,int8_active,1.6045105289667845,1783793939.7961538,197.026,39,93,2257,12481
8,int8_active,1.7047593761235476,1783793939.8964345,196.639,39,93,2257,12481
8,int8_active,1.8050792198628187,1783793939.996727,196.93,39,93,2257,12481
8,int8_active,1.9053192511200905,1783793940.0969744,197.335,39,93,2257,12481
8,int8_active,2.005571248009801,1783793940.1972191,196.432,39,93,2257,12481
8,int8_active,2.1058366391807795,1783793940.2974844,196.614,39,94,2257,12481
8,int8_active,2.2061969358474016,1783793940.397844,196.675,39,94,2257,12481
8,int8_active,2.3064296804368496,1783793940.4980772,196.639,39,93,2257,12481
8,int8_active,2.4066654350608587,1783793940.5983105,196.942,39,93,2257,12481
8,int8_active,2.5068964026868343,1783793940.6985438,197.026,39,93,2257,12481
8,int8_active,2.6071202363818884,1783793940.7987642,196.959,39,93,2257,12481
8,int8_active,2.7073229402303696,1783793940.8989675,196.965,39,94,2257,12481
8,int8_active,2.807549264281988,1783793940.9991925,197.159,39,94,2257,12481
8,int8_active,2.907751874998212,1783793941.099397,197.267,39,93,2257,12481
8,int8_active,3.008101925253868,1783793941.1997452,196.496,39,93,2257,12481
8,int8_active,3.108330886811018,1783793941.2999763,197.367,39,94,2257,12481
8,int8_active,3.2085445560514927,1783793941.4001887,197.532,39,94,2257,12481
8,int8_active,3.3088094256818295,1783793941.5004604,196.82,39,93,2257,12481
8,int8_active,3.4091423749923706,1783793941.600793,197.281,39,93,2257,12481
8,int8_active,3.5093806628137827,1783793941.7010274,197.63,39,94,2257,12481
8,int8_active,3.609609043225646,1783793941.8012524,196.771,39,94,2257,12481
8,int8_active,3.7098064199090004,1783793941.9014494,197.318,40,93,2257,12481
8,int8_active,3.8100319392979145,1783793942.001675,197.764,40,93,2257,12481
8,int8_active,3.910268636420369,1783793942.1019194,197.422,40,93,2257,12481
8,int8_idle_post,0.0003117714077234268,1783793942.1616511,197.365,40,93,2257,12481
8,int8_idle_post,0.1006003599613905,1783793942.2618816,191.436,38,73,2257,12481
8,int8_idle_post,0.20082435198128223,1783793942.3621035,179.123,37,73,2257,12481
8,int8_idle_post,0.3010902274399996,1783793942.462369,170.619,37,0,2257,12481
8,int8_idle_post,0.40135129541158676,1783793942.56263,161.018,36,0,2257,12481
8,int8_idle_post,0.5016514454036951,1783793942.66293,150.702,36,0,2257,12481
8,int8_idle_post,0.6019420754164457,1783793942.7632208,135.027,36,0,2257,12481
8,int8_idle_post,0.7021491639316082,1783793942.8634276,130.477,36,0,2265,12481
8,int8_idle_post,0.8023651838302612,1783793942.9636433,112.001,36,0,2265,12481
8,int8_idle_post,0.9025830160826445,1783793943.0638618,100.885,36,0,2265,12481
8,int8_idle_post,1.0028023459017277,1783793943.1640809,90.109,36,0,2265,12481
8,int8_idle_post,1.1031444761902094,1783793943.264423,90.109,36,0,2265,12481
8,int8_idle_post,1.2033467441797256,1783793943.3646245,90.109,36,0,2265,12481
8,int8_idle_post,1.3035629205405712,1783793943.4648414,90.109,36,0,2265,12481
8,int8_idle_post,1.4037809204310179,1783793943.5650597,90.109,36,0,2265,12481
8,int8_idle_post,1.5039963442832232,1783793943.665275,90.109,36,0,2265,12481
8,int8_idle_post,1.6041995268315077,1783793943.7654786,90.109,36,0,2265,12481
8,int8_idle_post,1.7044196166098118,1783793943.865699,90.109,36,0,2265,12481
8,int8_idle_post,1.8047606125473976,1783793943.9660397,90.109,36,0,2265,12481
8,int8_idle_post,1.9049970135092735,1783793944.0662756,90.109,36,0,2265,12481
8,int8_idle_post,2.005199071019888,1783793944.166477,83.703,36,0,2265,12481
8,int8_idle_post,2.1054935045540333,1783793944.2667723,83.703,36,0,2265,12481
8,int8_idle_post,2.2057896945625544,1783793944.3670688,83.703,36,0,2265,12481
8,int8_idle_post,2.30605823174119,1783793944.467337,83.703,36,0,2265,12481
8,int8_idle_post,2.4062591195106506,1783793944.567537,83.703,36,0,2265,12481
8,int8_idle_post,2.506476955488324,1783793944.6677558,83.703,36,0,2265,12481
8,int8_idle_post,2.6067687645554543,1783793944.7680504,83.703,36,0,2265,12481
8,int8_idle_post,2.7069936711341143,1783793944.8682735,83.703,36,0,2265,12481
8,int8_idle_post,2.8071928434073925,1783793944.9684708,83.703,36,0,2265,12481
8,int8_idle_post,2.9074080996215343,1783793945.0686872,83.703,36,0,2265,12481
8,int8_idle_post,3.007628832012415,1783793945.1689103,83.795,35,0,2265,12481
8,int8_idle_post,3.107860328629613,1783793945.269139,83.795,35,0,2265,12481
8,int8_idle_post,3.208068300038576,1783793945.3693476,83.795,35,0,2265,12481
8,int8_idle_post,3.308308683335781,1783793945.4695876,83.795,35,0,2265,12481
8,int8_idle_post,3.4085271637886763,1783793945.5698059,83.795,35,0,2265,12481
8,int8_idle_post,3.508742542937398,1783793945.6700213,83.795,35,0,2265,12481
8,int8_idle_post,3.6089947931468487,1783793945.7702732,83.795,35,0,2265,12481
8,int8_idle_post,3.709213947877288,1783793945.8704927,83.795,35,0,2265,12481
8,int8_idle_post,3.8095336202532053,1783793945.970812,83.795,35,0,2265,12481
8,int8_idle_post,3.909793831408024,1783793946.071073,83.795,35,0,2265,12481
8,int8_idle_post,4.010104209184647,1783793946.1713831,83.527,35,0,2265,12481
8,int8_idle_post,4.110324082896113,1783793946.2716026,83.527,35,0,2265,12481
8,int8_idle_post,4.210592629387975,1783793946.371871,83.527,35,0,2265,12481
8,int8_idle_post,4.310809267684817,1783793946.4720879,83.527,35,0,2265,12481
8,int8_idle_post,4.41107134334743,1783793946.5723498,83.527,35,0,2265,12481
8,int8_idle_post,4.511289183050394,1783793946.6725678,83.527,35,0,2265,12481
8,int8_idle_post,4.611549377441406,1783793946.772828,83.527,35,0,2265,12481
8,int8_idle_post,4.711747720837593,1783793946.8730295,83.527,35,0,2265,12481
8,int8_idle_post,4.811948716640472,1783793946.973227,83.527,35,0,2265,12481
8,int8_idle_post,4.912166886031628,1783793947.0734453,83.527,35,0,2265,12481
8,int8_idle_post,5.01238333247602,1783793947.1736615,83.527,35,0,2265,12481
8,int8_idle_post,5.112578142434359,1783793947.2738554,83.527,35,0,2265,12481
8,int8_idle_post,5.21277261339128,1783793947.3740509,83.527,35,0,2265,12481
8,int8_idle_post,5.312988603487611,1783793947.4742684,83.527,35,0,2265,12481
8,int8_idle_post,5.413244696334004,1783793947.5745234,83.527,35,0,2265,12481
8,int8_idle_post,5.513455415144563,1783793947.6747324,83.527,35,0,2265,12481
8,int8_idle_post,5.613646879792213,1783793947.7749248,83.527,35,0,2265,12481
8,int8_idle_post,5.713893620297313,1783793947.8751743,83.527,35,0,2265,12481
8,int8_idle_post,5.814101330935955,1783793947.97538,83.527,35,0,2265,12481
8,int8_idle_post,5.914348516613245,1783793948.0756276,83.527,35,0,2265,12481
8,int8_idle_post,6.014602607116103,1783793948.1758816,83.526,35,0,2257,12481
8,int8_idle_post,6.114870805293322,1783793948.2761502,83.526,35,0,2257,12481
8,int8_idle_post,6.215171869844198,1783793948.3764505,83.526,35,0,2257,12481
8,int8_idle_post,6.315442955121398,1783793948.4767237,83.526,35,0,2257,12481
8,int8_idle_post,6.415669968351722,1783793948.576949,83.526,35,0,2257,12481
8,int8_idle_post,6.515889698639512,1783793948.6771681,83.526,35,0,2257,12481
8,int8_idle_post,6.616107324138284,1783793948.7773855,83.526,35,0,2257,12481
8,int8_idle_post,6.716397900134325,1783793948.8776767,83.526,35,0,2257,12481
8,int8_idle_post,6.816620904952288,1783793948.9779055,83.526,35,0,2257,12481
8,int8_idle_post,6.916856545954943,1783793949.078137,83.526,35,0,2257,12481
8,int8_idle_post,7.017074938863516,1783793949.1783535,83.527,35,0,2265,12481
8,int8_idle_post,7.117293624207377,1783793949.2785726,83.527,35,0,2265,12481
8,int8_idle_post,7.217604788020253,1783793949.3788834,83.527,35,0,2265,12481
8,int8_idle_post,7.3179879654198885,1783793949.4792676,83.527,35,0,2265,12481
8,int8_idle_post,7.418208133429289,1783793949.5794866,83.527,35,0,2265,12481
8,int8_idle_post,7.518426138907671,1783793949.6797056,83.527,35,0,2265,12481
8,int8_idle_post,7.61876648850739,1783793949.7800448,83.527,35,0,2265,12481
8,int8_idle_post,7.7189869955182076,1783793949.880266,83.527,35,0,2265,12481
8,int8_idle_post,7.819294536486268,1783793949.9805732,83.527,35,0,2265,12481
8,int8_idle_post,7.919520601630211,1783793950.080804,83.527,35,0,2265,12481
8,int8_idle_post,8.019751351326704,1783793950.1810322,86.011,35,0,2265,12481
8,int8_idle_post,8.120042325928807,1783793950.281321,86.011,35,0,2265,12481
8,int8_idle_post,8.220262348651886,1783793950.3815417,86.011,35,0,2265,12481
8,int8_idle_post,8.320480512455106,1783793950.4817598,86.011,35,0,2265,12481
8,int8_idle_post,8.420771095901728,1783793950.58205,86.011,35,0,2265,12481
8,int8_idle_post,8.521091625094414,1783793950.6823707,86.011,35,0,2265,12481
8,int8_idle_post,8.621311077848077,1783793950.7825894,86.011,35,0,2265,12481
8,int8_idle_post,8.721559885889292,1783793950.8828387,86.011,35,0,2265,12481
8,int8_idle_post,8.821789199486375,1783793950.983068,86.011,35,0,2265,12481
8,int8_idle_post,8.922014320269227,1783793951.0832956,86.011,35,0,2265,12481
8,int8_idle_post,9.022261448204517,1783793951.1835432,84.793,35,0,2265,12481
8,int8_idle_post,9.122485615313053,1783793951.2837644,84.793,35,0,2265,12481
8,int8_idle_post,9.222797606140375,1783793951.384076,84.793,35,0,2265,12481
8,int8_idle_post,9.323046993464231,1783793951.4843261,84.793,35,0,2265,12481
8,int8_idle_post,9.423267770558596,1783793951.5845473,84.793,35,0,2265,12481
8,int8_idle_post,9.523488959297538,1783793951.6847682,84.793,35,0,2265,12481
8,int8_idle_post,9.623814268037677,1783793951.785095,84.793,35,0,2265,12481
8,int8_idle_post,9.724214190617204,1783793951.885494,84.793,35,0,2265,12481
8,int8_idle_post,9.824473137035966,1783793951.9857595,84.793,35,0,2265,12481
8,int8_idle_post,9.924770200625062,1783793952.086051,84.793,35,0,2265,12481
9,fp32_idle_pre,0.00028254278004169464,1783793952.1757064,83.576,35,0,2257,12481
9,fp32_idle_pre,0.10047741234302521,1783793952.275903,83.576,35,0,2257,12481
9,fp32_idle_pre,0.20069591142237186,1783793952.376122,83.576,35,0,2257,12481
9,fp32_idle_pre,0.3009373713284731,1783793952.476363,83.576,35,0,2257,12481
9,fp32_idle_pre,0.4011549036949873,1783793952.5765803,83.576,35,0,2257,12481
9,fp32_idle_pre,0.5014264397323132,1783793952.6768515,83.576,35,0,2257,12481
9,fp32_idle_pre,0.6016452144831419,1783793952.7770698,83.576,35,0,2257,12481
9,fp32_idle_pre,0.7018626630306244,1783793952.8772879,83.576,35,0,2257,12481
9,fp32_idle_pre,0.8020818922668695,1783793952.977507,83.576,35,0,2257,12481
9,fp32_idle_pre,0.9023049511015415,1783793953.0777316,83.576,35,0,2257,12481
9,fp32_idle_pre,1.002526268362999,1783793953.1779525,83.041,35,0,2257,12481
9,fp32_idle_pre,1.1027793623507023,1783793953.2782044,83.041,35,0,2257,12481
9,fp32_idle_pre,1.2029967997223139,1783793953.3784218,83.041,35,0,2257,12481
9,fp32_idle_pre,1.303214168176055,1783793953.478639,83.041,35,0,2257,12481
9,fp32_idle_pre,1.403436442837119,1783793953.5788622,83.041,35,0,2257,12481
9,fp32_idle_pre,1.5036341901868582,1783793953.6790588,83.041,35,0,2257,12481
9,fp32_idle_pre,1.603861939162016,1783793953.7792869,83.041,35,0,2257,12481
9,fp32_idle_pre,1.704081205651164,1783793953.8795073,83.041,35,0,2257,12481
9,fp32_idle_pre,1.804348336532712,1783793953.9797742,83.041,35,0,2257,12481
9,fp32_idle_pre,1.9045441634953022,1783793954.0799685,83.041,35,0,2257,12481
9,fp32_idle_pre,2.0048019476234913,1783793954.1802313,83.576,35,0,2265,12481
9,fp32_idle_pre,2.105030668899417,1783793954.2804575,83.576,35,0,2265,12481
9,fp32_idle_pre,2.205275608226657,1783793954.3807027,83.576,35,0,2265,12481
9,fp32_idle_pre,2.3054769448935986,1783793954.480903,83.576,35,0,2265,12481
9,fp32_idle_pre,2.405756464228034,1783793954.581184,83.576,35,0,2265,12481
9,fp32_idle_pre,2.505957840010524,1783793954.6813824,83.576,35,0,2265,12481
9,fp32_idle_pre,2.606172736734152,1783793954.781599,83.576,35,0,2265,12481
9,fp32_idle_pre,2.7063701152801514,1783793954.8817956,83.576,35,0,2265,12481
9,fp32_idle_pre,2.806609543040395,1783793954.982039,83.576,35,0,2265,12481
9,fp32_idle_pre,2.906863607466221,1783793955.0822747,83.576,35,0,2265,12481
9,fp32_idle_pre,3.007021078839898,1783793955.1824505,84.035,35,0,2265,12481
9,fp32_idle_pre,3.1072286162525415,1783793955.2826557,84.035,35,0,2265,12481
9,fp32_idle_pre,3.2074567414820194,1783793955.3828852,84.035,35,0,2265,12481
9,fp32_idle_pre,3.307663157582283,1783793955.4830904,84.035,35,0,2265,12481
9,fp32_idle_pre,3.4078642167150974,1783793955.5832884,84.035,35,0,2265,12481
9,fp32_idle_pre,3.5083451438695192,1783793955.6837742,84.035,35,0,2265,12481
9,fp32_idle_pre,3.6085969153791666,1783793955.784024,84.035,35,0,2265,12481
9,fp32_idle_pre,3.708791231736541,1783793955.8842149,84.035,35,0,2265,12481
9,fp32_idle_pre,3.809026438742876,1783793955.9844537,84.035,35,0,2265,12481
9,fp32_idle_pre,3.909307263791561,1783793956.084735,84.035,35,0,2265,12481
9,fp32_idle_pre,4.009532883763313,1783793956.1849625,83.089,34,0,2257,12481
9,fp32_idle_pre,4.10990123078227,1783793956.285332,83.089,34,0,2257,12481
9,fp32_idle_pre,4.210198856890202,1783793956.3856275,83.089,34,0,2257,12481
9,fp32_idle_pre,4.310630222782493,1783793956.4860582,83.089,34,0,2257,12481
9,fp32_idle_pre,4.410859202966094,1783793956.5862873,83.089,34,0,2257,12481
9,fp32_idle_pre,4.511117108166218,1783793956.686543,83.089,34,0,2257,12481
9,fp32_idle_pre,4.6113681849092245,1783793956.7867932,83.089,34,0,2257,12481
9,fp32_idle_pre,4.711621543392539,1783793956.8870578,83.089,34,0,2257,12481
9,fp32_idle_pre,4.811860043555498,1783793956.9872882,83.089,34,0,2257,12481
9,fp32_idle_pre,4.9120841436088085,1783793957.0875094,83.089,34,0,2257,12481
9,fp32_idle_pre,5.012346442788839,1783793957.1877718,83.308,34,0,2257,12481
9,fp32_idle_pre,5.112568486481905,1783793957.2879975,83.308,34,0,2257,12481
9,fp32_idle_pre,5.212795959785581,1783793957.3882222,83.308,34,0,2257,12481
9,fp32_idle_pre,5.313015267252922,1783793957.4884408,83.308,34,0,2257,12481
9,fp32_idle_pre,5.41323216073215,1783793957.588659,83.308,34,0,2257,12481
9,fp32_idle_pre,5.513452015817165,1783793957.688879,83.308,34,0,2257,12481
9,fp32_idle_pre,5.613814275711775,1783793957.7892432,83.308,34,0,2257,12481
9,fp32_idle_pre,5.7140170969069,1783793957.889441,83.308,34,0,2257,12481
9,fp32_idle_pre,5.814209403470159,1783793957.989634,83.308,34,0,2257,12481
9,fp32_idle_pre,5.914430199190974,1783793958.0898607,83.308,34,0,2257,12481
9,fp32_idle_pre,6.014696581289172,1783793958.190125,83.041,34,0,2265,12481
9,fp32_idle_pre,6.114919835701585,1783793958.2903461,83.041,34,0,2265,12481
9,fp32_idle_pre,6.215138243511319,1783793958.3905647,83.041,34,0,2265,12481
9,fp32_idle_pre,6.315400684252381,1783793958.4908273,83.041,34,0,2265,12481
9,fp32_idle_pre,6.415599560365081,1783793958.5910246,83.041,34,0,2265,12481
9,fp32_idle_pre,6.515798635780811,1783793958.6912224,83.041,34,0,2265,12481
9,fp32_idle_pre,6.615992899984121,1783793958.791417,83.041,34,0,2265,12481
9,fp32_idle_pre,6.716208815574646,1783793958.8916347,83.041,34,0,2265,12481
9,fp32_idle_pre,6.8164289351552725,1783793958.9918544,83.041,34,0,2265,12481
9,fp32_idle_pre,6.916623750701547,1783793959.0920484,83.041,34,0,2265,12481
9,fp32_idle_pre,7.016817785799503,1783793959.192242,83.041,34,0,2265,12481
9,fp32_idle_pre,7.117033867165446,1783793959.2924592,83.041,34,0,2265,12481
9,fp32_idle_pre,7.21722799539566,1783793959.3926523,83.041,34,0,2265,12481
9,fp32_idle_pre,7.317421035841107,1783793959.4928453,83.041,34,0,2265,12481
9,fp32_idle_pre,7.417613942176104,1783793959.5930383,83.041,34,0,2265,12481
9,fp32_idle_pre,7.517828524112701,1783793959.6932542,83.041,34,0,2265,12481
9,fp32_idle_pre,7.618025027215481,1783793959.7934506,83.041,34,0,2265,12481
9,fp32_idle_pre,7.718222763389349,1783793959.8936474,83.041,34,0,2265,12481
9,fp32_idle_pre,7.818438906222582,1783793959.9938645,83.041,34,0,2265,12481
9,fp32_idle_pre,7.918696293607354,1783793960.0941231,83.041,34,0,2265,12481
9,fp32_idle_pre,8.018918635323644,1783793960.194344,84.014,34,0,2265,12481
9,fp32_idle_pre,8.119136394932866,1783793960.2945619,84.014,34,0,2265,12481
9,fp32_idle_pre,8.219401797279716,1783793960.3948276,84.014,34,0,2265,12481
9,fp32_idle_pre,8.31966120749712,1783793960.4950867,84.014,34,0,2265,12481
9,fp32_idle_pre,8.419920841231942,1783793960.595346,84.014,34,0,2265,12481
9,fp32_idle_pre,8.520171724259853,1783793960.6955967,84.014,34,0,2265,12481
9,fp32_idle_pre,8.620397787541151,1783793960.795823,84.014,34,0,2265,12481
9,fp32_idle_pre,8.720639515668154,1783793960.8960652,84.014,34,0,2265,12481
9,fp32_idle_pre,8.820857929065824,1783793960.9962828,84.014,34,0,2265,12481
9,fp32_idle_pre,8.92107698135078,1783793961.0965035,84.014,34,0,2265,12481
9,fp32_idle_pre,9.021346079185605,1783793961.1967719,83.527,34,0,2257,12481
9,fp32_idle_pre,9.121562663465738,1783793961.2969882,83.527,34,0,2257,12481
9,fp32_idle_pre,9.221758523955941,1783793961.3971827,83.527,34,0,2257,12481
9,fp32_idle_pre,9.321956297382712,1783793961.4973822,83.527,34,0,2257,12481
9,fp32_idle_pre,9.422171980142593,1783793961.5975971,83.527,34,0,2257,12481
9,fp32_idle_pre,9.522389123216271,1783793961.6978145,83.527,34,0,2257,12481
9,fp32_idle_pre,9.622607924044132,1783793961.7980332,83.527,34,0,2257,12481
9,fp32_idle_pre,9.722826395183802,1783793961.8982518,83.527,34,0,2257,12481
9,fp32_idle_pre,9.823125936090946,1783793961.9985514,83.527,34,0,2257,12481
9,fp32_idle_pre,9.923367638140917,1783793962.0987952,83.527,34,0,2257,12481
9,fp32_active,0.00039096176624298096,1783793962.177035,83.284,34,0,2257,12481
9,fp32_active,0.10060776956379414,1783793962.277254,84.419,34,2,2257,12481
9,fp32_active,0.20088542066514492,1783793962.377531,99.123,39,2,2257,12481
9,fp32_active,0.3011241778731346,1783793962.4777734,113.013,40,94,2257,12481
9,fp32_active,0.40134773775935173,1783793962.5779932,127.014,41,94,2242,12481
9,fp32_active,0.501603139564395,1783793962.6782486,140.758,41,94,2242,12481
9,fp32_active,0.6018139198422432,1783793962.7784586,151.57,41,94,2242,12481
9,fp32_active,0.7020330522209406,1783793962.8787026,159.553,41,94,2250,12481
9,fp32_active,0.802331106737256,1783793962.9789765,166.611,41,94,2250,12481
9,fp32_active,0.9025620315223932,1783793963.0792077,172.86,42,94,2250,12481
9,fp32_active,1.0027609318494797,1783793963.1794055,277.812,42,94,2250,12481
9,fp32_active,1.1030590552836657,1783793963.2797043,283.14,42,94,2250,12481
9,fp32_active,1.203280234709382,1783793963.3799255,302.92,42,94,2250,12481
9,fp32_active,1.3034968115389347,1783793963.4801428,303.721,42,94,2250,12481
9,fp32_active,1.4036998357623816,1783793963.580344,303.775,42,94,2250,12481
9,fp32_active,1.5039639193564653,1783793963.6806097,305.137,42,94,2250,12481
9,fp32_active,1.60418008454144,1783793963.7808256,304.433,42,94,2250,12481
9,fp32_active,1.704381687566638,1783793963.8810194,302.252,42,94,2250,12481
9,fp32_active,1.804657094180584,1783793963.981287,302.054,42,94,2250,12481
9,fp32_active,1.9047763161361217,1783793964.0814073,305.112,42,94,2250,12481
9,fp32_active,2.00506460852921,1783793964.181716,307.288,42,94,2250,12481
9,fp32_active,2.105375114828348,1783793964.2820272,307.326,43,94,2250,12481
9,fp32_active,2.2055930756032467,1783793964.3822434,303.869,43,94,2250,12481
9,fp32_active,2.305823303759098,1783793964.482469,303.924,43,94,2250,12481
9,fp32_active,2.4060291443020105,1783793964.5826695,304.346,43,94,2250,12481
9,fp32_active,2.506221165880561,1783793964.6828601,308.836,43,94,2250,12481
9,fp32_active,2.606389231979847,1783793964.7830331,305.249,43,94,2250,12481
9,fp32_active,2.70658166334033,1783793964.8832288,305.028,43,94,2250,12481
9,fp32_active,2.806785836815834,1783793964.98343,305.472,43,94,2250,12481
9,fp32_active,2.9069807436317205,1783793965.083626,306.697,43,94,2250,12481
9,fp32_active,3.0071763768792152,1783793965.183821,309.472,43,94,2250,12481
9,fp32_active,3.1073736622929573,1783793965.2840183,307.035,43,94,2250,12481
9,fp32_active,3.207577547058463,1783793965.3842225,304.949,43,94,2250,12481
9,fp32_active,3.3077921960502863,1783793965.4844375,304.265,43,94,2250,12481
9,fp32_active,3.408006127923727,1783793965.5846527,308.868,43,94,2250,12481
9,fp32_active,3.5082278810441494,1783793965.6848757,307.534,43,94,2250,12481
9,fp32_active,3.608448039740324,1783793965.7850933,306.14,43,94,2250,12481
9,fp32_active,3.7086571753025055,1783793965.8853023,306.627,44,94,2250,12481
9,fp32_active,3.8088698238134384,1783793965.985515,308.516,44,94,2250,12481
9,fp32_active,3.9090872928500175,1783793966.0857332,310.54,44,94,2250,12481
9,fp32_active,4.009308768436313,1783793966.1859534,311.706,44,94,2250,12481
9,fp32_active,4.1094826348125935,1783793966.286108,308.294,44,94,2250,12481
9,fp32_active,4.209623346105218,1783793966.3862798,306.377,44,94,2250,12481
9,fp32_active,4.309848103672266,1783793966.4864929,307.754,44,94,2250,12481
9,fp32_idle_post,0.00030809640884399414,1783793966.5801282,311.289,44,94,2250,12481
9,fp32_idle_post,0.10059181600809097,1783793966.680368,309.494,44,91,2250,12481
9,fp32_idle_post,0.2008112072944641,1783793966.7805865,288.759,39,91,2250,12481
9,fp32_idle_post,0.3011093195527792,1783793966.8808856,268.907,38,0,2257,12481
9,fp32_idle_post,0.4013475961983204,1783793966.9811232,252.56,38,0,2257,12481
9,fp32_idle_post,0.5015706419944763,1783793967.0813468,222.397,38,0,2265,12481
9,fp32_idle_post,0.6017899997532368,1783793967.1815658,210.095,37,0,2265,12481
9,fp32_idle_post,0.7020100597292185,1783793967.2817855,188.308,37,0,2265,12481
9,fp32_idle_post,0.8022735845297575,1783793967.3820498,169.388,37,0,2257,12481
9,fp32_idle_post,0.9024943597614765,1783793967.48227,151.103,37,0,2257,12481
9,fp32_idle_post,1.0027131792157888,1783793967.5824888,110.835,37,0,2265,12481
9,fp32_idle_post,1.1029811315238476,1783793967.6827567,108.582,37,0,2265,12481
9,fp32_idle_post,1.2032102588564157,1783793967.7829862,108.582,37,0,2265,12481
9,fp32_idle_post,1.3035009112209082,1783793967.8832762,108.582,37,0,2265,12481
9,fp32_idle_post,1.4038324858993292,1783793967.9836082,108.582,37,0,2265,12481
9,fp32_idle_post,1.5041224882006645,1783793968.0838983,108.582,37,0,2265,12481
9,fp32_idle_post,1.60446460172534,1783793968.1842406,108.582,37,0,2265,12481
9,fp32_idle_post,1.7047136090695858,1783793968.2844896,108.582,37,0,2265,12481
9,fp32_idle_post,1.8049801513552666,1783793968.3847563,108.582,37,0,2265,12481
9,fp32_idle_post,1.9053143803030252,1783793968.48509,108.582,37,0,2265,12481
9,fp32_idle_post,2.0056150909513235,1783793968.5853908,108.582,36,0,2265,12481
9,fp32_idle_post,2.1059867460280657,1783793968.685763,85.173,36,0,2265,12481
9,fp32_idle_post,2.20620683953166,1783793968.7859826,85.173,36,0,2265,12481
9,fp32_idle_post,2.306486427783966,1783793968.886263,85.173,36,0,2265,12481
9,fp32_idle_post,2.40671662427485,1783793968.986495,85.173,36,0,2265,12481
9,fp32_idle_post,2.5069589130580425,1783793969.086737,85.173,36,0,2265,12481
9,fp32_idle_post,2.607270298525691,1783793969.1870463,85.173,36,0,2265,12481
9,fp32_idle_post,2.7074761614203453,1783793969.287252,85.173,36,0,2265,12481
9,fp32_idle_post,2.8076830115169287,1783793969.3874588,85.173,36,0,2265,12481
9,fp32_idle_post,2.907899124547839,1783793969.4876754,85.173,36,0,2265,12481
9,fp32_idle_post,3.0082571636885405,1783793969.5880344,85.173,36,0,2265,12481
9,fp32_idle_post,3.108479803428054,1783793969.6882563,85.085,36,0,2265,12481
9,fp32_idle_post,3.208750829100609,1783793969.7885263,85.085,36,0,2265,12481
9,fp32_idle_post,3.30897275544703,1783793969.8887498,85.085,36,0,2265,12481
9,fp32_idle_post,3.4092308841645718,1783793969.989008,85.085,36,0,2265,12481
9,fp32_idle_post,3.509460484609008,1783793970.0892406,85.085,36,0,2265,12481
9,fp32_idle_post,3.6098538730293512,1783793970.1896317,85.085,36,0,2265,12481
9,fp32_idle_post,3.7100616320967674,1783793970.2898371,85.085,36,0,2265,12481
9,fp32_idle_post,3.8102560229599476,1783793970.3900313,85.085,36,0,2265,12481
9,fp32_idle_post,3.9105477072298527,1783793970.4903245,85.085,36,0,2265,12481
9,fp32_idle_post,4.01074986718595,1783793970.5905256,85.085,36,0,2265,12481
9,fp32_idle_post,4.111038276925683,1783793970.690815,84.793,36,0,2257,12481
9,fp32_idle_post,4.211247703060508,1783793970.7910233,84.793,36,0,2257,12481
9,fp32_idle_post,4.311455203220248,1783793970.891232,84.793,36,0,2257,12481
9,fp32_idle_post,4.411654444411397,1783793970.9914289,84.793,36,0,2257,12481
9,fp32_idle_post,4.511861979961395,1783793971.091638,84.793,36,0,2257,12481
9,fp32_idle_post,4.612069232389331,1783793971.191845,84.793,36,0,2257,12481
9,fp32_idle_post,4.712264755740762,1783793971.2920392,84.793,36,0,2257,12481
9,fp32_idle_post,4.812461718916893,1783793971.3922365,84.793,36,0,2257,12481
9,fp32_idle_post,4.912681614980102,1783793971.4924586,84.793,36,0,2257,12481
9,fp32_idle_post,5.012905495241284,1783793971.5926836,84.793,36,0,2257,12481
9,fp32_idle_post,5.113131288439035,1783793971.6929078,84.501,36,0,2265,12481
9,fp32_idle_post,5.213311543688178,1783793971.793071,84.501,36,0,2265,12481
9,fp32_idle_post,5.313473284244537,1783793971.8932521,84.501,36,0,2265,12481
9,fp32_idle_post,5.41369803249836,1783793971.9934754,84.501,36,0,2265,12481
9,fp32_idle_post,5.513933504000306,1783793972.0937104,84.501,36,0,2265,12481
9,fp32_idle_post,5.614161668345332,1783793972.1939387,84.501,36,0,2265,12481
9,fp32_idle_post,5.714380327612162,1783793972.2941563,84.501,36,0,2265,12481
9,fp32_idle_post,5.814570590853691,1783793972.3943443,84.501,36,0,2265,12481
9,fp32_idle_post,5.914792804047465,1783793972.4945714,84.501,36,0,2265,12481
9,fp32_idle_post,6.015050323680043,1783793972.5948272,84.501,36,0,2265,12481
9,fp32_idle_post,6.115297678858042,1783793972.6950583,84.501,36,0,2265,12481
9,fp32_idle_post,6.2155492678284645,1783793972.7953265,84.501,36,0,2265,12481
9,fp32_idle_post,6.315774828195572,1783793972.8955522,84.501,36,0,2265,12481
9,fp32_idle_post,6.416033828631043,1783793972.9958098,84.501,36,0,2265,12481
9,fp32_idle_post,6.516252255067229,1783793973.0960286,84.501,36,0,2265,12481
9,fp32_idle_post,6.616474049165845,1783793973.1962516,84.501,36,0,2265,12481
9,fp32_idle_post,6.716695491224527,1783793973.296471,84.501,36,0,2265,12481
9,fp32_idle_post,6.8168835155665874,1783793973.3966572,84.501,36,0,2265,12481
9,fp32_idle_post,6.917098321020603,1783793973.4968746,84.501,36,0,2265,12481
9,fp32_idle_post,7.017378803342581,1783793973.5971544,84.501,35,0,2265,12481
9,fp32_idle_post,7.117599157616496,1783793973.6973746,84.573,35,0,2265,12481
9,fp32_idle_post,7.2178168669342995,1783793973.7975924,84.573,35,0,2265,12481
9,fp32_idle_post,7.318127304315567,1783793973.897903,84.573,35,0,2265,12481
9,fp32_idle_post,7.418342700228095,1783793973.998118,84.573,35,0,2265,12481
9,fp32_idle_post,7.518561389297247,1783793974.098337,84.573,35,0,2265,12481
9,fp32_idle_post,7.618779923766851,1783793974.198556,84.573,35,0,2265,12481
9,fp32_idle_post,7.71908251568675,1783793974.2988577,84.573,35,0,2265,12481
9,fp32_idle_post,7.819269374012947,1783793974.3990421,84.573,35,0,2265,12481
9,fp32_idle_post,7.919611671939492,1783793974.4993875,84.573,35,0,2265,12481
9,fp32_idle_post,8.019829601049423,1783793974.599605,84.573,35,0,2265,12481
9,fp32_idle_post,8.120049787685275,1783793974.699825,84.574,35,0,2257,12481
9,fp32_idle_post,8.22026733495295,1783793974.8000422,84.574,35,0,2257,12481
9,fp32_idle_post,8.320484541356564,1783793974.9002597,84.574,35,0,2257,12481
9,fp32_idle_post,8.420736834406853,1783793975.000512,84.574,35,0,2257,12481
9,fp32_idle_post,8.52100677601993,1783793975.1007848,84.574,35,0,2257,12481
9,fp32_idle_post,8.621264403685927,1783793975.2010407,84.574,35,0,2257,12481
9,fp32_idle_post,8.721553899347782,1783793975.3013299,84.574,35,0,2257,12481
9,fp32_idle_post,8.821742728352547,1783793975.4015157,84.574,35,0,2257,12481
9,fp32_idle_post,8.922034407034516,1783793975.5018106,84.574,35,0,2257,12481
9,fp32_idle_post,9.02225417084992,1783793975.6020296,84.574,35,0,2257,12481
9,fp32_idle_post,9.122503381222486,1783793975.7022789,84.501,35,0,2265,12481
9,fp32_idle_post,9.222722059115767,1783793975.8024974,84.501,35,0,2265,12481
9,fp32_idle_post,9.32304292730987,1783793975.902818,84.501,35,0,2265,12481
9,fp32_idle_post,9.42324497923255,1783793976.0030196,84.501,35,0,2265,12481
9,fp32_idle_post,9.523452520370483,1783793976.103229,84.501,35,0,2265,12481
9,fp32_idle_post,9.623662387952209,1783793976.2034376,84.501,35,0,2265,12481
9,fp32_idle_post,9.723851151764393,1783793976.303625,84.501,35,0,2265,12481
9,fp32_idle_post,9.824069747701287,1783793976.403845,84.501,35,0,2265,12481
9,fp32_idle_post,9.924279600381851,1783793976.504054,84.501,35,0,2265,12481
10,int8_idle_pre,0.00010718405246734619,1783793976.5948913,84.501,35,0,2265,12481
10,int8_idle_pre,0.10032228007912636,1783793976.695095,84.501,35,0,2265,12481
10,int8_idle_pre,0.20056225545704365,1783793976.7953355,84.501,35,0,2265,12481
10,int8_idle_pre,0.3008419554680586,1783793976.8956149,84.501,35,0,2265,12481
10,int8_idle_pre,0.40106281638145447,1783793976.9958355,84.501,35,0,2265,12481
10,int8_idle_pre,0.5012829676270485,1783793977.0960562,84.501,35,0,2265,12481
10,int8_idle_pre,0.6015693452209234,1783793977.1963425,84.501,35,0,2265,12481
10,int8_idle_pre,0.7017879728227854,1783793977.2965617,84.501,35,0,2265,12481
10,int8_idle_pre,0.8020086362957954,1783793977.3967817,84.501,35,0,2265,12481
10,int8_idle_pre,0.9022291339933872,1783793977.4970021,84.501,35,0,2265,12481
10,int8_idle_pre,1.0024475455284119,1783793977.5972207,84.501,35,0,2265,12481
10,int8_idle_pre,1.1026674024760723,1783793977.6974406,84.014,35,0,2265,12481
10,int8_idle_pre,1.2029738705605268,1783793977.7977467,84.014,35,0,2265,12481
10,int8_idle_pre,1.3032646737992764,1783793977.8980377,84.014,35,0,2265,12481
10,int8_idle_pre,1.4034848008304834,1783793977.998258,84.014,35,0,2265,12481
10,int8_idle_pre,1.503704708069563,1783793978.098478,84.014,35,0,2265,12481
10,int8_idle_pre,1.6039237789809704,1783793978.198716,84.014,35,0,2265,12481
10,int8_idle_pre,1.7043322157114744,1783793978.2991052,84.014,35,0,2265,12481
10,int8_idle_pre,1.804551400244236,1783793978.399325,84.014,35,0,2265,12481
10,int8_idle_pre,1.9047683235257864,1783793978.499541,84.014,35,0,2265,12481
10,int8_idle_pre,2.00499882735312,1783793978.599772,84.014,35,0,2265,12481
10,int8_idle_pre,2.105320619419217,1783793978.7000937,84.014,35,0,2257,12481
10,int8_idle_pre,2.2055406160652637,1783793978.8003137,84.014,35,0,2257,12481
10,int8_idle_pre,2.305759383365512,1783793978.9005325,84.014,35,0,2257,12481
10,int8_idle_pre,2.406119940802455,1783793979.0008934,84.014,35,0,2257,12481
10,int8_idle_pre,2.5064004119485617,1783793979.1011734,84.014,35,0,2257,12481
10,int8_idle_pre,2.60661793500185,1783793979.2013915,84.014,35,0,2257,12481
10,int8_idle_pre,2.706908341497183,1783793979.3016815,84.014,35,0,2257,12481
10,int8_idle_pre,2.80712821893394,1783793979.401901,84.014,35,0,2257,12481
10,int8_idle_pre,2.9073797203600407,1783793979.502156,84.014,35,0,2257,12481
10,int8_idle_pre,3.0076043363660574,1783793979.602378,84.014,35,0,2257,12481
10,int8_idle_pre,3.1079878602176905,1783793979.7027612,84.014,35,0,2265,12481
10,int8_idle_pre,3.2082176096737385,1783793979.802991,84.014,35,0,2265,12481
10,int8_idle_pre,3.308415135368705,1783793979.9031878,84.014,35,0,2265,12481
10,int8_idle_pre,3.408637747168541,1783793980.003414,84.014,35,0,2265,12481
10,int8_idle_pre,3.5089258532971144,1783793980.103703,84.014,35,0,2265,12481
10,int8_idle_pre,3.609195211902261,1783793980.2039697,84.014,35,0,2265,12481
10,int8_idle_pre,3.709416387602687,1783793980.3041909,84.014,35,0,2265,12481
10,int8_idle_pre,3.8096379935741425,1783793980.4044135,84.014,35,0,2265,12481
10,int8_idle_pre,3.9098601322621107,1783793980.504634,84.014,35,0,2265,12481
10,int8_idle_pre,4.010076688602567,1783793980.6048498,84.014,35,0,2265,12481
10,int8_idle_pre,4.110295148566365,1783793980.705068,84.038,35,0,2265,12481
10,int8_idle_pre,4.210490783676505,1783793980.805263,84.038,35,0,2265,12481
10,int8_idle_pre,4.310742987319827,1783793980.9055169,84.038,35,0,2265,12481
10,int8_idle_pre,4.4109598603099585,1783793981.0057328,84.038,35,0,2265,12481
10,int8_idle_pre,4.511176032945514,1783793981.1059508,84.038,35,0,2265,12481
10,int8_idle_pre,4.611409107223153,1783793981.2061825,84.038,35,0,2265,12481
10,int8_idle_pre,4.711629539728165,1783793981.3064024,84.038,35,0,2265,12481
10,int8_idle_pre,4.811845535412431,1783793981.4066186,84.038,35,0,2265,12481
10,int8_idle_pre,4.912083726376295,1783793981.506857,84.038,35,0,2265,12481
10,int8_idle_pre,5.012291515246034,1783793981.6070645,84.038,35,0,2265,12481
10,int8_idle_pre,5.1124992445111275,1783793981.7072723,84.014,35,0,2265,12481
10,int8_idle_pre,5.212791899219155,1783793981.8075643,84.014,35,0,2265,12481
10,int8_idle_pre,5.313011296093464,1783793981.907784,84.014,35,0,2265,12481
10,int8_idle_pre,5.413188770413399,1783793982.007942,84.014,35,0,2265,12481
10,int8_idle_pre,5.513337699696422,1783793982.1081133,84.014,35,0,2265,12481
10,int8_idle_pre,5.613563876599073,1783793982.2083373,84.014,35,0,2265,12481
10,int8_idle_pre,5.713857444003224,1783793982.3086302,84.014,35,0,2265,12481
10,int8_idle_pre,5.814127774909139,1783793982.4089005,84.014,35,0,2265,12481
10,int8_idle_pre,5.914346802979708,1783793982.50912,84.014,35,0,2265,12481
10,int8_idle_pre,6.014567594975233,1783793982.6093411,84.014,35,0,2265,12481
10,int8_idle_pre,6.114790558815002,1783793982.709568,84.063,35,0,2265,12481
10,int8_idle_pre,6.215023355558515,1783793982.8097963,84.063,35,0,2265,12481
10,int8_idle_pre,6.315272770822048,1783793982.9100456,84.063,35,0,2265,12481
10,int8_idle_pre,6.415511751547456,1783793983.010285,84.063,35,0,2265,12481
10,int8_idle_pre,6.515734411776066,1783793983.1105072,84.063,35,0,2265,12481
10,int8_idle_pre,6.615969760343432,1783793983.2107441,84.063,35,0,2265,12481
10,int8_idle_pre,6.716185327619314,1783793983.3109586,84.063,35,0,2265,12481
10,int8_idle_pre,6.816405175253749,1783793983.4111784,84.063,35,0,2265,12481
10,int8_idle_pre,6.916626555845141,1783793983.5114012,84.063,35,0,2265,12481
10,int8_idle_pre,7.016895743086934,1783793983.6116693,84.063,35,0,2265,12481
10,int8_idle_pre,7.1171542797237635,1783793983.7119274,84.063,35,0,2257,12481
10,int8_idle_pre,7.2173779383301735,1783793983.812156,84.063,35,0,2257,12481
10,int8_idle_pre,7.317606080323458,1783793983.9123795,84.063,35,0,2257,12481
10,int8_idle_pre,7.417842008173466,1783793984.0126147,84.063,35,0,2257,12481
10,int8_idle_pre,7.518121838569641,1783793984.1128948,84.063,35,0,2257,12481
10,int8_idle_pre,7.6183910965919495,1783793984.2131643,84.063,35,0,2257,12481
10,int8_idle_pre,7.718612227588892,1783793984.3133852,84.063,35,0,2257,12481
10,int8_idle_pre,7.818832371383905,1783793984.4136052,84.063,35,0,2257,12481
10,int8_idle_pre,7.919100163504481,1783793984.5138733,84.063,35,0,2257,12481
10,int8_idle_pre,8.019319538027048,1783793984.614092,84.063,35,0,2257,12481
10,int8_idle_pre,8.11953890323639,1783793984.7143116,84.014,35,0,2257,12481
10,int8_idle_pre,8.219758244231343,1783793984.814531,84.014,35,0,2257,12481
10,int8_idle_pre,8.319988852366805,1783793984.9147618,84.014,35,0,2257,12481
10,int8_idle_pre,8.420232351869345,1783793985.0150054,84.014,35,0,2257,12481
10,int8_idle_pre,8.52045202627778,1783793985.1152256,84.014,35,0,2257,12481
10,int8_idle_pre,8.620773032307625,1783793985.2155468,84.014,35,0,2257,12481
10,int8_idle_pre,8.721064457669854,1783793985.3158376,84.014,35,0,2257,12481
10,int8_idle_pre,8.821374734863639,1783793985.4161491,84.014,35,0,2257,12481
10,int8_idle_pre,8.921718576923013,1783793985.5164945,84.014,35,0,2257,12481
10,int8_idle_pre,9.021945588290691,1783793985.61672,84.014,35,0,2257,12481
10,int8_idle_pre,9.12222521752119,1783793985.716998,84.014,35,0,2265,12481
10,int8_idle_pre,9.22250672057271,1783793985.817282,84.014,35,0,2265,12481
10,int8_idle_pre,9.322740484029055,1783793985.9175196,84.014,35,0,2265,12481
10,int8_idle_pre,9.422962043434381,1783793986.017739,84.014,35,0,2265,12481
10,int8_idle_pre,9.523217376321554,1783793986.117995,84.014,35,0,2265,12481
10,int8_idle_pre,9.623450677841902,1783793986.218227,84.014,35,0,2265,12481
10,int8_idle_pre,9.723680883646011,1783793986.318458,84.014,35,0,2265,12481
10,int8_idle_pre,9.823923135176301,1783793986.4187806,84.014,35,0,2265,12481
10,int8_idle_pre,9.924341363832355,1783793986.5191252,84.014,35,0,2265,12481
10,int8_active,0.00043079815804958344,1783793986.5963128,84.014,35,0,2265,12481
10,int8_active,0.1006555687636137,1783793986.6965404,84.014,34,0,2265,12481
10,int8_active,0.20090258866548538,1783793986.796789,93.576,37,0,2265,12481
10,int8_active,0.3011314310133457,1783793986.8970122,101.049,37,91,2257,12481
10,int8_active,0.4013638235628605,1783793986.9972405,107.421,38,91,2257,12481
10,int8_active,0.5015877708792686,1783793987.0974653,113.32,38,94,2257,12481
10,int8_active,0.6018732935190201,1783793987.1977499,119.159,38,94,2257,12481
10,int8_active,0.7020675241947174,1783793987.2979338,124.049,38,94,2257,12481
10,int8_active,0.802262743934989,1783793987.3981447,128.218,38,94,2257,12481
10,int8_active,0.9026216771453619,1783793987.4984992,132.278,38,93,2257,12481
10,int8_active,1.0028651654720306,1783793987.598743,135.409,39,93,2257,12481
10,int8_active,1.1030665952712297,1783793987.6989481,138.308,39,94,2257,12481
10,int8_active,1.2033005990087986,1783793987.7991793,193.479,39,94,2257,12481
10,int8_active,1.3035291507840157,1783793987.8994153,194.977,39,94,2257,12481
10,int8_active,1.4038087353110313,1783793987.99969,196.335,39,94,2257,12481
10,int8_active,1.5040131583809853,1783793988.0998895,196.695,39,93,2257,12481
10,int8_active,1.6042441446334124,1783793988.2001228,196.706,39,93,2257,12481
10,int8_active,1.7044850643724203,1783793988.3003643,196.585,39,94,2257,12481
10,int8_active,1.8046904932707548,1783793988.4005685,196.7,39,94,2257,12481
10,int8_active,1.904920805245638,1783793988.5007977,196.232,39,93,2257,12481
10,int8_active,2.0051352735608816,1783793988.6010158,196.232,39,93,2257,12481
10,int8_active,2.1053670160472393,1783793988.7012448,196.819,39,93,2257,12481
10,int8_active,2.205595165491104,1783793988.8014767,196.406,39,93,2257,12481
10,int8_active,2.305789904668927,1783793988.9016533,197.037,39,94,2257,12481
10,int8_active,2.4059426560997963,1783793989.0018213,196.515,39,94,2257,12481
10,int8_active,2.5061701871454716,1783793989.102047,196.03,39,94,2257,12481
10,int8_active,2.6064398493617773,1783793989.202316,197.243,39,94,2257,12481
10,int8_active,2.706658648326993,1783793989.3025355,196.847,39,93,2257,12481
10,int8_active,2.8068847730755806,1783793989.402761,196.791,39,93,2257,12481
10,int8_active,2.90710811316967,1783793989.502985,197.558,39,94,2257,12481
10,int8_active,3.0073284078389406,1783793989.603205,196.782,39,94,2257,12481
10,int8_active,3.1075545866042376,1783793989.7034314,197.145,39,94,2257,12481
10,int8_active,3.2077760454267263,1783793989.8036525,197.052,39,94,2257,12481
10,int8_active,3.307980002835393,1783793989.9038544,196.861,39,93,2257,12481
10,int8_active,3.4082007501274347,1783793990.0040772,197.092,39,93,2257,12481
10,int8_active,3.5084041599184275,1783793990.1042874,196.971,39,94,2257,12481
10,int8_active,3.6086466684937477,1783793990.2045236,197.6,39,94,2257,12481
10,int8_active,3.708868505433202,1783793990.304745,197.646,39,94,2257,12481
10,int8_active,3.8090939223766327,1783793990.4049702,197.185,40,94,2257,12481
10,int8_active,3.9093449991196394,1783793990.5052214,197.632,39,94,2257,12481
10,int8_idle_post,0.0003055240958929062,1783793990.5914698,196.96,40,94,2257,12481
10,int8_idle_post,0.1005991231650114,1783793990.6917112,197.224,40,94,2257,12481
10,int8_idle_post,0.20086581073701382,1783793990.7919781,185.993,37,94,2257,12481
10,int8_idle_post,0.3010842949151993,1783793990.8921962,175.045,37,0,2257,12481
10,int8_idle_post,0.40140419639647007,1783793990.992516,163.258,36,0,2257,12481
10,int8_idle_post,0.5016220845282078,1783793991.092734,152.664,36,0,2265,12481
10,int8_idle_post,0.6018431670963764,1783793991.1929557,140.928,36,0,2265,12481
10,int8_idle_post,0.702062064781785,1783793991.2931743,129.625,36,0,2265,12481
10,int8_idle_post,0.8023519869893789,1783793991.393464,118.692,36,0,2265,12481
10,int8_idle_post,0.9025752991437912,1783793991.4936879,107.036,36,0,2265,12481
10,int8_idle_post,1.0027986373752356,1783793991.5939107,105.041,36,0,2265,12481
10,int8_idle_post,1.1030217092484236,1783793991.6941378,85.212,36,0,2265,12481
10,int8_idle_post,1.203300155699253,1783793991.794414,85.212,36,0,2265,12481
10,int8_idle_post,1.3035269789397717,1783793991.8946397,85.212,36,0,2265,12481
10,int8_idle_post,1.403842182829976,1783793991.994958,85.212,36,0,2265,12481
10,int8_idle_post,1.504072355106473,1783793992.095186,85.212,36,0,2265,12481
10,int8_idle_post,1.6042969953268766,1783793992.195409,85.212,36,0,2265,12481
10,int8_idle_post,1.7045182548463345,1783793992.2956305,85.212,36,0,2265,12481
10,int8_idle_post,1.8047841154038906,1783793992.3958957,85.212,36,0,2265,12481
10,int8_idle_post,1.9050431363284588,1783793992.4961548,85.212,36,0,2265,12481
10,int8_idle_post,2.0052934885025024,1783793992.5964055,84.501,35,0,2265,12481
10,int8_idle_post,2.1055157463997602,1783793992.6966338,84.501,35,0,2257,12481
10,int8_idle_post,2.205749813467264,1783793992.7968624,84.501,35,0,2257,12481
10,int8_idle_post,2.305968463420868,1783793992.8970804,84.501,35,0,2257,12481
10,int8_idle_post,2.4061871115118265,1783793992.9972992,84.501,35,0,2257,12481
10,int8_idle_post,2.5064065903425217,1783793993.097519,84.501,35,0,2257,12481
10,int8_idle_post,2.606626806780696,1783793993.19774,84.501,35,0,2257,12481
10,int8_idle_post,2.706885401159525,1783793993.2979972,84.501,35,0,2257,12481
10,int8_idle_post,2.807105043902993,1783793993.3982172,84.501,35,0,2257,12481
10,int8_idle_post,2.907353103160858,1783793993.4984653,84.501,35,0,2257,12481
10,int8_idle_post,3.0075731426477432,1783793993.598733,84.525,35,0,2257,12481
10,int8_idle_post,3.107903342694044,1783793993.6990151,84.525,35,0,2257,12481
10,int8_idle_post,3.20811078697443,1783793993.7992225,84.525,35,0,2257,12481
10,int8_idle_post,3.30833120085299,1783793993.8994436,84.525,35,0,2257,12481
10,int8_idle_post,3.408616518601775,1783793993.9997287,84.525,35,0,2257,12481
10,int8_idle_post,3.5088391676545143,1783793994.0999513,84.525,35,0,2257,12481
10,int8_idle_post,3.6091092713177204,1783793994.2002215,84.525,35,0,2257,12481
10,int8_idle_post,3.709339167922735,1783793994.3004515,84.525,35,0,2257,12481
10,int8_idle_post,3.8095662761479616,1783793994.4006782,84.525,35,0,2257,12481
10,int8_idle_post,3.90983734279871,1783793994.5009496,84.525,35,0,2257,12481
10,int8_idle_post,4.010056866332889,1783793994.6011689,84.282,35,0,2265,12481
10,int8_idle_post,4.110277783125639,1783793994.70139,84.282,35,0,2265,12481
10,int8_idle_post,4.210633333772421,1783793994.801746,84.282,35,0,2265,12481
10,int8_idle_post,4.3108671344816685,1783793994.9019797,84.282,35,0,2265,12481
10,int8_idle_post,4.411237400025129,1783793995.0023491,84.282,35,0,2265,12481
10,int8_idle_post,4.51142044365406,1783793995.1025164,84.282,35,0,2265,12481
10,int8_idle_post,4.611635323613882,1783793995.202748,84.282,35,0,2265,12481
10,int8_idle_post,4.711903968825936,1783793995.303016,84.282,35,0,2265,12481
10,int8_idle_post,4.812123799696565,1783793995.4032357,84.282,35,0,2265,12481
10,int8_idle_post,4.912342952564359,1783793995.503455,84.282,35,0,2265,12481
10,int8_idle_post,5.0125631503760815,1783793995.6036756,84.063,35,0,2265,12481
10,int8_idle_post,5.112782759591937,1783793995.7038946,84.063,35,0,2265,12481
10,int8_idle_post,5.21300745382905,1783793995.80412,84.063,35,0,2265,12481
10,int8_idle_post,5.313246274366975,1783793995.9043586,84.063,35,0,2265,12481
10,int8_idle_post,5.413588305935264,1783793996.0047004,84.063,35,0,2265,12481
10,int8_idle_post,5.513808082789183,1783793996.1049201,84.063,35,0,2265,12481
10,int8_idle_post,5.614029314368963,1783793996.2051418,84.063,35,0,2265,12481
10,int8_idle_post,5.714249424636364,1783793996.3053615,84.063,35,0,2265,12481
10,int8_idle_post,5.814447406679392,1783793996.4055593,84.063,35,0,2265,12481
10,int8_idle_post,5.914667082950473,1783793996.5057793,84.063,35,0,2265,12481
10,int8_idle_post,6.014900598675013,1783793996.6060126,84.038,35,0,2265,12481
10,int8_idle_post,6.115113019943237,1783793996.7062244,84.038,35,0,2265,12481
10,int8_idle_post,6.21532242372632,1783793996.8064342,84.038,35,0,2265,12481
10,int8_idle_post,6.3155420906841755,1783793996.906655,84.038,35,0,2265,12481
10,int8_idle_post,6.415867710486054,1783793997.0069804,84.038,35,0,2265,12481
10,int8_idle_post,6.516126111149788,1783793997.107238,84.038,35,0,2265,12481
10,int8_idle_post,6.616345904767513,1783793997.207458,84.038,35,0,2265,12481
10,int8_idle_post,6.716567266732454,1783793997.307679,84.038,35,0,2265,12481
10,int8_idle_post,6.816765207797289,1783793997.4078765,84.038,35,0,2265,12481
10,int8_idle_post,6.9170519560575485,1783793997.5081642,84.038,35,0,2265,12481
10,int8_idle_post,7.017322845757008,1783793997.608435,84.013,35,0,2257,12481
10,int8_idle_post,7.11754273250699,1783793997.7086546,84.013,35,0,2257,12481
10,int8_idle_post,7.217837480828166,1783793997.8089492,84.013,35,0,2257,12481
10,int8_idle_post,7.318047966808081,1783793997.9091594,84.013,35,0,2257,12481
10,int8_idle_post,7.418278992176056,1783793998.0093908,84.013,35,0,2257,12481
10,int8_idle_post,7.518547998741269,1783793998.1096601,84.013,35,0,2257,12481
10,int8_idle_post,7.6187767796218395,1783793998.209889,84.013,35,0,2257,12481
10,int8_idle_post,7.7189977038651705,1783793998.3101099,84.013,35,0,2257,12481
10,int8_idle_post,7.8192627392709255,1783793998.4103746,84.013,35,0,2257,12481
10,int8_idle_post,7.919557075947523,1783793998.510669,84.013,35,0,2257,12481
10,int8_idle_post,8.019846083596349,1783793998.610958,83.527,35,0,2265,12481
10,int8_idle_post,8.120052687823772,1783793998.7111647,83.527,35,0,2265,12481
10,int8_idle_post,8.220249343663454,1783793998.811361,83.527,35,0,2265,12481
10,int8_idle_post,8.320523835718632,1783793998.9116373,83.527,35,0,2265,12481
10,int8_idle_post,8.420745395123959,1783793999.0118575,83.527,35,0,2265,12481
10,int8_idle_post,8.520956739783287,1783793999.1120684,83.527,35,0,2265,12481
10,int8_idle_post,8.621171513572335,1783793999.2122886,83.527,35,0,2265,12481
10,int8_idle_post,8.721481800079346,1783793999.3125973,83.527,35,0,2265,12481
10,int8_idle_post,8.821841711178422,1783793999.4129608,83.527,35,0,2265,12481
10,int8_idle_post,8.92208013124764,1783793999.5131962,83.527,35,0,2265,12481
10,int8_idle_post,9.022303657606244,1783793999.6134164,83.041,35,0,2265,12481
10,int8_idle_post,9.122569024562836,1783793999.7136817,83.041,35,0,2265,12481
10,int8_idle_post,9.2227719463408,1783793999.8138847,83.041,35,0,2265,12481
10,int8_idle_post,9.323028407990932,1783793999.9141405,83.041,35,0,2265,12481
10,int8_idle_post,9.423241209238768,1783794000.0143535,83.041,35,0,2265,12481
10,int8_idle_post,9.523467604070902,1783794000.1145847,83.041,35,0,2265,12481
10,int8_idle_post,9.623691011220217,1783794000.2148035,83.041,35,0,2265,12481
10,int8_idle_post,9.723952671512961,1783794000.3150644,83.041,35,0,2265,12481
10,int8_idle_post,9.82417218387127,1783794000.4152844,83.041,35,0,2265,12481
10,int8_idle_post,9.92439965158701,1783794000.5155115,83.041,35,0,2265,12481
