rel_time_s             , wall_time_s       , power_w, temperature_c, gpu_util_pct, sm_clock_mhz, mem_clock_mhz, phase
 0.000443335622549057  , 1783619953.8094985, 111.981,            35,           27,         2325,         12481, active
 0.03085782378911972   , 1783619953.8332443, 111.981,            36,           28,         2325,         12481, active
 0.0509615633636713    , 1783619953.8533473, 111.981,            36,           28,         2325,         12481, active
 0.0710555762052536    , 1783619953.87344  , 111.981,            36,           28,         2325,         12481, active
 0.09115254506468773   , 1783619953.8935301, 111.981,            36,           28,         2325,         12481, active
 0.11123168095946312   , 1783619953.9136093, 111.981,            36,           28,         2325,         12481, active
 0.13131382130086422   , 1783619953.9336915, 117.504,            35,           28,         2325,         12481, active
 0.15138426795601845   , 1783619953.9537616, 117.504,            35,           28,         2325,         12481, active
 0.17146537452936172   , 1783619953.973848 , 117.504,            35,           28,         2325,         12481, active
 0.19181491620838642   , 1783619953.9941926, 117.504,            35,           28,         2325,         12481, active
 0.2119067031890154    , 1783619954.0142848, 117.504,            35,           28,         2325,         12481, active
 0.23200163058936596   , 1783619954.034392 , 118.742,            35,           28,         2325,         12481, active
 0.25210163183510303   , 1783619954.0544794, 118.742,            35,           28,         2325,         12481, active
 0.27218126505613327   , 1783619954.0745726, 118.742,            35,           28,         2325,         12481, active
 0.29230679385364056   , 1783619954.0946844, 118.742,            35,           28,         2325,         12481, active
 0.3123772218823433    , 1783619954.114755 , 118.742,            35,           28,         2325,         12481, active
 0.33246082067489624   , 1783619954.134839 , 121.869,            36,           28,         2325,         12481, active
 0.35254741087555885   , 1783619954.1549265, 121.869,            36,           28,         2325,         12481, active
 0.3726489432156086    , 1783619954.1750267, 121.869,            36,           28,         2325,         12481, active
 0.39271654561161995   , 1783619954.195094 , 121.869,            36,           28,         2325,         12481, active
 0.41278501227498055   , 1783619954.215164 , 121.869,            36,           28,         2325,         12481, active
 0.43287836387753487   , 1783619954.235256 , 129.731,            35,           28,         2325,         12481, active
 0.45294914953410625   , 1783619954.2553418, 129.731,            35,           28,         2325,         12481, active
 0.47303793393075466   , 1783619954.2754245, 129.731,            35,           28,         2325,         12481, active
 0.4931320156902075    , 1783619954.2955096, 129.731,            35,           28,         2325,         12481, active
 0.513198459520936     , 1783619954.315596 , 129.731,            35,           28,         2325,         12481, active
 0.5333533231168985    , 1783619954.3357391, 129.107,            36,           28,         2325,         12481, active
 0.5534310787916183    , 1783619954.3558238, 129.107,            36,           28,         2325,         12481, active
 0.573521239683032     , 1783619954.3758986, 129.107,            36,           28,         2325,         12481, active
 0.5936050657182932    , 1783619954.3959823, 129.107,            36,           28,         2325,         12481, active
 0.6136884819716215    , 1783619954.4160657, 129.107,            36,           28,         2325,         12481, active
 0.633765198290348     , 1783619954.4361436, 129.199,            35,           28,         2325,         12481, active
 0.6538484189659357    , 1783619954.4562266, 129.199,            35,           28,         2325,         12481, active
 0.6743672881275415    , 1783619954.4767528, 129.199,            35,           28,         2325,         12481, active
 0.6944431029260159    , 1783619954.4968204, 129.199,            35,           28,         2325,         12481, active
 0.7145273834466934    , 1783619954.5169058, 129.199,            35,           28,         2325,         12481, active
 0.7346116676926613    , 1783619954.5369902, 128.625,            36,           28,         2325,         12481, active
 0.754699170589447     , 1783619954.5570767, 128.625,            36,           28,         2325,         12481, active
 0.7747880630195141    , 1783619954.5771654, 128.625,            36,           28,         2325,         12481, active
 0.7948656175285578    , 1783619954.5972536, 128.625,            36,           28,         2325,         12481, active
 0.814945787191391     , 1783619954.6173232, 128.625,            36,           28,         2325,         12481, active
 0.8350290879607201    , 1783619954.6374068, 128.823,            36,           28,         2325,         12481, active
 0.8551195431500673    , 1783619954.6574972, 128.823,            36,           28,         2325,         12481, active
 0.8751999419182539    , 1783619954.6775775, 128.823,            36,           28,         2325,         12481, active
 0.8956730682402849    , 1783619954.6980588, 128.823,            36,           28,         2325,         12481, active
 0.9157592002302408    , 1783619954.7181425, 128.823,            36,           28,         2325,         12481, active
 0.9358409773558378    , 1783619954.7382185, 128.727,            36,           28,         2325,         12481, active
 0.9559231083840132    , 1783619954.7583082, 128.727,            36,           28,         2325,         12481, active
 0.9760329723358154    , 1783619954.7784102, 128.727,            36,           28,         2325,         12481, active
 0.9961284641176462    , 1783619954.7985108, 128.727,            36,           28,         2325,         12481, active
 1.0162099692970514    , 1783619954.818587 , 128.727,            36,           28,         2325,         12481, active
 1.0362870749086142    , 1783619954.8386683, 128.68 ,            36,           28,         2325,         12481, active
 1.056391490623355     , 1783619954.8587742, 128.68 ,            36,           28,         2325,         12481, active
 1.0764921437948942    , 1783619954.8788803, 128.68 ,            36,           28,         2325,         12481, active
 1.0965837147086859    , 1783619954.8989613, 128.68 ,            36,           28,         2325,         12481, active
 1.1166656352579594    , 1783619954.9190435, 128.68 ,            36,           28,         2325,         12481, active
 1.1367566958069801    , 1783619954.9391341, 129.996,            36,           28,         2325,         12481, active
 1.1568356789648533    , 1783619954.9592135, 129.996,            36,           28,         2325,         12481, active
 1.176941780373454     , 1783619954.9793193, 129.996,            36,           28,         2325,         12481, active
 1.197036288678646     , 1783619954.9994245, 129.996,            36,           28,         2325,         12481, active
 1.2171352710574865    , 1783619955.0195127, 129.996,            36,           28,         2325,         12481, active
 1.2372003849595785    , 1783619955.0395782, 129.794,            36,           28,         2325,         12481, active
 1.257277524098754     , 1783619955.059661 , 129.794,            36,           28,         2325,         12481, active
 1.277358179911971     , 1783619955.0797443, 129.794,            36,           28,         2325,         12481, active
 1.2974426355212927    , 1783619955.0998209, 129.794,            36,           28,         2325,         12481, active
 1.3175613638013601    , 1783619955.1199505, 129.794,            36,           28,         2325,         12481, active
 1.3376471921801567    , 1783619955.1400342, 130.239,            36,           28,         2325,         12481, active
 1.3577469736337662    , 1783619955.1601365, 130.239,            36,           28,         2325,         12481, active
 1.377841118723154     , 1783619955.1802244, 130.239,            36,           28,         2325,         12481, active
 1.3979456517845392    , 1783619955.2003236, 130.239,            36,           28,         2325,         12481, active
 1.4180371668189764    , 1783619955.2204146, 130.239,            36,           28,         2325,         12481, active
 1.4381060227751732    , 1783619955.240484 , 130.048,            36,           27,         2325,         12481, active
 1.4581758081912994    , 1783619955.2605546, 130.048,            36,           27,         2325,         12481, active
 1.478271970525384     , 1783619955.2806492, 130.048,            36,           27,         2325,         12481, active
 1.4983796402812004    , 1783619955.3007572, 130.048,            36,           27,         2325,         12481, active
 1.5184470750391483    , 1783619955.3208246, 130.048,            36,           27,         2325,         12481, active
 1.5385131053626537    , 1783619955.3408911, 130.036,            36,           27,         2325,         12481, active
 1.558612149208784     , 1783619955.360989 , 130.036,            36,           27,         2325,         12481, active
 1.5786817725747824    , 1783619955.3810606, 130.036,            36,           27,         2325,         12481, active
 1.598761297762394     , 1783619955.4011388, 130.036,            36,           27,         2325,         12481, active
 1.6192432790994644    , 1783619955.4216292, 130.036,            36,           27,         2325,         12481, active
 1.639319010078907     , 1783619955.4416964, 129.459,            36,           27,         2325,         12481, active
 1.6593986209481955    , 1783619955.4617765, 129.459,            36,           27,         2325,         12481, active
 1.6794859860092402    , 1783619955.4818742, 129.459,            36,           27,         2325,         12481, active
 1.699563641101122     , 1783619955.501941 , 129.459,            36,           27,         2325,         12481, active
 1.719640675932169     , 1783619955.5220187, 129.459,            36,           27,         2325,         12481, active
 1.739732215180993     , 1783619955.5421178, 129.924,            36,           27,         2325,         12481, active
 1.7602201718837023    , 1783619955.5626063, 129.924,            36,           27,         2325,         12481, active
 1.7803174667060375    , 1783619955.5826967, 129.924,            36,           27,         2325,         12481, active
 1.8004083521664143    , 1783619955.6027858, 129.924,            36,           27,         2325,         12481, active
 1.8204920589923859    , 1783619955.6228788, 129.924,            36,           27,         2325,         12481, active
 1.8405724745243788    , 1783619955.6429503, 129.982,            36,           28,         2325,         12481, active
 1.8606795277446508    , 1783619955.6630585, 129.982,            36,           28,         2325,         12481, active
 1.880758898332715     , 1783619955.6831517, 129.982,            36,           28,         2325,         12481, active
 1.9008538201451302    , 1783619955.7032316, 129.982,            36,           28,         2325,         12481, active
 1.9209216572344303    , 1783619955.7233005, 129.982,            36,           28,         2325,         12481, active
 1.9410072267055511    , 1783619955.743386 , 130.793,            36,           28,         2325,         12481, active
 1.9611283894628286    , 1783619955.763506 , 130.793,            36,           28,         2325,         12481, active
 1.9811995197087526    , 1783619955.7835777, 130.793,            36,           28,         2325,         12481, active
 2.0012999791651964    , 1783619955.8036778, 130.793,            36,           28,         2325,         12481, active
 2.0213941037654877    , 1783619955.8237712, 130.793,            36,           28,         2325,         12481, active
 2.0414795000106096    , 1783619955.843857 , 130.58 ,            36,           27,         2325,         12481, active
 2.061565939337015     , 1783619955.8639586, 130.58 ,            36,           27,         2325,         12481, active
 2.081654965877533     , 1783619955.884033 , 130.58 ,            36,           27,         2325,         12481, active
 2.101758763194084     , 1783619955.9041362, 130.58 ,            36,           27,         2325,         12481, active
 2.1218268033117056    , 1783619955.924204 , 130.58 ,            36,           27,         2325,         12481, active
 2.1419260762631893    , 1783619955.9443035, 130.269,            36,           27,         2325,         12481, active
 2.1620313189923763    , 1783619955.964424 , 130.269,            36,           27,         2325,         12481, active
 2.1821486838161945    , 1783619955.984526 , 130.269,            36,           27,         2325,         12481, active
 2.202220806851983     , 1783619956.0046167, 130.269,            36,           27,         2325,         12481, active
 2.222345707938075     , 1783619956.024723 , 130.269,            36,           27,         2325,         12481, active
 2.2424142733216286    , 1783619956.0447924, 130.582,            36,           27,         2325,         12481, active
 2.2625054717063904    , 1783619956.0648835, 130.582,            36,           27,         2325,         12481, active
 2.2825896851718426    , 1783619956.0849676, 130.582,            36,           27,         2325,         12481, active
 2.3026740066707134    , 1783619956.1050508, 130.582,            36,           27,         2325,         12481, active
 2.3227969482541084    , 1783619956.1251743, 130.582,            36,           27,         2325,         12481, active
 2.3429007083177567    , 1783619956.1452782, 130.139,            36,           27,         2325,         12481, active
 2.362987071275711     , 1783619956.1653807, 130.139,            36,           27,         2325,         12481, active
 2.383101647719741     , 1783619956.185479 , 130.139,            36,           27,         2325,         12481, active
 2.4031683206558228    , 1783619956.205546 , 130.139,            36,           27,         2325,         12481, active
 2.4232624638825655    , 1783619956.2256398, 130.139,            36,           27,         2325,         12481, active
 2.4433686155825853    , 1783619956.245746 , 131.401,            36,           27,         2325,         12481, active
 2.4634338226169348    , 1783619956.2658236, 131.401,            36,           27,         2325,         12481, active
 2.4835354071110487    , 1783619956.2859125, 131.401,            36,           27,         2325,         12481, active
 2.5036279130727053    , 1783619956.3060057, 131.401,            36,           27,         2325,         12481, active
 2.523729097098112     , 1783619956.326106 , 131.401,            36,           27,         2325,         12481, active
 2.5438022576272488    , 1783619956.3461797, 131.206,            36,           27,         2325,         12481, active
 2.5638700425624847    , 1783619956.3662472, 131.206,            36,           27,         2325,         12481, active
 2.5839362908154726    , 1783619956.3863137, 131.206,            36,           27,         2325,         12481, active
 2.6040139980614185    , 1783619956.4063914, 131.206,            36,           27,         2325,         12481, active
 2.624095471575856     , 1783619956.426473 , 131.206,            36,           27,         2325,         12481, active
 2.6441712472587824    , 1783619956.4465642, 132.729,            36,           28,         2325,         12481, active
 2.664265340194106     , 1783619956.4666543, 132.729,            36,           28,         2325,         12481, active
 2.684381775557995     , 1783619956.4867706, 132.729,            36,           28,         2325,         12481, active
 2.7044684160500765    , 1783619956.5068462, 132.729,            36,           28,         2325,         12481, active
 2.7245507035404444    , 1783619956.5269282, 132.729,            36,           28,         2325,         12481, active
 2.744634158909321     , 1783619956.5470269, 131.744,            36,           28,         2325,         12481, active
 2.7647529635578394    , 1783619956.5671303, 131.744,            36,           28,         2325,         12481, active
 2.784829296171665     , 1783619956.5872073, 131.744,            36,           28,         2325,         12481, active
 2.804925587028265     , 1783619956.607303 , 131.744,            36,           28,         2325,         12481, active
 2.824997376650572     , 1783619956.6273758, 131.744,            36,           28,         2325,         12481, active
 2.8450977001339197    , 1783619956.6474798, 132.326,            36,           27,         2325,         12481, active
 2.865195754915476     , 1783619956.6675932, 132.326,            36,           27,         2325,         12481, active
 2.885305803269148     , 1783619956.6876838, 132.326,            36,           27,         2325,         12481, active
 2.9053996559232473    , 1783619956.707787 , 132.326,            36,           27,         2325,         12481, active
 2.925567999482155     , 1783619956.7279453, 132.326,            36,           27,         2325,         12481, active
 2.9456637986004353    , 1783619956.7480414, 131.627,            36,           27,         2325,         12481, active
 2.965744160115719     , 1783619956.768122 , 131.627,            36,           27,         2325,         12481, active
 2.9858553912490606    , 1783619956.788233 , 131.627,            36,           27,         2325,         12481, active
 3.005937522277236     , 1783619956.8083146, 131.627,            36,           27,         2325,         12481, active
 3.026031769812107     , 1783619956.8284094, 131.627,            36,           27,         2325,         12481, active
 3.046098057180643     , 1783619956.8484895, 132.202,            36,           28,         2325,         12481, active
 3.066187147051096     , 1783619956.8685644, 132.202,            36,           28,         2325,         12481, active
 3.086283143609762     , 1783619956.888661 , 132.202,            36,           28,         2325,         12481, active
 3.1063758600503206    , 1783619956.9087663, 132.202,            36,           28,         2325,         12481, active
 3.1264651529490948    , 1783619956.9288507, 132.202,            36,           28,         2325,         12481, active
 3.146552035585046     , 1783619956.9489312, 131.737,            36,           28,         2325,         12481, active
 3.1666529588401318    , 1783619956.9690306, 131.737,            36,           28,         2325,         12481, active
 3.186741668730974     , 1783619956.9891229, 131.737,            36,           28,         2325,         12481, active
 3.206855518743396     , 1783619957.009233 , 131.737,            36,           28,         2325,         12481, active
 3.226941891014576     , 1783619957.0293243, 131.737,            36,           28,         2325,         12481, active
 3.247025154531002     , 1783619957.0494046, 131.339,            36,           27,         2325,         12481, active
 3.2671394031494856    , 1783619957.0695238, 131.339,            36,           27,         2325,         12481, active
 3.2872265968471766    , 1783619957.089631 , 131.339,            36,           27,         2325,         12481, active
 3.307361375540495     , 1783619957.1097398, 131.339,            36,           27,         2325,         12481, active
 3.327454064041376     , 1783619957.129832 , 131.339,            36,           27,         2325,         12481, active
 3.3475470803678036    , 1783619957.1499348, 131.48 ,            36,           27,         2325,         12481, active
 3.3676320761442184    , 1783619957.1700094, 131.48 ,            36,           27,         2325,         12481, active
 3.3880685921758413    , 1783619957.1904464, 131.48 ,            36,           27,         2325,         12481, active
 3.40815713070333      , 1783619957.2105358, 131.48 ,            36,           27,         2325,         12481, active
 3.4282348435372114    , 1783619957.2306125, 131.48 ,            36,           27,         2325,         12481, active
 3.448318397626281     , 1783619957.250696 , 130.875,            36,           28,         2325,         12481, active
 3.468404984101653     , 1783619957.2707827, 130.875,            36,           28,         2325,         12481, active
 3.488523416221142     , 1783619957.2909014, 130.875,            36,           28,         2325,         12481, active
 3.508619049564004     , 1783619957.3110087, 130.875,            36,           28,         2325,         12481, active
 3.5287304259836674    , 1783619957.331122 , 130.875,            36,           28,         2325,         12481, active
 3.5488229747861624    , 1783619957.351201 , 131.701,            36,           28,         2325,         12481, active
 3.568920934572816     , 1783619957.371298 , 131.701,            36,           28,         2325,         12481, active
 3.5890062619000673    , 1783619957.3913982, 131.701,            36,           28,         2325,         12481, active
 3.609102228656411     , 1783619957.4114795, 131.701,            36,           28,         2325,         12481, active
 3.6291787810623646    , 1783619957.4315627, 131.701,            36,           28,         2325,         12481, active
 3.649263422936201     , 1783619957.451641 , 131.782,            36,           28,         2325,         12481, active
 3.669329859316349     , 1783619957.4717073, 131.782,            36,           28,         2325,         12481, active
 3.6893965676426888    , 1783619957.4917746, 131.782,            36,           28,         2325,         12481, active
 3.7094924952834845    , 1783619957.5118797, 131.782,            36,           28,         2325,         12481, active
 3.7295738756656647    , 1783619957.531952 , 131.312,            36,           28,         2325,         12481, active
 3.749665569514036     , 1783619957.552043 , 131.312,            36,           28,         2325,         12481, active
 3.7697319015860558    , 1783619957.5721245, 131.312,            36,           28,         2325,         12481, active
 3.7898419983685017    , 1783619957.5922327, 131.312,            36,           28,         2325,         12481, active
 3.8099388387054205    , 1783619957.6123285, 131.312,            36,           28,         2325,         12481, active
 3.830019099637866     , 1783619957.6324108, 131.773,            36,           27,         2325,         12481, active
 3.8509232718497515    , 1783619957.653301 , 131.773,            36,           27,         2325,         12481, active
 3.8710255548357964    , 1783619957.6734035, 131.773,            36,           27,         2325,         12481, active
 3.891110647469759     , 1783619957.6934922, 131.773,            36,           27,         2325,         12481, active
 3.911225199699402     , 1783619957.7136028, 131.773,            36,           27,         2325,         12481, active
 3.931305319070816     , 1783619957.733683 , 130.565,            36,           27,         2325,         12481, active
 3.951396245509386     , 1783619957.7537735, 130.565,            36,           27,         2325,         12481, active
 3.971489306539297     , 1783619957.7738664, 130.565,            36,           27,         2325,         12481, active
 3.9915567468851805    , 1783619957.7939343, 130.565,            36,           27,         2325,         12481, active
 4.011623676866293     , 1783619957.8140006, 130.565,            36,           27,         2325,         12481, active
 4.0317037627100945    , 1783619957.834082 , 131.537,            36,           28,         2325,         12481, active
 4.052338715642691     , 1783619957.854716 , 131.537,            36,           28,         2325,         12481, active
 4.072436310350895     , 1783619957.8748193, 131.537,            36,           28,         2325,         12481, active
 4.0925295650959015    , 1783619957.8949153, 131.537,            36,           28,         2325,         12481, active
 4.112610395997763     , 1783619957.9149876, 131.537,            36,           28,         2325,         12481, active
 4.132678300142288     , 1783619957.9350636, 130.223,            36,           28,         2325,         12481, active
 4.152760908007622     , 1783619957.9551518, 130.223,            36,           28,         2325,         12481, active
 4.172865783795714     , 1783619957.975243 , 130.223,            36,           28,         2325,         12481, active
 4.192989630624652     , 1783619957.995367 , 130.223,            36,           28,         2325,         12481, active
 4.2130579594522715    , 1783619958.0154362, 130.223,            36,           28,         2325,         12481, active
 4.233142778277397     , 1783619958.0355213, 131.996,            36,           27,         2325,         12481, active
 4.253243135288358     , 1783619958.055621 , 131.996,            36,           27,         2325,         12481, active
 4.27331150136888      , 1783619958.0756974, 131.996,            36,           27,         2325,         12481, active
 4.293415198102593     , 1783619958.0957923, 131.996,            36,           27,         2325,         12481, active
 4.313491847366095     , 1783619958.115869 , 131.996,            36,           27,         2325,         12481, active
 4.333578215911984     , 1783619958.135956 , 131.056,            36,           27,         2325,         12481, active
 4.353655148297548     , 1783619958.1560323, 131.056,            36,           27,         2325,         12481, active
 4.373736128211021     , 1783619958.1761136, 131.056,            36,           27,         2325,         12481, active
 4.3938214760273695    , 1783619958.1961992, 131.056,            36,           27,         2325,         12481, active
 4.413906779140234     , 1783619958.2163165, 131.056,            36,           27,         2325,         12481, active
 4.434021150693297     , 1783619958.2364137, 131.754,            36,           27,         2325,         12481, active
 4.454108726233244     , 1783619958.2564876, 131.754,            36,           27,         2325,         12481, active
 4.474198924377561     , 1783619958.2765925, 131.754,            36,           27,         2325,         12481, active
 4.494284862652421     , 1783619958.2966785, 131.754,            36,           27,         2325,         12481, active
 4.514400100335479     , 1783619958.3167777, 131.754,            36,           27,         2325,         12481, active
 4.534477651119232     , 1783619958.3368554, 131.339,            36,           27,         2325,         12481, active
 4.554553471505642     , 1783619958.3569434, 131.339,            36,           27,         2325,         12481, active
 4.574637020006776     , 1783619958.3770301, 131.339,            36,           27,         2325,         12481, active
 4.594721646979451     , 1783619958.3970988, 131.339,            36,           27,         2325,         12481, active
 4.614788211882114     , 1783619958.4171658, 131.339,            36,           27,         2325,         12481, active
 4.634877087548375     , 1783619958.437255 , 131.276,            36,           27,         2325,         12481, active
 4.654944567009807     , 1783619958.4573216, 131.276,            36,           27,         2325,         12481, active
 4.675046969205141     , 1783619958.4774244, 131.276,            36,           27,         2325,         12481, active
 4.695141326636076     , 1783619958.497524 , 131.276,            36,           27,         2325,         12481, active
 4.715222466737032     , 1783619958.5176013, 131.276,            36,           27,         2325,         12481, active
 4.735308228060603     , 1783619958.5376859, 132.797,            36,           27,         2325,         12481, active
 4.755397107452154     , 1783619958.5577745, 132.797,            36,           27,         2325,         12481, active
 4.775466728955507     , 1783619958.5778453, 132.797,            36,           27,         2325,         12481, active
 4.795551003888249     , 1783619958.597939 , 132.797,            36,           27,         2325,         12481, active
 4.815644176676869     , 1783619958.618022 , 132.797,            36,           27,         2325,         12481, active
 4.835736671462655     , 1783619958.638114 , 132.126,            36,           28,         2325,         12481, active
 4.855835223570466     , 1783619958.658213 , 132.126,            36,           28,         2325,         12481, active
 4.8759250827133656    , 1783619958.6783035, 132.126,            36,           28,         2325,         12481, active
 4.895993910729885     , 1783619958.6983721, 132.126,            36,           28,         2325,         12481, active
 4.916355082765222     , 1783619958.7187324, 132.126,            36,           28,         2325,         12481, active
 4.936433758586645     , 1783619958.738818 , 133.659,            36,           28,         2325,         12481, active
 4.956517847254872     , 1783619958.7589066, 133.659,            36,           28,         2325,         12481, active
 4.9765998516231775    , 1783619958.7789905, 133.659,            36,           28,         2325,         12481, active
 4.996692715212703     , 1783619958.7990701, 133.659,            36,           28,         2325,         12481, active
 5.016774194315076     , 1783619958.8191519, 133.659,            36,           28,         2325,         12481, active
 5.036867190152407     , 1783619958.839245 , 132.346,            36,           28,         2325,         12481, active
 5.056973483413458     , 1783619958.8593507, 132.346,            36,           28,         2325,         12481, active
 5.07704858109355      , 1783619958.879426 , 132.346,            36,           28,         2325,         12481, active
 5.097125634551048     , 1783619958.899508 , 132.346,            36,           28,         2325,         12481, active
 5.117208452895284     , 1783619958.919586 , 132.346,            36,           28,         2325,         12481, active
 5.137286979705095     , 1783619958.9396803, 133.016,            36,           28,         2325,         12481, active
 5.157375179231167     , 1783619958.9597526, 133.016,            36,           28,         2325,         12481, active
 5.177442479878664     , 1783619958.9798298, 133.016,            36,           28,         2325,         12481, active
 5.1975304037332535    , 1783619958.999909 , 133.016,            36,           28,         2325,         12481, active
 5.21844957023859      , 1783619959.020832 , 133.016,            36,           28,         2325,         12481, active
 5.238535027951002     , 1783619959.0409276, 133.401,            36,           28,         2325,         12481, active
 5.258619612082839     , 1783619959.0610116, 133.401,            36,           28,         2325,         12481, active
 5.278735283762217     , 1783619959.0811124, 133.401,            36,           28,         2325,         12481, active
 5.2987754959613085    , 1783619959.1011589, 133.401,            36,           28,         2325,         12481, active
 5.3188469763845205    , 1783619959.121225 , 133.401,            36,           28,         2325,         12481, active
 5.338935790583491     , 1783619959.141325 , 133.188,            36,           28,         2325,         12481, active
 5.359015487134457     , 1783619959.161407 , 133.188,            36,           28,         2325,         12481, active
 5.379102570936084     , 1783619959.1814878, 133.188,            36,           28,         2325,         12481, active
 5.399185728281736     , 1783619959.2015638, 133.188,            36,           28,         2325,         12481, active
 5.419710204005241     , 1783619959.2220876, 133.188,            36,           28,         2325,         12481, active
 5.439820660278201     , 1783619959.2422042, 132.834,            36,           28,         2325,         12481, active
 5.459908679127693     , 1783619959.2622857, 132.834,            36,           28,         2325,         12481, active
 5.480009410530329     , 1783619959.2823873, 132.834,            36,           28,         2325,         12481, active
 5.50010908767581      , 1783619959.302487 , 132.834,            36,           28,         2325,         12481, active
 5.520206039771438     , 1783619959.3225954, 132.834,            36,           28,         2325,         12481, active
 5.540309367701411     , 1783619959.3427002, 132.32 ,            36,           28,         2325,         12481, active
 5.560397546738386     , 1783619959.362775 , 132.32 ,            36,           28,         2325,         12481, active
 5.580491915345192     , 1783619959.3828692, 132.32 ,            36,           28,         2325,         12481, active
 5.600584441795945     , 1783619959.4029617, 132.32 ,            36,           28,         2325,         12481, active
 5.620671214535832     , 1783619959.4230487, 132.32 ,            36,           28,         2325,         12481, active
 5.64074057713151      , 1783619959.443119 , 131.847,            36,           28,         2325,         12481, active
 5.6608405113220215    , 1783619959.4632177, 131.847,            36,           28,         2325,         12481, active
 5.680922970175743     , 1783619959.4833002, 131.847,            36,           28,         2325,         12481, active
 5.701028805226088     , 1783619959.5034065, 131.847,            36,           28,         2325,         12481, active
 5.721096482127905     , 1783619959.5234814, 131.847,            36,           28,         2325,         12481, active
 5.74118728004396      , 1783619959.5435655, 132.024,            36,           28,         2325,         12481, active
 5.761289715766907     , 1783619959.5636787, 132.024,            36,           28,         2325,         12481, active
 5.781371915712953     , 1783619959.5837502, 132.024,            36,           28,         2325,         12481, active
 5.8014744985848665    , 1783619959.6038525, 132.024,            36,           28,         2325,         12481, active
 5.8215684071183205    , 1783619959.6239457, 132.024,            36,           28,         2325,         12481, active
 5.841652749106288     , 1783619959.6440356, 131.149,            36,           28,         2325,         12481, active
 5.861750027164817     , 1783619959.6641278, 131.149,            36,           28,         2325,         12481, active
 5.8818358071148396    , 1783619959.6842132, 131.149,            36,           28,         2325,         12481, active
 5.902567911893129     , 1783619959.7049456, 131.149,            36,           28,         2325,         12481, active
 5.922670643776655     , 1783619959.7250607, 131.149,            36,           28,         2325,         12481, active
 5.9427622482180595    , 1783619959.7451532, 131.539,            36,           28,         2325,         12481, active
 5.962850674986839     , 1783619959.7652361, 131.539,            36,           28,         2325,         12481, active
 5.982955414801836     , 1783619959.7853324, 131.539,            36,           28,         2325,         12481, active
 6.003021968528628     , 1783619959.8053997, 131.539,            36,           28,         2325,         12481, active
 6.0233690701425076    , 1783619959.825746 , 131.539,            36,           28,         2325,         12481, active
 6.043445587158203     , 1783619959.8458235, 130.394,            36,           27,         2325,         12481, active
 6.063535515218973     , 1783619959.8659127, 130.394,            36,           27,         2325,         12481, active
 6.083612347021699     , 1783619959.8859997, 130.394,            36,           27,         2325,         12481, active
 6.103693347424269     , 1783619959.9060833, 130.394,            36,           27,         2325,         12481, active
 6.123805174604058     , 1783619959.9261935, 130.394,            36,           27,         2325,         12481, active
 6.143884403631091     , 1783619959.9462616, 130.526,            36,           27,         2325,         12481, active
 6.16398517973721      , 1783619959.9663618, 130.526,            36,           27,         2325,         12481, active
 6.184068564325571     , 1783619959.986456 , 130.526,            36,           27,         2325,         12481, active
 6.2041534427553415    , 1783619960.0065436, 130.526,            36,           27,         2325,         12481, active
 6.2242458667606115    , 1783619960.0266232, 130.526,            36,           27,         2325,         12481, active
 6.244348617270589     , 1783619960.0467267, 130.044,            37,           28,         2325,         12481, active
 6.2644188441336155    , 1783619960.066797 , 130.044,            37,           28,         2325,         12481, active
 6.284502791240811     , 1783619960.0868814, 130.044,            37,           28,         2325,         12481, active
 6.3049784153699875    , 1783619960.1073568, 130.044,            37,           28,         2325,         12481, active
 6.325061650946736     , 1783619960.1274574, 130.044,            37,           28,         2325,         12481, active
 6.345168989151716     , 1783619960.147564 , 130.99 ,            36,           28,         2325,         12481, active
 6.365275654941797     , 1783619960.1676667, 130.99 ,            36,           28,         2325,         12481, active
 6.385379731655121     , 1783619960.1877575, 130.99 ,            36,           28,         2325,         12481, active
 6.40547564253211      , 1783619960.2078588, 130.99 ,            36,           28,         2325,         12481, active
 6.425576219335198     , 1783619960.2279534, 130.99 ,            36,           28,         2325,         12481, active
 6.445662772282958     , 1783619960.2480404, 131.413,            36,           27,         2325,         12481, active
 6.465745959430933     , 1783619960.2681234, 131.413,            36,           27,         2325,         12481, active
 6.485852275043726     , 1783619960.2882297, 131.413,            36,           27,         2325,         12481, active
 6.505937894806266     , 1783619960.3083289, 131.413,            36,           27,         2325,         12481, active
 6.526026759296656     , 1783619960.3284037, 131.413,            36,           27,         2325,         12481, active
 6.54611256159842      , 1783619960.3484902, 130.383,            36,           27,         2325,         12481, active
 6.566207688301802     , 1783619960.368585 , 130.383,            36,           27,         2325,         12481, active
 6.586749076843262     , 1783619960.3891273, 130.383,            36,           27,         2325,         12481, active
 6.606851244345307     , 1783619960.4092288, 130.383,            36,           27,         2325,         12481, active
 6.626919437199831     , 1783619960.4292974, 130.383,            36,           27,         2325,         12481, active
 6.647014066576958     , 1783619960.4493928, 131.235,            36,           28,         2325,         12481, active
 6.667085701599717     , 1783619960.4694633, 131.235,            36,           28,         2325,         12481, active
 6.687186058610678     , 1783619960.4895637, 131.235,            36,           28,         2325,         12481, active
 6.707280656322837     , 1783619960.5096629, 131.235,            36,           28,         2325,         12481, active
 6.727376451715827     , 1783619960.529754 , 131.235,            36,           28,         2325,         12481, active
 6.747469782829285     , 1783619960.5498476, 131.827,            36,           28,         2325,         12481, active
 6.767558466643095     , 1783619960.5699358, 131.827,            36,           28,         2325,         12481, active
 6.787635572254658     , 1783619960.590014 , 131.827,            36,           28,         2325,         12481, active
 6.807717615738511     , 1783619960.6100948, 131.827,            36,           28,         2325,         12481, active
 6.827819557860494     , 1783619960.630197 , 131.827,            36,           28,         2325,         12481, active
 6.847885916009545     , 1783619960.6502635, 132.159,            36,           28,         2325,         12481, active
 6.867967467755079     , 1783619960.6703446, 132.159,            36,           28,         2325,         12481, active
 6.8880562875419855    , 1783619960.6904385, 132.159,            36,           28,         2325,         12481, active
 6.908684371039271     , 1783619960.711062 , 132.159,            36,           28,         2325,         12481, active
 6.928765218704939     , 1783619960.7311432, 132.159,            36,           28,         2325,         12481, active
 6.948841979727149     , 1783619960.7512197, 131.599,            36,           28,         2325,         12481, active
 6.968927258625627     , 1783619960.7713044, 131.599,            36,           28,         2325,         12481, active
 6.989001903682947     , 1783619960.791393 , 131.599,            36,           28,         2325,         12481, active
 7.009098803624511     , 1783619960.811476 , 131.599,            36,           28,         2325,         12481, active
 7.029193768277764     , 1783619960.8315709, 131.599,            36,           28,         2325,         12481, active
 7.049297947436571     , 1783619960.8516757, 131.822,            36,           28,         2325,         12481, active
 7.069373171776533     , 1783619960.8717613, 131.822,            36,           28,         2325,         12481, active
 7.089462023228407     , 1783619960.8918395, 131.822,            36,           28,         2325,         12481, active
 7.109537603333592     , 1783619960.9119153, 131.822,            36,           28,         2325,         12481, active
 7.1296315137296915    , 1783619960.9320154, 131.822,            36,           28,         2325,         12481, active
 7.149714102968574     , 1783619960.9520993, 130.843,            36,           28,         2325,         12481, active
 7.169798051938415     , 1783619960.9721754, 130.843,            36,           28,         2325,         12481, active
 7.189899113029242     , 1783619960.9922764, 130.843,            36,           28,         2325,         12481, active
 7.209977926686406     , 1783619961.0123672, 130.843,            36,           28,         2325,         12481, active
 7.230073815211654     , 1783619961.0324516, 130.843,            36,           28,         2325,         12481, active
 7.250290159136057     , 1783619961.0526679, 131.921,            36,           28,         2325,         12481, active
 7.2703840639442205    , 1783619961.0727618, 131.921,            36,           28,         2325,         12481, active
 7.290463196113706     , 1783619961.0928407, 131.921,            36,           28,         2325,         12481, active
 7.310548271983862     , 1783619961.1129377, 131.921,            36,           28,         2325,         12481, active
 7.330628179013729     , 1783619961.133006 , 131.921,            36,           28,         2325,         12481, active
 7.350736087188125     , 1783619961.1531136, 130.533,            37,           28,         2325,         12481, active
 7.370781037956476     , 1783619961.1731582, 130.533,            37,           28,         2325,         12481, active
 7.390859687700868     , 1783619961.1932504, 130.533,            37,           28,         2325,         12481, active
 7.410972934216261     , 1783619961.2133503, 130.533,            37,           28,         2325,         12481, active
 7.431222418323159     , 1783619961.2336001, 130.533,            37,           28,         2325,         12481, active
 7.451300539076328     , 1783619961.2536783, 130.727,            36,           27,         2325,         12481, active
 7.47140739671886      , 1783619961.2737901, 130.727,            36,           27,         2325,         12481, active
 7.491515407338738     , 1783619961.2938929, 130.727,            36,           27,         2325,         12481, active
 7.51160348765552      , 1783619961.3139806, 130.727,            36,           27,         2325,         12481, active
 7.531687825918198     , 1783619961.3340652, 131.514,            36,           27,         2325,         12481, active
 7.551784405484796     , 1783619961.3541675, 131.514,            36,           27,         2325,         12481, active
 7.571899415925145     , 1783619961.3742828, 131.514,            36,           27,         2325,         12481, active
 7.591996103525162     , 1783619961.3943734, 131.514,            36,           27,         2325,         12481, active
 7.612072309479117     , 1783619961.4144545, 131.514,            36,           27,         2325,         12481, active
 7.63215565495193      , 1783619961.4345336, 130.897,            37,           27,         2325,         12481, active
 7.652805730700493     , 1783619961.4551973, 130.897,            37,           27,         2325,         12481, active
 7.672887433320284     , 1783619961.4752645, 130.897,            37,           27,         2325,         12481, active
 7.692986765876412     , 1783619961.4953756, 130.897,            37,           27,         2325,         12481, active
 7.713076775893569     , 1783619961.51546  , 130.897,            37,           27,         2325,         12481, active
 7.73315423540771      , 1783619961.5355325, 130.808,            37,           27,         2325,         12481, active
 7.753240143880248     , 1783619961.5556178, 130.808,            37,           27,         2325,         12481, active
 7.773336533457041     , 1783619961.5757139, 130.808,            37,           27,         2325,         12481, active
 7.793404338881373     , 1783619961.5957818, 130.808,            37,           27,         2325,         12481, active
 7.813490884378552     , 1783619961.6158807, 130.808,            37,           27,         2325,         12481, active
 7.83392989821732      , 1783619961.6363082, 129.797,            37,           28,         2325,         12481, active
 7.854022858664393     , 1783619961.6564004, 129.797,            37,           28,         2325,         12481, active
 7.8741117883473635    , 1783619961.6764905, 129.797,            37,           28,         2325,         12481, active
 7.894224040210247     , 1783619961.6966026, 129.797,            37,           28,         2325,         12481, active
 7.914326475933194     , 1783619961.7167234, 129.797,            37,           28,         2325,         12481, active
 7.9344296753406525    , 1783619961.7368155, 130.637,            37,           28,         2325,         12481, active
 7.954536806792021     , 1783619961.7569141, 130.637,            37,           28,         2325,         12481, active
 7.974623007699847     , 1783619961.7770004, 130.637,            37,           28,         2325,         12481, active
 7.994701446965337     , 1783619961.7970788, 130.637,            37,           28,         2325,         12481, active
 8.014776030555367     , 1783619961.8171637, 130.637,            37,           28,         2325,         12481, active
 8.034857468679547     , 1783619961.8372357, 130.747,            37,           28,         2325,         12481, active
 8.054951421916485     , 1783619961.857329 , 130.747,            37,           28,         2325,         12481, active
 8.075045892968774     , 1783619961.87743  , 130.747,            37,           28,         2325,         12481, active
 8.095135329291224     , 1783619961.8975127, 130.747,            37,           28,         2325,         12481, active
 8.115204071626067     , 1783619961.917589 , 130.747,            37,           28,         2325,         12481, active
 8.135284112766385     , 1783619961.9376621, 129.833,            37,           28,         2325,         12481, active
 8.15537440404296      , 1783619961.9577515, 129.833,            37,           28,         2325,         12481, active
 8.175452567636967     , 1783619961.97783  , 129.833,            37,           28,         2325,         12481, active
 8.195565422996879     , 1783619961.9979486, 129.833,            37,           28,         2325,         12481, active
 8.215653445571661     , 1783619962.018036 , 129.833,            37,           28,         2325,         12481, active
 8.235736967995763     , 1783619962.0381365, 130.433,            37,           28,         2325,         12481, active
 8.255862895399332     , 1783619962.0582402, 130.433,            37,           28,         2325,         12481, active
 8.275955010205507     , 1783619962.0783403, 130.433,            37,           28,         2325,         12481, active
 8.296103587374091     , 1783619962.098486 , 130.433,            37,           28,         2325,         12481, active
 8.316274167969823     , 1783619962.1186614, 130.433,            37,           28,         2325,         12481, active
 8.336407788097858     , 1783619962.1387894, 129.922,            37,           28,         2325,         12481, active
 8.356553867459297     , 1783619962.1589415, 129.922,            37,           28,         2325,         12481, active
 8.376685643568635     , 1783619962.1790693, 129.922,            37,           28,         2325,         12481, active
 8.396864127367735     , 1783619962.1992538, 129.922,            37,           28,         2325,         12481, active
 8.4170115403831       , 1783619962.219395 , 129.922,            37,           28,         2325,         12481, active
 8.43714545108378      , 1783619962.2395337, 130.578,            37,           27,         2325,         12481, active
 8.45726683177054      , 1783619962.2596524, 130.578,            37,           27,         2325,         12481, active
 8.477395394816995     , 1783619962.2797787, 130.578,            37,           27,         2325,         12481, active
 8.497618440538645     , 1783619962.300002 , 130.578,            37,           27,         2325,         12481, active
 8.517763705924153     , 1783619962.3201475, 130.578,            37,           27,         2325,         12481, active
 8.537927143275738     , 1783619962.3403292, 130.628,            37,           27,         2325,         12481, active
 8.55805891379714      , 1783619962.3604522, 130.628,            37,           27,         2325,         12481, active
 8.578180199488997     , 1783619962.3805633, 130.628,            37,           27,         2325,         12481, active
 8.598326433449984     , 1783619962.400717 , 130.628,            37,           27,         2325,         12481, active
 8.618458803743124     , 1783619962.4208403, 130.628,            37,           27,         2325,         12481, active
 8.63861439935863      , 1783619962.4409976, 129.832,            37,           27,         2325,         12481, active
 8.65894959680736      , 1783619962.4613323, 129.832,            37,           27,         2325,         12481, active
 8.67912608385086      , 1783619962.4815094, 129.832,            37,           27,         2325,         12481, active
 8.699231814593077     , 1783619962.5016122, 129.832,            37,           27,         2325,         12481, active
 8.71937346830964      , 1783619962.5217607, 129.832,            37,           27,         2325,         12481, active
 8.73951761983335      , 1783619962.5418987, 130.287,            37,           27,         2325,         12481, active
 8.759650930762291     , 1783619962.5620434, 130.287,            37,           27,         2325,         12481, active
 8.779771108180285     , 1783619962.5821648, 130.287,            37,           27,         2325,         12481, active
 8.799918862059712     , 1783619962.6023073, 130.287,            37,           27,         2325,         12481, active
 8.820046696811914     , 1783619962.622461 , 130.287,            37,           27,         2325,         12481, active
 8.840188220143318     , 1783619962.6425753, 130.766,            37,           28,         2325,         12481, active
 8.860354106873274     , 1783619962.6627424, 130.766,            37,           28,         2325,         12481, active
 8.88048504292965      , 1783619962.6828747, 130.766,            37,           28,         2325,         12481, active
 8.900618258863688     , 1783619962.7030058, 130.766,            37,           28,         2325,         12481, active
 8.920747159048915     , 1783619962.7231352, 130.766,            37,           28,         2325,         12481, active
 8.940863007679582     , 1783619962.7432435, 129.356,            37,           28,         2325,         12481, active
 8.961001489311457     , 1783619962.7633903, 129.356,            37,           28,         2325,         12481, active
 8.981131505221128     , 1783619962.7835186, 129.356,            37,           28,         2325,         12481, active
 9.001267367973924     , 1783619962.8036547, 129.356,            37,           28,         2325,         12481, active
 9.021381735801697     , 1783619962.823765 , 129.356,            37,           28,         2325,         12481, active
 9.041496891528368     , 1783619962.8438823, 130.231,            37,           27,         2325,         12481, active
 9.061614459380507     , 1783619962.8639956, 130.231,            37,           27,         2325,         12481, active
 9.081764047965407     , 1783619962.8841445, 130.231,            37,           27,         2325,         12481, active
 9.101878333836794     , 1783619962.9042675, 130.231,            37,           27,         2325,         12481, active
 9.12200509570539      , 1783619962.924399 , 130.231,            37,           27,         2325,         12481, active
 9.142172865569592     , 1783619962.9445531, 130.661,            37,           27,         2325,         12481, active
 9.16231576912105      , 1783619962.9646983, 130.661,            37,           27,         2325,         12481, active
 9.18242079205811      , 1783619962.9848077, 130.661,            37,           27,         2325,         12481, active
 9.202545575797558     , 1783619963.0049326, 130.661,            37,           27,         2325,         12481, active
 9.222669268026948     , 1783619963.0250583, 130.661,            37,           27,         2325,         12481, active
 9.242785915732384     , 1783619963.0451684, 129.551,            37,           27,         2325,         12481, active
 9.262918533757329     , 1783619963.0653017, 129.551,            37,           27,         2325,         12481, active
 9.283039348199964     , 1783619963.0854228, 129.551,            37,           27,         2325,         12481, active
 9.303199810907245     , 1783619963.1055825, 129.551,            37,           27,         2325,         12481, active
 9.323369566351175     , 1783619963.1257517, 129.551,            37,           27,         2325,         12481, active
 9.343495454639196     , 1783619963.1458828, 130.191,            37,           27,         2325,         12481, active
 9.363609425723553     , 1783619963.1659892, 130.191,            37,           27,         2325,         12481, active
 9.38374425470829      , 1783619963.186133 , 130.191,            37,           27,         2325,         12481, active
 9.403860131278634     , 1783619963.2062445, 130.191,            37,           27,         2325,         12481, active
 9.42396929860115      , 1783619963.226356 , 130.191,            37,           27,         2325,         12481, active
 9.444091407582164     , 1783619963.2464814, 129.073,            37,           28,         2325,         12481, active
 9.464220618829131     , 1783619963.2666173, 129.073,            37,           28,         2325,         12481, active
 9.484373858198524     , 1783619963.2867553, 129.073,            37,           28,         2325,         12481, active
 9.504508916288614     , 1783619963.3069062, 129.073,            37,           28,         2325,         12481, active
 9.524645885452628     , 1783619963.327029 , 129.073,            37,           28,         2325,         12481, active
 9.544754855334759     , 1783619963.3471355, 129.738,            37,           28,         2325,         12481, active
 9.564859095960855     , 1783619963.367247 , 129.738,            37,           28,         2325,         12481, active
 9.584971714764833     , 1783619963.3873518, 129.738,            37,           28,         2325,         12481, active
 9.605066949501634     , 1783619963.407449 , 129.738,            37,           28,         2325,         12481, active
 9.625584842637181     , 1783619963.4279733, 129.738,            37,           28,         2325,         12481, active
 9.645724656060338     , 1783619963.448105 , 129.98 ,            37,           27,         2325,         12481, active
 9.665858078747988     , 1783619963.4682436, 129.98 ,            37,           27,         2325,         12481, active
 9.686020812019706     , 1783619963.488404 , 129.98 ,            37,           27,         2325,         12481, active
 9.706204827874899     , 1783619963.5085857, 129.98 ,            37,           27,         2325,         12481, active
 9.726309658959508     , 1783619963.5287127, 129.98 ,            37,           27,         2325,         12481, active
 9.74647351168096      , 1783619963.5488546, 128.986,            37,           27,         2325,         12481, active
 9.766575861722231     , 1783619963.568963 , 128.986,            37,           27,         2325,         12481, active
 9.786748599261045     , 1783619963.5892022, 128.986,            37,           27,         2325,         12481, active
 9.807012045755982     , 1783619963.6094024, 128.986,            37,           27,         2325,         12481, active
 9.82717257924378      , 1783619963.629559 , 128.986,            37,           27,         2325,         12481, active
 9.84730232320726      , 1783619963.649692 , 129.275,            37,           27,         2325,         12481, active
 9.867491023615003     , 1783619963.6698837, 129.275,            37,           27,         2325,         12481, active
 9.887653682380915     , 1783619963.6900375, 129.275,            37,           27,         2325,         12481, active
 9.907765412703156     , 1783619963.7101462, 129.275,            37,           27,         2325,         12481, active
 9.927897712215781     , 1783619963.7302911, 129.275,            37,           27,         2325,         12481, active
 9.948023138567805     , 1783619963.7504206, 129.223,            37,           27,         2325,         12481, active
 9.968176769092679     , 1783619963.7705631, 129.223,            37,           27,         2325,         12481, active
 9.988291284069419     , 1783619963.7906744, 129.223,            37,           27,         2325,         12481, active
10.00841036066413      , 1783619963.8108032, 129.223,            37,           27,         2325,         12481, active
10.028542570769787     , 1783619963.8309302, 129.223,            37,           27,         2325,         12481, active
10.048662139102817     , 1783619963.8510497, 128.075,            37,           28,         2325,         12481, active
10.068823834881186     , 1783619963.8712454, 128.075,            37,           28,         2325,         12481, active
10.08910403586924      , 1783619963.8914993, 128.075,            37,           28,         2325,         12481, active
10.109306998550892     , 1783619963.9116998, 128.075,            37,           28,         2325,         12481, active
10.129445690661669     , 1783619963.9318297, 128.075,            37,           28,         2325,         12481, active
10.149556338787079     , 1783619963.9519372, 128.458,            37,           28,         2325,         12481, active
10.169666066765785     , 1783619963.9720473, 128.458,            37,           28,         2325,         12481, active
10.189772302284837     , 1783619963.9921556, 128.458,            37,           28,         2325,         12481, active
10.209882503375411     , 1783619964.0122788, 128.458,            37,           28,         2325,         12481, active
10.23000993579626      , 1783619964.0323977, 128.458,            37,           28,         2325,         12481, active
10.250153390690684     , 1783619964.052543 , 128.718,            37,           27,         2325,         12481, active
10.270274272188544     , 1783619964.0726833, 128.718,            37,           27,         2325,         12481, active
10.290444703772664     , 1783619964.0928335, 128.718,            37,           27,         2325,         12481, active
10.310582799836993     , 1783619964.112969 , 128.718,            37,           27,         2325,         12481, active
10.330736864358187     , 1783619964.1331205, 128.718,            37,           27,         2325,         12481, active
10.350856255739927     , 1783619964.1532462, 128.289,            37,           27,         2325,         12481, active
10.3709856569767       , 1783619964.1733682, 128.289,            37,           27,         2325,         12481, active
10.391110114753246     , 1783619964.1934927, 128.289,            37,           27,         2325,         12481, active
10.41123971901834      , 1783619964.2136266, 128.289,            37,           27,         2325,         12481, active
10.43135830014944      , 1783619964.2337441, 128.289,            37,           27,         2325,         12481, active
10.451497403904796     , 1783619964.2538908, 128.539,            37,           27,         2325,         12481, active
10.471621599048376     , 1783619964.2740042, 128.539,            37,           27,         2325,         12481, active
10.491727955639362     , 1783619964.2941234, 128.539,            37,           27,         2325,         12481, active
10.511866062879562     , 1783619964.3142521, 128.539,            37,           27,         2325,         12481, active
10.532005574554205     , 1783619964.3344004, 128.539,            37,           27,         2325,         12481, active
10.552115762606263     , 1783619964.3545043, 127.713,            37,           27,         2325,         12481, active
10.572233892977238     , 1783619964.3746223, 127.713,            37,           27,         2325,         12481, active
10.5923652369529       , 1783619964.394746 , 127.713,            37,           27,         2325,         12481, active
10.61248867586255      , 1783619964.414879 , 127.713,            37,           27,         2325,         12481, active
10.632618812844157     , 1783619964.4350111, 127.713,            37,           27,         2325,         12481, active
10.65275388583541      , 1783619964.4551563, 128.809,            37,           27,         2325,         12481, active
10.672901775687933     , 1783619964.4752924, 128.809,            37,           27,         2325,         12481, active
10.69305388815701      , 1783619964.495451 , 128.809,            37,           27,         2325,         12481, active
10.713201085105538     , 1783619964.515584 , 128.809,            37,           27,         2325,         12481, active
10.733511162921786     , 1783619964.5359008, 128.809,            37,           27,         2325,         12481, active
10.753646612167358     , 1783619964.5560348, 129.419,            37,           27,         2325,         12481, active
10.773798111826181     , 1783619964.5761821, 129.419,            37,           27,         2325,         12481, active
10.793907947838306     , 1783619964.5962934, 129.419,            37,           27,         2325,         12481, active
10.814019098877907     , 1783619964.6164129, 129.419,            37,           27,         2325,         12481, active
10.834155770018697     , 1783619964.6365404, 128.97 ,            37,           27,         2325,         12481, active
10.854278687387705     , 1783619964.6566741, 128.97 ,            37,           27,         2325,         12481, active
10.874412879347801     , 1783619964.6767986, 128.97 ,            37,           27,         2325,         12481, active
10.894541628658772     , 1783619964.6969376, 128.97 ,            37,           27,         2325,         12481, active
10.914678575471044     , 1783619964.717068 , 128.97 ,            37,           27,         2325,         12481, active
10.934785528108478     , 1783619964.7371666, 128.962,            37,           27,         2325,         12481, active
10.954902907833457     , 1783619964.757322 , 128.962,            37,           27,         2325,         12481, active
10.97514014877379      , 1783619964.7775283, 128.962,            37,           27,         2325,         12481, active
10.995282761752605     , 1783619964.797669 , 128.962,            37,           27,         2325,         12481, active
11.01540108770132      , 1783619964.8177862, 128.962,            37,           27,         2325,         12481, active
11.035519417375326     , 1783619964.8379083, 128.785,            37,           28,         2325,         12481, active
11.055635999888182     , 1783619964.858024 , 128.785,            37,           28,         2325,         12481, active
11.075780466198921     , 1783619964.8781767, 128.785,            37,           28,         2325,         12481, active
11.095974138006568     , 1783619964.898363 , 128.785,            37,           28,         2325,         12481, active
11.116180555894971     , 1783619964.9186263, 128.785,            37,           28,         2325,         12481, active
11.136486023664474     , 1783619964.9388733, 129.797,            37,           28,         2325,         12481, active
11.156622562557459     , 1783619964.9590113, 129.797,            37,           28,         2325,         12481, active
11.176761167123914     , 1783619964.9791498, 129.797,            37,           28,         2325,         12481, active
11.196891171857715     , 1783619964.9992726, 129.797,            37,           28,         2325,         12481, active
11.21698922291398      , 1783619965.0193858, 129.797,            37,           28,         2325,         12481, active
11.237126188352704     , 1783619965.0395157, 130.051,            37,           27,         2325,         12481, active
11.257265742868185     , 1783619965.059653 , 130.051,            37,           27,         2325,         12481, active
11.277418347075582     , 1783619965.0798283, 130.051,            37,           27,         2325,         12481, active
11.297638047486544     , 1783619965.1000297, 130.051,            37,           27,         2325,         12481, active
11.31780406832695      , 1783619965.1201947, 130.051,            37,           27,         2325,         12481, active
11.33794523216784      , 1783619965.1403356, 131.012,            37,           27,         2325,         12481, active
11.3580761551857       , 1783619965.1604888, 131.012,            37,           27,         2325,         12481, active
11.378234149888158     , 1783619965.1806188, 131.012,            37,           27,         2325,         12481, active
11.398366782814264     , 1783619965.200765 , 131.012,            37,           27,         2325,         12481, active
11.41849366389215      , 1783619965.220884 , 131.012,            37,           27,         2325,         12481, active
11.438611973077059     , 1783619965.2410011, 130.477,            37,           27,         2325,         12481, active
11.458727717399597     , 1783619965.2611148, 130.477,            37,           27,         2325,         12481, active
11.478898013010621     , 1783619965.2812812, 130.477,            37,           27,         2325,         12481, active
11.49901813082397      , 1783619965.301399 , 130.477,            37,           27,         2325,         12481, active
11.519128350540996     , 1783619965.3215113, 130.477,            37,           27,         2325,         12481, active
11.53925453685224      , 1783619965.3416376, 131.502,            37,           27,         2325,         12481, active
11.559396171942353     , 1783619965.3617828, 131.502,            37,           27,         2325,         12481, active
11.579542836174369     , 1783619965.3819313, 131.502,            37,           27,         2325,         12481, active
11.599713493138552     , 1783619965.4021022, 131.502,            37,           27,         2325,         12481, active
11.61985645070672      , 1783619965.4222405, 131.502,            37,           27,         2325,         12481, active
11.639982879161835     , 1783619965.442375 , 131.943,            37,           28,         2325,         12481, active
11.660116827115417     , 1783619965.4625046, 131.943,            37,           28,         2325,         12481, active
11.680238457396626     , 1783619965.4826257, 131.943,            37,           28,         2325,         12481, active
11.700376238673925     , 1783619965.5027597, 131.943,            37,           28,         2325,         12481, active
11.720490142703056     , 1783619965.522877 , 131.943,            37,           28,         2325,         12481, active
11.74059795960784      , 1783619965.542985 , 132.977,            37,           28,         2325,         12481, active
11.76071298867464      , 1783619965.563094 , 132.977,            37,           28,         2325,         12481, active
11.780823390930891     , 1783619965.5832117, 132.977,            37,           28,         2325,         12481, active
11.80095100030303      , 1783619965.6033428, 132.977,            37,           28,         2325,         12481, active
11.821085939183831     , 1783619965.6234741, 132.977,            37,           28,         2325,         12481, active
11.841220697388053     , 1783619965.643607 , 133.114,            37,           27,         2325,         12481, active
11.861363671720028     , 1783619965.663748 , 133.114,            37,           27,         2325,         12481, active
11.881491333246231     , 1783619965.6838796, 133.114,            37,           27,         2325,         12481, active
11.901621375232935     , 1783619965.7040102, 133.114,            37,           27,         2325,         12481, active
11.921763649210334     , 1783619965.7241592, 133.114,            37,           27,         2325,         12481, active
11.941918587312102     , 1783619965.7443106, 131.987,            37,           27,         2325,         12481, active
11.962037166580558     , 1783619965.764425 , 131.987,            37,           27,         2325,         12481, active
11.982179256156087     , 1783619965.784562 , 131.987,            37,           27,         2325,         12481, active
12.002311570569873     , 1783619965.8046927, 131.987,            37,           27,         2325,         12481, active
12.0224355366081       , 1783619965.824824 , 131.987,            37,           27,         2325,         12481, active
12.04256672412157      , 1783619965.8449514, 132.359,            37,           27,         2325,         12481, active
12.062720013782382     , 1783619965.8651044, 132.359,            37,           27,         2325,         12481, active
12.082786867395043     , 1783619965.8851678, 132.359,            37,           27,         2325,         12481, active
12.10298639908433      , 1783619965.9053698, 132.359,            37,           27,         2325,         12481, active
12.123141007497907     , 1783619965.9255242, 132.359,            37,           27,         2325,         12481, active
12.143247697502375     , 1783619965.9456336, 132.44 ,            37,           27,         2325,         12481, active
12.163358399644494     , 1783619965.9657543, 132.44 ,            37,           27,         2325,         12481, active
12.183482985943556     , 1783619965.9858668, 132.44 ,            37,           27,         2325,         12481, active
12.203589964658022     , 1783619966.0059714, 132.44 ,            37,           27,         2325,         12481, active
12.223693059757352     , 1783619966.0260875, 132.44 ,            37,           27,         2325,         12481, active
12.243816163390875     , 1783619966.0462003, 131.024,            37,           27,         2325,         12481, active
12.263944840058684     , 1783619966.0663285, 131.024,            37,           27,         2325,         12481, active
12.284072898328304     , 1783619966.086454 , 131.024,            37,           27,         2325,         12481, active
12.304204249754548     , 1783619966.1065848, 131.024,            37,           27,         2325,         12481, active
12.324300145730376     , 1783619966.1266885, 131.024,            37,           27,         2325,         12481, active
12.344424471259117     , 1783619966.1468081, 131.29 ,            37,           27,         2325,         12481, active
12.36453008837998      , 1783619966.1669178, 131.29 ,            37,           27,         2325,         12481, active
12.384672800078988     , 1783619966.1870723, 131.29 ,            37,           27,         2325,         12481, active
12.40484576486051      , 1783619966.207243 , 131.29 ,            37,           27,         2325,         12481, active
12.424965981394053     , 1783619966.2273538, 131.29 ,            37,           27,         2325,         12481, active
12.445088036358356     , 1783619966.2474759, 131.446,            37,           27,         2325,         12481, active
12.465211182832718     , 1783619966.267609 , 131.446,            37,           27,         2325,         12481, active
12.485382596030831     , 1783619966.2877665, 131.446,            37,           27,         2325,         12481, active
12.505491811782122     , 1783619966.3078802, 131.446,            37,           27,         2325,         12481, active
12.525622686371207     , 1783619966.3280098, 131.446,            37,           27,         2325,         12481, active
12.545741403475404     , 1783619966.3481534, 130.172,            37,           27,         2325,         12481, active
12.5658855792135       , 1783619966.3682697, 130.172,            37,           27,         2325,         12481, active
12.585996583104134     , 1783619966.3883808, 130.172,            37,           27,         2325,         12481, active
12.606151815503836     , 1783619966.408535 , 130.172,            37,           27,         2325,         12481, active
12.62630326487124      , 1783619966.4287603, 130.172,            37,           27,         2325,         12481, active
12.646500963717699     , 1783619966.4488919, 131.062,            37,           27,         2325,         12481, active
12.666632859036326     , 1783619966.469015 , 131.062,            37,           27,         2325,         12481, active
12.686765709891915     , 1783619966.4891744, 131.062,            37,           27,         2325,         12481, active
12.706910483539104     , 1783619966.5093849, 131.062,            37,           27,         2325,         12481, active
12.727143747732043     , 1783619966.5295267, 131.062,            37,           27,         2325,         12481, active
12.747266199439764     , 1783619966.5496497, 131.283,            37,           27,         2325,         12481, active
12.767377028241754     , 1783619966.5697649, 131.283,            37,           27,         2325,         12481, active
12.787507560104132     , 1783619966.5898905, 131.283,            37,           27,         2325,         12481, active
12.80761306732893      , 1783619966.6100028, 131.283,            37,           27,         2325,         12481, active
12.827743543311954     , 1783619966.6301246, 131.283,            37,           27,         2325,         12481, active
12.847858952358365     , 1783619966.650252 , 130.104,            37,           28,         2325,         12481, active
12.867997772991657     , 1783619966.670385 , 130.104,            37,           28,         2325,         12481, active
12.888135163113475     , 1783619966.6905224, 130.104,            37,           28,         2325,         12481, active
12.908248484134674     , 1783619966.7106447, 130.104,            37,           28,         2325,         12481, active
12.928389187902212     , 1783619966.730781 , 130.104,            37,           28,         2325,         12481, active
12.948551231995225     , 1783619966.7509322, 129.921,            37,           28,         2325,         12481, active
12.968692023307085     , 1783619966.771079 , 129.921,            37,           28,         2325,         12481, active
12.988839520141482     , 1783619966.7912233, 129.921,            37,           28,         2325,         12481, active
13.008945774286985     , 1783619966.8113265, 129.921,            37,           28,         2325,         12481, active
13.029081104323268     , 1783619966.8314693, 129.921,            37,           28,         2325,         12481, active
13.04921074025333      , 1783619966.8515973, 130.074,            37,           28,         2325,         12481, active
13.069347402080894     , 1783619966.8717284, 130.074,            37,           28,         2325,         12481, active
13.089478762820363     , 1783619966.8918636, 130.074,            37,           28,         2325,         12481, active
13.109663896262646     , 1783619966.9120474, 130.074,            37,           28,         2325,         12481, active
13.129772864282131     , 1783619966.9321623, 130.074,            37,           28,         2325,         12481, active
13.149902863427997     , 1783619966.952291 , 129.588,            37,           28,         2325,         12481, active
13.170130725950003     , 1783619966.9725146, 129.588,            37,           28,         2325,         12481, active
13.190237602218986     , 1783619966.9926267, 129.588,            37,           28,         2325,         12481, active
13.210386525839567     , 1783619967.0127697, 129.588,            37,           28,         2325,         12481, active
13.23049190826714      , 1783619967.0328777, 129.588,            37,           28,         2325,         12481, active
13.25060285255313      , 1783619967.0529916, 131.048,            37,           27,         2325,         12481, active
13.270746760070324     , 1783619967.0731351, 131.048,            37,           27,         2325,         12481, active
13.290873315185308     , 1783619967.0932581, 131.048,            37,           27,         2325,         12481, active
13.311006488278508     , 1783619967.1134083, 131.048,            37,           27,         2325,         12481, active
13.331143837422132     , 1783619967.133531 , 131.048,            37,           27,         2325,         12481, active
13.351274851709604     , 1783619967.153669 , 130.862,            37,           27,         2325,         12481, active
13.371426574885845     , 1783619967.1738079, 130.862,            37,           27,         2325,         12481, active
13.3915508762002       , 1783619967.19398  , 130.862,            37,           27,         2325,         12481, active
13.411720568314195     , 1783619967.2141023, 130.862,            37,           27,         2325,         12481, active
13.431832863017917     , 1783619967.2342162, 130.862,            37,           27,         2325,         12481, active
13.451953992247581     , 1783619967.254342 , 130.43 ,            37,           27,         2325,         12481, active
13.472070967778563     , 1783619967.274455 , 130.43 ,            37,           27,         2325,         12481, active
13.492180064320564     , 1783619967.2945616, 130.43 ,            37,           27,         2325,         12481, active
13.512285919860005     , 1783619967.3146741, 130.43 ,            37,           27,         2325,         12481, active
13.532444542273879     , 1783619967.3348327, 130.43 ,            37,           27,         2325,         12481, active
13.552581595256925     , 1783619967.354965 , 130.658,            37,           27,         2325,         12481, active
13.57271233946085      , 1783619967.3751156, 130.658,            37,           27,         2325,         12481, active
13.592850007116795     , 1783619967.395239 , 130.658,            37,           27,         2325,         12481, active
13.612995147705078     , 1783619967.4153812, 130.658,            37,           27,         2325,         12481, active
13.633127860724926     , 1783619967.4355159, 130.658,            37,           27,         2325,         12481, active
13.653247775509953     , 1783619967.4556577, 129.874,            37,           27,         2325,         12481, active
13.673428425565362     , 1783619967.4758158, 129.874,            37,           27,         2325,         12481, active
13.693540334701538     , 1783619967.4959214, 129.874,            37,           27,         2325,         12481, active
13.713636759668589     , 1783619967.5160244, 129.874,            37,           27,         2325,         12481, active
13.733757421374321     , 1783619967.536141 , 129.874,            37,           27,         2325,         12481, active
13.753888616338372     , 1783619967.5562942, 130.499,            37,           27,         2325,         12481, active
13.774018438532948     , 1783619967.5764053, 130.499,            37,           27,         2325,         12481, active
13.794132372364402     , 1783619967.5965207, 130.499,            37,           27,         2325,         12481, active
13.81425690278411      , 1783619967.6166415, 130.499,            37,           27,         2325,         12481, active
13.83440886437893      , 1783619967.636795 , 130.499,            37,           27,         2325,         12481, active
13.854535229504108     , 1783619967.6569185, 131.017,            37,           28,         2325,         12481, active
13.874639259651303     , 1783619967.6770325, 131.017,            37,           28,         2325,         12481, active
13.89477776736021      , 1783619967.6971612, 131.017,            37,           28,         2325,         12481, active
13.91489215195179      , 1783619967.7172787, 131.017,            37,           28,         2325,         12481, active
13.935002073645592     , 1783619967.737383 , 131.017,            37,           28,         2325,         12481, active
13.955154722556472     , 1783619967.7575378, 132.323,            37,           28,         2325,         12481, active
13.975300781428814     , 1783619967.7776842, 132.323,            37,           28,         2325,         12481, active
13.99541525915265      , 1783619967.797823 , 132.323,            37,           28,         2325,         12481, active
14.01555941067636      , 1783619967.8179486, 132.323,            37,           28,         2325,         12481, active
14.035681899636984     , 1783619967.8380725, 132.62 ,            37,           28,         2325,         12481, active
14.05580927617848      , 1783619967.858194 , 132.62 ,            37,           28,         2325,         12481, active
14.075924267992377     , 1783619967.8783116, 132.62 ,            37,           28,         2325,         12481, active
14.096049934625626     , 1783619967.8984373, 132.62 ,            37,           28,         2325,         12481, active
14.116178877651691     , 1783619967.918585 , 132.62 ,            37,           28,         2325,         12481, active
14.136320807039738     , 1783619967.9387095, 132.104,            37,           28,         2325,         12481, active
14.156439671292901     , 1783619967.9588344, 132.104,            37,           28,         2325,         12481, active
14.17657796293497      , 1783619967.9789615, 132.104,            37,           28,         2325,         12481, active
14.196719031780958     , 1783619967.9991016, 132.104,            37,           28,         2325,         12481, active
14.216826504096389     , 1783619968.019213 , 132.104,            37,           28,         2325,         12481, active
14.236965391784906     , 1783619968.039359 , 131.585,            37,           27,         2325,         12481, active
14.257152389734983     , 1783619968.0595355, 131.585,            37,           27,         2325,         12481, active
14.277268718928099     , 1783619968.0796607, 131.585,            37,           27,         2325,         12481, active
14.29739636182785      , 1783619968.0997849, 131.585,            37,           27,         2325,         12481, active
14.317533683031797     , 1783619968.1199188, 131.585,            37,           27,         2325,         12481, active
14.337641010060906     , 1783619968.140034 , 132.03 ,            37,           27,         2325,         12481, active
14.35776349157095      , 1783619968.160158 , 132.03 ,            37,           27,         2325,         12481, active
14.377895303070545     , 1783619968.180281 , 132.03 ,            37,           27,         2325,         12481, active
14.398011291399598     , 1783619968.200395 , 132.03 ,            37,           27,         2325,         12481, active
14.418121479451656     , 1783619968.2205381, 132.03 ,            37,           27,         2325,         12481, active
14.438267171382904     , 1783619968.2406635, 132.263,            37,           27,         2325,         12481, active
14.458397595211864     , 1783619968.2607849, 132.263,            37,           27,         2325,         12481, active
14.478528205305338     , 1783619968.2809172, 132.263,            37,           27,         2325,         12481, active
14.4986616615206       , 1783619968.301054 , 132.263,            37,           27,         2325,         12481, active
14.51878597959876      , 1783619968.321169 , 132.263,            37,           27,         2325,         12481, active
14.53891191072762      , 1783619968.341295 , 132.013,            37,           27,         2325,         12481, active
14.55903097987175      , 1783619968.361417 , 132.013,            37,           27,         2325,         12481, active
14.57920927554369      , 1783619968.3815918, 132.013,            37,           27,         2325,         12481, active
14.59933564811945      , 1783619968.4017186, 132.013,            37,           27,         2325,         12481, active
14.619442354887724     , 1783619968.4218295, 132.013,            37,           27,         2325,         12481, active
14.6395601965487       , 1783619968.4419756, 132.646,            37,           28,         2325,         12481, active
14.659701066091657     , 1783619968.4620893, 132.646,            37,           28,         2325,         12481, active
14.679816147312522     , 1783619968.4822052, 132.646,            37,           28,         2325,         12481, active
14.699938161298633     , 1783619968.5023255, 132.646,            37,           28,         2325,         12481, active
14.720082126557827     , 1783619968.5224652, 132.646,            37,           28,         2325,         12481, active
14.74018911831081      , 1783619968.542578 , 131.576,            37,           28,         2325,         12481, active
14.760320102795959     , 1783619968.562708 , 131.576,            37,           28,         2325,         12481, active
14.780530203133821     , 1783619968.5829616, 131.576,            37,           28,         2325,         12481, active
14.800764333456755     , 1783619968.6031568, 131.576,            37,           28,         2325,         12481, active
14.820933364331722     , 1783619968.6233199, 131.576,            37,           28,         2325,         12481, active
14.841079307720065     , 1783619968.64349  , 131.693,            37,           28,         2325,         12481, active
14.861315563321114     , 1783619968.6637068, 131.693,            37,           28,         2325,         12481, active
14.881441308185458     , 1783619968.6838238, 131.693,            37,           28,         2325,         12481, active
14.901572726666927     , 1783619968.7039747, 131.693,            37,           28,         2325,         12481, active
14.921715963631868     , 1783619968.7240999, 131.693,            37,           28,         2325,         12481, active
14.941825468093157     , 1783619968.7442126, 131.431,            37,           28,         2325,         12481, active
14.961939804255962     , 1783619968.7643247, 131.431,            37,           28,         2325,         12481, active
14.982058748602867     , 1783619968.784449 , 131.431,            37,           28,         2325,         12481, active
15.002173410728574     , 1783619968.804559 , 131.431,            37,           28,         2325,         12481, active
15.022306513041258     , 1783619968.8246896, 131.431,            37,           28,         2325,         12481, active
15.042440012097359     , 1783619968.8448236, 131.676,            37,           28,         2325,         12481, active
15.062566788867116     , 1783619968.8649476, 131.676,            37,           28,         2325,         12481, active
15.082678183913231     , 1783619968.885059 , 131.676,            37,           28,         2325,         12481, active
15.102794546633959     , 1783619968.9051776, 131.676,            37,           28,         2325,         12481, active
15.1228989046067       , 1783619968.92528  , 131.676,            37,           28,         2325,         12481, active
15.143028447404504     , 1783619968.945409 , 130.704,            37,           28,         2325,         12481, active
15.163147386163473     , 1783619968.9655762, 130.704,            37,           28,         2325,         12481, active
15.183301620185375     , 1783619968.985689 , 130.704,            37,           28,         2325,         12481, active
15.203434279188514     , 1783619969.0058174, 130.704,            37,           28,         2325,         12481, active
15.223555931821465     , 1783619969.0259426, 130.704,            37,           28,         2325,         12481, active
15.243679279461503     , 1783619969.0460675, 131.758,            37,           27,         2325,         12481, active
15.263838330283761     , 1783619969.0662208, 131.758,            37,           27,         2325,         12481, active
15.283967109397054     , 1783619969.0863547, 131.758,            37,           27,         2325,         12481, active
15.304102519527078     , 1783619969.106489 , 131.758,            37,           27,         2325,         12481, active
15.32427235506475      , 1783619969.1266556, 131.758,            37,           27,         2325,         12481, active
15.344380136579275     , 1783619969.146767 , 131.854,            37,           27,         2325,         12481, active
15.364499062299728     , 1783619969.1668856, 131.854,            37,           27,         2325,         12481, active
15.384626399725676     , 1783619969.1870139, 131.854,            37,           27,         2325,         12481, active
15.404748875647783     , 1783619969.2071426, 131.854,            37,           27,         2325,         12481, active
15.424880439415574     , 1783619969.2272637, 131.854,            37,           27,         2325,         12481, active
15.444985702633858     , 1783619969.247369 , 131.279,            37,           27,         2325,         12481, active
15.465091407299042     , 1783619969.2674792, 131.279,            37,           27,         2325,         12481, active
15.48522930033505      , 1783619969.2876127, 131.279,            37,           27,         2325,         12481, active
15.505364509299397     , 1783619969.3077476, 131.279,            37,           27,         2325,         12481, active
15.52547532133758      , 1783619969.3278694, 131.279,            37,           27,         2325,         12481, active
15.545616382732987     , 1783619969.3480036, 130.905,            37,           27,         2325,         12481, active
15.56575789116323      , 1783619969.3681383, 130.905,            37,           27,         2325,         12481, active
15.585902404040098     , 1783619969.3882854, 130.905,            37,           27,         2325,         12481, active
15.606023542582989     , 1783619969.4084122, 130.905,            37,           27,         2325,         12481, active
15.626159980893135     , 1783619969.4285407, 130.905,            37,           27,         2325,         12481, active
15.646260604262352     , 1783619969.4486487, 129.884,            37,           27,         2325,         12481, active
15.666381519287825     , 1783619969.4687686, 129.884,            37,           27,         2325,         12481, active
15.686495436355472     , 1783619969.4888842, 129.884,            37,           27,         2325,         12481, active
15.706641282886267     , 1783619969.5090303, 129.884,            37,           27,         2325,         12481, active
15.72678748331964      , 1783619969.529171 , 129.884,            37,           27,         2325,         12481, active
15.74693239480257      , 1783619969.5493157, 131.061,            37,           27,         2325,         12481, active
15.767058296129107     , 1783619969.569439 , 131.061,            37,           27,         2325,         12481, active
15.787176467478275     , 1783619969.5895622, 131.061,            37,           27,         2325,         12481, active
15.80733335763216      , 1783619969.6097136, 131.061,            37,           27,         2325,         12481, active
15.827461702749133     , 1783619969.6298437, 131.061,            37,           27,         2325,         12481, active
15.84756019897759      , 1783619969.649946 , 131.192,            37,           27,         2325,         12481, active
15.867653092369437     , 1783619969.6700509, 131.192,            37,           27,         2325,         12481, active
15.887764504179358     , 1783619969.6901507, 131.192,            37,           27,         2325,         12481, active
15.907887751236558     , 1783619969.7102752, 131.192,            37,           27,         2325,         12481, active
15.92800865881145      , 1783619969.7303894, 131.192,            37,           27,         2325,         12481, active
15.948133515194058     , 1783619969.7505188, 132.273,            37,           27,         2325,         12481, active
15.968268247321248     , 1783619969.7706623, 132.273,            37,           27,         2325,         12481, active
15.988386943936348     , 1783619969.7907705, 132.273,            37,           27,         2325,         12481, active
16.008520480245352     , 1783619969.8109071, 132.273,            37,           27,         2325,         12481, active
16.028657669201493     , 1783619969.8310413, 132.273,            37,           27,         2325,         12481, active
16.048797998577356     , 1783619969.8511965, 132.515,            37,           27,         2325,         12481, active
16.068937892094254     , 1783619969.8713267, 132.515,            37,           27,         2325,         12481, active
16.089085986837745     , 1783619969.891495 , 132.515,            37,           27,         2325,         12481, active
16.10923063568771      , 1783619969.911624 , 132.515,            37,           27,         2325,         12481, active
16.129358584061265     , 1783619969.9317799, 132.515,            37,           27,         2325,         12481, active
16.149523640051484     , 1783619969.9519107, 131.912,            37,           27,         2325,         12481, active
16.16967905499041      , 1783619969.9720724, 131.912,            37,           27,         2325,         12481, active
16.189822163432837     , 1783619969.9922159, 131.912,            37,           27,         2325,         12481, active
16.209965212270617     , 1783619970.0123637, 131.912,            37,           27,         2325,         12481, active
16.23012886568904      , 1783619970.0325153, 131.912,            37,           27,         2325,         12481, active
16.250308629125357     , 1783619970.052711 , 130.988,            37,           27,         2325,         12481, active
16.27044479548931      , 1783619970.0728326, 130.988,            37,           27,         2325,         12481, active
16.290590815246105     , 1783619970.0929725, 130.988,            37,           27,         2325,         12481, active
16.310728181153536     , 1783619970.1131115, 130.988,            37,           27,         2325,         12481, active
16.330862699076533     , 1783619970.1332462, 130.988,            37,           27,         2325,         12481, active
16.350983748212457     , 1783619970.1533678, 131.134,            37,           27,         2325,         12481, active
16.371109001338482     , 1783619970.1735065, 131.134,            37,           27,         2325,         12481, active
16.39125207811594      , 1783619970.1936398, 131.134,            37,           27,         2325,         12481, active
16.411379404366016     , 1783619970.21376  , 131.134,            37,           27,         2325,         12481, active
16.431499799713492     , 1783619970.233882 , 131.134,            37,           27,         2325,         12481, active
16.45163720101118      , 1783619970.2540212, 130.876,            37,           27,         2325,         12481, active
16.471775135025382     , 1783619970.2741559, 130.876,            37,           27,         2325,         12481, active
16.491904854774475     , 1783619970.2942855, 130.876,            37,           27,         2325,         12481, active
16.512042736634612     , 1783619970.3144302, 130.876,            37,           27,         2325,         12481, active
16.53215671889484      , 1783619970.3345394, 130.876,            37,           27,         2325,         12481, active
16.552285542711616     , 1783619970.354669 , 131.588,            37,           27,         2325,         12481, active
16.57240728661418      , 1783619970.3747904, 131.588,            37,           27,         2325,         12481, active
16.59251982718706      , 1783619970.3949077, 131.588,            37,           27,         2325,         12481, active
16.612639809027314     , 1783619970.4150205, 131.588,            37,           27,         2325,         12481, active
16.63277174346149      , 1783619970.4351554, 131.588,            37,           27,         2325,         12481, active
16.652908535674214     , 1783619970.4553213, 132.121,            37,           27,         2325,         12481, active
16.67307481355965      , 1783619970.4754558, 132.121,            37,           27,         2325,         12481, active
16.69319974258542      , 1783619970.4955854, 132.121,            37,           27,         2325,         12481, active
16.71332197636366      , 1783619970.515709 , 132.121,            37,           27,         2325,         12481, active
16.73345097154379      , 1783619970.53584  , 132.121,            37,           27,         2325,         12481, active
16.75359640829265      , 1783619970.555977 , 132.894,            37,           27,         2325,         12481, active
16.773750495165586     , 1783619970.5761335, 132.894,            37,           27,         2325,         12481, active
16.793873447924852     , 1783619970.5962617, 132.894,            37,           27,         2325,         12481, active
16.814012236893177     , 1783619970.616401 , 132.894,            37,           27,         2325,         12481, active
16.834144858643413     , 1783619970.6365304, 132.894,            37,           27,         2325,         12481, active
16.85426849871874      , 1783619970.6566522, 131.633,            37,           28,         2325,         12481, active
16.874401278793812     , 1783619970.6767886, 131.633,            37,           28,         2325,         12481, active
16.894540138542652     , 1783619970.6969252, 131.633,            37,           28,         2325,         12481, active
16.914696391671896     , 1783619970.7170837, 131.633,            37,           28,         2325,         12481, active
16.934788201004267     , 1783619970.7371716, 131.633,            37,           28,         2325,         12481, active
16.95490764454007      , 1783619970.7572913, 129.864,            37,           28,         2325,         12481, active
16.975014809519053     , 1783619970.777398 , 129.864,            37,           28,         2325,         12481, active
16.995123110711575     , 1783619970.797507 , 129.864,            37,           28,         2325,         12481, active
17.01524725742638      , 1783619970.8176284, 129.864,            37,           28,         2325,         12481, active
17.035351019352674     , 1783619970.837736 , 129.864,            37,           28,         2325,         12481, active
17.0554662887007       , 1783619970.857853 , 129.743,            37,           27,         2325,         12481, active
17.07559411600232      , 1783619970.8779824, 129.743,            37,           27,         2325,         12481, active
17.095737462863326     , 1783619970.8981175, 129.743,            37,           27,         2325,         12481, active
17.11585467122495      , 1783619970.9182494, 129.743,            37,           27,         2325,         12481, active
17.135999023914337     , 1783619970.9383826, 129.743,            37,           27,         2325,         12481, active
17.15613184310496      , 1783619970.9585178, 130.36 ,            37,           27,         2325,         12481, active
17.176256455481052     , 1783619970.9786608, 130.36 ,            37,           27,         2325,         12481, active
17.1963954269886       , 1783619970.9987764, 130.36 ,            37,           27,         2325,         12481, active
17.216532411053777     , 1783619971.018913 , 130.36 ,            37,           27,         2325,         12481, active
17.23664829134941      , 1783619971.0390315, 130.36 ,            37,           27,         2325,         12481, active
17.256754545494914     , 1783619971.0591428, 130.019,            37,           27,         2325,         12481, active
17.2768994551152       , 1783619971.0792828, 130.019,            37,           27,         2325,         12481, active
17.297026058658957     , 1783619971.099407 , 130.019,            37,           27,         2325,         12481, active
17.317202361300588     , 1783619971.1195831, 130.019,            37,           27,         2325,         12481, active
17.33733280003071      , 1783619971.1397204, 130.262,            37,           27,         2325,         12481, active
17.3574600815773       , 1783619971.159849 , 130.262,            37,           27,         2325,         12481, active
17.377606835216284     , 1783619971.1799903, 130.262,            37,           27,         2325,         12481, active
17.39780397899449      , 1783619971.2002   , 130.262,            37,           27,         2325,         12481, active
17.417962366715074     , 1783619971.2203467, 130.262,            37,           27,         2325,         12481, active
17.438080875203013     , 1783619971.2404623, 130.416,            37,           27,         2325,         12481, active
17.45820447616279      , 1783619971.2605932, 130.416,            37,           27,         2325,         12481, active
17.478362686932087     , 1783619971.2807484, 130.416,            37,           27,         2325,         12481, active
17.49896197579801      , 1783619971.301357 , 130.416,            37,           27,         2325,         12481, active
17.519324019551277     , 1783619971.3217072, 130.416,            37,           27,         2325,         12481, active
17.539431443437934     , 1783619971.3418252, 129.679,            37,           27,         2325,         12481, active
17.559567719697952     , 1783619971.361992 , 129.679,            37,           27,         2325,         12481, active
17.57974132336676      , 1783619971.3821504, 129.679,            37,           27,         2325,         12481, active
17.599883675575256     , 1783619971.4022815, 129.679,            37,           27,         2325,         12481, active
17.620048822835088     , 1783619971.4224355, 129.679,            37,           27,         2325,         12481, active
17.640176432207227     , 1783619971.4425635, 130.086,            37,           27,         2325,         12481, active
17.66032101586461      , 1783619971.4627144, 130.086,            37,           27,         2325,         12481, active
17.68043904006481      , 1783619971.4828248, 130.086,            37,           27,         2325,         12481, active
17.700617654249072     , 1783619971.5030005, 130.086,            37,           27,         2325,         12481, active
17.7207441162318       , 1783619971.5231307, 130.086,            37,           27,         2325,         12481, active
17.740893568843603     , 1783619971.5432978, 129.949,            37,           27,         2325,         12481, active
17.761050319299102     , 1783619971.5634313, 129.949,            37,           27,         2325,         12481, active
17.781190253794193     , 1783619971.5835884, 129.949,            37,           27,         2325,         12481, active
17.801337111741304     , 1783619971.6037235, 129.949,            37,           27,         2325,         12481, active
17.82146411947906      , 1783619971.6238499, 129.949,            37,           27,         2325,         12481, active
17.841580104082823     , 1783619971.6439633, 129.495,            37,           27,         2325,         12481, active
17.861689684912562     , 1783619971.6640847, 129.495,            37,           27,         2325,         12481, active
17.881810067221522     , 1783619971.6841977, 129.495,            37,           27,         2325,         12481, active
17.90195855498314      , 1783619971.7043421, 129.495,            37,           27,         2325,         12481, active
17.92210526391864      , 1783619971.724486 , 129.495,            37,           27,         2325,         12481, active
17.942202553153038     , 1783619971.7445874, 129.978,            37,           27,         2325,         12481, active
17.96232531964779      , 1783619971.764706 , 129.978,            37,           27,         2325,         12481, active
17.98246005550027      , 1783619971.7848475, 129.978,            37,           27,         2325,         12481, active
18.00259430706501      , 1783619971.8049822, 129.978,            37,           27,         2325,         12481, active
18.022750174626708     , 1783619971.8251328, 129.978,            37,           27,         2325,         12481, active
18.04289032332599      , 1783619971.8452733, 130.678,            37,           27,         2325,         12481, active
18.063011348247528     , 1783619971.8654199, 130.678,            37,           27,         2325,         12481, active
18.08315114863217      , 1783619971.885537 , 130.678,            37,           27,         2325,         12481, active
18.103261217474937     , 1783619971.905645 , 130.678,            37,           27,         2325,         12481, active
18.123376548290253     , 1783619971.925762 , 130.678,            37,           27,         2325,         12481, active
18.143515495583415     , 1783619971.9458964, 129.697,            37,           27,         2325,         12481, active
18.163666661828756     , 1783619971.9660513, 129.697,            37,           27,         2325,         12481, active
18.183812310919166     , 1783619971.9861996, 129.697,            37,           27,         2325,         12481, active
18.203962679952383     , 1783619972.0063496, 129.697,            37,           27,         2325,         12481, active
18.22408659569919      , 1783619972.0264697, 129.697,            37,           27,         2325,         12481, active
18.24424714781344      , 1783619972.046669 , 130.237,            37,           27,         2325,         12481, active
18.264517176896334     , 1783619972.066921 , 130.237,            37,           27,         2325,         12481, active
18.28465830720961      , 1783619972.0870414, 130.237,            37,           27,         2325,         12481, active
18.304754627868533     , 1783619972.1071336, 130.237,            37,           27,         2325,         12481, active
18.32486829534173      , 1783619972.1272693, 130.237,            37,           27,         2325,         12481, active
18.344999946653843     , 1783619972.1473827, 129.856,            38,           27,         2325,         12481, active
18.365108346566558     , 1783619972.1674962, 129.856,            38,           27,         2325,         12481, active
18.385253807529807     , 1783619972.1876407, 129.856,            38,           27,         2325,         12481, active
18.405394166707993     , 1783619972.2077749, 129.856,            38,           27,         2325,         12481, active
18.425512492656708     , 1783619972.227902 , 129.856,            38,           27,         2325,         12481, active
18.44568131119013      , 1783619972.248086 , 130.636,            37,           28,         2325,         12481, active
18.465841855853796     , 1783619972.2682323, 130.636,            37,           28,         2325,         12481, active
18.4859914816916       , 1783619972.288383 , 130.636,            37,           28,         2325,         12481, active
18.50612972676754      , 1783619972.3085482, 130.636,            37,           28,         2325,         12481, active
18.526295395568013     , 1783619972.3286853, 130.636,            37,           28,         2325,         12481, active
18.546465979889035     , 1783619972.3488483, 130.68 ,            37,           28,         2325,         12481, active
18.56657323986292      , 1783619972.3689606, 130.68 ,            37,           28,         2325,         12481, active
18.586707804352045     , 1783619972.3890889, 130.68 ,            37,           28,         2325,         12481, active
18.606836115941405     , 1783619972.4092162, 130.68 ,            37,           28,         2325,         12481, active
18.62693452835083      , 1783619972.4293213, 130.68 ,            37,           28,         2325,         12481, active
18.647107442840934     , 1783619972.4494889, 132.183,            37,           28,         2325,         12481, active
18.66721217148006      , 1783619972.469601 , 132.183,            37,           28,         2325,         12481, active
18.687341555953026     , 1783619972.4897242, 132.183,            37,           28,         2325,         12481, active
18.707463363185525     , 1783619972.50985  , 132.183,            37,           28,         2325,         12481, active
18.727595644071698     , 1783619972.5299764, 132.183,            37,           28,         2325,         12481, active
18.747748592868447     , 1783619972.55013  , 131.461,            37,           28,         2325,         12481, active
18.767869614064693     , 1783619972.57026  , 131.461,            37,           28,         2325,         12481, active
18.78798976354301      , 1783619972.5903764, 131.461,            37,           28,         2325,         12481, active
18.808120312169194     , 1783619972.6105032, 131.461,            37,           28,         2325,         12481, active
18.82823139987886      , 1783619972.630617 , 131.461,            37,           28,         2325,         12481, active
18.84835108742118      , 1783619972.6507454, 130.642,            37,           28,         2325,         12481, active
18.868504535406828     , 1783619972.6708877, 130.642,            37,           28,         2325,         12481, active
18.888616805896163     , 1783619972.6910043, 130.642,            37,           28,         2325,         12481, active
18.90873923152685      , 1783619972.7111197, 130.642,            37,           28,         2325,         12481, active
18.928857220336795     , 1783619972.7312388, 130.642,            37,           28,         2325,         12481, active
18.948981000110507     , 1783619972.7513595, 131.971,            37,           28,         2325,         12481, active
18.969097927212715     , 1783619972.7714753, 131.971,            37,           28,         2325,         12481, active
18.989750331267715     , 1783619972.7921278, 131.971,            37,           28,         2325,         12481, active
19.009825194254518     , 1783619972.8122027, 131.971,            37,           28,         2325,         12481, active
19.029908403754234     , 1783619972.8322856, 131.971,            37,           28,         2325,         12481, active
19.050009729340672     , 1783619972.8523877, 131.355,            37,           27,         2325,         12481, active
19.070078320801258     , 1783619972.872456 , 131.355,            37,           27,         2325,         12481, active
19.09016532637179      , 1783619972.892555 , 131.355,            37,           27,         2325,         12481, active
19.110251074656844     , 1783619972.9126294, 131.355,            37,           27,         2325,         12481, active
19.130331123247743     , 1783619972.9327085, 131.355,            37,           27,         2325,         12481, active
19.150413684546947     , 1783619972.9527915, 130.804,            38,           27,         2325,         12481, active
19.170490248128772     , 1783619972.9728673, 130.804,            38,           27,         2325,         12481, active
19.190777188166976     , 1783619972.9935894, 130.804,            38,           27,         2325,         12481, active
19.211290307343006     , 1783619973.0136678, 130.804,            38,           27,         2325,         12481, active
19.231357842683792     , 1783619973.033736 , 130.804,            38,           27,         2325,         12481, active
19.25145060196519      , 1783619973.0538392, 131.241,            38,           27,         2325,         12481, active
19.271534180268645     , 1783619973.0739129, 131.241,            38,           27,         2325,         12481, active
19.291614063084126     , 1783619973.0939915, 131.241,            38,           27,         2325,         12481, active
19.311692340299487     , 1783619973.1140697, 131.241,            38,           27,         2325,         12481, active
19.331787878647447     , 1783619973.1341786, 131.241,            38,           27,         2325,         12481, active
19.351886743679643     , 1783619973.1542745, 131.216,            38,           27,         2325,         12481, active
19.37196826376021      , 1783619973.1743472, 131.216,            38,           27,         2325,         12481, active
19.392046973109245     , 1783619973.1944244, 131.216,            38,           27,         2325,         12481, active
19.41213584318757      , 1783619973.2145178, 131.216,            38,           27,         2325,         12481, active
19.432230858132243     , 1783619973.2346194, 131.216,            38,           27,         2325,         12481, active
19.452312767505646     , 1783619973.2547035, 131.599,            38,           28,         2325,         12481, active
19.47239518351853      , 1783619973.2747862, 131.599,            38,           28,         2325,         12481, active
19.49250147677958      , 1783619973.2948906, 131.599,            38,           28,         2325,         12481, active
19.51258347555995      , 1783619973.3149617, 131.599,            38,           28,         2325,         12481, active
19.53267340362072      , 1783619973.335051 , 131.599,            38,           28,         2325,         12481, active
19.553185591474175     , 1783619973.3555632, 130.478,            37,           28,         2325,         12481, active
19.573262946680188     , 1783619973.3756409, 130.478,            37,           28,         2325,         12481, active
19.593371087685227     , 1783619973.3957536, 130.478,            37,           28,         2325,         12481, active
19.613456163555384     , 1783619973.4158337, 130.478,            37,           28,         2325,         12481, active
19.633524553850293     , 1783619973.4359016, 130.478,            37,           28,         2325,         12481, active
19.65359921194613      , 1783619973.4559886, 129.522,            37,           27,         2325,         12481, active
19.67369901947677      , 1783619973.4760764, 129.522,            37,           27,         2325,         12481, active
19.69376582093537      , 1783619973.496143 , 129.522,            37,           27,         2325,         12481, active
19.713861476629972     , 1783619973.5162401, 129.522,            37,           27,         2325,         12481, active
19.733959700912237     , 1783619973.536337 , 129.522,            37,           27,         2325,         12481, active
19.754042783752084     , 1783619973.55642  , 129.327,            38,           27,         2325,         12481, active
19.77412166632712      , 1783619973.5764992, 129.327,            38,           27,         2325,         12481, active
19.79420004412532      , 1783619973.5965781, 129.327,            38,           27,         2325,         12481, active
19.814312860369682     , 1783619973.6166906, 129.327,            38,           27,         2325,         12481, active
19.83438248746097      , 1783619973.6367745, 129.327,            38,           27,         2325,         12481, active
19.854474939405918     , 1783619973.6568532, 130.001,            38,           28,         2325,         12481, active
19.874567095190287     , 1783619973.6769454, 130.001,            38,           28,         2325,         12481, active
19.89467264711857      , 1783619973.697067 , 130.001,            38,           28,         2325,         12481, active
19.914762450382113     , 1783619973.7171414, 130.001,            38,           28,         2325,         12481, active
19.934849623590708     , 1783619973.7372289, 130.001,            38,           28,         2325,         12481, active
19.955405430868268     , 1783619973.7577932, 128.841,            37,           28,         2325,         12481, active
19.97549263574183      , 1783619973.7778728, 128.841,            37,           28,         2325,         12481, active
19.995578365400434     , 1783619973.7979567, 128.841,            37,           28,         2325,         12481, active
20.015657667070627     , 1783619973.8180356, 128.841,            37,           28,         2325,         12481, active
20.035742077976465     , 1783619973.8381197, 128.841,            37,           28,         2325,         12481, active
20.05585439503193      , 1783619973.858232 , 129.588,            38,           27,         2325,         12481, active
20.076744355261326     , 1783619973.8791218, 129.588,            38,           27,         2325,         12481, active
20.096826627850533     , 1783619973.8992138, 129.588,            38,           27,         2325,         12481, active
20.116915322840214     , 1783619973.919293 , 129.588,            38,           27,         2325,         12481, active
20.136999923735857     , 1783619973.9393773, 129.588,            38,           27,         2325,         12481, active
20.157082252204418     , 1783619973.9594605, 130.031,            38,           27,         2325,         12481, active
20.17718898318708      , 1783619973.979579 , 130.031,            38,           27,         2325,         12481, active
20.197306010872126     , 1783619973.9996834, 130.031,            38,           27,         2325,         12481, active
20.217373667284846     , 1783619974.019751 , 130.031,            38,           27,         2325,         12481, active
20.237466318532825     , 1783619974.0398436, 130.031,            38,           27,         2325,         12481, active
20.257544446736574     , 1783619974.0599227, 130.046,            38,           27,         2325,         12481, active
20.277626655995846     , 1783619974.080004 , 130.046,            38,           27,         2325,         12481, active
20.297710575163364     , 1783619974.1001   , 130.046,            38,           27,         2325,         12481, active
20.31781322695315      , 1783619974.120192 , 130.046,            38,           27,         2325,         12481, active
20.337893491610885     , 1783619974.1402712, 130.046,            38,           27,         2325,         12481, active
20.35797503963113      , 1783619974.1603527, 130.443,            38,           27,         2325,         12481, active
20.37806710600853      , 1783619974.1804523, 130.443,            38,           27,         2325,         12481, active
20.398566287010908     , 1783619974.2009532, 130.443,            38,           27,         2325,         12481, active
20.418662199750543     , 1783619974.2210453, 130.443,            38,           27,         2325,         12481, active
20.438745720312        , 1783619974.2411313, 130.443,            38,           27,         2325,         12481, active
20.45883566699922      , 1783619974.261221 , 129.393,            38,           28,         2325,         12481, active
20.478921052068472     , 1783619974.2812986, 129.393,            38,           28,         2325,         12481, active
20.49901544675231      , 1783619974.3014026, 129.393,            38,           28,         2325,         12481, active
20.51911084726453      , 1783619974.3214884, 129.393,            38,           28,         2325,         12481, active
20.539184911176562     , 1783619974.3415623, 129.393,            38,           28,         2325,         12481, active
20.559268387034535     , 1783619974.3616462, 130.039,            38,           28,         2325,         12481, active
20.57936362363398      , 1783619974.3817413, 130.039,            38,           28,         2325,         12481, active
20.5994428191334       , 1783619974.4018207, 130.039,            38,           28,         2325,         12481, active
20.61988109908998      , 1783619974.4222584, 130.039,            38,           28,         2325,         12481, active
20.640007607638836     , 1783619974.4424345, 130.216,            38,           28,         2325,         12481, active
20.66030202433467      , 1783619974.4626942, 130.216,            38,           28,         2325,         12481, active
20.680453576147556     , 1783619974.4828408, 130.216,            38,           28,         2325,         12481, active
20.70056544430554      , 1783619974.5029554, 130.216,            38,           28,         2325,         12481, active
20.72065556794405      , 1783619974.5230336, 130.216,            38,           28,         2325,         12481, active
20.74073887616396      , 1783619974.5431163, 131.093,            38,           28,         2325,         12481, active
20.760807942599058     , 1783619974.5632038, 131.093,            38,           28,         2325,         12481, active
20.780911300331354     , 1783619974.5832906, 131.093,            38,           28,         2325,         12481, active
20.800989415496588     , 1783619974.6033814, 131.093,            38,           28,         2325,         12481, active
20.821072639897466     , 1783619974.6234581, 131.093,            38,           28,         2325,         12481, active
20.841182198375463     , 1783619974.6435676, 130.879,            38,           28,         2325,         12481, active
20.861285239458084     , 1783619974.6636627, 130.879,            38,           28,         2325,         12481, active
20.88135321624577      , 1783619974.6837304, 130.879,            38,           28,         2325,         12481, active
20.90141724795103      , 1783619974.7037945, 130.879,            38,           28,         2325,         12481, active
20.921503262594342     , 1783619974.723881 , 130.879,            38,           28,         2325,         12481, active
20.941984755918384     , 1783619974.7443714, 130.474,            38,           28,         2325,         12481, active
20.96207826025784      , 1783619974.764457 , 130.474,            38,           28,         2325,         12481, active
20.98215849325061      , 1783619974.7845361, 130.474,            38,           28,         2325,         12481, active
21.002234080806375     , 1783619974.8046234, 130.474,            38,           28,         2325,         12481, active
21.02232053503394      , 1783619974.824705 , 130.474,            38,           28,         2325,         12481, active
21.042437760159373     , 1783619974.8448272, 130.595,            38,           28,         2325,         12481, active
21.062526671215892     , 1783619974.8649042, 130.595,            38,           28,         2325,         12481, active
21.082610519602895     , 1783619974.884988 , 130.595,            38,           28,         2325,         12481, active
21.102696718648076     , 1783619974.9050863, 130.595,            38,           28,         2325,         12481, active
21.122775118798018     , 1783619974.925166 , 130.595,            38,           28,         2325,         12481, active
21.143169419839978     , 1783619974.9455578, 131.245,            38,           28,         2325,         12481, active
21.163262782618403     , 1783619974.9656422, 131.245,            38,           28,         2325,         12481, active
21.183341145515442     , 1783619974.9857185, 131.245,            38,           28,         2325,         12481, active
21.20343468338251      , 1783619975.0058165, 131.245,            38,           28,         2325,         12481, active
21.223551077768207     , 1783619975.0259361, 131.245,            38,           28,         2325,         12481, active
21.243683414533734     , 1783619975.0460649, 131.951,            38,           27,         2325,         12481, active
21.26384187862277      , 1783619975.06623  , 131.951,            38,           27,         2325,         12481, active
21.283966789022088     , 1783619975.086355 , 131.951,            38,           27,         2325,         12481, active
21.30416150391102      , 1783619975.1065464, 131.951,            38,           27,         2325,         12481, active
21.324296943843365     , 1783619975.1266825, 131.951,            38,           27,         2325,         12481, active
21.34440998546779      , 1783619975.1468093, 131.092,            38,           27,         2325,         12481, active
21.364558655768633     , 1783619975.1669395, 131.092,            38,           27,         2325,         12481, active
21.384697504341602     , 1783619975.1870854, 131.092,            38,           27,         2325,         12481, active
21.404816042631865     , 1783619975.2072003, 131.092,            38,           27,         2325,         12481, active
21.424951665103436     , 1783619975.227332 , 131.092,            38,           27,         2325,         12481, active
21.445084432139993     , 1783619975.2474716, 131.68 ,            38,           28,         2325,         12481, active
21.465216184034944     , 1783619975.2676048, 131.68 ,            38,           28,         2325,         12481, active
21.48534913919866      , 1783619975.2877376, 131.68 ,            38,           28,         2325,         12481, active
21.50546583160758      , 1783619975.3078463, 131.68 ,            38,           28,         2325,         12481, active
21.525592975318432     , 1783619975.327987 , 131.68 ,            38,           28,         2325,         12481, active
21.545749936252832     , 1783619975.3481374, 132.171,            38,           28,         2325,         12481, active
21.565877160057425     , 1783619975.3682656, 132.171,            38,           28,         2325,         12481, active
21.586025696247816     , 1783619975.3884065, 132.171,            38,           28,         2325,         12481, active
21.60615542344749      , 1783619975.4085386, 132.171,            38,           28,         2325,         12481, active
21.62626284919679      , 1783619975.42865  , 132.171,            38,           28,         2325,         12481, active
21.646415827795863     , 1783619975.4487991, 133.378,            38,           27,         2325,         12481, active
21.666529526934028     , 1783619975.46892  , 133.378,            38,           27,         2325,         12481, active
21.68666153587401      , 1783619975.4890568, 133.378,            38,           27,         2325,         12481, active
21.70679248124361      , 1783619975.5091758, 133.378,            38,           27,         2325,         12481, active
21.72697925195098      , 1783619975.5293598, 133.378,            38,           27,         2325,         12481, active
21.747114231809974     , 1783619975.5494983, 132.372,            38,           27,         2325,         12481, active
21.76728910394013      , 1783619975.5696774, 132.372,            38,           27,         2325,         12481, active
21.787432907149196     , 1783619975.5898204, 132.372,            38,           27,         2325,         12481, active
21.807549379765987     , 1783619975.6099327, 132.372,            38,           27,         2325,         12481, active
21.82765492424369      , 1783619975.6300375, 132.372,            38,           27,         2325,         12481, active
21.847790790721774     , 1783619975.6501732, 132.024,            38,           27,         2325,         12481, active
21.867899229750037     , 1783619975.6702821, 132.024,            38,           27,         2325,         12481, active
21.888124983757734     , 1783619975.6905134, 132.024,            38,           27,         2325,         12481, active
21.908263506367803     , 1783619975.7106466, 132.024,            38,           27,         2325,         12481, active
21.928368678316474     , 1783619975.7307572, 132.024,            38,           27,         2325,         12481, active
21.948507107794285     , 1783619975.750894 , 132.719,            38,           27,         2325,         12481, active
21.968633472919464     , 1783619975.7710216, 132.719,            38,           27,         2325,         12481, active
21.988762876018882     , 1783619975.7911453, 132.719,            38,           27,         2325,         12481, active
22.008867651224136     , 1783619975.811248 , 132.719,            38,           27,         2325,         12481, active
22.028993090614676     , 1783619975.831373 , 132.719,            38,           27,         2325,         12481, active
22.049094749614596     , 1783619975.8514807, 133.263,            38,           28,         2325,         12481, active
22.06929548084736      , 1783619975.871678 , 133.263,            38,           28,         2325,         12481, active
22.08942045457661      , 1783619975.8918035, 133.263,            38,           28,         2325,         12481, active
22.109536852687597     , 1783619975.911931 , 133.263,            38,           28,         2325,         12481, active
22.12970275618136      , 1783619975.9321318, 133.263,            38,           28,         2325,         12481, active
22.149961806833744     , 1783619975.9523652, 133.052,            38,           28,         2325,         12481, active
22.17016522400081      , 1783619975.9725502, 133.052,            38,           28,         2325,         12481, active
22.190348686650395     , 1783619975.9927363, 133.052,            38,           28,         2325,         12481, active
22.210469303652644     , 1783619976.0128565, 133.052,            38,           28,         2325,         12481, active
22.23060962371528      , 1783619976.0330076, 133.052,            38,           28,         2325,         12481, active
22.250752676278353     , 1783619976.0531669, 132.843,            38,           28,         2325,         12481, active
22.27094129472971      , 1783619976.073324 , 132.843,            38,           28,         2325,         12481, active
22.291088728234172     , 1783619976.0934715, 132.843,            38,           28,         2325,         12481, active
22.31119646690786      , 1783619976.1135907, 132.843,            38,           28,         2325,         12481, active
22.33132978528738      , 1783619976.1337159, 132.843,            38,           28,         2325,         12481, active
22.351464852690697     , 1783619976.153854 , 132.526,            38,           28,         2325,         12481, active
22.371610298752785     , 1783619976.173994 , 132.526,            38,           28,         2325,         12481, active
22.391725357621908     , 1783619976.1941245, 132.526,            38,           28,         2325,         12481, active
22.411899402737617     , 1783619976.2142828, 132.526,            38,           28,         2325,         12481, active
22.432040290907025     , 1783619976.2344284, 132.526,            38,           28,         2325,         12481, active
22.452184384688735     , 1783619976.2545745, 133.158,            38,           27,         2325,         12481, active
22.47230815514922      , 1783619976.274721 , 133.158,            38,           27,         2325,         12481, active
22.49244528822601      , 1783619976.294826 , 133.158,            38,           27,         2325,         12481, active
22.512553367763758     , 1783619976.314938 , 133.158,            38,           27,         2325,         12481, active
22.53266796655953      , 1783619976.3350542, 133.158,            38,           27,         2325,         12481, active
22.55283520743251      , 1783619976.3552554, 132.234,            38,           27,         2325,         12481, active
22.57306652702391      , 1783619976.3754559, 132.234,            38,           27,         2325,         12481, active
22.593189971521497     , 1783619976.3955796, 132.234,            38,           27,         2325,         12481, active
22.613309418782592     , 1783619976.4156904, 132.234,            38,           27,         2325,         12481, active
22.633413426578045     , 1783619976.4358006, 132.234,            38,           27,         2325,         12481, active
22.653565295040607     , 1783619976.4559486, 131.924,            38,           27,         2325,         12481, active
22.673701813444495     , 1783619976.47609  , 131.924,            38,           27,         2325,         12481, active
22.693842217326164     , 1783619976.496229 , 131.924,            38,           27,         2325,         12481, active
22.713974256068468     , 1783619976.5163636, 131.924,            38,           27,         2325,         12481, active
22.7341052852571       , 1783619976.536492 , 131.924,            38,           27,         2325,         12481, active
22.754234546795487     , 1783619976.5566225, 131.497,            38,           27,         2325,         12481, active
22.77435571141541      , 1783619976.57674  , 131.497,            38,           27,         2325,         12481, active
22.794462382793427     , 1783619976.5968564, 131.497,            38,           27,         2325,         12481, active
22.81457973830402      , 1783619976.6169605, 131.497,            38,           27,         2325,         12481, active
22.83469434082508      , 1783619976.6370816, 131.497,            38,           27,         2325,         12481, active
22.854831859469414     , 1783619976.6572168, 131.298,            38,           27,         2325,         12481, active
22.874944262206554     , 1783619976.6773288, 131.298,            38,           27,         2325,         12481, active
22.895116655156016     , 1783619976.6975336, 131.298,            38,           27,         2325,         12481, active
22.915409043431282     , 1783619976.7178144, 131.298,            38,           27,         2325,         12481, active
22.93560368567705      , 1783619976.7379875, 131.298,            38,           27,         2325,         12481, active
22.95580267906189      , 1783619976.758202 , 132.139,            38,           27,         2325,         12481, active
22.975996647030115     , 1783619976.7783864, 132.139,            38,           27,         2325,         12481, active
22.9961222037673       , 1783619976.79851  , 132.139,            38,           27,         2325,         12481, active
23.01624008268118      , 1783619976.8186207, 132.139,            38,           27,         2325,         12481, active
23.036352636292577     , 1783619976.8387468, 132.139,            38,           27,         2325,         12481, active
23.05647294409573      , 1783619976.858859 , 131.416,            38,           27,         2325,         12481, active
23.07660865969956      , 1783619976.8790045, 131.416,            38,           27,         2325,         12481, active
23.096766207367182     , 1783619976.8991563, 131.416,            38,           27,         2325,         12481, active
23.116912906989455     , 1783619976.9193072, 131.416,            38,           27,         2325,         12481, active
23.137074030935764     , 1783619976.9394693, 131.416,            38,           27,         2325,         12481, active
23.157225972041488     , 1783619976.959616 , 131.18 ,            38,           27,         2325,         12481, active
23.17738694511354      , 1783619976.9797819, 131.18 ,            38,           27,         2325,         12481, active
23.19776191189885      , 1783619977.000385 , 131.18 ,            38,           27,         2325,         12481, active
23.218232640996575     , 1783619977.0206275, 131.18 ,            38,           27,         2325,         12481, active
23.238444443792105     , 1783619977.0408618, 131.18 ,            38,           27,         2325,         12481, active
23.258643424138427     , 1783619977.0610545, 129.729,            38,           26,         2325,         12481, active
23.278891675174236     , 1783619977.0812883, 129.729,            38,           26,         2325,         12481, active
23.29904150031507      , 1783619977.1014311, 129.729,            38,           26,         2325,         12481, active
23.31916583329439      , 1783619977.12155  , 129.729,            38,           26,         2325,         12481, active
23.339311622083187     , 1783619977.1417189, 129.729,            38,           26,         2325,         12481, active
23.35950339399278      , 1783619977.161913 , 129.38 ,            38,           26,         2325,         12481, active
23.379713295027614     , 1783619977.1821306, 129.38 ,            38,           26,         2325,         12481, active
23.39991233497858      , 1783619977.2023036, 129.38 ,            38,           26,         2325,         12481, active
23.420116499066353     , 1783619977.2225924, 129.38 ,            38,           26,         2325,         12481, active
23.440595699474216     , 1783619977.2430005, 129.38 ,            38,           26,         2325,         12481, active
23.4607537612319       , 1783619977.2631464, 128.605,            38,           26,         2325,         12481, active
23.480919916182756     , 1783619977.283314 , 128.605,            38,           26,         2325,         12481, active
23.501076236367226     , 1783619977.3035002, 128.605,            38,           26,         2325,         12481, active
23.521283466368914     , 1783619977.3236952, 128.605,            38,           26,         2325,         12481, active
23.541548620909452     , 1783619977.3439445, 128.385,            38,           26,         2325,         12481, active
23.56171853095293      , 1783619977.3641188, 128.385,            38,           26,         2325,         12481, active
23.581890542060137     , 1783619977.3842902, 128.385,            38,           26,         2325,         12481, active
23.602057497948408     , 1783619977.4044533, 128.385,            38,           26,         2325,         12481, active
23.62222165055573      , 1783619977.4246497, 128.385,            38,           26,         2325,         12481, active
23.642496444284916     , 1783619977.4448903, 129.458,            38,           27,         2325,         12481, active
23.662692250683904     , 1783619977.4650853, 129.458,            38,           27,         2325,         12481, active
23.68293110281229      , 1783619977.4853234, 129.458,            38,           27,         2325,         12481, active
23.703100563958287     , 1783619977.5055127, 129.458,            38,           27,         2325,         12481, active
23.723366355523467     , 1783619977.5257592, 129.458,            38,           27,         2325,         12481, active
23.743524795398116     , 1783619977.5459096, 129.168,            38,           27,         2325,         12481, active
23.763654943555593     , 1783619977.5660446, 129.168,            38,           27,         2325,         12481, active
23.783840088173747     , 1783619977.586224 , 129.168,            38,           27,         2325,         12481, active
23.803950725123286     , 1783619977.606338 , 129.168,            38,           27,         2325,         12481, active
23.824078092351556     , 1783619977.6264608, 129.168,            38,           27,         2325,         12481, active
23.84418512508273      , 1783619977.6465683, 128.622,            38,           27,         2325,         12481, active
23.86433004029095      , 1783619977.6667435, 128.622,            38,           27,         2325,         12481, active
23.88451774418354      , 1783619977.6869278, 128.622,            38,           27,         2325,         12481, active
23.904702067375183     , 1783619977.707097 , 128.622,            38,           27,         2325,         12481, active
23.924874207004905     , 1783619977.7272882, 128.622,            38,           27,         2325,         12481, active
23.945134619250894     , 1783619977.7475274, 128.875,            38,           27,         2325,         12481, active
23.96530639566481      , 1783619977.7677395, 128.875,            38,           27,         2325,         12481, active
23.98564577102661      , 1783619977.788039 , 128.875,            38,           27,         2325,         12481, active
24.00581387989223      , 1783619977.8082066, 128.875,            38,           27,         2325,         12481, active
24.02598067186773      , 1783619977.8283782, 128.875,            38,           27,         2325,         12481, active
24.046173751354218     , 1783619977.8486032, 128.727,            38,           27,         2325,         12481, active
24.06642355211079      , 1783619977.8688173, 128.727,            38,           27,         2325,         12481, active
24.08660316094756      , 1783619977.8890097, 128.727,            38,           27,         2325,         12481, active
24.106916770339012     , 1783619977.9093735, 128.727,            38,           27,         2325,         12481, active
24.127268319949508     , 1783619977.9296865, 128.727,            38,           27,         2325,         12481, active
24.147480905056        , 1783619977.949872 , 128.533,            38,           27,         2325,         12481, active
24.16762833483517      , 1783619977.9700222, 128.533,            38,           27,         2325,         12481, active
24.187799088656902     , 1783619977.9901936, 128.533,            38,           27,         2325,         12481, active
24.207945983856916     , 1783619978.01035  , 128.533,            38,           27,         2325,         12481, active
24.22809075191617      , 1783619978.03048  , 128.533,            38,           27,         2325,         12481, active
24.248248860239983     , 1783619978.0506394, 128.754,            38,           26,         2325,         12481, active
24.268367871642113     , 1783619978.070753 , 128.754,            38,           26,         2325,         12481, active
24.28850781917572      , 1783619978.0908961, 128.754,            38,           26,         2325,         12481, active
24.30863511003554      , 1783619978.1110284, 128.754,            38,           26,         2325,         12481, active
24.328761188313365     , 1783619978.1311488, 128.754,            38,           26,         2325,         12481, active
24.348888359963894     , 1783619978.1512983, 129.148,            38,           26,         2325,         12481, active
24.369033934548497     , 1783619978.1714227, 129.148,            38,           26,         2325,         12481, active
24.38916206918657      , 1783619978.1915452, 129.148,            38,           26,         2325,         12481, active
24.409294353798032     , 1783619978.211677 , 129.148,            38,           26,         2325,         12481, active
24.42942034266889      , 1783619978.2318065, 129.148,            38,           26,         2325,         12481, active
24.449531892314553     , 1783619978.251916 , 130.327,            38,           27,         2325,         12481, active
24.469660660251975     , 1783619978.2720485, 130.327,            38,           27,         2325,         12481, active
24.489839823916554     , 1783619978.2922235, 130.327,            38,           27,         2325,         12481, active
24.509978221729398     , 1783619978.312368 , 130.327,            38,           27,         2325,         12481, active
24.530110239982605     , 1783619978.332496 , 130.327,            38,           27,         2325,         12481, active
24.55023235268891      , 1783619978.3526142, 131.056,            38,           27,         2325,         12481, active
24.57034577988088      , 1783619978.3727307, 131.056,            38,           27,         2325,         12481, active
24.590474607422948     , 1783619978.3928568, 131.056,            38,           27,         2325,         12481, active
24.61061586253345      , 1783619978.4130049, 131.056,            38,           27,         2325,         12481, active
24.630739299580455     , 1783619978.4331293, 131.056,            38,           27,         2325,         12481, active
24.650875130668283     , 1783619978.4532602, 130.251,            38,           28,         2325,         12481, active
24.67099541425705      , 1783619978.4733872, 130.251,            38,           28,         2325,         12481, active
24.691119339317083     , 1783619978.4935033, 130.251,            38,           28,         2325,         12481, active
24.711256051436067     , 1783619978.5136418, 130.251,            38,           28,         2325,         12481, active
24.7314081620425       , 1783619978.533814 , 130.251,            38,           28,         2325,         12481, active
24.75156258419156      , 1783619978.5539486, 130.568,            38,           28,         2325,         12481, active
24.77169531956315      , 1783619978.5740802, 130.568,            38,           28,         2325,         12481, active
24.791853735223413     , 1783619978.5942392, 130.568,            38,           28,         2325,         12481, active
24.811978479847312     , 1783619978.6143706, 130.568,            38,           28,         2325,         12481, active
24.832114223390818     , 1783619978.6345026, 130.568,            38,           28,         2325,         12481, active
24.85226273164153      , 1783619978.6546483, 131.437,            38,           28,         2325,         12481, active
24.87253199890256      , 1783619978.6749177, 131.437,            38,           28,         2325,         12481, active
24.892653048038483     , 1783619978.6950395, 131.437,            38,           28,         2325,         12481, active
24.91278232820332      , 1783619978.7151706, 131.437,            38,           28,         2325,         12481, active
24.9329016469419       , 1783619978.7352884, 131.437,            38,           28,         2325,         12481, active
24.953043511137366     , 1783619978.7554336, 130.915,            38,           28,         2325,         12481, active
24.973172878846526     , 1783619978.7755618, 130.915,            38,           28,         2325,         12481, active
24.993300784379244     , 1783619978.7956889, 130.915,            38,           28,         2325,         12481, active
25.01343479938805      , 1783619978.8158257, 130.915,            38,           28,         2325,         12481, active
25.03356491588056      , 1783619978.835951 , 130.915,            38,           28,         2325,         12481, active
25.053700087592006     , 1783619978.8560827, 131.164,            38,           28,         2325,         12481, active
25.073851473629475     , 1783619978.8762407, 131.164,            38,           28,         2325,         12481, active
25.09398377686739      , 1783619978.8963687, 131.164,            38,           28,         2325,         12481, active
25.114124728366733     , 1783619978.9165237, 131.164,            38,           28,         2325,         12481, active
25.134267697110772     , 1783619978.9366612, 131.164,            38,           28,         2325,         12481, active
25.154402866959572     , 1783619978.956787 , 131.689,            38,           28,         2325,         12481, active
25.17452023178339      , 1783619978.9769313, 131.689,            38,           28,         2325,         12481, active
25.19474341534078      , 1783619978.9971285, 131.689,            38,           28,         2325,         12481, active
25.214940859004855     , 1783619979.0173335, 131.689,            38,           28,         2325,         12481, active
25.235079634934664     , 1783619979.0374641, 131.689,            38,           28,         2325,         12481, active
25.25521068274975      , 1783619979.0575962, 131.975,            38,           27,         2325,         12481, active
25.275352139025927     , 1783619979.0777411, 131.975,            38,           27,         2325,         12481, active
25.295493442565203     , 1783619979.0978813, 131.975,            38,           27,         2325,         12481, active
25.315646275877953     , 1783619979.1180308, 131.975,            38,           27,         2325,         12481, active
25.33576111868024      , 1783619979.1381488, 131.975,            38,           27,         2325,         12481, active
25.355882370844483     , 1783619979.1582766, 133.353,            38,           27,         2325,         12481, active
25.37601145915687      , 1783619979.1784103, 133.353,            38,           27,         2325,         12481, active
25.39615159854293      , 1783619979.1985393, 133.353,            38,           27,         2325,         12481, active
25.41627910360694      , 1783619979.2186701, 133.353,            38,           27,         2325,         12481, active
25.436413602903485     , 1783619979.238805 , 133.353,            38,           27,         2325,         12481, active
25.456553338095546     , 1783619979.2589364, 133.567,            38,           28,         2325,         12481, active
25.47667925618589      , 1783619979.2790644, 133.567,            38,           28,         2325,         12481, active
25.496817199513316     , 1783619979.299209 , 133.567,            38,           28,         2325,         12481, active
25.517128456383944     , 1783619979.3195133, 133.567,            38,           28,         2325,         12481, active
25.537274630740285     , 1783619979.3396628, 133.567,            38,           28,         2325,         12481, active
25.557410091161728     , 1783619979.3598468, 133.73 ,            38,           28,         2325,         12481, active
25.57771075516939      , 1783619979.3801062, 133.73 ,            38,           28,         2325,         12481, active
25.597838804125786     , 1783619979.4002354, 133.73 ,            38,           28,         2325,         12481, active
25.6179919000715       , 1783619979.4203818, 133.73 ,            38,           28,         2325,         12481, active
25.638125393539667     , 1783619979.4405146, 133.73 ,            38,           28,         2325,         12481, active
25.658254163339734     , 1783619979.4606364, 133.716,            38,           28,         2325,         12481, active
25.678399803116918     , 1783619979.4807882, 133.716,            38,           28,         2325,         12481, active
25.698548279702663     , 1783619979.5009327, 133.716,            38,           28,         2325,         12481, active
25.718698155134916     , 1783619979.5210862, 133.716,            38,           28,         2325,         12481, active
25.738885890692472     , 1783619979.5412693, 133.716,            38,           28,         2325,         12481, active
25.759050607681274     , 1783619979.5614336, 132.847,            38,           28,         2325,         12481, active
25.779157634824514     , 1783619979.5815408, 132.847,            38,           28,         2325,         12481, active
25.799264388158917     , 1783619979.6016521, 132.847,            38,           28,         2325,         12481, active
25.81938637793064      , 1783619979.6217701, 132.847,            38,           28,         2325,         12481, active
25.839519085362554     , 1783619979.6419027, 132.847,            38,           28,         2325,         12481, active
25.85964429564774      , 1783619979.6620321, 133.382,            38,           27,         2325,         12481, active
25.87983605079353      , 1783619979.6822655, 133.382,            38,           27,         2325,         12481, active
25.900092957541347     , 1783619979.702479 , 133.382,            38,           27,         2325,         12481, active
25.9202220402658       , 1783619979.7226064, 133.382,            38,           27,         2325,         12481, active
25.94035330787301      , 1783619979.742739 , 133.382,            38,           27,         2325,         12481, active
25.960526064038277     , 1783619979.7629144, 133.635,            38,           27,         2325,         12481, active
25.980660162866116     , 1783619979.783049 , 133.635,            38,           27,         2325,         12481, active
26.00079789943993      , 1783619979.8031912, 133.635,            38,           27,         2325,         12481, active
26.0209839027375       , 1783619979.8233714, 133.635,            38,           27,         2325,         12481, active
26.04112439788878      , 1783619979.8435073, 133.635,            38,           27,         2325,         12481, active
26.06127117574215      , 1783619979.8636632, 132.541,            38,           27,         2325,         12481, active
26.081431878730655     , 1783619979.8838513, 132.541,            38,           27,         2325,         12481, active
26.10170135088265      , 1783619979.9040968, 132.541,            38,           27,         2325,         12481, active
26.122051479294896     , 1783619979.9244392, 132.541,            38,           27,         2325,         12481, active
26.142198665067554     , 1783619979.9446256, 132.296,            38,           27,         2325,         12481, active
26.16237124800682      , 1783619979.964761 , 132.296,            38,           27,         2325,         12481, active
26.18249355815351      , 1783619979.9848754, 132.296,            38,           27,         2325,         12481, active
26.202635318040848     , 1783619980.0050232, 132.296,            38,           27,         2325,         12481, active
26.222791574895382     , 1783619980.0251825, 132.296,            38,           27,         2325,         12481, active
26.242917707189918     , 1783619980.0453002, 131.571,            38,           27,         2325,         12481, active
26.26304667070508      , 1783619980.065431 , 131.571,            38,           27,         2325,         12481, active
26.283259369432926     , 1783619980.0856829, 131.571,            38,           27,         2325,         12481, active
26.303515147417784     , 1783619980.1059046, 131.571,            38,           27,         2325,         12481, active
26.323655743151903     , 1783619980.1260436, 131.571,            38,           27,         2325,         12481, active
26.34379155188799      , 1783619980.146174 , 131.007,            38,           27,         2325,         12481, active
26.363906165584922     , 1783619980.1662881, 131.007,            38,           27,         2325,         12481, active
26.38403440825641      , 1783619980.1864243, 131.007,            38,           27,         2325,         12481, active
26.40415357798338      , 1783619980.2065418, 131.007,            38,           27,         2325,         12481, active
26.42427154071629      , 1783619980.2266595, 131.007,            38,           27,         2325,         12481, active
26.444389732554555     , 1783619980.2467806, 130.844,            38,           27,         2325,         12481, active
26.46451493538916      , 1783619980.2668977, 130.844,            38,           27,         2325,         12481, active
26.48465401120484      , 1783619980.2870781, 130.844,            38,           27,         2325,         12481, active
26.504914168268442     , 1783619980.3073058, 130.844,            38,           27,         2325,         12481, active
26.52522624284029      , 1783619980.32761  , 130.844,            38,           27,         2325,         12481, active
26.54536337032914      , 1783619980.3477454, 131.33 ,            38,           27,         2325,         12481, active
26.56549370288849      , 1783619980.3678823, 131.33 ,            38,           27,         2325,         12481, active
26.5856289640069       , 1783619980.3880215, 131.33 ,            38,           27,         2325,         12481, active
26.605801155790687     , 1783619980.408192 , 131.33 ,            38,           27,         2325,         12481, active
26.625925915315747     , 1783619980.428315 , 131.33 ,            38,           27,         2325,         12481, active
26.646070826798677     , 1783619980.4484541, 130.009,            38,           27,         2325,         12481, active
26.66622257232666      , 1783619980.4686103, 130.009,            38,           27,         2325,         12481, active
26.68635953962803      , 1783619980.488756 , 130.009,            38,           27,         2325,         12481, active
26.706498434767127     , 1783619980.5088809, 130.009,            38,           27,         2325,         12481, active
26.72663990408182      , 1783619980.5290442, 130.009,            38,           27,         2325,         12481, active
26.74679022282362      , 1783619980.5492074, 131.025,            38,           27,         2325,         12481, active
26.766956759616733     , 1783619980.5693412, 131.025,            38,           27,         2325,         12481, active
26.787081215530634     , 1783619980.5894742, 131.025,            38,           27,         2325,         12481, active
26.80721684359014      , 1783619980.6095998, 131.025,            38,           27,         2325,         12481, active
26.82734296284616      , 1783619980.6297283, 131.025,            38,           27,         2325,         12481, active
26.847457326948643     , 1783619980.6498692, 130.206,            38,           28,         2325,         12481, active
26.867608916014433     , 1783619980.6699922, 130.206,            38,           28,         2325,         12481, active
26.887720342725515     , 1783619980.6901011, 130.206,            38,           28,         2325,         12481, active
26.90790481120348      , 1783619980.7102885, 130.206,            38,           28,         2325,         12481, active
26.928019559010863     , 1783619980.7304041, 130.206,            38,           28,         2325,         12481, active
26.948152143508196     , 1783619980.7505398, 130.467,            38,           28,         2325,         12481, active
26.96828249655664      , 1783619980.7706788, 130.467,            38,           28,         2325,         12481, active
26.988423086702824     , 1783619980.790812 , 130.467,            38,           28,         2325,         12481, active
27.00855671055615      , 1783619980.8109467, 130.467,            38,           28,         2325,         12481, active
27.02869561314583      , 1783619980.8310766, 130.467,            38,           28,         2325,         12481, active
27.048813343048096     , 1783619980.851226 , 131.174,            38,           28,         2325,         12481, active
27.06896998360753      , 1783619980.8713577, 131.174,            38,           28,         2325,         12481, active
27.089105932042003     , 1783619980.8914905, 131.174,            38,           28,         2325,         12481, active
27.109265711158514     , 1783619980.9116514, 131.174,            38,           28,         2325,         12481, active
27.12939011119306      , 1783619980.931774 , 131.174,            38,           28,         2325,         12481, active
27.14951122365892      , 1783619980.9518967, 131.372,            38,           28,         2325,         12481, active
27.169621558859944     , 1783619980.9720144, 131.372,            38,           28,         2325,         12481, active
27.18976647593081      , 1783619980.9921503, 131.372,            38,           28,         2325,         12481, active
27.209923850372434     , 1783619981.0123339, 131.372,            38,           28,         2325,         12481, active
27.230267375707626     , 1783619981.0326774, 131.372,            38,           28,         2325,         12481, active
27.250548010692        , 1783619981.0529635, 132.387,            38,           28,         2325,         12481, active
27.27080361545086      , 1783619981.0731955, 132.387,            38,           28,         2325,         12481, active
27.29156151600182      , 1783619981.09398  , 132.387,            38,           28,         2325,         12481, active
27.31178725324571      , 1783619981.1141746, 132.387,            38,           28,         2325,         12481, active
27.331923931837082     , 1783619981.1343088, 132.387,            38,           28,         2325,         12481, active
27.352051068097353     , 1783619981.1544397, 131.972,            38,           28,         2325,         12481, active
27.372168391942978     , 1783619981.1745584, 131.972,            38,           28,         2325,         12481, active
27.392321987077594     , 1783619981.1947124, 131.972,            38,           28,         2325,         12481, active
27.412452159449458     , 1783619981.2148478, 131.972,            38,           28,         2325,         12481, active
27.432583179324865     , 1783619981.2349684, 131.972,            38,           28,         2325,         12481, active
27.452701712027192     , 1783619981.2550888, 132.599,            38,           27,         2325,         12481, active
27.47285076417029      , 1783619981.2752666, 132.599,            38,           27,         2325,         12481, active
27.49308815598488      , 1783619981.295475 , 132.599,            38,           27,         2325,         12481, active
27.513330925256014     , 1783619981.3157153, 132.599,            38,           27,         2325,         12481, active
27.533462351188064     , 1783619981.335848 , 132.599,            38,           27,         2325,         12481, active
27.553599191829562     , 1783619981.356009 , 133.123,            38,           27,         2325,         12481, active
27.57383426837623      , 1783619981.376219 , 133.123,            38,           27,         2325,         12481, active
27.593973016366363     , 1783619981.3963547, 133.123,            38,           27,         2325,         12481, active
27.61410847119987      , 1783619981.416495 , 133.123,            38,           27,         2325,         12481, active
27.634226324036717     , 1783619981.4366355, 133.123,            38,           27,         2325,         12481, active
27.654371295124292     , 1783619981.4567595, 133.587,            38,           28,         2325,         12481, active
27.674491703510284     , 1783619981.4768832, 133.587,            38,           28,         2325,         12481, active
27.694621939212084     , 1783619981.4970188, 133.587,            38,           28,         2325,         12481, active
27.715002520009875     , 1783619981.5173888, 133.587,            38,           28,         2325,         12481, active
27.73515217192471      , 1783619981.537599 , 133.587,            38,           28,         2325,         12481, active
27.755361311137676     , 1783619981.5577502, 134.486,            38,           28,         2325,         12481, active
27.77547778747976      , 1783619981.5778613, 134.486,            38,           28,         2325,         12481, active
27.795615097507834     , 1783619981.5979989, 134.486,            38,           28,         2325,         12481, active
27.815749434754252     , 1783619981.6181545, 134.486,            38,           28,         2325,         12481, active
27.835913866758347     , 1783619981.6382968, 134.486,            38,           28,         2325,         12481, active
27.85602024011314      , 1783619981.658404 , 134.375,            38,           28,         2325,         12481, active
27.87612742371857      , 1783619981.6785364, 134.375,            38,           28,         2325,         12481, active
27.896290631964803     , 1783619981.6986847, 134.375,            38,           28,         2325,         12481, active
27.916425950825214     , 1783619981.7188063, 134.375,            38,           28,         2325,         12481, active
27.93657787144184      , 1783619981.7389615, 134.375,            38,           28,         2325,         12481, active
27.956716313958168     , 1783619981.7590973, 133.702,            38,           28,         2325,         12481, active
27.976826822385192     , 1783619981.7792149, 133.702,            38,           28,         2325,         12481, active
27.996958082541823     , 1783619981.7993405, 133.702,            38,           28,         2325,         12481, active
28.01708759367466      , 1783619981.8194752, 133.702,            38,           28,         2325,         12481, active
28.037219759076834     , 1783619981.839603 , 133.702,            38,           28,         2325,         12481, active
28.057348454371095     , 1783619981.8597324, 134.091,            38,           27,         2325,         12481, active
28.07746149227023      , 1783619981.8798554, 134.091,            38,           27,         2325,         12481, active
28.097633535042405     , 1783619981.9000225, 134.091,            38,           27,         2325,         12481, active
28.117773273959756     , 1783619981.9201562, 134.091,            38,           27,         2325,         12481, active
28.13789497502148      , 1783619981.940276 , 134.091,            38,           27,         2325,         12481, active
28.158018780872226     , 1783619981.960407 , 133.963,            38,           27,         2325,         12481, active
28.178165467455983     , 1783619981.9805522, 133.963,            38,           27,         2325,         12481, active
28.198300641030073     , 1783619982.000691 , 133.963,            38,           27,         2325,         12481, active
28.218469923362136     , 1783619982.0208573, 133.963,            38,           27,         2325,         12481, active
28.238583581522107     , 1783619982.0409706, 133.963,            38,           27,         2325,         12481, active
28.25874511897564      , 1783619982.0611339, 134.003,            38,           27,         2325,         12481, active
28.278892831876874     , 1783619982.0812767, 134.003,            38,           27,         2325,         12481, active
28.29906656779349      , 1783619982.1014836, 134.003,            38,           27,         2325,         12481, active
28.31936863064766      , 1783619982.1217685, 134.003,            38,           27,         2325,         12481, active
28.33958526328206      , 1783619982.1419723, 134.003,            38,           27,         2325,         12481, active
28.35972702689469      , 1783619982.162111 , 134.334,            38,           27,         2325,         12481, active
28.379843363538384     , 1783619982.1822276, 134.334,            38,           27,         2325,         12481, active
28.39995580725372      , 1783619982.2023404, 134.334,            38,           27,         2325,         12481, active
28.420087303966284     , 1783619982.2224724, 134.334,            38,           27,         2325,         12481, active
28.44020634330809      , 1783619982.2425957, 134.334,            38,           27,         2325,         12481, active
28.460423914715648     , 1783619982.262808 , 133.312,            38,           26,         2325,         12481, active
28.480581475421786     , 1783619982.2829673, 133.312,            38,           26,         2325,         12481, active
28.500728188082576     , 1783619982.303116 , 133.312,            38,           26,         2325,         12481, active
28.520995892584324     , 1783619982.3233798, 133.312,            38,           26,         2325,         12481, active
28.54111708328128      , 1783619982.3435001, 133.312,            38,           26,         2325,         12481, active
28.56126348860562      , 1783619982.3636467, 132.021,            38,           26,         2325,         12481, active
28.581376003101468     , 1783619982.3837633, 132.021,            38,           26,         2325,         12481, active
28.6015134267509       , 1783619982.4039004, 132.021,            38,           26,         2325,         12481, active
28.621674163267016     , 1783619982.4240596, 132.021,            38,           26,         2325,         12481, active
28.641785794869065     , 1783619982.444167 , 132.021,            38,           26,         2325,         12481, active
28.661934532225132     , 1783619982.4643183, 132.768,            38,           27,         2325,         12481, active
28.682072523981333     , 1783619982.4844615, 132.768,            38,           27,         2325,         12481, active
28.702237475663424     , 1783619982.5046263, 132.768,            38,           27,         2325,         12481, active
28.72240831144154      , 1783619982.5247989, 132.768,            38,           27,         2325,         12481, active
28.742531783878803     , 1783619982.5449128, 132.768,            38,           27,         2325,         12481, active
28.762651531025767     , 1783619982.565048 , 131.137,            38,           27,         2325,         12481, active
28.782799758017063     , 1783619982.5851874, 131.137,            38,           27,         2325,         12481, active
28.80291703529656      , 1783619982.6053007, 131.137,            38,           27,         2325,         12481, active
28.82302726060152      , 1783619982.625408 , 131.137,            38,           27,         2325,         12481, active
28.84319724328816      , 1783619982.6455805, 131.137,            38,           27,         2325,         12481, active
28.863324718549848     , 1783619982.6657083, 130.385,            38,           27,         2325,         12481, active
28.883433802053332     , 1783619982.6858177, 130.385,            38,           27,         2325,         12481, active
28.903545735403895     , 1783619982.7059345, 130.385,            38,           27,         2325,         12481, active
28.92367331124842      , 1783619982.7260616, 130.385,            38,           27,         2325,         12481, active
28.94378925487399      , 1783619982.7461832, 130.392,            38,           27,         2325,         12481, active
28.96392854116857      , 1783619982.7663097, 130.392,            38,           27,         2325,         12481, active
28.984061162918806     , 1783619982.78645  , 130.392,            38,           27,         2325,         12481, active
29.00420838780701      , 1783619982.8065913, 130.392,            38,           27,         2325,         12481, active
29.02436615154147      , 1783619982.8267503, 130.392,            38,           27,         2325,         12481, active
29.044490724802017     , 1783619982.8468785, 130.605,            38,           27,         2325,         12481, active
29.06462744437158      , 1783619982.8670151, 130.605,            38,           27,         2325,         12481, active
29.084772314876318     , 1783619982.8871567, 130.605,            38,           27,         2325,         12481, active
29.10489030368626      , 1783619982.9072752, 130.605,            38,           27,         2325,         12481, active
29.12501179613173      , 1783619982.927401 , 130.605,            38,           27,         2325,         12481, active
29.14514759927988      , 1783619982.9475286, 129.197,            38,           27,         2325,         12481, active
29.165352899581194     , 1783619982.9677358, 129.197,            38,           27,         2325,         12481, active
29.18546342290938      , 1783619982.9878519, 129.197,            38,           27,         2325,         12481, active
29.205602455884218     , 1783619983.0079904, 129.197,            38,           27,         2325,         12481, active
29.225753070786595     , 1783619983.028141 , 129.197,            38,           27,         2325,         12481, active
29.245894575491548     , 1783619983.0482829, 129.543,            38,           28,         2325,         12481, active
29.2660248670727       , 1783619983.068408 , 129.543,            38,           28,         2325,         12481, active
29.28614187426865      , 1783619983.088527 , 129.543,            38,           28,         2325,         12481, active
29.30625673942268      , 1783619983.1086407, 129.543,            38,           28,         2325,         12481, active
29.326370334252715     , 1783619983.1287591, 129.543,            38,           28,         2325,         12481, active
29.346507066860795     , 1783619983.148888 , 128.687,            38,           28,         2325,         12481, active
29.366628631949425     , 1783619983.1690347, 128.687,            38,           28,         2325,         12481, active
29.386781034991145     , 1783619983.1891668, 128.687,            38,           28,         2325,         12481, active
29.406909566372633     , 1783619983.2093053, 128.687,            38,           28,         2325,         12481, active
29.427042353898287     , 1783619983.2294269, 128.687,            38,           28,         2325,         12481, active
29.447159554809332     , 1783619983.249549 , 129.359,            38,           28,         2325,         12481, active
29.467294815927744     , 1783619983.2696772, 129.359,            38,           28,         2325,         12481, active
29.48748340830207      , 1783619983.289868 , 129.359,            38,           28,         2325,         12481, active
29.50760201923549      , 1783619983.3099859, 129.359,            38,           28,         2325,         12481, active
29.52772936783731      , 1783619983.3301144, 129.359,            38,           28,         2325,         12481, active
29.54785016924143      , 1783619983.3502398, 129.227,            38,           28,         2325,         12481, active
29.567985143512487     , 1783619983.3703668, 129.227,            38,           28,         2325,         12481, active
29.58810395747423      , 1783619983.390489 , 129.227,            38,           28,         2325,         12481, active
29.608222691342235     , 1783619983.410608 , 129.227,            38,           28,         2325,         12481, active
29.628358155488968     , 1783619983.4307396, 129.227,            38,           28,         2325,         12481, active
29.64850425720215      , 1783619983.4509013, 130.052,            38,           28,         2325,         12481, active
29.66863102838397      , 1783619983.4710126, 130.052,            38,           28,         2325,         12481, active
29.688735945150256     , 1783619983.4911327, 130.052,            38,           28,         2325,         12481, active
29.70895412005484      , 1783619983.5113358, 130.052,            38,           28,         2325,         12481, active
29.729090929031372     , 1783619983.5314755, 130.052,            38,           28,         2325,         12481, active
29.749217867851257     , 1783619983.551599 , 129.866,            38,           28,         2325,         12481, active
29.76931886933744      , 1783619983.5717072, 129.866,            38,           28,         2325,         12481, active
29.78945718333125      , 1783619983.5918415, 129.866,            38,           28,         2325,         12481, active
29.80958836339414      , 1783619983.611972 , 129.866,            38,           28,         2325,         12481, active
29.82972857914865      , 1783619983.632117 , 129.866,            38,           28,         2325,         12481, active
29.84988249093294      , 1783619983.652273 , 130.476,            38,           28,         2325,         12481, active
29.87000530399382      , 1783619983.6723938, 130.476,            38,           28,         2325,         12481, active
29.890157971531153     , 1783619983.6925426, 130.476,            38,           28,         2325,         12481, active
29.910271583124995     , 1783619983.712655 , 130.476,            38,           28,         2325,         12481, active
29.930381439626217     , 1783619983.7327714, 130.476,            38,           28,         2325,         12481, active
29.95053243637085      , 1783619983.752914 , 130.884,            38,           28,         2325,         12481, active
29.970648838207126     , 1783619983.773036 , 130.884,            38,           28,         2325,         12481, active
29.990810139104724     , 1783619983.7931974, 130.884,            38,           28,         2325,         12481, active
30.010952431708574     , 1783619983.8133414, 130.884,            38,           28,         2325,         12481, active
30.031085692346096     , 1783619983.8334756, 130.884,            38,           28,         2325,         12481, active
30.0512278880924       , 1783619983.8536112, 131.854,            38,           28,         2325,         12481, active
30.071351727470756     , 1783619983.8737364, 131.854,            38,           28,         2325,         12481, active
30.091467030346394     , 1783619983.8938518, 131.854,            38,           28,         2325,         12481, active
30.111585112288594     , 1783619983.913969 , 131.854,            38,           28,         2325,         12481, active
30.131695456802845     , 1783619983.9340763, 131.854,            38,           28,         2325,         12481, active
30.151817686855793     , 1783619983.954201 , 132.738,            38,           28,         2325,         12481, active
30.171935353428125     , 1783619983.9743268, 132.738,            38,           28,         2325,         12481, active
30.192130610346794     , 1783619983.994516 , 132.738,            38,           28,         2325,         12481, active
30.21227538585663      , 1783619984.0146563, 132.738,            38,           28,         2325,         12481, active
30.232411075383425     , 1783619984.0347986, 132.738,            38,           28,         2325,         12481, active
30.252542356029153     , 1783619984.054931 , 132.153,            38,           27,         2325,         12481, active
30.272659512236714     , 1783619984.0750458, 132.153,            38,           27,         2325,         12481, active
30.29277865216136      , 1783619984.0951602, 132.153,            38,           27,         2325,         12481, active
30.31290863454342      , 1783619984.115298 , 132.153,            38,           27,         2325,         12481, active
30.333060331642628     , 1783619984.135449 , 132.153,            38,           27,         2325,         12481, active
30.353178596124053     , 1783619984.1555622, 133.28 ,            38,           27,         2325,         12481, active
30.373287335038185     , 1783619984.1756728, 133.28 ,            38,           27,         2325,         12481, active
30.393409619107842     , 1783619984.1957986, 133.28 ,            38,           27,         2325,         12481, active
30.413540164008737     , 1783619984.2159238, 133.28 ,            38,           27,         2325,         12481, active
30.433719627559185     , 1783619984.2361047, 133.28 ,            38,           27,         2325,         12481, active
30.453834438696504     , 1783619984.2562184, 132.891,            38,           28,         2325,         12481, active
30.4739561509341       , 1783619984.276345 , 132.891,            38,           28,         2325,         12481, active
30.494100105017424     , 1783619984.2964845, 132.891,            38,           28,         2325,         12481, active
30.514238383620977     , 1783619984.3166254, 132.891,            38,           28,         2325,         12481, active
30.534356828778982     , 1783619984.3367403, 132.891,            38,           28,         2325,         12481, active
30.554492646828294     , 1783619984.3568857, 132.518,            38,           28,         2325,         12481, active
30.574618792161345     , 1783619984.3770087, 132.518,            38,           28,         2325,         12481, active
30.594760010018945     , 1783619984.3971765, 132.518,            38,           28,         2325,         12481, active
30.614906892180443     , 1783619984.4172876, 132.518,            38,           28,         2325,         12481, active
30.635033143684268     , 1783619984.4374201, 132.518,            38,           28,         2325,         12481, active
30.655164502561092     , 1783619984.4575524, 132.864,            38,           27,         2325,         12481, active
30.675416151061654     , 1783619984.4778051, 132.864,            38,           27,         2325,         12481, active
30.69554870761931      , 1783619984.4979346, 132.864,            38,           27,         2325,         12481, active
30.715666882693768     , 1783619984.5180473, 132.864,            38,           27,         2325,         12481, active
30.735801070928574     , 1783619984.5381863, 132.864,            38,           27,         2325,         12481, active
30.755930192768574     , 1783619984.5583138, 132.287,            38,           27,         2325,         12481, active
30.776070319116116     , 1783619984.5784588, 132.287,            38,           27,         2325,         12481, active
30.79618431068957      , 1783619984.5985727, 132.287,            38,           27,         2325,         12481, active
30.8163247872144       , 1783619984.618711 , 132.287,            38,           27,         2325,         12481, active
30.836466452106833     , 1783619984.6388466, 132.287,            38,           27,         2325,         12481, active
30.856583463028073     , 1783619984.6589718, 133.406,            38,           28,         2325,         12481, active
30.876719379797578     , 1783619984.6791024, 133.406,            38,           28,         2325,         12481, active
30.896933048963547     , 1783619984.6993184, 133.406,            38,           28,         2325,         12481, active
30.917048456147313     , 1783619984.719429 , 133.406,            38,           28,         2325,         12481, active
30.937182664871216     , 1783619984.739571 , 133.406,            38,           28,         2325,         12481, active
30.957320922985673     , 1783619984.7597048, 134.119,            38,           28,         2325,         12481, active
30.97745095193386      , 1783619984.7798407, 134.119,            38,           28,         2325,         12481, active
30.997602870687842     , 1783619984.7999878, 134.119,            38,           28,         2325,         12481, active
31.017719499766827     , 1783619984.820123 , 134.119,            38,           28,         2325,         12481, active
31.037871103733778     , 1783619984.8402686, 134.119,            38,           28,         2325,         12481, active
31.058006273582578     , 1783619984.8603952, 132.094,            38,           27,         2325,         12481, active
31.078142339363694     , 1783619984.8805232, 132.094,            38,           27,         2325,         12481, active
31.098273683339357     , 1783619984.90066  , 132.094,            38,           27,         2325,         12481, active
31.118400774896145     , 1783619984.920789 , 132.094,            38,           27,         2325,         12481, active
31.138547023758292     , 1783619984.9409275, 132.094,            38,           27,         2325,         12481, active
31.15865653939545      , 1783619984.9610376, 131.432,            38,           27,         2325,         12481, active
31.178787663578987     , 1783619984.9811807, 131.432,            38,           27,         2325,         12481, active
31.198915800079703     , 1783619985.001301 , 131.432,            38,           27,         2325,         12481, active
31.21906452253461      , 1783619985.0214489, 131.432,            38,           27,         2325,         12481, active
31.23920266330242      , 1783619985.0415905, 131.432,            38,           27,         2325,         12481, active
31.2593441195786       , 1783619985.06173  , 132.126,            38,           27,         2325,         12481, active
31.27949777059257      , 1783619985.0818875, 132.126,            38,           27,         2325,         12481, active
31.299640024080873     , 1783619985.1020253, 132.126,            38,           27,         2325,         12481, active
31.31976027227938      , 1783619985.1221418, 132.126,            38,           27,         2325,         12481, active
31.339946979656816     , 1783619985.1423285, 132.126,            38,           27,         2325,         12481, active
31.360107123851776     , 1783619985.1624877, 132.622,            38,           27,         2325,         12481, active
31.380242571234703     , 1783619985.1826236, 132.622,            38,           27,         2325,         12481, active
31.400368463248014     , 1783619985.2027545, 132.622,            38,           27,         2325,         12481, active
31.42049190029502      , 1783619985.2228758, 132.622,            38,           27,         2325,         12481, active
31.4406271930784       , 1783619985.243015 , 132.622,            38,           27,         2325,         12481, active
31.46075609512627      , 1783619985.2631435, 133.098,            38,           28,         2325,         12481, active
31.480892883613706     , 1783619985.28328  , 133.098,            38,           28,         2325,         12481, active
31.50101365149021      , 1783619985.303402 , 133.098,            38,           28,         2325,         12481, active
31.52113296277821      , 1783619985.323522 , 133.098,            38,           28,         2325,         12481, active
31.54125366732478      , 1783619985.3436413, 133.098,            38,           28,         2325,         12481, active
31.561410054564476     , 1783619985.3637993, 133.61 ,            38,           28,         2325,         12481, active
31.581531075760722     , 1783619985.3839152, 133.61 ,            38,           28,         2325,         12481, active
31.601655399426818     , 1783619985.4040375, 133.61 ,            38,           28,         2325,         12481, active
31.621799940243363     , 1783619985.424187 , 133.61 ,            38,           28,         2325,         12481, active
31.641922067850828     , 1783619985.444312 , 133.61 ,            38,           28,         2325,         12481, active
31.66207309998572      , 1783619985.464458 , 132.943,            38,           27,         2325,         12481, active
31.68218692392111      , 1783619985.484576 , 132.943,            38,           27,         2325,         12481, active
31.702577095478773     , 1783619985.5049613, 132.943,            38,           27,         2325,         12481, active
31.72269601933658      , 1783619985.525086 , 132.943,            38,           27,         2325,         12481, active
31.742847284302115     , 1783619985.545231 , 132.943,            38,           27,         2325,         12481, active
31.762954961508512     , 1783619985.5653393, 133.506,            38,           27,         2325,         12481, active
31.78306974284351      , 1783619985.5854552, 133.506,            38,           27,         2325,         12481, active
31.803196543827653     , 1783619985.6055841, 133.506,            38,           27,         2325,         12481, active
31.823326403275132     , 1783619985.6257114, 133.506,            38,           27,         2325,         12481, active
31.843439592048526     , 1783619985.6458237, 133.506,            38,           27,         2325,         12481, active
31.863569986075163     , 1783619985.6659625, 133.018,            38,           28,         2325,         12481, active
31.883714843541384     , 1783619985.6861243, 133.018,            38,           28,         2325,         12481, active
31.903954528272152     , 1783619985.706346 , 133.018,            38,           28,         2325,         12481, active
31.92412231117487      , 1783619985.7265067, 133.018,            38,           28,         2325,         12481, active
31.944254202768207     , 1783619985.7466424, 133.018,            38,           28,         2325,         12481, active
31.964376959949732     , 1783619985.7667587, 132.643,            38,           28,         2325,         12481, active
31.984522407874465     , 1783619985.7869096, 132.643,            38,           28,         2325,         12481, active
32.00466737151146      , 1783619985.807054 , 132.643,            38,           28,         2325,         12481, active
32.02478386461735      , 1783619985.827172 , 132.643,            38,           28,         2325,         12481, active
32.04492124542594      , 1783619985.8473022, 132.643,            38,           28,         2325,         12481, active
32.065063854679465     , 1783619985.8674448, 133.343,            38,           28,         2325,         12481, active
32.085198272019625     , 1783619985.8875816, 133.343,            38,           28,         2325,         12481, active
32.10530501231551      , 1783619985.9076877, 133.343,            38,           28,         2325,         12481, active
32.125409711152315     , 1783619985.9277902, 133.343,            38,           28,         2325,         12481, active
32.14553856663406      , 1783619985.9479222, 132.649,            38,           28,         2325,         12481, active
32.16565599478781      , 1783619985.9680705, 132.649,            38,           28,         2325,         12481, active
32.18581238761544      , 1783619985.9882004, 132.649,            38,           28,         2325,         12481, active
32.20594462007284      , 1783619986.008327 , 132.649,            38,           28,         2325,         12481, active
32.22607085853815      , 1783619986.028454 , 132.649,            38,           28,         2325,         12481, active
32.24619457498193      , 1783619986.048584 , 132.363,            38,           28,         2325,         12481, active
32.2663130518049       , 1783619986.068694 , 132.363,            38,           28,         2325,         12481, active
32.28640884719789      , 1783619986.0888128, 132.363,            38,           28,         2325,         12481, active
32.30654232390225      , 1783619986.108929 , 132.363,            38,           28,         2325,         12481, active
32.32667774707079      , 1783619986.129063 , 132.363,            38,           28,         2325,         12481, active
32.346812322735786     , 1783619986.1491954, 133.135,            38,           28,         2325,         12481, active
32.36697561852634      , 1783619986.1693594, 133.135,            38,           28,         2325,         12481, active
32.38708609342575      , 1783619986.1894703, 133.135,            38,           28,         2325,         12481, active
32.407211070880294     , 1783619986.2095938, 133.135,            38,           28,         2325,         12481, active
32.42734390310943      , 1783619986.2297356, 133.135,            38,           28,         2325,         12481, active
32.44746648706496      , 1783619986.2498496, 133.092,            38,           28,         2325,         12481, active
32.46758923865855      , 1783619986.2699761, 133.092,            38,           28,         2325,         12481, active
32.4877142701298       , 1783619986.290103 , 133.092,            38,           28,         2325,         12481, active
32.507837783545256     , 1783619986.3102257, 133.092,            38,           28,         2325,         12481, active
32.52797092683613      , 1783619986.3303573, 133.092,            38,           28,         2325,         12481, active
32.54813921637833      , 1783619986.3505232, 133.022,            38,           28,         2325,         12481, active
32.56828027777374      , 1783619986.3706627, 133.022,            38,           28,         2325,         12481, active
32.58838483132422      , 1783619986.3907712, 133.022,            38,           28,         2325,         12481, active
32.6085139233619       , 1783619986.4108949, 133.022,            38,           28,         2325,         12481, active
32.62860828265548      , 1783619986.430996 , 133.022,            38,           28,         2325,         12481, active
32.648746363818645     , 1783619986.4511266, 132.745,            38,           25,         2325,         12481, active
32.66887993551791      , 1783619986.4712663, 132.745,            38,           25,         2325,         12481, active
32.68903732672334      , 1783619986.4914255, 132.745,            38,           25,         2325,         12481, active
32.709171967580914     , 1783619986.5115664, 132.745,            38,           25,         2325,         12481, active
32.729310965165496     , 1783619986.5317   , 132.745,            38,           25,         2325,         12481, active
32.74944616295397      , 1783619986.5518348, 132.949,            38,           25,         2325,         12481, active
32.76956708356738      , 1783619986.5719519, 132.949,            38,           25,         2325,         12481, active
32.789683647453785     , 1783619986.5920715, 132.949,            38,           25,         2325,         12481, active
32.80983449704945      , 1783619986.6122231, 132.949,            38,           25,         2325,         12481, active
32.82996802404523      , 1783619986.6323688, 132.949,            38,           25,         2325,         12481, active
32.85009644925594      , 1783619986.6524832, 133.191,            39,           28,         2325,         12481, active
32.870224580168724     , 1783619986.6726131, 133.191,            39,           28,         2325,         12481, active
32.89034887775779      , 1783619986.6927404, 133.191,            39,           28,         2325,         12481, active
32.91047203168273      , 1783619986.7128556, 133.191,            39,           28,         2325,         12481, active
32.930597519502044     , 1783619986.732985 , 133.191,            39,           28,         2325,         12481, active
32.95074248872697      , 1783619986.7531335, 133.852,            38,           28,         2325,         12481, active
32.97089926712215      , 1783619986.773284 , 133.852,            38,           28,         2325,         12481, active
32.99102302826941      , 1783619986.7934132, 133.852,            38,           28,         2325,         12481, active
33.01115422323346      , 1783619986.8135448, 133.852,            38,           28,         2325,         12481, active
33.03127925097942      , 1783619986.8336632, 133.852,            38,           28,         2325,         12481, active
33.05141419917345      , 1783619986.8537967, 133.571,            39,           28,         2325,         12481, active
33.07153767719865      , 1783619986.8739264, 133.571,            39,           28,         2325,         12481, active
33.09167855605483      , 1783619986.8940601, 133.571,            39,           28,         2325,         12481, active
33.111798690631986     , 1783619986.9141812, 133.571,            39,           28,         2325,         12481, active
33.1319425534457       , 1783619986.934327 , 133.571,            39,           28,         2325,         12481, active
33.15206106379628      , 1783619986.9544516, 133.836,            38,           28,         2325,         12481, active
33.172181375324726     , 1783619986.974563 , 133.836,            38,           28,         2325,         12481, active
33.192278783768415     , 1783619986.994668 , 133.836,            38,           28,         2325,         12481, active
33.21239553950727      , 1783619987.0147793, 133.836,            38,           28,         2325,         12481, active
33.23250622674823      , 1783619987.0348961, 133.836,            38,           28,         2325,         12481, active
33.25262810662389      , 1783619987.055017 , 134.631,            38,           28,         2325,         12481, active
33.27276663854718      , 1783619987.0751572, 134.631,            38,           28,         2325,         12481, active
33.292893793433905     , 1783619987.0952854, 134.631,            38,           28,         2325,         12481, active
33.313044004142284     , 1783619987.1154337, 134.631,            38,           28,         2325,         12481, active
33.33317615836859      , 1783619987.1355722, 134.631,            38,           28,         2325,         12481, active
33.3533526994288       , 1783619987.1557343, 134.972,            38,           28,         2325,         12481, active
33.37348538637161      , 1783619987.1758697, 134.972,            38,           28,         2325,         12481, active
33.39359870925546      , 1783619987.1959908, 134.972,            38,           28,         2325,         12481, active
33.413768615573645     , 1783619987.2161589, 134.972,            38,           28,         2325,         12481, active
33.43389924056828      , 1783619987.2362814, 134.972,            38,           28,         2325,         12481, active
33.45401448011398      , 1783619987.2564054, 134.587,            38,           28,         2325,         12481, active
33.47415374405682      , 1783619987.2765384, 134.587,            38,           28,         2325,         12481, active
33.49428048916161      , 1783619987.296664 , 134.587,            38,           28,         2325,         12481, active
33.51439549960196      , 1783619987.3167818, 134.587,            38,           28,         2325,         12481, active
33.53458968736231      , 1783619987.336976 , 134.587,            38,           28,         2325,         12481, active
33.55481529980898      , 1783619987.3572023, 134.219,            38,           28,         2325,         12481, active
33.57495651207864      , 1783619987.377339 , 134.219,            38,           28,         2325,         12481, active
33.59506121464074      , 1783619987.3974504, 134.219,            38,           28,         2325,         12481, active
33.61518630385399      , 1783619987.4175756, 134.219,            38,           28,         2325,         12481, active
33.63530294038355      , 1783619987.437691 , 134.219,            38,           28,         2325,         12481, active
33.655431631952524     , 1783619987.4578161, 133.924,            38,           27,         2325,         12481, active
33.675556272268295     , 1783619987.4779396, 133.924,            38,           27,         2325,         12481, active
33.695666635409        , 1783619987.4980502, 133.924,            38,           27,         2325,         12481, active
33.71581826545298      , 1783619987.518202 , 133.924,            38,           27,         2325,         12481, active
33.735927779227495     , 1783619987.538316 , 133.924,            38,           27,         2325,         12481, active
33.75606785528362      , 1783619987.558453 , 134.406,            38,           27,         2325,         12481, active
33.77618948370218      , 1783619987.5785787, 134.406,            38,           27,         2325,         12481, active
33.79632741212845      , 1783619987.5987344, 134.406,            38,           27,         2325,         12481, active
33.81647705473006      , 1783619987.6188612, 134.406,            38,           27,         2325,         12481, active
33.8366017062217       , 1783619987.638985 , 134.406,            38,           27,         2325,         12481, active
33.8567797280848       , 1783619987.6591651, 133.874,            38,           28,         2325,         12481, active
33.87690620496869      , 1783619987.6792912, 133.874,            38,           28,         2325,         12481, active
33.89702286757529      , 1783619987.699412 , 133.874,            38,           28,         2325,         12481, active
33.917146103456616     , 1783619987.7195368, 133.874,            38,           28,         2325,         12481, active
33.93727892823517      , 1783619987.7396646, 133.874,            38,           28,         2325,         12481, active
33.95743308030069      , 1783619987.759825 , 133.476,            38,           28,         2325,         12481, active
33.97759479098022      , 1783619987.7799814, 133.476,            38,           28,         2325,         12481, active
33.99772617965937      , 1783619987.800116 , 133.476,            38,           28,         2325,         12481, active
34.017863020300865     , 1783619987.8202512, 133.476,            38,           28,         2325,         12481, active
34.038003604859114     , 1783619987.8403966, 133.476,            38,           28,         2325,         12481, active
34.05814593099058      , 1783619987.8605366, 133.168,            38,           27,         2325,         12481, active
34.07826894521713      , 1783619987.8806636, 133.168,            38,           27,         2325,         12481, active
34.098389349877834     , 1783619987.9007783, 133.168,            38,           27,         2325,         12481, active
34.11852892301977      , 1783619987.9209106, 133.168,            38,           27,         2325,         12481, active
34.13865921460092      , 1783619987.9410484, 133.168,            38,           27,         2325,         12481, active
34.15879283286631      , 1783619987.9611783, 133.257,            38,           27,         2325,         12481, active
34.17892874404788      , 1783619987.9813159, 133.257,            38,           27,         2325,         12481, active
34.199070539325476     , 1783619988.0014622, 133.257,            38,           27,         2325,         12481, active
34.219189047813416     , 1783619988.0215821, 133.257,            38,           27,         2325,         12481, active
34.239325530827045     , 1783619988.0417075, 133.257,            38,           27,         2325,         12481, active
34.259452210739255     , 1783619988.061834 , 132.399,            38,           28,         2325,         12481, active
34.279561107978225     , 1783619988.0819457, 132.399,            38,           28,         2325,         12481, active
34.29999905638397      , 1783619988.102383 , 132.399,            38,           28,         2325,         12481, active
34.32013867609203      , 1783619988.122525 , 132.399,            38,           28,         2325,         12481, active
34.3402890637517       , 1783619988.1426773, 132.399,            38,           28,         2325,         12481, active
34.36042765900493      , 1783619988.1628125, 132.029,            38,           28,         2325,         12481, active
34.38055178336799      , 1783619988.1829329, 132.029,            38,           28,         2325,         12481, active
34.40068329311907      , 1783619988.2030637, 132.029,            38,           28,         2325,         12481, active
34.42082840204239      , 1783619988.2232137, 132.029,            38,           28,         2325,         12481, active
34.440948996692896     , 1783619988.2433367, 132.029,            38,           28,         2325,         12481, active
34.46107394807041      , 1783619988.2634642, 131.726,            38,           28,         2325,         12481, active
34.48122763633728      , 1783619988.2836158, 131.726,            38,           28,         2325,         12481, active
34.501391572877765     , 1783619988.3037744, 131.726,            38,           28,         2325,         12481, active
34.52149786800146      , 1783619988.3238866, 131.726,            38,           28,         2325,         12481, active
34.54163339547813      , 1783619988.344021 , 131.726,            38,           28,         2325,         12481, active
34.56176805868745      , 1783619988.3641539, 132.3  ,            38,           28,         2325,         12481, active
34.58187734335661      , 1783619988.384273 , 132.3  ,            38,           28,         2325,         12481, active
34.602027298882604     , 1783619988.4044168, 132.3  ,            38,           28,         2325,         12481, active
34.622145008295774     , 1783619988.4245255, 132.3  ,            38,           28,         2325,         12481, active
34.6422791518271       , 1783619988.4446633, 132.3  ,            38,           28,         2325,         12481, active
34.6624058149755       , 1783619988.4648085, 131.866,            38,           28,         2325,         12481, active
34.682573307305574     , 1783619988.4849565, 131.866,            38,           28,         2325,         12481, active
34.702685456722975     , 1783619988.505082 , 131.866,            38,           28,         2325,         12481, active
34.72285481914878      , 1783619988.525242 , 131.866,            38,           28,         2325,         12481, active
34.74299049563706      , 1783619988.545379 , 131.866,            38,           28,         2325,         12481, active
34.763120871037245     , 1783619988.5655038, 131.666,            38,           28,         2325,         12481, active
34.783295307308435     , 1783619988.5857174, 131.666,            38,           28,         2325,         12481, active
34.803583920001984     , 1783619988.6059759, 131.666,            38,           28,         2325,         12481, active
34.82373444736004      , 1783619988.626122 , 131.666,            38,           28,         2325,         12481, active
34.84387372992933      , 1783619988.6462586, 131.666,            38,           28,         2325,         12481, active
34.864008259028196     , 1783619988.6663964, 132.724,            38,           28,         2325,         12481, active
34.88412665948272      , 1783619988.6865103, 132.724,            38,           28,         2325,         12481, active
34.904234578832984     , 1783619988.7066224, 132.724,            38,           28,         2325,         12481, active
34.924352306872606     , 1783619988.726747 , 132.724,            38,           28,         2325,         12481, active
34.94451976940036      , 1783619988.74691  , 132.724,            38,           28,         2325,         12481, active
34.964668763801455     , 1783619988.7670531, 132.993,            39,           28,         2325,         12481, active
34.98480445146561      , 1783619988.7872205, 132.993,            39,           28,         2325,         12481, active
35.00494742766023      , 1783619988.8073359, 132.993,            39,           28,         2325,         12481, active
35.02507914416492      , 1783619988.8274603, 132.993,            39,           28,         2325,         12481, active
35.04520140402019      , 1783619988.847585 , 132.993,            39,           28,         2325,         12481, active
35.06530941464007      , 1783619988.8676977, 133.081,            38,           28,         2325,         12481, active
35.08545966260135      , 1783619988.8878431, 133.081,            38,           28,         2325,         12481, active
35.10557253099978      , 1783619988.907962 , 133.081,            38,           28,         2325,         12481, active
35.12569887377322      , 1783619988.928094 , 133.081,            38,           28,         2325,         12481, active
35.145833004266024     , 1783619988.9482214, 133.081,            38,           28,         2325,         12481, active
35.165957286953926     , 1783619988.968345 , 132.83 ,            39,           28,         2325,         12481, active
35.18611624836922      , 1783619988.9885035, 132.83 ,            39,           28,         2325,         12481, active
35.20624461211264      , 1783619989.0086274, 132.83 ,            39,           28,         2325,         12481, active
35.226352106779814     , 1783619989.028749 , 132.83 ,            39,           28,         2325,         12481, active
35.24647609516978      , 1783619989.048862 , 132.83 ,            39,           28,         2325,         12481, active
35.26661330834031      , 1783619989.0690029, 133.538,            38,           28,         2325,         12481, active
35.28677945956588      , 1783619989.0891664, 133.538,            38,           28,         2325,         12481, active
35.30691512674093      , 1783619989.1093028, 133.538,            38,           28,         2325,         12481, active
35.327047569677234     , 1783619989.1294346, 133.538,            38,           28,         2325,         12481, active
35.34720398299396      , 1783619989.1495943, 133.986,            38,           28,         2325,         12481, active
35.36740327067673      , 1783619989.1697884, 133.986,            39,           28,         2325,         12481, active
35.38752221129835      , 1783619989.189909 , 133.986,            39,           28,         2325,         12481, active
35.4076416362077       , 1783619989.2100272, 133.986,            39,           28,         2325,         12481, active
35.4277702383697       , 1783619989.2301533, 133.986,            39,           28,         2325,         12481, active
35.447880210354924     , 1783619989.250261 , 134.651,            38,           27,         2325,         12481, active
35.46798929385841      , 1783619989.2703764, 134.651,            38,           27,         2325,         12481, active
35.488118067383766     , 1783619989.2905076, 134.651,            38,           27,         2325,         12481, active
35.50823531486094      , 1783619989.3106244, 134.651,            38,           27,         2325,         12481, active
35.52836570702493      , 1783619989.330753 , 134.651,            38,           27,         2325,         12481, active
35.54849662259221      , 1783619989.35088  , 134.223,            39,           27,         2325,         12481, active
35.56860956735909      , 1783619989.370997 , 134.223,            39,           27,         2325,         12481, active
35.58874243684113      , 1783619989.3911293, 134.223,            39,           27,         2325,         12481, active
35.608884988352656     , 1783619989.411271 , 134.223,            39,           27,         2325,         12481, active
35.62901808694005      , 1783619989.4314063, 134.223,            39,           27,         2325,         12481, active
35.64916392415762      , 1783619989.451547 , 134.416,            39,           27,         2325,         12481, active
35.669313210994005     , 1783619989.4716961, 134.416,            39,           27,         2325,         12481, active
35.68951006792486      , 1783619989.491897 , 134.416,            39,           27,         2325,         12481, active
35.70964420028031      , 1783619989.512025 , 134.416,            39,           27,         2325,         12481, active
35.72977542318404      , 1783619989.5321648, 134.416,            39,           27,         2325,         12481, active
35.74991785734892      , 1783619989.5523095, 134.87 ,            38,           27,         2325,         12481, active
35.77009333670139      , 1783619989.5724735, 134.87 ,            38,           27,         2325,         12481, active
35.79025703854859      , 1783619989.5926373, 134.87 ,            38,           27,         2325,         12481, active
35.81040242128074      , 1783619989.6127903, 134.87 ,            38,           27,         2325,         12481, active
35.83054539933801      , 1783619989.6329315, 134.87 ,            38,           27,         2325,         12481, active
35.85066694766283      , 1783619989.6530478, 134.692,            38,           28,         2325,         12481, active
35.87079808861017      , 1783619989.673183 , 134.692,            38,           28,         2325,         12481, active
35.89095149748027      , 1783619989.6933396, 134.692,            38,           28,         2325,         12481, active
35.91108612343669      , 1783619989.7134778, 134.692,            38,           28,         2325,         12481, active
35.93122249096632      , 1783619989.7336028, 134.692,            38,           28,         2325,         12481, active
35.95134213194251      , 1783619989.7537258, 133.6  ,            38,           28,         2325,         12481, active
35.971473487094045     , 1783619989.7738626, 133.6  ,            38,           28,         2325,         12481, active
35.991598369553685     , 1783619989.7939856, 133.6  ,            38,           28,         2325,         12481, active
36.011771842837334     , 1783619989.8141634, 133.6  ,            38,           28,         2325,         12481, active
36.03202086687088      , 1783619989.834411 , 133.6  ,            38,           28,         2325,         12481, active
36.052142882719636     , 1783619989.8545268, 133.407,            38,           27,         2325,         12481, active
36.07225211523473      , 1783619989.8746324, 133.407,            38,           27,         2325,         12481, active
36.0923862028867       , 1783619989.8947692, 133.407,            38,           27,         2325,         12481, active
36.11251477710903      , 1783619989.914898 , 133.407,            38,           27,         2325,         12481, active
36.13263977505267      , 1783619989.9350228, 133.407,            38,           27,         2325,         12481, active
36.15276379138231      , 1783619989.9551508, 133.685,            39,           27,         2325,         12481, active
36.17289292626083      , 1783619989.9752803, 133.685,            39,           27,         2325,         12481, active
36.19302439503372      , 1783619989.995415 , 133.685,            39,           27,         2325,         12481, active
36.21318642795086      , 1783619990.015575 , 133.685,            39,           27,         2325,         12481, active
36.23332063481212      , 1783619990.035708 , 133.685,            39,           27,         2325,         12481, active
36.25347190722823      , 1783619990.0558562, 132.322,            38,           28,         2325,         12481, active
36.273766711354256     , 1783619990.076152 , 132.322,            38,           28,         2325,         12481, active
36.293888894841075     , 1783619990.0962698, 132.322,            38,           28,         2325,         12481, active
36.31401002779603      , 1783619990.116397 , 132.322,            38,           28,         2325,         12481, active
36.33413661830127      , 1783619990.136518 , 132.322,            38,           28,         2325,         12481, active
36.35426205582917      , 1783619990.156649 , 132.939,            39,           28,         2325,         12481, active
36.37441797554493      , 1783619990.1768014, 132.939,            39,           28,         2325,         12481, active
36.39454641379416      , 1783619990.1969345, 132.939,            39,           28,         2325,         12481, active
36.414663910865784     , 1783619990.2170634, 132.939,            39,           28,         2325,         12481, active
36.43479059077799      , 1783619990.2371938, 132.939,            39,           28,         2325,         12481, active
36.45493081212044      , 1783619990.2573237, 132.315,            39,           27,         2325,         12481, active
36.475051801651716     , 1783619990.277435 , 132.315,            39,           27,         2325,         12481, active
36.49518142454326      , 1783619990.2975624, 132.315,            39,           27,         2325,         12481, active
36.51533440500498      , 1783619990.3177242, 132.315,            39,           27,         2325,         12481, active
36.53545596264303      , 1783619990.3378599, 132.315,            39,           27,         2325,         12481, active
36.5555820427835       , 1783619990.3579679, 133.368,            39,           27,         2325,         12481, active
36.57571726106107      , 1783619990.3781025, 133.368,            39,           27,         2325,         12481, active
36.59596562385559      , 1783619990.3983486, 133.368,            39,           27,         2325,         12481, active
36.61607485637069      , 1783619990.4184613, 133.368,            39,           27,         2325,         12481, active
36.636199083179235     , 1783619990.4385858, 133.368,            39,           27,         2325,         12481, active
36.65633922256529      , 1783619990.4587288, 132.856,            39,           28,         2325,         12481, active
36.67646009661257      , 1783619990.4788463, 132.856,            39,           28,         2325,         12481, active
36.6966191213578       , 1783619990.4990096, 132.856,            39,           28,         2325,         12481, active
36.71673749573529      , 1783619990.5191255, 132.856,            39,           28,         2325,         12481, active
36.736865159124136     , 1783619990.5392485, 132.856,            39,           28,         2325,         12481, active
36.75697893835604      , 1783619990.5593884, 132.617,            39,           28,         2325,         12481, active
36.777130311354995     , 1783619990.5795197, 132.617,            39,           28,         2325,         12481, active
36.79725779592991      , 1783619990.5996447, 132.617,            39,           28,         2325,         12481, active
36.81751021556556      , 1783619990.619893 , 132.617,            39,           28,         2325,         12481, active
36.83763751015067      , 1783619990.6400256, 132.617,            39,           28,         2325,         12481, active
36.85779260657728      , 1783619990.6601803, 132.131,            39,           28,         2325,         12481, active
36.87792802415788      , 1783619990.6803114, 132.131,            39,           28,         2325,         12481, active
36.89805777184665      , 1783619990.7004442, 132.131,            39,           28,         2325,         12481, active
36.91819348372519      , 1783619990.720576 , 132.131,            39,           28,         2325,         12481, active
36.938298765569925     , 1783619990.7406886, 132.131,            39,           28,         2325,         12481, active
36.95847894437611      , 1783619990.7608619, 132.409,            39,           28,         2325,         12481, active
36.97859991341829      , 1783619990.7809832, 132.409,            39,           28,         2325,         12481, active
36.99870754405856      , 1783619990.8010886, 132.409,            39,           28,         2325,         12481, active
37.01881085149944      , 1783619990.8211937, 132.409,            39,           28,         2325,         12481, active
37.0389384906739       , 1783619990.8413253, 132.409,            39,           28,         2325,         12481, active
37.05905967205763      , 1783619990.8614433, 133.836,            39,           28,         2325,         12481, active
37.07918179221451      , 1783619990.8815625, 133.836,            39,           28,         2325,         12481, active
37.09931982308626      , 1783619990.9017   , 133.836,            39,           28,         2325,         12481, active
37.1194226462394       , 1783619990.9218187, 133.836,            39,           28,         2325,         12481, active
37.13954450003803      , 1783619990.941927 , 133.836,            39,           28,         2325,         12481, active
37.15966521576047      , 1783619990.9620576, 133.37 ,            39,           28,         2325,         12481, active
37.17980953864753      , 1783619990.9821992, 133.37 ,            39,           28,         2325,         12481, active
37.199940329417586     , 1783619991.0023234, 133.37 ,            39,           28,         2325,         12481, active
37.220100820064545     , 1783619991.0225441, 133.37 ,            39,           28,         2325,         12481, active
37.24035676755011      , 1783619991.042749 , 133.37 ,            39,           28,         2325,         12481, active
37.26052151620388      , 1783619991.062906 , 133.495,            39,           28,         2325,         12481, active
37.280655888840556     , 1783619991.083041 , 133.495,            39,           28,         2325,         12481, active
37.30083923228085      , 1783619991.1032293, 133.495,            39,           28,         2325,         12481, active
37.320969928056        , 1783619991.1233542, 133.495,            39,           28,         2325,         12481, active
37.341083532199264     , 1783619991.1434731, 133.495,            39,           28,         2325,         12481, active
37.3612155020237       , 1783619991.1636076, 133.37 ,            39,           28,         2325,         12481, active
37.38135476782918      , 1783619991.1837423, 133.37 ,            39,           28,         2325,         12481, active
37.40151503495872      , 1783619991.203921 , 133.37 ,            39,           28,         2325,         12481, active
37.4217770639807       , 1783619991.2241669, 133.37 ,            39,           28,         2325,         12481, active
37.44191689230502      , 1783619991.2443018, 133.37 ,            39,           28,         2325,         12481, active
37.462044931948185     , 1783619991.2644305, 133.423,            38,           27,         2325,         12481, active
37.482215790078044     , 1783619991.2846034, 133.423,            38,           27,         2325,         12481, active
37.502367842942476     , 1783619991.3047564, 133.423,            38,           27,         2325,         12481, active
37.52251608669758      , 1783619991.3249068, 133.423,            38,           27,         2325,         12481, active
37.54265585541725      , 1783619991.3450525, 133.423,            38,           27,         2325,         12481, active
37.562832184135914     , 1783619991.3652241, 132.841,            39,           27,         2325,         12481, active
37.582988331094384     , 1783619991.3853767, 132.841,            39,           27,         2325,         12481, active
37.60313008911908      , 1783619991.4055157, 132.841,            39,           27,         2325,         12481, active
37.62325570359826      , 1783619991.4256437, 132.841,            39,           27,         2325,         12481, active
37.64350644312799      , 1783619991.445889 , 132.841,            39,           27,         2325,         12481, active
37.66366803832352      , 1783619991.4660556, 132.85 ,            39,           28,         2325,         12481, active
37.68383269943297      , 1783619991.486215 , 132.85 ,            39,           28,         2325,         12481, active
37.70396797545254      , 1783619991.506353 , 132.85 ,            39,           28,         2325,         12481, active
37.72409446537495      , 1783619991.5264785, 132.85 ,            39,           28,         2325,         12481, active
37.74420637078583      , 1783619991.5465946, 132.85 ,            39,           28,         2325,         12481, active
37.76435079984367      , 1783619991.566739 , 133.7  ,            39,           28,         2325,         12481, active
37.78447016701102      , 1783619991.5868561, 133.7  ,            39,           28,         2325,         12481, active
37.804591719061136     , 1783619991.6069825, 133.7  ,            39,           28,         2325,         12481, active
37.82475230656564      , 1783619991.6271396, 133.7  ,            39,           28,         2325,         12481, active
37.84488217905164      , 1783619991.647285 , 133.7  ,            39,           28,         2325,         12481, active
37.865027736872435     , 1783619991.6674194, 133.077,            39,           28,         2325,         12481, active
37.88517023809254      , 1783619991.6875613, 133.077,            39,           28,         2325,         12481, active
37.90530498884618      , 1783619991.7076902, 133.077,            39,           28,         2325,         12481, active
37.92542436905205      , 1783619991.7278123, 133.077,            39,           28,         2325,         12481, active
37.94555735215545      , 1783619991.7479382, 133.077,            39,           28,         2325,         12481, active
37.96570088714361      , 1783619991.7680871, 133.962,            39,           28,         2325,         12481, active
37.98582588322461      , 1783619991.7882102, 133.962,            39,           28,         2325,         12481, active
38.00594489835203      , 1783619991.808334 , 133.962,            39,           28,         2325,         12481, active
38.02608630992472      , 1783619991.8284693, 133.962,            39,           28,         2325,         12481, active
38.04619512706995      , 1783619991.8485827, 133.962,            39,           28,         2325,         12481, active
38.06636665575206      , 1783619991.8687508, 133.158,            39,           28,         2325,         12481, active
38.08648596331477      , 1783619991.8888726, 133.158,            39,           28,         2325,         12481, active
38.10661247558892      , 1783619991.9089978, 133.158,            39,           28,         2325,         12481, active
38.12672934308648      , 1783619991.929111 , 133.158,            39,           28,         2325,         12481, active
38.14686471968889      , 1783619991.9492707, 133.158,            39,           28,         2325,         12481, active
38.16701968386769      , 1783619991.9694073, 133.032,            39,           28,         2325,         12481, active
38.187141459435225     , 1783619991.9895303, 133.032,            39,           28,         2325,         12481, active
38.20730218477547      , 1783619992.0097125, 133.032,            39,           28,         2325,         12481, active
38.22753246687353      , 1783619992.029923 , 133.032,            39,           28,         2325,         12481, active
38.247667418792844     , 1783619992.0500531, 133.032,            39,           28,         2325,         12481, active
38.26781248860061      , 1783619992.070197 , 132.053,            39,           28,         2325,         12481, active
38.28796970285475      , 1783619992.090358 , 132.053,            39,           28,         2325,         12481, active
38.308104949072        , 1783619992.1104884, 132.053,            39,           28,         2325,         12481, active
38.32821214385331      , 1783619992.1306005, 132.053,            39,           28,         2325,         12481, active
38.34834012389183      , 1783619992.1507254, 132.053,            39,           28,         2325,         12481, active
38.369783382862806     , 1783619992.172174 , 132.395,            39,           28,         2325,         12481, active
38.389920335263014     , 1783619992.1923037, 132.395,            39,           28,         2325,         12481, active
38.41006240621209      , 1783619992.212452 , 132.395,            39,           28,         2325,         12481, active
38.43029932677746      , 1783619992.2326825, 132.395,            39,           28,         2325,         12481, active
38.450422905385494     , 1783619992.2528067, 131.306,            39,           27,         2325,         12481, active
38.47057371586561      , 1783619992.2729564, 131.306,            39,           27,         2325,         12481, active
38.49068399704993      , 1783619992.2930748, 131.306,            39,           27,         2325,         12481, active
38.51080062054098      , 1783619992.3132076, 131.306,            39,           27,         2325,         12481, active
38.530980022624135     , 1783619992.333362 , 131.306,            39,           27,         2325,         12481, active
38.551086500287056     , 1783619992.3534672, 131.697,            39,           27,         2325,         12481, active
38.5712108425796       , 1783619992.3735938, 131.697,            39,           27,         2325,         12481, active
38.59135691821575      , 1783619992.393741 , 131.697,            39,           27,         2325,         12481, active
38.61146650835872      , 1783619992.413859 , 131.697,            39,           27,         2325,         12481, active
38.631607968360186     , 1783619992.4339905, 131.697,            39,           27,         2325,         12481, active
38.65171209163964      , 1783619992.454099 , 130.878,            39,           28,         2325,         12481, active
38.67184703424573      , 1783619992.4742312, 130.878,            39,           28,         2325,         12481, active
38.691988008096814     , 1783619992.4943717, 130.878,            39,           28,         2325,         12481, active
38.71209997870028      , 1783619992.5144954, 130.878,            39,           28,         2325,         12481, active
38.732232404872775     , 1783619992.5346198, 130.878,            39,           28,         2325,         12481, active
38.75239747390151      , 1783619992.5547807, 131.753,            39,           28,         2325,         12481, active
38.77250790782273      , 1783619992.5748937, 131.753,            39,           28,         2325,         12481, active
38.7926506139338       , 1783619992.5950384, 131.753,            39,           28,         2325,         12481, active
38.81279278732836      , 1783619992.6151793, 131.753,            39,           28,         2325,         12481, active
38.83291745185852      , 1783619992.635302 , 131.753,            39,           28,         2325,         12481, active
38.853053007274866     , 1783619992.6554415, 132.437,            39,           28,         2325,         12481, active
38.873186610639095     , 1783619992.675574 , 132.437,            39,           28,         2325,         12481, active
38.89330955967307      , 1783619992.6956992, 132.437,            39,           28,         2325,         12481, active
38.91343876905739      , 1783619992.7158298, 132.437,            39,           28,         2325,         12481, active
38.93355839885771      , 1783619992.7359393, 132.437,            39,           28,         2325,         12481, active
38.953681226819754     , 1783619992.756062 , 132.143,            39,           28,         2325,         12481, active
38.9737992528826       , 1783619992.7761798, 132.143,            39,           28,         2325,         12481, active
38.99395307712257      , 1783619992.7963402, 132.143,            39,           28,         2325,         12481, active
39.014091335237026     , 1783619992.8164744, 132.143,            39,           28,         2325,         12481, active
39.03420502692461      , 1783619992.8365881, 132.143,            39,           28,         2325,         12481, active
39.05432515591383      , 1783619992.8567054, 133.266,            39,           28,         2325,         12481, active
39.07444104924798      , 1783619992.8768282, 133.266,            39,           28,         2325,         12481, active
39.0945735629648       , 1783619992.8969603, 133.266,            39,           28,         2325,         12481, active
39.114710027351975     , 1783619992.917098 , 133.266,            39,           28,         2325,         12481, active
39.13482590019703      , 1783619992.9372334, 133.266,            39,           28,         2325,         12481, active
39.1550325807184       , 1783619992.9574132, 132.332,            39,           28,         2325,         12481, active
39.175162153318524     , 1783619992.9775593, 132.332,            39,           28,         2325,         12481, active
39.1953304130584       , 1783619992.997713 , 132.332,            39,           28,         2325,         12481, active
39.215449849143624     , 1783619993.0178413, 132.332,            39,           28,         2325,         12481, active
39.23560553602874      , 1783619993.038003 , 132.332,            39,           28,         2325,         12481, active
39.25573132559657      , 1783619993.0581121, 132.453,            39,           28,         2325,         12481, active
39.2758895419538       , 1783619993.0782728, 132.453,            39,           28,         2325,         12481, active
39.29601354524493      , 1783619993.098402 , 132.453,            39,           28,         2325,         12481, active
39.31612893566489      , 1783619993.118515 , 132.453,            39,           28,         2325,         12481, active
39.33627916686237      , 1783619993.1386592, 132.453,            39,           28,         2325,         12481, active
39.35640509054065      , 1783619993.1587908, 133.311,            39,           28,         2325,         12481, active
39.37653787061572      , 1783619993.1789207, 133.311,            39,           28,         2325,         12481, active
39.396648645401        , 1783619993.1990318, 133.311,            39,           28,         2325,         12481, active
39.4167545735836       , 1783619993.219141 , 133.311,            39,           28,         2325,         12481, active
39.43689975515008      , 1783619993.2392862, 133.311,            39,           28,         2325,         12481, active
39.45702453143895      , 1783619993.2594056, 133.255,            39,           28,         2325,         12481, active
39.47715145908296      , 1783619993.2795386, 133.255,            39,           28,         2325,         12481, active
39.49730337783694      , 1783619993.2996936, 133.255,            39,           28,         2325,         12481, active
39.517433835193515     , 1783619993.319819 , 133.255,            39,           28,         2325,         12481, active
39.53758333809674      , 1783619993.3399682, 133.255,            39,           28,         2325,         12481, active
39.557715866714716     , 1783619993.3601   , 134.642,            39,           28,         2325,         12481, active
39.577840339392424     , 1783619993.380223 , 134.642,            39,           28,         2325,         12481, active
39.59796691313386      , 1783619993.4003496, 134.642,            39,           28,         2325,         12481, active
39.61811383627355      , 1783619993.420501 , 134.642,            39,           28,         2325,         12481, active
39.63824060373008      , 1783619993.4406242, 134.642,            39,           28,         2325,         12481, active
39.65834659524262      , 1783619993.4607365, 134.936,            39,           28,         2325,         12481, active
39.678472159430385     , 1783619993.4808521, 134.936,            39,           28,         2325,         12481, active
39.698586566373706     , 1783619993.50097  , 134.936,            39,           28,         2325,         12481, active
39.71869329549372      , 1783619993.5210817, 134.936,            39,           28,         2325,         12481, active
39.73881551064551      , 1783619993.5411985, 134.936,            39,           28,         2325,         12481, active
39.758943973109126     , 1783619993.5613344, 135.668,            39,           28,         2325,         12481, active
39.779076255857944     , 1783619993.5814571, 135.668,            39,           28,         2325,         12481, active
39.799201445654035     , 1783619993.6015859, 135.668,            39,           28,         2325,         12481, active
39.81933958269656      , 1783619993.6217258, 135.668,            39,           28,         2325,         12481, active
39.83947869762778      , 1783619993.6418664, 135.668,            39,           28,         2325,         12481, active
39.85959513857961      , 1783619993.6619825, 134.909,            39,           28,         2325,         12481, active
39.879732724279165     , 1783619993.682125 , 134.909,            39,           28,         2325,         12481, active
39.89986654743552      , 1783619993.70225  , 134.909,            39,           28,         2325,         12481, active
39.91998693160713      , 1783619993.722367 , 134.909,            39,           28,         2325,         12481, active
39.94009694829583      , 1783619993.7424839, 134.909,            39,           28,         2325,         12481, active
39.96027209982276      , 1783619993.762662 , 135.148,            39,           28,         2325,         12481, active
39.980423880741        , 1783619993.7828114, 135.148,            39,           28,         2325,         12481, active
40.00054214708507      , 1783619993.8029375, 135.148,            39,           28,         2325,         12481, active
40.02068752795458      , 1783619993.8230808, 135.148,            39,           28,         2325,         12481, active
40.04082755185664      , 1783619993.8432198, 135.148,            39,           28,         2325,         12481, active
40.060970939695835     , 1783619993.8633616, 134.77 ,            39,           28,         2325,         12481, active
40.08108917623758      , 1783619993.883476 , 134.77 ,            39,           28,         2325,         12481, active
40.10121617093682      , 1783619993.9036012, 134.77 ,            39,           28,         2325,         12481, active
40.12135695107281      , 1783619993.9237401, 134.77 ,            39,           28,         2325,         12481, active
40.14147391915321      , 1783619993.9438636, 134.77 ,            39,           28,         2325,         12481, active
40.161662140861154     , 1783619993.9640472, 134.813,            39,           28,         2325,         12481, active
40.18177763558924      , 1783619993.9841661, 134.813,            39,           28,         2325,         12481, active
40.201895060017705     , 1783619994.0042808, 134.813,            39,           28,         2325,         12481, active
40.22203419171274      , 1783619994.0244203, 134.813,            39,           28,         2325,         12481, active
40.24214667454362      , 1783619994.0445395, 134.813,            39,           28,         2325,         12481, active
40.262277560308576     , 1783619994.0646622, 135.078,            39,           28,         2325,         12481, active
40.282395454123616     , 1783619994.0847836, 135.078,            39,           28,         2325,         12481, active
40.30254133604467      , 1783619994.104925 , 135.078,            39,           28,         2325,         12481, active
40.322665644809604     , 1783619994.125054 , 135.078,            39,           28,         2325,         12481, active
40.342805771157146     , 1783619994.145187 , 135.078,            39,           28,         2325,         12481, active
40.36293572746217      , 1783619994.1653254, 135.612,            39,           28,         2325,         12481, active
40.38308889605105      , 1783619994.185472 , 135.612,            39,           28,         2325,         12481, active
40.403201503679156     , 1783619994.2055843, 135.612,            39,           28,         2325,         12481, active
40.4233440682292       , 1783619994.2257242, 135.612,            39,           28,         2325,         12481, active
40.44347300566733      , 1783619994.24586  , 135.612,            39,           28,         2325,         12481, active
40.4635919239372       , 1783619994.265973 , 135.171,            39,           28,         2325,         12481, active
40.483714977279305     , 1783619994.2860956, 135.171,            39,           28,         2325,         12481, active
40.50385537557304      , 1783619994.306239 , 135.171,            39,           28,         2325,         12481, active
40.52398059517145      , 1783619994.326363 , 135.171,            39,           28,         2325,         12481, active
40.54410519078374      , 1783619994.3464885, 135.171,            39,           28,         2325,         12481, active
40.56427373923361      , 1783619994.3666627, 134.682,            39,           28,         2325,         12481, active
40.584389915689826     , 1783619994.386777 , 134.682,            39,           28,         2325,         12481, active
40.60450089536607      , 1783619994.4068842, 134.682,            39,           28,         2325,         12481, active
40.62462626025081      , 1783619994.4270067, 134.682,            39,           28,         2325,         12481, active
40.644782377406955     , 1783619994.447171 , 134.682,            39,           28,         2325,         12481, active
40.664925990626216     , 1783619994.4673111, 134.729,            39,           28,         2325,         12481, active
40.68504066951573      , 1783619994.4874246, 134.729,            39,           28,         2325,         12481, active
40.70515665970743      , 1783619994.50754  , 134.729,            39,           28,         2325,         12481, active
40.725263219326735     , 1783619994.5276675, 134.729,            39,           28,         2325,         12481, active
40.74540430307388      , 1783619994.547785 , 134.729,            39,           28,         2325,         12481, active
40.765512043610215     , 1783619994.5678983, 134.145,            39,           28,         2325,         12481, active
40.78562444821         , 1783619994.5880058, 134.145,            39,           28,         2325,         12481, active
40.80573723465204      , 1783619994.6081178, 134.145,            39,           28,         2325,         12481, active
40.825882241129875     , 1783619994.6282666, 134.145,            39,           28,         2325,         12481, active
40.84600543603301      , 1783619994.6483858, 134.145,            39,           28,         2325,         12481, active
40.86614313535392      , 1783619994.66853  , 134.008,            39,           28,         2325,         12481, active
40.88630091957748      , 1783619994.6886878, 134.008,            39,           28,         2325,         12481, active
40.90642289817333      , 1783619994.7088094, 134.008,            39,           28,         2325,         12481, active
40.926552057266235     , 1783619994.7289329, 134.008,            39,           28,         2325,         12481, active
40.94667026400566      , 1783619994.7490509, 134.008,            39,           28,         2325,         12481, active
40.96678815595806      , 1783619994.769173 , 133.844,            39,           28,         2332,         12481, active
40.986917367205024     , 1783619994.7893004, 133.844,            39,           28,         2332,         12481, active
41.00704395584762      , 1783619994.8094385, 133.844,            39,           28,         2332,         12481, active
41.027235286310315     , 1783619994.829623 , 133.844,            39,           28,         2332,         12481, active
41.04735172353685      , 1783619994.849735 , 133.844,            39,           28,         2332,         12481, active
41.06745832413435      , 1783619994.869839 , 134.072,            39,           28,         2332,         12481, active
41.0875776167959       , 1783619994.889961 , 134.072,            39,           28,         2332,         12481, active
41.107685439288616     , 1783619994.9100661, 134.072,            39,           28,         2332,         12481, active
41.12778455577791      , 1783619994.9301674, 134.072,            39,           28,         2332,         12481, active
41.14788874424994      , 1783619994.950269 , 134.072,            39,           28,         2332,         12481, active
41.168037846684456     , 1783619994.9704287, 132.466,            39,           28,         2325,         12481, active
41.188177378848195     , 1783619994.9905615, 132.466,            39,           28,         2325,         12481, active
41.2083450909704       , 1783619995.0107284, 132.466,            39,           28,         2325,         12481, active
41.22845368459821      , 1783619995.0308425, 132.466,            39,           28,         2325,         12481, active
41.24859965220094      , 1783619995.0510087, 132.466,            39,           28,         2325,         12481, active
41.26874280720949      , 1783619995.0711367, 132.92 ,            39,           28,         2325,         12481, active
41.28887073136866      , 1783619995.0912542, 132.92 ,            39,           28,         2325,         12481, active
41.30898521281779      , 1783619995.111371 , 132.92 ,            39,           28,         2325,         12481, active
41.32927091233432      , 1783619995.1316535, 132.92 ,            39,           28,         2325,         12481, active
41.349376594647765     , 1783619995.1517663, 132.92 ,            39,           28,         2325,         12481, active
41.36950831487775      , 1783619995.1719034, 132.514,            39,           28,         2325,         12481, active
41.3896439243108       , 1783619995.1920278, 132.514,            39,           28,         2325,         12481, active
41.4097541756928       , 1783619995.2121344, 132.514,            39,           28,         2325,         12481, active
41.429857002571225     , 1783619995.2322469, 132.514,            39,           28,         2325,         12481, active
41.44998357631266      , 1783619995.252393 , 132.514,            39,           28,         2325,         12481, active
41.47014389373362      , 1783619995.2725248, 132.67 ,            39,           28,         2325,         12481, active
41.490272242575884     , 1783619995.2926617, 132.67 ,            39,           28,         2325,         12481, active
41.510398130863905     , 1783619995.3127863, 132.67 ,            39,           28,         2325,         12481, active
41.53051303885877      , 1783619995.3329017, 132.67 ,            39,           28,         2325,         12481, active
41.55064584873617      , 1783619995.3530412, 133.982,            39,           28,         2325,         12481, active
41.57078478857875      , 1783619995.3731701, 133.982,            39,           28,         2325,         12481, active
41.590914906933904     , 1783619995.3933039, 133.982,            39,           28,         2325,         12481, active
41.61104569584131      , 1783619995.4134264, 133.982,            39,           28,         2325,         12481, active
41.63119153864682      , 1783619995.4335783, 133.982,            39,           28,         2325,         12481, active
41.651323553174734     , 1783619995.453704 , 133.548,            39,           28,         2325,         12481, active
41.67144703865051      , 1783619995.4738302, 133.548,            39,           28,         2325,         12481, active
41.69155479222536      , 1783619995.4939423, 133.548,            39,           28,         2325,         12481, active
41.71168817207217      , 1783619995.5140827, 133.548,            39,           28,         2325,         12481, active
41.73182521946728      , 1783619995.5342135, 133.548,            39,           28,         2325,         12481, active
41.751955796033144     , 1783619995.5543392, 134.573,            39,           28,         2325,         12481, active
41.77208914421499      , 1783619995.5744698, 134.573,            39,           28,         2325,         12481, active
41.792186414822936     , 1783619995.594581 , 134.573,            39,           28,         2325,         12481, active
41.81230524368584      , 1783619995.6146917, 134.573,            39,           28,         2325,         12481, active
41.832434579730034     , 1783619995.634817 , 134.573,            39,           28,         2325,         12481, active
41.852546110749245     , 1783619995.6549323, 133.725,            39,           28,         2325,         12481, active
41.872677164152265     , 1783619995.675058 , 133.725,            39,           28,         2325,         12481, active
41.892791114747524     , 1783619995.6951761, 133.725,            39,           28,         2325,         12481, active
41.91293136589229      , 1783619995.7153177, 133.725,            39,           28,         2325,         12481, active
41.93303923495114      , 1783619995.7354255, 133.725,            39,           28,         2325,         12481, active
41.95315761491656      , 1783619995.7555506, 134.176,            39,           28,         2325,         12481, active
41.97331435419619      , 1783619995.7756944, 134.176,            39,           28,         2325,         12481, active
41.99344464763999      , 1783619995.7958252, 134.176,            39,           28,         2325,         12481, active
42.013593692332506     , 1783619995.8159833, 134.176,            39,           28,         2325,         12481, active
42.03372224792838      , 1783619995.8361127, 134.176,            39,           28,         2325,         12481, active
42.05386729538441      , 1783619995.8562686, 135.229,            39,           28,         2325,         12481, active
42.07401630282402      , 1783619995.8763995, 135.229,            39,           28,         2325,         12481, active
42.094134490936995     , 1783619995.8965235, 135.229,            39,           28,         2325,         12481, active
42.11430724710226      , 1783619995.9166873, 135.229,            39,           28,         2325,         12481, active
42.134416330605745     , 1783619995.9368012, 135.229,            39,           28,         2325,         12481, active
42.15452369488776      , 1783619995.956905 , 134.227,            39,           28,         2325,         12481, active
42.17465147934854      , 1783619995.977032 , 134.227,            39,           28,         2325,         12481, active
42.19476096704602      , 1783619995.9971647, 134.227,            39,           28,         2325,         12481, active
42.214892296120524     , 1783619996.0172753, 134.227,            39,           28,         2325,         12481, active
42.23499737493694      , 1783619996.03738  , 134.227,            39,           28,         2325,         12481, active
42.25510600209236      , 1783619996.0574887, 135.546,            39,           27,         2325,         12481, active
42.27523992024362      , 1783619996.0776281, 135.546,            39,           27,         2325,         12481, active
42.29536642879248      , 1783619996.0977492, 135.546,            39,           27,         2325,         12481, active
42.31550404801965      , 1783619996.117887 , 135.546,            39,           27,         2325,         12481, active
42.33563197404146      , 1783619996.1380181, 135.546,            39,           27,         2325,         12481, active
42.35578597150743      , 1783619996.158169 , 135.096,            39,           27,         2325,         12481, active
42.375897297635674     , 1783619996.1782856, 135.096,            39,           27,         2325,         12481, active
42.39603037573397      , 1783619996.198417 , 135.096,            39,           27,         2325,         12481, active
42.41615488566458      , 1783619996.2185624, 135.096,            39,           27,         2325,         12481, active
42.43629298359156      , 1783619996.2386808, 135.096,            39,           27,         2325,         12481, active
42.456434067338705     , 1783619996.2588155, 135.54 ,            39,           28,         2325,         12481, active
42.47658032737672      , 1783619996.2789617, 135.54 ,            39,           28,         2325,         12481, active
42.4967060033232       , 1783619996.299093 , 135.54 ,            39,           28,         2325,         12481, active
42.51683881506324      , 1783619996.3192267, 135.54 ,            39,           28,         2325,         12481, active
42.53695631586015      , 1783619996.3393366, 135.54 ,            39,           28,         2325,         12481, active
42.55708801187575      , 1783619996.359473 , 135.274,            39,           28,         2325,         12481, active
42.577203994616866     , 1783619996.379592 , 135.274,            39,           28,         2325,         12481, active
42.597327046096325     , 1783619996.3997083, 135.274,            39,           28,         2325,         12481, active
42.61747903190553      , 1783619996.4198613, 135.274,            39,           28,         2325,         12481, active
42.637611063197255     , 1783619996.4399993, 135.274,            39,           28,         2325,         12481, active
42.65773209929466      , 1783619996.4601161, 135.007,            39,           28,         2325,         12481, active
42.67783982120454      , 1783619996.4802232, 135.007,            39,           28,         2325,         12481, active
42.69794775545597      , 1783619996.5003355, 135.007,            39,           28,         2325,         12481, active
42.71807228773832      , 1783619996.520459 , 135.007,            39,           28,         2325,         12481, active
42.73820843361318      , 1783619996.540596 , 135.007,            39,           28,         2325,         12481, active
42.75833186134696      , 1783619996.5607193, 134.371,            39,           28,         2325,         12481, active
42.778503984212875     , 1783619996.580887 , 134.371,            39,           28,         2325,         12481, active
42.798613699153066     , 1783619996.6010027, 134.371,            39,           28,         2325,         12481, active
42.81874720007181      , 1783619996.6211321, 134.371,            39,           28,         2325,         12481, active
42.83887107856572      , 1783619996.6412544, 134.371,            39,           28,         2325,         12481, active
42.85897648148239      , 1783619996.6613595, 134.74 ,            39,           28,         2325,         12481, active
42.87910718470812      , 1783619996.6814938, 134.74 ,            39,           28,         2325,         12481, active
42.89922030828893      , 1783619996.701604 , 134.74 ,            39,           28,         2325,         12481, active
42.919328805059195     , 1783619996.7217147, 134.74 ,            39,           28,         2325,         12481, active
42.93946089595556      , 1783619996.741842 , 134.74 ,            39,           28,         2325,         12481, active
42.95956830121577      , 1783619996.7619522, 134.733,            39,           28,         2325,         12481, active
42.97968377172947      , 1783619996.7820706, 134.733,            39,           28,         2325,         12481, active
42.99981529638171      , 1783619996.802203 , 134.733,            39,           28,         2325,         12481, active
43.01994991488755      , 1783619996.8223374, 134.733,            39,           28,         2325,         12481, active
43.04011641256511      , 1783619996.8424973, 134.733,            39,           28,         2325,         12481, active
43.060265459120274     , 1783619996.8626528, 134.305,            39,           28,         2325,         12481, active
43.08038562908769      , 1783619996.8827794, 134.305,            39,           28,         2325,         12481, active
43.100522154942155     , 1783619996.9029148, 134.305,            39,           28,         2325,         12481, active
43.12063819356263      , 1783619996.9230332, 134.305,            39,           28,         2325,         12481, active
43.140765426680446     , 1783619996.9431713, 134.305,            39,           28,         2325,         12481, active
43.160904282703996     , 1783619996.9633117, 134.197,            39,           28,         2325,         12481, active
43.18104628287256      , 1783619996.9834335, 134.197,            39,           28,         2325,         12481, active
43.201185408979654     , 1783619997.0035753, 134.197,            39,           28,         2325,         12481, active
43.22132018581033      , 1783619997.0237164, 134.197,            39,           28,         2325,         12481, active
43.24146378785372      , 1783619997.0438476, 134.197,            39,           28,         2325,         12481, active
43.26157633960247      , 1783619997.0639577, 133.613,            39,           28,         2325,         12481, active
43.28167599067092      , 1783619997.0840712, 133.613,            39,           28,         2325,         12481, active
43.30181741155684      , 1783619997.1042056, 133.613,            39,           28,         2325,         12481, active
43.321947583928704     , 1783619997.1243315, 133.613,            39,           28,         2325,         12481, active
43.342055136337876     , 1783619997.1444604, 133.613,            39,           28,         2325,         12481, active
43.36221380904317      , 1783619997.164604 , 134.147,            39,           28,         2325,         12481, active
43.38236602023244      , 1783619997.1847506, 134.147,            39,           28,         2325,         12481, active
43.40251939184964      , 1783619997.204915 , 134.147,            39,           28,         2325,         12481, active
43.42265514470637      , 1783619997.2250383, 134.147,            39,           28,         2325,         12481, active
43.44276422262192      , 1783619997.2451608, 134.147,            39,           28,         2325,         12481, active
43.46288562193513      , 1783619997.2652798, 133.652,            39,           27,         2325,         12481, active
43.48301516659558      , 1783619997.2854064, 133.652,            39,           27,         2325,         12481, active
43.503157215192914     , 1783619997.3055406, 133.652,            39,           27,         2325,         12481, active
43.52333050779998      , 1783619997.325714 , 133.652,            39,           27,         2325,         12481, active
43.54344419576228      , 1783619997.3458314, 133.652,            39,           27,         2325,         12481, active
43.5635726377368       , 1783619997.3659601, 133.873,            39,           27,         2325,         12481, active
43.58373238146305      , 1783619997.3861156, 133.873,            39,           27,         2325,         12481, active
43.60387748666108      , 1783619997.406278 , 133.873,            39,           27,         2325,         12481, active
43.624029910191894     , 1783619997.4264195, 133.873,            39,           27,         2325,         12481, active
43.64415588974953      , 1783619997.4465501, 133.873,            39,           27,         2325,         12481, active
43.664292596280575     , 1783619997.4666736, 132.719,            39,           28,         2325,         12481, active
43.684422159567475     , 1783619997.4868033, 132.719,            39,           28,         2325,         12481, active
43.70455655828118      , 1783619997.5069437, 132.719,            39,           28,         2325,         12481, active
43.72475463524461      , 1783619997.527176 , 132.719,            39,           28,         2325,         12481, active
43.74502179957926      , 1783619997.5474176, 132.719,            39,           28,         2325,         12481, active
43.76522973924875      , 1783619997.5676255, 133.334,            39,           28,         2325,         12481, active
43.785390354692936     , 1783619997.5877783, 133.334,            39,           28,         2325,         12481, active
43.80552955530584      , 1783619997.6079154, 133.334,            39,           28,         2325,         12481, active
43.82568175159395      , 1783619997.6280682, 133.334,            39,           28,         2325,         12481, active
43.845809780061245     , 1783619997.648196 , 133.334,            39,           28,         2325,         12481, active
43.86593365110457      , 1783619997.6683226, 133.431,            39,           28,         2325,         12481, active
43.886066069826484     , 1783619997.6884527, 133.431,            39,           28,         2325,         12481, active
43.90621128305793      , 1783619997.7085974, 133.431,            39,           28,         2325,         12481, active
43.92632919922471      , 1783619997.728714 , 133.431,            39,           28,         2325,         12481, active
43.946455251425505     , 1783619997.7488394, 133.431,            39,           28,         2325,         12481, active
43.96657629869878      , 1783619997.768962 , 132.497,            39,           28,         2325,         12481, active
43.986719358712435     , 1783619997.7891047, 132.497,            39,           28,         2325,         12481, active
44.00687832199037      , 1783619997.8092644, 132.497,            39,           28,         2325,         12481, active
44.02699775621295      , 1783619997.8293822, 132.497,            39,           28,         2325,         12481, active
44.04713680781424      , 1783619997.849522 , 132.497,            39,           28,         2325,         12481, active
44.06726657226682      , 1783619997.8696508, 133.168,            39,           28,         2325,         12481, active
44.08738900721073      , 1783619997.8897753, 133.168,            39,           28,         2325,         12481, active
44.107530592009425     , 1783619997.9099154, 133.168,            39,           28,         2325,         12481, active
44.12767375819385      , 1783619997.9300573, 133.168,            39,           28,         2325,         12481, active
44.14778919890523      , 1783619997.9501734, 133.168,            39,           28,         2325,         12481, active
44.167938739061356     , 1783619997.9703224, 133.317,            39,           28,         2325,         12481, active
44.18807188794017      , 1783619997.9904609, 133.317,            39,           28,         2325,         12481, active
44.208231119439006     , 1783619998.0106347, 133.317,            39,           28,         2325,         12481, active
44.22839115187526      , 1783619998.0307755, 133.317,            39,           28,         2325,         12481, active
44.24851826392114      , 1783619998.0509043, 133.317,            39,           28,         2325,         12481, active
44.26864557527006      , 1783619998.0710347, 133.577,            39,           28,         2325,         12481, active
44.28876635991037      , 1783619998.0911567, 133.577,            39,           28,         2325,         12481, active
44.308910423889756     , 1783619998.111298 , 133.577,            39,           28,         2325,         12481, active
44.329037480056286     , 1783619998.131423 , 133.577,            39,           28,         2325,         12481, active
44.34915399365127      , 1783619998.151536 , 133.577,            39,           28,         2325,         12481, active
44.36928875558078      , 1783619998.1716774, 134.034,            39,           28,         2325,         12481, active
44.3894247636199       , 1783619998.1918097, 134.034,            39,           28,         2325,         12481, active
44.40955241583288      , 1783619998.2119427, 134.034,            39,           28,         2325,         12481, active
44.42969620600343      , 1783619998.2320895, 134.034,            39,           28,         2325,         12481, active
44.449842516332865     , 1783619998.2522244, 134.034,            39,           28,         2325,         12481, active
44.46999777108431      , 1783619998.272383 , 133.636,            39,           28,         2325,         12481, active
44.490224331617355     , 1783619998.29261  , 133.636,            39,           28,         2325,         12481, active
44.51036326400936      , 1783619998.3127484, 133.636,            39,           28,         2325,         12481, active
44.53051083907485      , 1783619998.3328927, 133.636,            39,           28,         2325,         12481, active
44.5506327599287       , 1783619998.3530226, 133.636,            39,           28,         2325,         12481, active
44.57077994197607      , 1783619998.3731673, 133.946,            39,           28,         2325,         12481, active
44.5909165199846       , 1783619998.3932989, 133.946,            39,           28,         2325,         12481, active
44.61106410995126      , 1783619998.4134493, 133.946,            39,           28,         2325,         12481, active
44.63121515698731      , 1783619998.4336014, 133.946,            39,           28,         2325,         12481, active
44.651344794780016     , 1783619998.4537354, 133.946,            39,           28,         2325,         12481, active
44.671485640108585     , 1783619998.4738724, 133.756,            39,           28,         2325,         12481, active
44.691619735211134     , 1783619998.4940057, 133.756,            39,           28,         2325,         12481, active
44.71175414323807      , 1783619998.5141404, 133.756,            39,           28,         2325,         12481, active
44.73189115524292      , 1783619998.534276 , 133.756,            39,           28,         2325,         12481, active
44.7520328592509       , 1783619998.5544176, 133.505,            39,           28,         2325,         12481, active
44.77215390652418      , 1783619998.574537 , 133.505,            39,           28,         2325,         12481, active
44.79231018573046      , 1783619998.5946968, 133.505,            39,           28,         2325,         12481, active
44.81243873946369      , 1783619998.6148238, 133.505,            39,           28,         2325,         12481, active
44.832582872360945     , 1783619998.6349676, 133.505,            39,           28,         2325,         12481, active
44.8527168687433       , 1783619998.6551027, 132.942,            39,           28,         2325,         12481, active
44.87286065891385      , 1783619998.675243 , 132.942,            39,           28,         2325,         12481, active
44.89298206008971      , 1783619998.6953712, 132.942,            39,           28,         2325,         12481, active
44.91310430690646      , 1783619998.715489 , 132.942,            39,           28,         2325,         12481, active
44.93322351574898      , 1783619998.7356076, 132.942,            39,           28,         2325,         12481, active
44.95333936624229      , 1783619998.755725 , 134.32 ,            39,           28,         2325,         12481, active
44.973458442837        , 1783619998.7758422, 134.32 ,            39,           28,         2325,         12481, active
44.993581388145685     , 1783619998.795976 , 134.32 ,            39,           28,         2325,         12481, active
45.01372261159122      , 1783619998.8161058, 134.32 ,            39,           28,         2325,         12481, active
45.033876441419125     , 1783619998.8362625, 134.32 ,            39,           28,         2325,         12481, active
45.05400371551514      , 1783619998.8563888, 133.558,            39,           28,         2325,         12481, active
45.074124747887254     , 1783619998.8765097, 133.558,            39,           28,         2325,         12481, active
45.09426930733025      , 1783619998.8966553, 133.558,            39,           28,         2325,         12481, active
45.114400926977396     , 1783619998.9167864, 133.558,            39,           28,         2325,         12481, active
45.134552516043186     , 1783619998.9369376, 133.558,            39,           28,         2325,         12481, active
45.15467620268464      , 1783619998.9570692, 133.994,            39,           28,         2325,         12481, active
45.17480937577784      , 1783619998.9771924, 133.994,            39,           28,         2325,         12481, active
45.19494826346636      , 1783619998.9973488, 133.994,            39,           28,         2325,         12481, active
45.21509676799178      , 1783619999.0174809, 133.994,            39,           28,         2325,         12481, active
45.23522776737809      , 1783619999.0376134, 133.994,            39,           28,         2325,         12481, active
45.25535528920591      , 1783619999.0577412, 133.278,            39,           28,         2325,         12481, active
45.27549842372537      , 1783619999.0778902, 133.278,            39,           28,         2325,         12481, active
45.29565192759037      , 1783619999.0980413, 133.278,            39,           28,         2325,         12481, active
45.31579622812569      , 1783619999.1181834, 133.278,            39,           28,         2325,         12481, active
45.335922349244356     , 1783619999.1383145, 133.278,            39,           28,         2325,         12481, active
45.356064319610596     , 1783619999.158447 , 133.54 ,            39,           28,         2325,         12481, active
45.37621105089784      , 1783619999.1785998, 133.54 ,            39,           28,         2325,         12481, active
45.3963488638401       , 1783619999.1987357, 133.54 ,            39,           28,         2325,         12481, active
45.41647767461836      , 1783619999.2188632, 133.54 ,            39,           28,         2325,         12481, active
45.43660891801119      , 1783619999.2389936, 133.54 ,            39,           28,         2325,         12481, active
45.45674113929272      , 1783619999.2591248, 133.63 ,            39,           28,         2332,         12481, active
45.47686600871384      , 1783619999.2792518, 133.63 ,            39,           28,         2332,         12481, active
45.496989987790585     , 1783619999.2993758, 133.63 ,            39,           28,         2332,         12481, active
45.517123306170106     , 1783619999.3195076, 133.63 ,            39,           28,         2332,         12481, active
45.53725220263004      , 1783619999.3396404, 133.63 ,            39,           28,         2332,         12481, active
45.55738443508744      , 1783619999.3597722, 133.591,            39,           28,         2332,         12481, active
45.57750443182886      , 1783619999.3798883, 133.591,            39,           28,         2332,         12481, active
45.597618805244565     , 1783619999.4000108, 133.591,            39,           28,         2332,         12481, active
45.61775679886341      , 1783619999.4201524, 133.591,            39,           28,         2332,         12481, active
45.63789241574705      , 1783619999.4402792, 133.591,            39,           28,         2332,         12481, active
45.658017011359334     , 1783619999.4604006, 133.412,            39,           28,         2325,         12481, active
45.67816583625972      , 1783619999.4805562, 133.412,            39,           28,         2325,         12481, active
45.69829115271568      , 1783619999.500677 , 133.412,            39,           28,         2325,         12481, active
45.71843255124986      , 1783619999.520821 , 133.412,            39,           28,         2325,         12481, active
45.73856086097658      , 1783619999.5409458, 133.412,            39,           28,         2325,         12481, active
45.758691761642694     , 1783619999.5610778, 133.932,            39,           28,         2325,         12481, active
45.778865868225694     , 1783619999.5812502, 133.932,            39,           28,         2325,         12481, active
45.7990038190037       , 1783619999.601393 , 133.932,            39,           28,         2325,         12481, active
45.81913658417761      , 1783619999.621523 , 133.932,            39,           28,         2325,         12481, active
45.83928054571152      , 1783619999.6416667, 133.932,            39,           28,         2325,         12481, active
45.859416369348764     , 1783619999.6618025, 135.482,            39,           28,         2325,         12481, active
45.87954812310636      , 1783619999.6819432, 135.482,            39,           28,         2325,         12481, active
45.89968705922365      , 1783619999.702076 , 135.482,            39,           28,         2325,         12481, active
45.91982103139162      , 1783619999.7222073, 135.482,            39,           28,         2325,         12481, active
45.939946522936225     , 1783619999.74233  , 135.482,            39,           28,         2325,         12481, active
45.960058476775885     , 1783619999.7624435, 134.185,            39,           28,         2325,         12481, active
45.980177680030465     , 1783619999.782564 , 134.185,            39,           28,         2325,         12481, active
46.00032579898834      , 1783619999.8027139, 134.185,            39,           28,         2325,         12481, active
46.02046066708863      , 1783619999.8228471, 134.185,            39,           28,         2325,         12481, active
46.04058542475104      , 1783619999.8429708, 134.185,            39,           28,         2325,         12481, active
46.06071201339364      , 1783619999.8630967, 134.234,            39,           28,         2325,         12481, active
46.08107465133071      , 1783619999.8834589, 134.234,            39,           28,         2325,         12481, active
46.10125092230737      , 1783619999.9036367, 134.234,            39,           28,         2325,         12481, active
46.1214454472065       , 1783619999.9238663, 134.234,            39,           28,         2325,         12481, active
46.14161375910044      , 1783619999.9439979, 134.234,            39,           28,         2325,         12481, active
46.16174790263176      , 1783619999.964136 , 134.42 ,            39,           28,         2325,         12481, active
46.18187624029815      , 1783619999.9842603, 134.42 ,            39,           28,         2325,         12481, active
46.201992589980364     , 1783620000.0043757, 134.42 ,            39,           28,         2325,         12481, active
46.22213147766888      , 1783620000.0245192, 134.42 ,            39,           28,         2325,         12481, active
46.24225574173033      , 1783620000.0446453, 134.42 ,            39,           28,         2325,         12481, active
46.26240053400397      , 1783620000.064789 , 134.557,            39,           28,         2325,         12481, active
46.28254699148238      , 1783620000.084933 , 134.557,            39,           28,         2325,         12481, active
46.30271708779037      , 1783620000.1051059, 134.557,            39,           28,         2325,         12481, active
46.32288194261491      , 1783620000.1252708, 134.557,            39,           28,         2325,         12481, active
46.34302609786391      , 1783620000.1454089, 134.557,            39,           28,         2325,         12481, active
46.36315640062094      , 1783620000.1655416, 135.095,            39,           28,         2325,         12481, active
46.38330262340605      , 1783620000.1856883, 135.095,            39,           28,         2325,         12481, active
46.40347904153168      , 1783620000.205864 , 135.095,            39,           28,         2325,         12481, active
46.42361521534622      , 1783620000.2260008, 135.095,            39,           28,         2325,         12481, active
46.443734930828214     , 1783620000.2461216, 135.095,            39,           28,         2325,         12481, active
46.4638577401638       , 1783620000.2662451, 133.863,            39,           28,         2325,         12481, active
46.48400191962719      , 1783620000.2863991, 133.863,            39,           28,         2325,         12481, active
46.50414817407727      , 1783620000.306533 , 133.863,            39,           28,         2325,         12481, active
46.52430250868201      , 1783620000.3266916, 133.863,            39,           28,         2325,         12481, active
46.54444897547364      , 1783620000.346846 , 133.863,            39,           28,         2325,         12481, active
46.56461986154318      , 1783620000.367007 , 134.483,            39,           28,         2325,         12481, active
46.584781443700194     , 1783620000.3871658, 134.483,            39,           28,         2325,         12481, active
46.604927813634276     , 1783620000.407317 , 134.483,            39,           28,         2325,         12481, active
46.625113574787974     , 1783620000.4275   , 134.483,            39,           28,         2325,         12481, active
46.64524148404598      , 1783620000.4476237, 134.483,            39,           28,         2325,         12481, active
46.66535322368145      , 1783620000.4677389, 133.455,            39,           27,         2325,         12481, active
46.68552055582404      , 1783620000.4879029, 133.455,            39,           27,         2325,         12481, active
46.70567377470434      , 1783620000.5080633, 133.455,            39,           27,         2325,         12481, active
46.725814055651426     , 1783620000.528203 , 133.455,            39,           27,         2325,         12481, active
46.74596859328449      , 1783620000.5483558, 133.455,            39,           27,         2325,         12481, active
46.76611687988043      , 1783620000.5685048, 134.056,            39,           27,         2325,         12481, active
46.78624317608774      , 1783620000.5886254, 134.056,            39,           27,         2325,         12481, active
46.806401662528515     , 1783620000.6087933, 134.056,            39,           27,         2325,         12481, active
46.82656001485884      , 1783620000.6289456, 134.056,            39,           27,         2325,         12481, active
46.846685415133834     , 1783620000.6490753, 134.056,            39,           27,         2325,         12481, active
46.866857286542654     , 1783620000.6692414, 133.73 ,            39,           28,         2325,         12481, active
46.88697471469641      , 1783620000.6893592, 133.73 ,            39,           28,         2325,         12481, active
46.907107334584        , 1783620000.7094927, 133.73 ,            39,           28,         2325,         12481, active
46.92723207734525      , 1783620000.7296202, 133.73 ,            39,           28,         2325,         12481, active
46.947369422763586     , 1783620000.749754 , 133.73 ,            39,           28,         2325,         12481, active
46.96748833358288      , 1783620000.7698724, 133.59 ,            39,           28,         2332,         12481, active
46.987617859616876     , 1783620000.7900016, 133.59 ,            39,           28,         2332,         12481, active
47.007743801921606     , 1783620000.8101315, 133.59 ,            39,           28,         2332,         12481, active
47.02787426672876      , 1783620000.8302605, 133.59 ,            39,           28,         2332,         12481, active
47.04800288937986      , 1783620000.8503883, 133.59 ,            39,           28,         2332,         12481, active
47.06813330389559      , 1783620000.870515 , 133.622,            39,           28,         2332,         12481, active
47.08824794366956      , 1783620000.8906329, 133.622,            39,           28,         2332,         12481, active
47.10837893188         , 1783620000.9107697, 133.622,            39,           28,         2332,         12481, active
47.12850694730878      , 1783620000.9308977, 133.622,            39,           28,         2332,         12481, active
47.148646634072065     , 1783620000.9510314, 133.622,            39,           28,         2332,         12481, active
47.168761629611254     , 1783620000.9711611, 134.059,            39,           28,         2325,         12481, active
47.18890009634197      , 1783620000.9912896, 134.059,            39,           28,         2325,         12481, active
47.20903219282627      , 1783620001.0114174, 134.059,            39,           28,         2325,         12481, active
47.22916258685291      , 1783620001.0315447, 134.059,            39,           28,         2325,         12481, active
47.24929843097925      , 1783620001.0516822, 134.059,            39,           28,         2325,         12481, active
47.26943705230951      , 1783620001.0718262, 133.661,            39,           28,         2325,         12481, active
47.28955689072609      , 1783620001.091945 , 133.661,            39,           28,         2325,         12481, active
47.309687834233046     , 1783620001.112077 , 133.661,            39,           28,         2325,         12481, active
47.329826505854726     , 1783620001.1322083, 133.661,            39,           28,         2325,         12481, active
47.350155003368855     , 1783620001.1525397, 133.661,            39,           28,         2325,         12481, active
47.370340367779136     , 1783620001.1727295, 134.091,            39,           28,         2325,         12481, active
47.39048678800464      , 1783620001.1928759, 134.091,            39,           28,         2325,         12481, active
47.4106225669384       , 1783620001.213011 , 134.091,            39,           28,         2325,         12481, active
47.43075117096305      , 1783620001.2331393, 134.091,            39,           28,         2325,         12481, active
47.4509161952883       , 1783620001.2532995, 134.091,            39,           28,         2325,         12481, active
47.471036994829774     , 1783620001.273421 , 134.366,            39,           28,         2325,         12481, active
47.49114505574107      , 1783620001.2935255, 134.366,            39,           28,         2325,         12481, active
47.51135876402259      , 1783620001.3137445, 134.366,            39,           28,         2325,         12481, active
47.53148454800248      , 1783620001.3338723, 134.366,            39,           28,         2325,         12481, active
47.55161242932081      , 1783620001.3540208, 134.366,            39,           28,         2325,         12481, active
47.57178290002048      , 1783620001.374182 , 135.143,            39,           28,         2325,         12481, active
47.591907477006316     , 1783620001.394315 , 135.143,            39,           28,         2325,         12481, active
47.61206561140716      , 1783620001.414454 , 135.143,            39,           28,         2325,         12481, active
47.63221261464059      , 1783620001.4346004, 135.143,            39,           28,         2325,         12481, active
47.652394307777286     , 1783620001.4547777, 135.143,            39,           28,         2325,         12481, active
47.67251095175743      , 1783620001.4748921, 135.202,            39,           28,         2325,         12481, active
47.69264759682119      , 1783620001.495031 , 135.202,            39,           28,         2325,         12481, active
47.71275981143117      , 1783620001.515145 , 135.202,            39,           28,         2325,         12481, active
47.73289439827204      , 1783620001.535282 , 135.202,            39,           28,         2325,         12481, active
47.75304559804499      , 1783620001.5554295, 135.202,            39,           28,         2325,         12481, active
47.77316474728286      , 1783620001.5755553, 134.56 ,            39,           28,         2325,         12481, active
47.79331415891647      , 1783620001.5956974, 134.56 ,            39,           28,         2325,         12481, active
47.81345666758716      , 1783620001.6158462, 134.56 ,            39,           28,         2325,         12481, active
47.83360259607434      , 1783620001.6359894, 134.56 ,            39,           28,         2325,         12481, active
47.85372360795736      , 1783620001.6561046, 134.218,            39,           28,         2325,         12481, active
47.873836582526565     , 1783620001.6762393, 134.218,            39,           27,         2325,         12481, active
47.89398857578635      , 1783620001.696373 , 134.218,            39,           27,         2325,         12481, active
47.9141070432961       , 1783620001.7165172, 134.218,            39,           27,         2325,         12481, active
47.9343896843493       , 1783620001.7367735, 134.218,            39,           27,         2325,         12481, active
47.95450050570071      , 1783620001.75689  , 133.562,            39,           27,         2325,         12481, active
47.974650183692575     , 1783620001.7770312, 133.562,            39,           27,         2325,         12481, active
47.99475137516856      , 1783620001.7971356, 133.562,            39,           27,         2325,         12481, active
48.01487375423312      , 1783620001.817272 , 133.562,            39,           27,         2325,         12481, active
48.03501586802304      , 1783620001.8374174, 133.562,            39,           27,         2325,         12481, active
48.055149503052235     , 1783620001.8575366, 133.352,            39,           27,         2325,         12481, active
48.07529023475945      , 1783620001.877674 , 133.352,            39,           27,         2325,         12481, active
48.09542159549892      , 1783620001.8978055, 133.352,            39,           27,         2325,         12481, active
48.115550393238664     , 1783620001.9179392, 133.352,            39,           27,         2325,         12481, active
48.13568402081728      , 1783620001.9380646, 133.352,            39,           27,         2325,         12481, active
48.155804716050625     , 1783620001.9581883, 133.593,            39,           27,         2325,         12481, active
48.17591382749379      , 1783620001.9782999, 133.593,            39,           27,         2325,         12481, active
48.196069641038775     , 1783620001.9984543, 133.593,            39,           27,         2325,         12481, active
48.216202883049846     , 1783620002.0185857, 133.593,            39,           27,         2325,         12481, active
48.23630769178271      , 1783620002.0386882, 133.593,            39,           27,         2325,         12481, active
48.25642655976117      , 1783620002.0588074, 133.945,            39,           28,         2325,         12481, active
48.27656361460686      , 1783620002.0789497, 133.945,            39,           28,         2325,         12481, active
48.2967150118202       , 1783620002.099099 , 133.945,            39,           28,         2325,         12481, active
48.316846976056695     , 1783620002.1192412, 133.945,            39,           28,         2325,         12481, active
48.336972549557686     , 1783620002.13936  , 133.945,            39,           28,         2325,         12481, active
48.357126055285335     , 1783620002.1595144, 133.662,            39,           28,         2325,         12481, active
48.37725996226072      , 1783620002.1796403, 133.662,            39,           28,         2325,         12481, active
48.397381234914064     , 1783620002.1997795, 133.662,            39,           28,         2325,         12481, active
48.4175408706069       , 1783620002.2199285, 133.662,            39,           28,         2325,         12481, active
48.437690172344446     , 1783620002.2400699, 133.662,            39,           28,         2325,         12481, active
48.45787323825061      , 1783620002.2602582, 133.228,            39,           28,         2325,         12481, active
48.477998027577996     , 1783620002.2803862, 133.228,            39,           28,         2325,         12481, active
48.498124327510595     , 1783620002.300505 , 133.228,            39,           28,         2325,         12481, active
48.51824645884335      , 1783620002.3206298, 133.228,            39,           28,         2325,         12481, active
48.53836004436016      , 1783620002.3407478, 133.228,            39,           28,         2325,         12481, active
48.55850912258029      , 1783620002.36089  , 132.971,            39,           28,         2325,         12481, active
48.57862867601216      , 1783620002.381035 , 132.971,            39,           28,         2325,         12481, active
48.59875774383545      , 1783620002.401166 , 132.971,            39,           28,         2325,         12481, active
48.61889104358852      , 1783620002.4213471, 132.971,            39,           28,         2325,         12481, active
48.63908235542476      , 1783620002.441465 , 132.971,            39,           28,         2325,         12481, active
48.65920148976147      , 1783620002.4615848, 132.263,            39,           28,         2325,         12481, active
48.67931222729385      , 1783620002.4817076, 132.263,            39,           28,         2325,         12481, active
48.69945826381445      , 1783620002.5018392, 132.263,            39,           28,         2325,         12481, active
48.719600055366755     , 1783620002.521988 , 132.263,            39,           28,         2325,         12481, active
48.73974384367466      , 1783620002.5421264, 132.263,            39,           28,         2325,         12481, active
48.75985110364854      , 1783620002.5622346, 132.158,            39,           28,         2325,         12481, active
48.78002658486366      , 1783620002.5824149, 132.158,            39,           28,         2325,         12481, active
48.80014683865011      , 1783620002.602535 , 132.158,            39,           28,         2325,         12481, active
48.820274947211146     , 1783620002.6226625, 132.158,            39,           28,         2325,         12481, active
48.84041300415993      , 1783620002.6427941, 132.158,            39,           28,         2325,         12481, active
48.86054855585098      , 1783620002.662934 , 131.931,            39,           28,         2325,         12481, active
48.88066867738962      , 1783620002.683052 , 131.931,            39,           28,         2325,         12481, active
48.90079656802118      , 1783620002.7031853, 131.931,            39,           28,         2325,         12481, active
48.92091928422451      , 1783620002.7233021, 131.931,            39,           28,         2325,         12481, active
48.94102815538645      , 1783620002.743409 , 131.931,            39,           28,         2325,         12481, active
48.96117331460118      , 1783620002.7635624, 131.939,            39,           28,         2325,         12481, active
48.98130950704217      , 1783620002.7836902, 131.939,            39,           28,         2325,         12481, active
49.00141645409167      , 1783620002.8038096, 131.939,            39,           28,         2325,         12481, active
49.021572683006525     , 1783620002.8239603, 131.939,            39,           28,         2325,         12481, active
49.041706062853336     , 1783620002.8440871, 131.939,            39,           28,         2325,         12481, active
49.06184342689812      , 1783620002.8642273, 132.228,            39,           28,         2325,         12481, active
49.082155933603644     , 1783620002.884539 , 132.228,            39,           28,         2325,         12481, active
49.102265471592546     , 1783620002.9046507, 132.228,            39,           28,         2325,         12481, active
49.12237483821809      , 1783620002.9247622, 132.228,            39,           28,         2325,         12481, active
49.14250015094876      , 1783620002.9448931, 132.228,            39,           28,         2325,         12481, active
49.16265417076647      , 1783620002.9650419, 132.014,            39,           28,         2325,         12481, active
49.18278761766851      , 1783620002.9851966, 132.014,            39,           28,         2325,         12481, active
49.202933464199305     , 1783620003.0053172, 132.014,            39,           28,         2325,         12481, active
49.223063461482525     , 1783620003.0254464, 132.014,            39,           28,         2325,         12481, active
49.24319604225457      , 1783620003.045579 , 132.014,            39,           28,         2325,         12481, active
49.26331331208348      , 1783620003.065694 , 132.156,            39,           28,         2325,         12481, active
49.28345123119652      , 1783620003.0858343, 132.156,            39,           28,         2325,         12481, active
49.30358359217644      , 1783620003.105967 , 132.156,            39,           28,         2325,         12481, active
49.323691476136446     , 1783620003.12609  , 132.156,            39,           28,         2325,         12481, active
49.343825643882155     , 1783620003.1462097, 132.156,            39,           28,         2325,         12481, active
49.36393960751593      , 1783620003.166328 , 132.978,            39,           28,         2325,         12481, active
49.38405959494412      , 1783620003.1864505, 132.978,            39,           28,         2325,         12481, active
49.404181661084294     , 1783620003.2065701, 132.978,            39,           28,         2325,         12481, active
49.424311650916934     , 1783620003.226697 , 132.978,            39,           28,         2325,         12481, active
49.444426791742444     , 1783620003.2468174, 132.978,            39,           28,         2325,         12481, active
49.46455244719982      , 1783620003.2669368, 132.352,            39,           28,         2325,         12481, active
49.48468175902963      , 1783620003.287068 , 132.352,            39,           28,         2325,         12481, active
49.504798002541065     , 1783620003.3071864, 132.352,            39,           28,         2325,         12481, active
49.52494368702173      , 1783620003.3273304, 132.352,            39,           28,         2325,         12481, active
49.54506515711546      , 1783620003.347449 , 132.352,            39,           28,         2325,         12481, active
49.565229933708906     , 1783620003.3676255, 132.133,            39,           28,         2325,         12481, active
49.58536106348038      , 1783620003.3877478, 132.133,            39,           28,         2325,         12481, active
49.60549994930625      , 1783620003.4078887, 132.133,            39,           28,         2325,         12481, active
49.62564150802791      , 1783620003.4280224, 132.133,            39,           28,         2325,         12481, active
49.645784167572856     , 1783620003.4481735, 132.133,            39,           28,         2325,         12481, active
49.66594469174743      , 1783620003.46833  , 132.733,            39,           27,         2332,         12481, active
49.686068611219525     , 1783620003.4884574, 132.733,            39,           27,         2332,         12481, active
49.70633644796908      , 1783620003.5087194, 132.733,            39,           27,         2332,         12481, active
49.72655680030584      , 1783620003.5289433, 132.733,            39,           27,         2332,         12481, active
49.746677324175835     , 1783620003.5490587, 132.733,            39,           27,         2332,         12481, active
49.76680664718151      , 1783620003.569288 , 132.322,            39,           27,         2332,         12481, active
49.78703976422548      , 1783620003.5894232, 132.322,            39,           27,         2332,         12481, active
49.8073404263705       , 1783620003.6097357, 132.322,            39,           27,         2332,         12481, active
49.827500553801656     , 1783620003.6298842, 132.322,            39,           27,         2332,         12481, active
49.84761024825275      , 1783620003.6500158, 132.322,            39,           27,         2332,         12481, active
49.86774183809757      , 1783620003.670129 , 133.131,            39,           28,         2332,         12481, active
49.88789632357657      , 1783620003.6902838, 133.131,            39,           28,         2332,         12481, active
49.908021219074726     , 1783620003.7104044, 133.131,            39,           28,         2332,         12481, active
49.92813595943153      , 1783620003.7305193, 133.131,            39,           28,         2332,         12481, active
49.948244605213404     , 1783620003.7506256, 133.131,            39,           28,         2332,         12481, active
49.96838767081499      , 1783620003.7707722, 134.5  ,            39,           28,         2325,         12481, active
49.98852260410786      , 1783620003.7909114, 134.5  ,            39,           28,         2325,         12481, active
50.008695747703314     , 1783620003.8110917, 134.5  ,            39,           28,         2325,         12481, active
50.028823068365455     , 1783620003.831206 , 134.5  ,            39,           28,         2325,         12481, active
50.04893323034048      , 1783620003.851317 , 134.5  ,            39,           28,         2325,         12481, active
50.06904283538461      , 1783620003.871426 , 134.557,            39,           28,         2325,         12481, active
50.089151253923774     , 1783620003.8915315, 134.557,            39,           28,         2325,         12481, active
50.10927915945649      , 1783620003.9116652, 134.557,            39,           28,         2325,         12481, active
50.12939960323274      , 1783620003.931783 , 134.557,            39,           28,         2325,         12481, active
50.14952511526644      , 1783620003.9519053, 134.557,            39,           28,         2325,         12481, active
50.169666301459074     , 1783620003.9720538, 133.768,            39,           28,         2332,         12481, active
50.18979692272842      , 1783620003.9921858, 133.768,            39,           28,         2332,         12481, active
50.20994063094258      , 1783620004.0123289, 133.768,            39,           28,         2332,         12481, active
50.23007604293525      , 1783620004.0324664, 133.768,            39,           28,         2332,         12481, active
50.25021193549037      , 1783620004.0525987, 133.768,            39,           28,         2332,         12481, active
50.27037370018661      , 1783620004.0727568, 134.696,            39,           28,         2332,         12481, active
50.29051245935261      , 1783620004.0928934, 134.696,            39,           28,         2332,         12481, active
50.310667507350445     , 1783620004.113055 , 134.696,            39,           28,         2332,         12481, active
50.33080508001149      , 1783620004.1331897, 134.696,            39,           28,         2332,         12481, active
50.350930854678154     , 1783620004.153318 , 134.696,            39,           28,         2332,         12481, active
50.371066430583596     , 1783620004.1734564, 132.901,            39,           28,         2332,         12481, active
50.39119199104607      , 1783620004.1935759, 132.901,            39,           28,         2332,         12481, active
50.41160080395639      , 1783620004.2139885, 132.901,            39,           28,         2332,         12481, active
50.43172715976834      , 1783620004.234113 , 132.901,            39,           28,         2332,         12481, active
50.45186220295727      , 1783620004.2542462, 132.901,            39,           28,         2332,         12481, active
50.47199339605868      , 1783620004.2743757, 133.243,            39,           28,         2325,         12481, active
50.4921129476279       , 1783620004.2945027, 133.243,            39,           28,         2325,         12481, active
50.51225690729916      , 1783620004.3146427, 133.243,            39,           28,         2325,         12481, active
50.53238441795111      , 1783620004.334768 , 133.243,            39,           28,         2325,         12481, active
50.552522795274854     , 1783620004.3549054, 133.243,            39,           28,         2325,         12481, active
50.57264360412955      , 1783620004.375033 , 133.262,            39,           28,         2325,         12481, active
50.59278635121882      , 1783620004.3951695, 133.262,            39,           28,         2325,         12481, active
50.6129368506372       , 1783620004.4153244, 133.262,            39,           28,         2325,         12481, active
50.63306500017643      , 1783620004.4354537, 133.262,            39,           28,         2325,         12481, active
50.65320147201419      , 1783620004.4555862, 133.262,            39,           28,         2325,         12481, active
50.673316111788154     , 1783620004.4757037, 133.285,            39,           27,         2332,         12481, active
50.693445932120085     , 1783620004.4958491, 133.285,            39,           27,         2332,         12481, active
50.71361527964473      , 1783620004.516003 , 133.285,            39,           27,         2332,         12481, active
50.73377127200365      , 1783620004.5361557, 133.285,            39,           27,         2332,         12481, active
50.7539985794574       , 1783620004.5563886, 133.285,            39,           27,         2332,         12481, active
50.77414130978286      , 1783620004.57653  , 133.644,            39,           27,         2332,         12481, active
50.794278690591455     , 1783620004.5966659, 133.644,            39,           27,         2332,         12481, active
50.81443448737264      , 1783620004.6168213, 133.644,            39,           27,         2332,         12481, active
50.834558963775635     , 1783620004.6369474, 133.644,            39,           27,         2332,         12481, active
50.854711623862386     , 1783620004.657096 , 133.644,            39,           27,         2332,         12481, active
50.87491565942764      , 1783620004.6772995, 134.433,            39,           28,         2332,         12481, active
50.89509279280901      , 1783620004.697477 , 134.433,            39,           28,         2332,         12481, active
50.915213011205196     , 1783620004.7175994, 134.433,            39,           28,         2332,         12481, active
50.93534125946462      , 1783620004.7377284, 134.433,            39,           28,         2332,         12481, active
50.95548903569579      , 1783620004.757875 , 134.345,            39,           28,         2332,         12481, active
50.97563871368766      , 1783620004.7780275, 134.345,            39,           28,         2332,         12481, active
50.995807791128755     , 1783620004.7981946, 134.345,            39,           28,         2332,         12481, active
51.015940088778734     , 1783620004.818325 , 134.345,            39,           28,         2332,         12481, active
51.03606988489628      , 1783620004.8384535, 134.345,            39,           28,         2332,         12481, active
51.056202014908195     , 1783620004.8585863, 134.18 ,            39,           28,         2332,         12481, active
51.07633190602064      , 1783620004.8787196, 134.18 ,            39,           28,         2332,         12481, active
51.096497567370534     , 1783620004.8988805, 134.18 ,            39,           28,         2332,         12481, active
51.11662955582142      , 1783620004.9190154, 134.18 ,            39,           28,         2332,         12481, active
51.13675260357559      , 1783620004.939183 , 134.18 ,            39,           28,         2332,         12481, active
51.15694619528949      , 1783620004.9593313, 133.742,            39,           28,         2325,         12481, active
51.177109479904175     , 1783620004.979497 , 133.742,            39,           28,         2325,         12481, active
51.197229547426105     , 1783620004.999629 , 133.742,            39,           28,         2325,         12481, active
51.21737190335989      , 1783620005.0197587, 133.742,            39,           28,         2325,         12481, active
51.237499229609966     , 1783620005.039884 , 133.742,            39,           28,         2325,         12481, active
51.257651660591364     , 1783620005.0600393, 134.309,            39,           28,         2325,         12481, active
51.27781676314771      , 1783620005.080204 , 134.309,            39,           28,         2325,         12481, active
51.297938792034984     , 1783620005.1003308, 134.309,            39,           28,         2325,         12481, active
51.31806620955467      , 1783620005.1204574, 134.309,            39,           28,         2325,         12481, active
51.33820608817041      , 1783620005.1405942, 134.309,            39,           28,         2325,         12481, active
51.35833978280425      , 1783620005.1607432, 133.646,            39,           28,         2325,         12481, active
51.378466630354524     , 1783620005.1808474, 133.646,            39,           28,         2325,         12481, active
51.398594522848725     , 1783620005.2009833, 133.646,            39,           28,         2325,         12481, active
51.41872878745198      , 1783620005.2211175, 133.646,            39,           28,         2325,         12481, active
51.438882203772664     , 1783620005.2412765, 133.646,            39,           28,         2325,         12481, active
51.45901766978204      , 1783620005.2614012, 134.424,            39,           28,         2325,         12481, active
51.47914217226207      , 1783620005.2815251, 134.424,            39,           28,         2325,         12481, active
51.49925128184259      , 1783620005.3016331, 134.424,            39,           28,         2325,         12481, active
51.5194295886904       , 1783620005.321814 , 134.424,            39,           28,         2325,         12481, active
51.539560260251164     , 1783620005.3419473, 134.424,            39,           28,         2325,         12481, active
51.5597004070878       , 1783620005.3620887, 134.918,            39,           28,         2325,         12481, active
51.57981990464032      , 1783620005.382204 , 134.918,            39,           28,         2325,         12481, active
51.599947202950716     , 1783620005.4023314, 134.918,            39,           28,         2325,         12481, active
51.6200708989054       , 1783620005.4224577, 134.918,            39,           28,         2325,         12481, active
51.64021654985845      , 1783620005.4426274, 134.918,            39,           28,         2325,         12481, active
51.66036674566567      , 1783620005.462755 , 134.501,            39,           28,         2325,         12481, active
51.68048730306327      , 1783620005.4828687, 134.501,            39,           28,         2325,         12481, active
51.70062021911144      , 1783620005.5030096, 134.501,            39,           28,         2325,         12481, active
51.720744935795665     , 1783620005.5231314, 134.501,            39,           28,         2325,         12481, active
51.74086115881801      , 1783620005.543245 , 134.501,            39,           28,         2325,         12481, active
51.760972613468766     , 1783620005.563362 , 134.674,            39,           28,         2325,         12481, active
51.78110270574689      , 1783620005.5834875, 134.674,            39,           28,         2325,         12481, active
51.80121253430843      , 1783620005.6036093, 134.674,            39,           28,         2325,         12481, active
51.821381306275725     , 1783620005.6237655, 134.674,            39,           28,         2325,         12481, active
51.84149473160505      , 1783620005.6438782, 134.674,            39,           28,         2325,         12481, active
51.861617201939225     , 1783620005.6640162, 133.765,            39,           28,         2325,         12481, active
51.881758239120245     , 1783620005.684143 , 133.765,            39,           28,         2325,         12481, active
51.901894599199295     , 1783620005.704285 , 133.765,            39,           28,         2325,         12481, active
51.92204272001982      , 1783620005.7244265, 133.765,            39,           28,         2325,         12481, active
51.942154524847865     , 1783620005.7445412, 133.765,            39,           28,         2325,         12481, active
51.96233178302646      , 1783620005.7647161, 134.64 ,            39,           28,         2332,         12481, active
51.98246658965945      , 1783620005.7848504, 134.64 ,            39,           28,         2332,         12481, active
52.00259065628052      , 1783620005.8049765, 134.64 ,            39,           28,         2332,         12481, active
52.022713135927916     , 1783620005.825095 , 134.64 ,            39,           28,         2332,         12481, active
52.04282824881375      , 1783620005.8452096, 134.64 ,            39,           28,         2332,         12481, active
52.062972620129585     , 1783620005.8653567, 133.425,            39,           28,         2332,         12481, active
52.08313424512744      , 1783620005.885521 , 133.425,            39,           28,         2332,         12481, active
52.10325914807618      , 1783620005.9056456, 133.425,            39,           28,         2332,         12481, active
52.12339632026851      , 1783620005.9257824, 133.425,            39,           28,         2332,         12481, active
52.14352601580322      , 1783620005.9459107, 133.425,            39,           28,         2332,         12481, active
52.163662699982524     , 1783620005.9660525, 134.349,            39,           28,         2325,         12481, active
52.18378486298025      , 1783620005.9861662, 134.349,            39,           28,         2325,         12481, active
52.20392872951925      , 1783620006.0063126, 134.349,            39,           28,         2325,         12481, active
52.22404737956822      , 1783620006.026456 , 134.349,            39,           28,         2325,         12481, active
52.244206512346864     , 1783620006.0465882, 134.349,            39,           28,         2325,         12481, active
52.26431261189282      , 1783620006.066697 , 134.542,            39,           27,         2325,         12481, active
52.284456461668015     , 1783620006.0868404, 134.542,            39,           27,         2325,         12481, active
52.30460220016539      , 1783620006.1069944, 134.542,            39,           27,         2325,         12481, active
52.32474798336625      , 1783620006.1271331, 134.542,            39,           27,         2325,         12481, active
52.34486764669418      , 1783620006.147249 , 134.542,            39,           27,         2325,         12481, active
52.36500805802643      , 1783620006.1673925, 134.72 ,            39,           27,         2325,         12481, active
52.38516250625253      , 1783620006.1875496, 134.72 ,            39,           27,         2325,         12481, active
52.405282182618976     , 1783620006.2076674, 134.72 ,            39,           27,         2325,         12481, active
52.42541372589767      , 1783620006.2277973, 134.72 ,            39,           27,         2325,         12481, active
52.445539651438594     , 1783620006.247928 , 134.72 ,            39,           27,         2325,         12481, active
52.46566761098802      , 1783620006.2680628, 135.215,            39,           28,         2332,         12481, active
52.485814072191715     , 1783620006.2882056, 135.215,            39,           28,         2332,         12481, active
52.50593802705407      , 1783620006.3083253, 135.215,            39,           28,         2332,         12481, active
52.526075733825564     , 1783620006.3284686, 135.215,            39,           28,         2332,         12481, active
52.546208219602704     , 1783620006.3485954, 135.215,            39,           28,         2332,         12481, active
52.56636761687696      , 1783620006.3687508, 134.411,            39,           28,         2332,         12481, active
52.58648156002164      , 1783620006.388862 , 134.411,            39,           28,         2332,         12481, active
52.60662406682968      , 1783620006.409009 , 134.411,            39,           28,         2332,         12481, active
52.62674322351813      , 1783620006.4291322, 134.411,            39,           28,         2332,         12481, active
52.64690470509231      , 1783620006.4492881, 134.411,            39,           28,         2332,         12481, active
52.667013151571155     , 1783620006.4693997, 135.58 ,            39,           27,         2325,         12481, active
52.68715839460492      , 1783620006.4895463, 135.58 ,            39,           27,         2325,         12481, active
52.707307482138276     , 1783620006.5096931, 135.58 ,            39,           27,         2325,         12481, active
52.727434914559126     , 1783620006.5298162, 135.58 ,            39,           27,         2325,         12481, active
52.74755960702896      , 1783620006.5499485, 135.58 ,            39,           27,         2325,         12481, active
52.76770333573222      , 1783620006.570087 , 134.78 ,            39,           27,         2325,         12481, active
52.78783182054758      , 1783620006.5902126, 134.78 ,            39,           27,         2325,         12481, active
52.80795582383871      , 1783620006.6103377, 134.78 ,            39,           27,         2325,         12481, active
52.82808559201658      , 1783620006.630471 , 134.78 ,            39,           27,         2325,         12481, active
52.84823399223387      , 1783620006.6506171, 134.78 ,            39,           27,         2325,         12481, active
52.868353080004454     , 1783620006.670748 , 134.933,            39,           27,         2325,         12481, active
52.888489596545696     , 1783620006.6908803, 134.933,            39,           27,         2325,         12481, active
52.90860426612198      , 1783620006.710993 , 134.933,            39,           27,         2325,         12481, active
52.92873289436102      , 1783620006.731114 , 134.933,            39,           27,         2325,         12481, active
52.94886099919677      , 1783620006.7512474, 134.933,            39,           27,         2325,         12481, active
52.96899001300335      , 1783620006.7713795, 134.457,            39,           27,         2325,         12481, active
52.98912471532822      , 1783620006.7915208, 134.457,            39,           27,         2325,         12481, active
53.009261433035135     , 1783620006.8116505, 134.457,            39,           27,         2325,         12481, active
53.02939790301025      , 1783620006.8317807, 134.457,            39,           27,         2325,         12481, active
53.049502938985825     , 1783620006.8518834, 134.457,            39,           27,         2325,         12481, active
53.069643734022975     , 1783620006.8720322, 134.058,            39,           28,         2325,         12481, active
53.08978070318699      , 1783620006.8921647, 134.058,            39,           28,         2325,         12481, active
53.109900787472725     , 1783620006.9122875, 134.058,            39,           28,         2325,         12481, active
53.1300597358495       , 1783620006.9324424, 134.058,            39,           28,         2325,         12481, active
53.15016607195139      , 1783620006.9525516, 134.058,            39,           28,         2325,         12481, active
53.17028345167637      , 1783620006.972692 , 133.576,            39,           28,         2325,         12481, active
53.1904387306422       , 1783620006.9928226, 133.576,            39,           28,         2325,         12481, active
53.2105509750545       , 1783620007.0129554, 133.576,            39,           28,         2325,         12481, active
53.23068485222757      , 1783620007.0330656, 133.576,            39,           28,         2325,         12481, active
53.25082573108375      , 1783620007.0532093, 133.576,            39,           28,         2325,         12481, active
53.27093840017915      , 1783620007.07332  , 133.303,            39,           28,         2325,         12481, active
53.29106895253062      , 1783620007.0934541, 133.303,            39,           28,         2325,         12481, active
53.31120817176998      , 1783620007.1136   , 133.303,            39,           28,         2325,         12481, active
53.33133663237095      , 1783620007.1337204, 133.303,            39,           28,         2325,         12481, active
53.351472010836005     , 1783620007.153856 , 133.303,            39,           28,         2325,         12481, active
53.37158539891243      , 1783620007.1739664, 132.287,            39,           28,         2325,         12481, active
53.39172166399658      , 1783620007.1941068, 132.287,            39,           28,         2325,         12481, active
53.41187755763531      , 1783620007.2142594, 132.287,            39,           28,         2325,         12481, active
53.43201002292335      , 1783620007.2343938, 132.287,            39,           28,         2325,         12481, active
53.452139435335994     , 1783620007.2545204, 132.287,            39,           28,         2325,         12481, active
53.472253166139126     , 1783620007.274646 , 132.862,            39,           28,         2325,         12481, active
53.49237993173301      , 1783620007.294784 , 132.862,            39,           28,         2325,         12481, active
53.51253863237798      , 1783620007.3149235, 132.862,            39,           28,         2325,         12481, active
53.532685635611415     , 1783620007.335069 , 132.862,            39,           28,         2325,         12481, active
53.55280853621662      , 1783620007.3551927, 132.862,            39,           28,         2325,         12481, active
53.57294074818492      , 1783620007.3753245, 131.616,            39,           28,         2325,         12481, active
53.59309156052768      , 1783620007.39548  , 131.616,            39,           28,         2325,         12481, active
53.6132152043283       , 1783620007.4156024, 131.616,            39,           28,         2325,         12481, active
53.63334668800235      , 1783620007.435732 , 131.616,            39,           28,         2325,         12481, active
53.65347822010517      , 1783620007.4558625, 131.616,            39,           28,         2325,         12481, active
53.673612808808684     , 1783620007.475997 , 132.684,            39,           28,         2325,         12481, active
53.693733198568225     , 1783620007.4961178, 132.684,            39,           28,         2325,         12481, active
53.71391497179866      , 1783620007.5162995, 132.684,            39,           28,         2325,         12481, active
53.73403621464968      , 1783620007.5364208, 132.684,            39,           28,         2325,         12481, active
53.75415164232254      , 1783620007.5565372, 132.684,            39,           28,         2325,         12481, active
53.77427835762501      , 1783620007.5766628, 132.308,            39,           28,         2325,         12481, active
53.794412119314075     , 1783620007.5968032, 132.308,            39,           28,         2325,         12481, active
53.81453701108694      , 1783620007.6169245, 132.308,            39,           28,         2325,         12481, active
53.83467347919941      , 1783620007.6370583, 132.308,            39,           28,         2325,         12481, active
53.85479109175503      , 1783620007.657195 , 132.308,            39,           28,         2325,         12481, active
53.8749244119972       , 1783620007.6773083, 132.58 ,            39,           28,         2325,         12481, active
53.895058911293745     , 1783620007.6974442, 132.58 ,            39,           28,         2325,         12481, active
53.915179908275604     , 1783620007.717566 , 132.58 ,            39,           28,         2325,         12481, active
53.93531825579703      , 1783620007.7377052, 132.58 ,            39,           28,         2325,         12481, active
53.95544259622693      , 1783620007.7578268, 132.58 ,            39,           28,         2325,         12481, active
53.975577702745795     , 1783620007.777961 , 131.362,            39,           28,         2325,         12481, active
53.99570285156369      , 1783620007.798084 , 131.362,            39,           28,         2325,         12481, active
54.015877624973655     , 1783620007.818261 , 131.362,            39,           28,         2325,         12481, active
54.0359958615154       , 1783620007.8383844, 131.362,            39,           28,         2325,         12481, active
54.05611748993397      , 1783620007.8585126, 131.362,            39,           28,         2325,         12481, active
54.07627140916884      , 1783620007.8786612, 131.452,            39,           27,         2325,         12481, active
54.096393855288625     , 1783620007.8987794, 131.452,            39,           27,         2325,         12481, active
54.1165262311697       , 1783620007.9189107, 131.452,            39,           27,         2325,         12481, active
54.136647598817945     , 1783620007.9390328, 131.452,            39,           27,         2325,         12481, active
54.156762732192874     , 1783620007.9591484, 131.452,            39,           27,         2325,         12481, active
54.17691360414028      , 1783620007.9793031, 131.502,            39,           27,         2325,         12481, active
54.19705959223211      , 1783620007.9994457, 131.502,            39,           27,         2325,         12481, active
54.21721009723842      , 1783620008.0195968, 131.502,            39,           27,         2325,         12481, active
54.237338688224554     , 1783620008.0397239, 131.502,            39,           27,         2325,         12481, active
54.25746421702206      , 1783620008.0598483, 132.265,            39,           27,         2325,         12481, active
54.27761439792812      , 1783620008.0800045, 132.265,            39,           27,         2325,         12481, active
54.29777707904577      , 1783620008.1001654, 132.265,            39,           27,         2325,         12481, active
54.31791506707668      , 1783620008.1202981, 132.265,            39,           27,         2325,         12481, active
54.33802959881723      , 1783620008.140413 , 132.265,            39,           27,         2325,         12481, active
54.35815383307636      , 1783620008.160538 , 131.964,            39,           27,         2325,         12481, active
54.37826884351671      , 1783620008.1806605, 131.964,            39,           27,         2325,         12481, active
54.39841237105429      , 1783620008.200793 , 131.964,            39,           27,         2325,         12481, active
54.418554458767176     , 1783620008.2209456, 131.964,            39,           27,         2325,         12481, active
54.438690815120935     , 1783620008.2410774, 131.964,            39,           27,         2325,         12481, active
54.458808368071914     , 1783620008.261194 , 131.696,            39,           27,         2332,         12481, active
54.478918517008424     , 1783620008.2813265, 131.696,            39,           27,         2332,         12481, active
54.49906165525317      , 1783620008.3014462, 131.696,            39,           27,         2332,         12481, active
54.519176011905074     , 1783620008.321561 , 131.696,            39,           27,         2332,         12481, active
54.53928510658443      , 1783620008.3416693, 131.696,            39,           27,         2332,         12481, active
54.55938865058124      , 1783620008.3617702, 132.523,            39,           27,         2332,         12481, active
54.57949832268059      , 1783620008.3818827, 132.523,            39,           27,         2332,         12481, active
54.59960032813251      , 1783620008.4019866, 132.523,            39,           27,         2332,         12481, active
54.61971643194556      , 1783620008.422106 , 132.523,            39,           27,         2332,         12481, active
54.63982558436692      , 1783620008.4422145, 132.523,            39,           27,         2332,         12481, active
54.659937139600515     , 1783620008.4623253, 131.834,            39,           28,         2325,         12481, active
54.680063620209694     , 1783620008.4824526, 131.834,            39,           28,         2325,         12481, active
54.700223203748465     , 1783620008.5026062, 131.834,            39,           28,         2325,         12481, active
54.720347080379725     , 1783620008.522733 , 131.834,            39,           28,         2325,         12481, active
54.74047286808491      , 1783620008.5428576, 131.834,            39,           28,         2325,         12481, active
54.76057524420321      , 1783620008.5629628, 132.353,            39,           28,         2325,         12481, active
54.78072537109256      , 1783620008.5831125, 132.353,            39,           28,         2325,         12481, active
54.80083045735955      , 1783620008.6032183, 132.353,            39,           28,         2325,         12481, active
54.82094106078148      , 1783620008.6233256, 132.353,            39,           28,         2325,         12481, active
54.84109545126557      , 1783620008.643482 , 132.353,            39,           28,         2325,         12481, active
54.8612083401531       , 1783620008.663597 , 132.077,            39,           28,         2325,         12481, active
54.8813434522599       , 1783620008.6837265, 132.077,            39,           28,         2325,         12481, active
54.90144797228277      , 1783620008.7038302, 132.077,            39,           28,         2325,         12481, active
54.92158571816981      , 1783620008.723968 , 132.077,            39,           28,         2325,         12481, active
54.94170160405338      , 1783620008.7440856, 132.077,            39,           28,         2325,         12481, active
54.96182544901967      , 1783620008.7642097, 132.338,            39,           28,         2325,         12481, active
54.98195358552039      , 1783620008.7843385, 132.338,            39,           28,         2325,         12481, active
55.00205351226032      , 1783620008.804439 , 132.338,            39,           28,         2325,         12481, active
55.022193072363734     , 1783620008.8245807, 132.338,            39,           28,         2325,         12481, active
55.042330076918006     , 1783620008.8447225, 132.338,            39,           28,         2325,         12481, active
55.06244695186615      , 1783620008.8648345, 132.714,            39,           28,         2325,         12481, active
55.08256582915783      , 1783620008.8849478, 132.714,            39,           28,         2325,         12481, active
55.10267304070294      , 1783620008.905063 , 132.714,            39,           28,         2325,         12481, active
55.12282798066735      , 1783620008.9252124, 132.714,            39,           28,         2325,         12481, active
55.14295679889619      , 1783620008.945343 , 132.714,            39,           28,         2325,         12481, active
55.16306120343506      , 1783620008.9654567, 132.36 ,            39,           28,         2325,         12481, active
55.183229222893715     , 1783620008.9856133, 132.36 ,            39,           28,         2325,         12481, active
55.20333520695567      , 1783620009.0057192, 132.36 ,            39,           28,         2325,         12481, active
55.2234499361366       , 1783620009.0258348, 132.36 ,            39,           28,         2325,         12481, active
55.2435681913048       , 1783620009.0459507, 132.36 ,            39,           28,         2325,         12481, active
55.263667507097125     , 1783620009.0660555, 131.507,            39,           27,         2325,         12481, active
55.28379889577627      , 1783620009.0861883, 131.507,            39,           27,         2325,         12481, active
55.303906831890345     , 1783620009.106304 , 131.507,            39,           27,         2325,         12481, active
55.32405540347099      , 1783620009.1264405, 131.507,            39,           27,         2325,         12481, active
55.3442146461457       , 1783620009.146601 , 131.507,            39,           27,         2325,         12481, active
55.36432162299752      , 1783620009.1667218, 132.211,            39,           27,         2325,         12481, active
55.38451591134071      , 1783620009.1869125, 132.211,            39,           27,         2325,         12481, active
55.40463629178703      , 1783620009.207017 , 132.211,            39,           27,         2325,         12481, active
55.42473483085632      , 1783620009.2271273, 132.211,            39,           27,         2325,         12481, active
55.44487192668021      , 1783620009.247255 , 132.211,            39,           27,         2325,         12481, active
55.46498538739979      , 1783620009.2673695, 131.539,            39,           28,         2325,         12481, active
55.485088143497705     , 1783620009.2874684, 131.539,            39,           28,         2325,         12481, active
55.50520948693156      , 1783620009.3075938, 131.539,            39,           28,         2325,         12481, active
55.525344071909785     , 1783620009.327729 , 131.539,            39,           28,         2325,         12481, active
55.54548011533916      , 1783620009.347864 , 131.539,            39,           28,         2325,         12481, active
55.56558341905475      , 1783620009.367973 , 131.441,            39,           28,         2325,         12481, active
55.58570775389671      , 1783620009.3880975, 131.441,            39,           28,         2325,         12481, active
55.60582188889384      , 1783620009.4082024, 131.441,            39,           28,         2325,         12481, active
55.62593460828066      , 1783620009.4283233, 131.441,            39,           28,         2325,         12481, active
55.646052215248346     , 1783620009.4484415, 131.441,            39,           28,         2325,         12481, active
55.66616014763713      , 1783620009.4685695, 131.937,            39,           28,         2325,         12481, active
55.686310060322285     , 1783620009.4886904, 131.937,            39,           28,         2325,         12481, active
55.70643822476268      , 1783620009.5088255, 131.937,            39,           28,         2325,         12481, active
55.72656721621752      , 1783620009.5289545, 131.937,            39,           28,         2325,         12481, active
55.74669034034014      , 1783620009.5490713, 131.937,            39,           28,         2325,         12481, active
55.76679437980056      , 1783620009.5691783, 130.848,            39,           28,         2325,         12481, active
55.78689511306584      , 1783620009.5892785, 130.848,            39,           28,         2325,         12481, active
55.80699339136481      , 1783620009.6093767, 130.848,            39,           28,         2325,         12481, active
55.827102083712816     , 1783620009.629489 , 130.848,            39,           28,         2325,         12481, active
55.84721182473004      , 1783620009.649599 , 130.848,            39,           28,         2325,         12481, active
55.86742273531854      , 1783620009.669806 , 131.325,            39,           28,         2325,         12481, active
55.88752715475857      , 1783620009.6899104, 131.325,            39,           28,         2325,         12481, active
55.907627027481794     , 1783620009.710012 , 131.325,            39,           28,         2325,         12481, active
55.92776124738157      , 1783620009.7301493, 131.325,            39,           28,         2325,         12481, active
55.947899270802736     , 1783620009.7502873, 131.325,            39,           28,         2325,         12481, active
55.96803790144622      , 1783620009.770422 , 132.308,            39,           28,         2332,         12481, active
55.988199438899755     , 1783620009.790583 , 132.308,            39,           28,         2332,         12481, active
56.00831811130047      , 1783620009.8107014, 132.308,            39,           28,         2332,         12481, active
56.028436155989766     , 1783620009.830823 , 132.308,            39,           28,         2332,         12481, active
56.0485693346709       , 1783620009.8509536, 132.308,            39,           28,         2332,         12481, active
56.06868141517043      , 1783620009.8710651, 132.924,            39,           28,         2332,         12481, active
56.088798470795155     , 1783620009.8911817, 132.924,            39,           28,         2332,         12481, active
56.10894194431603      , 1783620009.9113293, 132.924,            39,           28,         2332,         12481, active
56.129089238122106     , 1783620009.9314766, 132.924,            39,           28,         2332,         12481, active
56.149206103757024     , 1783620009.951592 , 132.924,            39,           28,         2332,         12481, active
56.16936132311821      , 1783620009.9717488, 132.308,            39,           28,         2325,         12481, active
56.189497416839004     , 1783620009.99188  , 132.308,            39,           28,         2325,         12481, active
56.20961205102503      , 1783620010.0120003, 132.308,            39,           28,         2325,         12481, active
56.22973743453622      , 1783620010.0321233, 132.308,            39,           28,         2325,         12481, active
56.24988102726638      , 1783620010.0522738, 132.308,            39,           28,         2325,         12481, active
56.269999543204904     , 1783620010.0723867, 133.695,            39,           27,         2325,         12481, active
56.29011712782085      , 1783620010.092498 , 133.695,            39,           27,         2325,         12481, active
56.31024746596813      , 1783620010.112636 , 133.695,            39,           27,         2325,         12481, active
56.33037619292736      , 1783620010.132762 , 133.695,            39,           27,         2325,         12481, active
56.35051794908941      , 1783620010.1529114, 133.695,            39,           27,         2325,         12481, active
56.37064954265952      , 1783620010.1730332, 132.747,            39,           27,         2325,         12481, active
56.39079791866243      , 1783620010.193181 , 132.747,            39,           27,         2325,         12481, active
56.41090978309512      , 1783620010.2132952, 132.747,            39,           27,         2325,         12481, active
56.4310333840549       , 1783620010.233418 , 132.747,            39,           27,         2325,         12481, active
56.45114297606051      , 1783620010.2535233, 132.747,            39,           27,         2325,         12481, active
56.4712805505842       , 1783620010.2736676, 134.256,            39,           28,         2332,         12481, active
56.491416526958346     , 1783620010.2938006, 134.256,            39,           28,         2332,         12481, active
56.5115156956017       , 1783620010.313898 , 134.256,            39,           28,         2332,         12481, active
56.53166991099715      , 1783620010.3340695, 134.256,            39,           28,         2332,         12481, active
56.55182085931301      , 1783620010.354204 , 134.256,            39,           28,         2332,         12481, active
56.57193507626653      , 1783620010.3743157, 133.752,            39,           28,         2332,         12481, active
56.59203780256212      , 1783620010.3944366, 133.752,            39,           28,         2332,         12481, active
56.61216070689261      , 1783620010.4145515, 133.752,            39,           28,         2332,         12481, active
56.63229167833924      , 1783620010.434677 , 133.752,            39,           28,         2332,         12481, active
56.65240926295519      , 1783620010.4547927, 133.752,            39,           28,         2332,         12481, active
56.67251049913466      , 1783620010.4748976, 134.421,            39,           28,         2325,         12481, active
56.692632814869285     , 1783620010.4950159, 134.421,            39,           28,         2325,         12481, active
56.712737588211894     , 1783620010.5151222, 134.421,            39,           28,         2325,         12481, active
56.732854060828686     , 1783620010.5352373, 134.421,            39,           28,         2325,         12481, active
56.75296572037041      , 1783620010.5553486, 134.421,            39,           28,         2325,         12481, active
56.77308248355985      , 1783620010.575477 , 135.192,            39,           28,         2325,         12481, active
56.79325060732663      , 1783620010.5956335, 135.192,            39,           28,         2325,         12481, active
56.813372960314155     , 1783620010.6157615, 135.192,            39,           28,         2325,         12481, active
56.833519242703915     , 1783620010.6359005, 135.192,            39,           28,         2325,         12481, active
56.85363843664527      , 1783620010.656022 , 135.192,            39,           28,         2325,         12481, active
56.87376903928816      , 1783620010.6761537, 134.422,            39,           28,         2325,         12481, active
56.893900226801634     , 1783620010.6962926, 134.422,            39,           28,         2325,         12481, active
56.91403095982969      , 1783620010.7164133, 134.422,            39,           28,         2325,         12481, active
56.93414699472487      , 1783620010.7365367, 134.422,            39,           28,         2325,         12481, active
56.95426037162542      , 1783620010.756644 , 134.422,            39,           28,         2325,         12481, active
56.974361756816506     , 1783620010.7767508, 134.138,            39,           28,         2332,         12481, active
56.994499165564775     , 1783620010.7968826, 134.138,            39,           28,         2332,         12481, active
57.014623709023        , 1783620010.817009 , 134.138,            39,           28,         2332,         12481, active
57.03474496677518      , 1783620010.8371303, 134.138,            39,           28,         2332,         12481, active
57.05488217808306      , 1783620010.8572788, 134.138,            39,           28,         2332,         12481, active
57.07501591555774      , 1783620010.8774009, 133.254,            39,           27,         2332,         12481, active
57.09513272717595      , 1783620010.8975205, 133.254,            39,           27,         2332,         12481, active
57.11524684354663      , 1783620010.9176314, 133.254,            39,           27,         2332,         12481, active
57.13536864705384      , 1783620010.9377532, 133.254,            39,           27,         2332,         12481, active
57.15549830533564      , 1783620010.957882 , 133.254,            39,           27,         2332,         12481, active
57.17560335807502      , 1783620010.977984 , 133.645,            39,           27,         2325,         12481, active
57.19572017714381      , 1783620010.9981034, 133.645,            39,           27,         2325,         12481, active
57.215843668207526     , 1783620011.0182254, 133.645,            39,           27,         2325,         12481, active
57.23597274534404      , 1783620011.038357 , 133.645,            39,           27,         2325,         12481, active
57.25609623081982      , 1783620011.0584774, 133.645,            39,           27,         2325,         12481, active
57.276233077049255     , 1783620011.0786169, 133.911,            39,           28,         2325,         12481, active
57.29636466316879      , 1783620011.0987551, 133.911,            39,           28,         2325,         12481, active
57.31651836074889      , 1783620011.1189046, 133.911,            39,           28,         2325,         12481, active
57.33664257079363      , 1783620011.1390285, 133.911,            39,           28,         2325,         12481, active
57.35676367767155      , 1783620011.1591647, 133.911,            39,           28,         2325,         12481, active
57.37689331173897      , 1783620011.1792746, 133.874,            39,           28,         2325,         12481, active
57.3970249556005       , 1783620011.199411 , 133.874,            39,           28,         2325,         12481, active
57.41715500690043      , 1783620011.219542 , 133.874,            39,           28,         2325,         12481, active
57.43729019537568      , 1783620011.2396808, 133.874,            39,           28,         2325,         12481, active
57.457441015169024     , 1783620011.259825 , 133.807,            39,           28,         2325,         12481, active
57.47755181789398      , 1783620011.279934 , 133.807,            39,           28,         2325,         12481, active
57.497676422819495     , 1783620011.3000603, 133.807,            39,           28,         2325,         12481, active
57.51778210140765      , 1783620011.3201668, 133.807,            39,           28,         2325,         12481, active
57.53789095394313      , 1783620011.340275 , 133.807,            39,           28,         2325,         12481, active
57.55799062922597      , 1783620011.3603723, 133.474,            39,           28,         2325,         12481, active
57.578124564141035     , 1783620011.3805058, 133.474,            39,           28,         2325,         12481, active
57.59825825691223      , 1783620011.4006426, 133.474,            39,           28,         2325,         12481, active
57.618388870730996     , 1783620011.4207938, 133.474,            39,           28,         2325,         12481, active
57.638560416176915     , 1783620011.4409559, 133.474,            39,           28,         2325,         12481, active
57.65869755111635      , 1783620011.4610834, 133.793,            39,           28,         2325,         12481, active
57.678844852373004     , 1783620011.4812307, 133.793,            39,           28,         2325,         12481, active
57.69899631291628      , 1783620011.5014145, 133.793,            39,           28,         2325,         12481, active
57.719157895073295     , 1783620011.5215454, 133.793,            39,           28,         2325,         12481, active
57.73928719945252      , 1783620011.5416772, 133.793,            39,           28,         2325,         12481, active
57.75942651182413      , 1783620011.561812 , 132.362,            39,           28,         2325,         12481, active
57.7795369066298       , 1783620011.5819328, 132.362,            39,           28,         2325,         12481, active
57.79967547021806      , 1783620011.6020653, 132.362,            39,           28,         2325,         12481, active
57.81980087980628      , 1783620011.622187 , 132.362,            39,           28,         2325,         12481, active
57.839922143146396     , 1783620011.642309 , 132.362,            39,           28,         2325,         12481, active
57.860038025304675     , 1783620011.6624234, 132.636,            39,           28,         2325,         12481, active
57.88016192428768      , 1783620011.6825628, 132.636,            39,           28,         2325,         12481, active
57.90031111985445      , 1783620011.7026982, 132.636,            39,           28,         2325,         12481, active
57.9204397238791       , 1783620011.7228265, 132.636,            39,           28,         2325,         12481, active
57.94055823981762      , 1783620011.742945 , 132.636,            39,           28,         2325,         12481, active
57.960674945265055     , 1783620011.7630608, 132.443,            39,           28,         2325,         12481, active
57.98081216774881      , 1783620011.7832017, 132.443,            39,           28,         2325,         12481, active
58.00093443505466      , 1783620011.8033187, 132.443,            39,           28,         2325,         12481, active
58.02110669948161      , 1783620011.8234937, 132.443,            39,           28,         2325,         12481, active
58.04122485220432      , 1783620011.8436112, 132.443,            39,           28,         2325,         12481, active
58.06136127188802      , 1783620011.8637464, 132.767,            39,           28,         2325,         12481, active
58.08148727566004      , 1783620011.8838694, 132.767,            39,           28,         2325,         12481, active
58.101647010073066     , 1783620011.90405  , 132.767,            39,           28,         2325,         12481, active
58.12180808931589      , 1783620011.9241939, 132.767,            39,           28,         2325,         12481, active
58.141936399042606     , 1783620011.9443228, 132.767,            39,           28,         2325,         12481, active
58.16207115352154      , 1783620011.9644556, 133.689,            39,           28,         2325,         12481, active
58.182178581133485     , 1783620011.9845674, 133.689,            39,           28,         2325,         12481, active
58.202310260385275     , 1783620012.004694 , 133.689,            39,           28,         2325,         12481, active
58.22241937182844      , 1783620012.024804 , 133.689,            39,           28,         2325,         12481, active
58.24255323596299      , 1783620012.0449398, 133.689,            39,           28,         2325,         12481, active
58.26266683079302      , 1783620012.0650527, 133.35 ,            39,           28,         2325,         12481, active
58.282786002382636     , 1783620012.0851715, 133.35 ,            39,           28,         2325,         12481, active
58.30291625484824      , 1783620012.105302 , 133.35 ,            39,           28,         2325,         12481, active
58.32302811741829      , 1783620012.125414 , 133.35 ,            39,           28,         2325,         12481, active
58.34314174391329      , 1783620012.1455302, 133.35 ,            39,           28,         2325,         12481, active
58.363313587382436     , 1783620012.1656995, 133.602,            39,           28,         2325,         12481, active
58.383450819179416     , 1783620012.1858382, 133.602,            39,           28,         2325,         12481, active
58.403592286631465     , 1783620012.2059772, 133.602,            39,           28,         2325,         12481, active
58.423715276643634     , 1783620012.226104 , 133.602,            39,           28,         2325,         12481, active
58.443891087546945     , 1783620012.2462752, 133.602,            39,           28,         2325,         12481, active
58.46403537131846      , 1783620012.2664192, 133.165,            39,           28,         2332,         12481, active
58.48416177555919      , 1783620012.286552 , 133.165,            39,           28,         2332,         12481, active
58.50427910499275      , 1783620012.3066676, 133.165,            39,           28,         2332,         12481, active
58.524416867643595     , 1783620012.3267999, 133.165,            39,           28,         2332,         12481, active
58.5445475243032       , 1783620012.346929 , 133.165,            39,           28,         2332,         12481, active
58.56466808915138      , 1783620012.367054 , 133.821,            39,           28,         2332,         12481, active
58.58480107784271      , 1783620012.3871844, 133.821,            39,           28,         2332,         12481, active
58.604940516874194     , 1783620012.4073248, 133.821,            39,           28,         2332,         12481, active
58.62506746686995      , 1783620012.4274523, 133.821,            39,           28,         2332,         12481, active
58.645205952227116     , 1783620012.4475906, 133.821,            39,           28,         2332,         12481, active
58.665308848023415     , 1783620012.4676967, 134.344,            39,           28,         2325,         12481, active
58.68545254692435      , 1783620012.4878354, 134.344,            39,           28,         2325,         12481, active
58.70558946579695      , 1783620012.5079799, 134.344,            39,           28,         2325,         12481, active
58.72575043141842      , 1783620012.528147 , 134.344,            39,           28,         2325,         12481, active
58.74590030685067      , 1783620012.5482903, 134.344,            39,           28,         2325,         12481, active
58.76603624410927      , 1783620012.5684206, 135.354,            39,           28,         2325,         12481, active
58.7861567158252       , 1783620012.58854  , 135.354,            39,           28,         2325,         12481, active
58.80628533102572      , 1783620012.6086729, 135.354,            39,           28,         2325,         12481, active
58.82643819227815      , 1783620012.6288226, 135.354,            39,           28,         2325,         12481, active
58.84658114425838      , 1783620012.6489697, 135.354,            39,           28,         2325,         12481, active
58.86679536290467      , 1783620012.669182 , 135.693,            39,           28,         2325,         12481, active
58.88690750487149      , 1783620012.689302 , 135.693,            39,           28,         2325,         12481, active
58.90701572410762      , 1783620012.7093983, 135.693,            39,           28,         2325,         12481, active
58.92711449973285      , 1783620012.7295024, 135.693,            39,           28,         2325,         12481, active
58.947248412296176     , 1783620012.7496336, 135.693,            39,           28,         2325,         12481, active
58.967373663559556     , 1783620012.7697566, 136.482,            39,           28,         2332,         12481, active
58.98748021572828      , 1783620012.7898626, 136.482,            39,           28,         2332,         12481, active
59.007575610652566     , 1783620012.8099635, 136.482,            39,           28,         2332,         12481, active
59.02770929783583      , 1783620012.8300984, 136.482,            39,           28,         2332,         12481, active
59.04783772863448      , 1783620012.8502216, 136.482,            39,           28,         2332,         12481, active
59.06794087588787      , 1783620012.8703284, 135.688,            39,           27,         2332,         12481, active
59.08808572590351      , 1783620012.8904748, 135.688,            39,           27,         2332,         12481, active
59.10820343531668      , 1783620012.9105866, 135.688,            39,           27,         2332,         12481, active
59.12832674011588      , 1783620012.9307086, 135.688,            39,           27,         2332,         12481, active
59.14846113882959      , 1783620012.9508448, 135.688,            39,           27,         2332,         12481, active
59.16855887323618      , 1783620012.9709399, 136.166,            39,           27,         2325,         12481, active
59.18867343477905      , 1783620012.9910614, 136.166,            39,           27,         2325,         12481, active
59.20881225913763      , 1783620013.0112014, 136.166,            39,           27,         2325,         12481, active
59.22893614694476      , 1783620013.0313208, 136.166,            39,           27,         2325,         12481, active
 0.00023110397160053253, 1783620013.0523145, 136.166,            39,           27,         2325,         12481, idle
 0.02039582096040249   , 1783620013.0724185, 135.274,            39,           27,         2325,         12481, idle
 0.04049688018858433   , 1783620013.0925117, 135.274,            39,           27,         2325,         12481, idle
 0.0605712216347456    , 1783620013.112587 , 135.274,            39,           27,         2325,         12481, idle
 0.08065147325396538   , 1783620013.132666 , 135.274,            39,           27,         2325,         12481, idle
 0.10073375515639782   , 1783620013.1527479, 135.274,            39,           27,         2325,         12481, idle
 0.12081467919051647   , 1783620013.1728292, 132.315,            39,           27,         2325,         12481, idle
 0.1408993173390627    , 1783620013.1929128, 132.315,            39,           27,         2325,         12481, idle
 0.16098307259380817   , 1783620013.2129962, 132.315,            39,           27,         2325,         12481, idle
 0.1810668408870697    , 1783620013.2330809, 132.315,            39,           27,         2325,         12481, idle
 0.20115315541625023   , 1783620013.253167 , 132.315,            39,           27,         2325,         12481, idle
 0.2212374173104763    , 1783620013.273252 , 127.463,            38,            0,         2332,         12481, idle
 0.24132380820810795   , 1783620013.2933376, 127.463,            38,            0,         2332,         12481, idle
 0.26140651293098927   , 1783620013.313421 , 127.463,            38,            0,         2332,         12481, idle
 0.281491057947278     , 1783620013.3335054, 127.463,            38,            0,         2332,         12481, idle
 0.3015758637338877    , 1783620013.3535903, 127.463,            38,            0,         2332,         12481, idle
 0.32166301272809505   , 1783620013.3736775, 122.204,            38,            0,         2332,         12481, idle
 0.34175003692507744   , 1783620013.393764 , 122.204,            38,            0,         2332,         12481, idle
 0.3618350550532341    , 1783620013.4138496, 122.204,            38,            0,         2332,         12481, idle
 0.3819205742329359    , 1783620013.4339347, 122.204,            38,            0,         2332,         12481, idle
 0.40200711600482464   , 1783620013.4540215, 122.204,            38,            0,         2332,         12481, idle
 0.42209093272686005   , 1783620013.4741051, 118.118,            38,            0,         2332,         12481, idle
 0.4421752132475376    , 1783620013.4941893, 118.118,            38,            0,         2332,         12481, idle
 0.462258230894804     , 1783620013.5142717, 118.118,            38,            0,         2332,         12481, idle
 0.4823424909263849    , 1783620013.5343566, 118.118,            38,            0,         2332,         12481, idle
 0.5024283584207296    , 1783620013.5544434, 118.118,            38,            0,         2332,         12481, idle
 0.5225140228867531    , 1783620013.574528 , 115.548,            38,            0,         2332,         12481, idle
 0.542599530890584     , 1783620013.5946138, 115.548,            38,            0,         2332,         12481, idle
 0.5626849066466093    , 1783620013.6146996, 115.548,            38,            0,         2332,         12481, idle
 0.5827677324414253    , 1783620013.6347814, 115.548,            38,            0,         2332,         12481, idle
 0.6028506252914667    , 1783620013.6548645, 115.548,            38,            0,         2332,         12481, idle
 0.6229340601712465    , 1783620013.6749485, 111.214,            38,            0,         2332,         12481, idle
 0.643017340451479     , 1783620013.695032 , 111.214,            38,            0,         2332,         12481, idle
 0.6631011571735144    , 1783620013.715115 , 111.214,            38,            0,         2332,         12481, idle
 0.6831832136958838    , 1783620013.7351978, 111.214,            38,            0,         2332,         12481, idle
 0.703270249068737     , 1783620013.755284 , 111.214,            38,            0,         2332,         12481, idle
 0.7233732882887125    , 1783620013.7753873, 106.738,            38,            0,         2332,         12481, idle
 0.743469312787056     , 1783620013.795487 , 106.738,            38,            0,         2332,         12481, idle
 0.7635636534541845    , 1783620013.8155782, 106.738,            38,            0,         2332,         12481, idle
 0.7836502604186535    , 1783620013.8356647, 106.738,            38,            0,         2332,         12481, idle
 0.8037349656224251    , 1783620013.8557491, 106.738,            38,            0,         2332,         12481, idle
 0.8238355051726103    , 1783620013.8758502, 100.065,            38,            0,         2332,         12481, idle
 0.8439304176717997    , 1783620013.8959446, 100.065,            38,            0,         2332,         12481, idle
 0.8640137575566769    , 1783620013.916027 , 100.065,            38,            0,         2332,         12481, idle
 0.8840944040566683    , 1783620013.9361084, 100.065,            38,            0,         2332,         12481, idle
 0.904178075492382     , 1783620013.9561915, 100.065,            38,            0,         2332,         12481, idle
 0.9242618083953857    , 1783620013.9762754,  94.968,            38,            0,         2332,         12481, idle
 0.9443458765745163    , 1783620013.9963596,  94.968,            38,            0,         2332,         12481, idle
 0.9644289612770081    , 1783620014.0164435,  94.968,            38,            0,         2332,         12481, idle
 0.9845172856003046    , 1783620014.0365326,  94.968,            38,            0,         2332,         12481, idle
 1.0046108644455671    , 1783620014.056626 ,  94.968,            38,            0,         2332,         12481, idle
 1.02470706962049      , 1783620014.0767214,  90.594,            38,            0,         2332,         12481, idle
 1.044790767133236     , 1783620014.0968046,  90.594,            38,            0,         2332,         12481, idle
 1.0648749768733978    , 1783620014.1168888,  90.594,            38,            0,         2332,         12481, idle
 1.084959065541625     , 1783620014.1369736,  90.594,            38,            0,         2332,         12481, idle
 1.1050431616604328    , 1783620014.157057 ,  90.594,            38,            0,         2332,         12481, idle
 1.1251281760632992    , 1783620014.1771553,  90.594,            38,            0,         2332,         12481, idle
 1.1452271696180105    , 1783620014.197242 ,  90.594,            38,            0,         2332,         12481, idle
 1.1653134245425463    , 1783620014.2173276,  90.594,            38,            0,         2332,         12481, idle
 1.18539634719491      , 1783620014.2374103,  90.594,            38,            0,         2332,         12481, idle
 1.205484438687563     , 1783620014.2574987,  90.594,            38,            0,         2332,         12481, idle
 1.2255690656602383    , 1783620014.2775834,  90.594,            38,            0,         2332,         12481, idle
 1.2456606104969978    , 1783620014.2976742,  90.594,            38,            0,         2332,         12481, idle
 1.2657433841377497    , 1783620014.3177571,  90.594,            38,            0,         2332,         12481, idle
 1.2858291007578373    , 1783620014.3378432,  90.594,            38,            0,         2332,         12481, idle
 1.3059160970151424    , 1783620014.3579302,  90.594,            38,            0,         2332,         12481, idle
 1.3260012064129114    , 1783620014.3780155,  90.594,            38,            0,         2332,         12481, idle
 1.346084265038371     , 1783620014.3980982,  90.594,            38,            0,         2332,         12481, idle
 1.3661664091050625    , 1783620014.41818  ,  90.594,            38,            0,         2332,         12481, idle
 1.3862493839114904    , 1783620014.4382632,  90.594,            38,            0,         2332,         12481, idle
 1.4063318893313408    , 1783620014.458346 ,  90.594,            38,            0,         2332,         12481, idle
 1.4264155123382807    , 1783620014.47843  ,  90.594,            38,            0,         2332,         12481, idle
 1.4465003814548254    , 1783620014.4985144,  90.594,            38,            0,         2332,         12481, idle
 1.4665849339216948    , 1783620014.5185988,  90.594,            38,            0,         2332,         12481, idle
 1.4866702444851398    , 1783620014.5386844,  90.594,            38,            0,         2332,         12481, idle
 1.5067567843943834    , 1783620014.558771 ,  90.594,            38,            0,         2332,         12481, idle
 1.5268397200852633    , 1783620014.5788536,  90.594,            38,            0,         2332,         12481, idle
 1.5469240248203278    , 1783620014.5989375,  90.594,            38,            0,         2332,         12481, idle
 1.567025164142251     , 1783620014.619055 ,  90.594,            38,            0,         2332,         12481, idle
 1.5871428847312927    , 1783620014.6391568,  90.594,            38,            0,         2332,         12481, idle
 1.6072163935750723    , 1783620014.659229 ,  90.594,            38,            0,         2332,         12481, idle
 1.6272854339331388    , 1783620014.6792982,  90.594,            38,            0,         2332,         12481, idle
 1.6473593823611736    , 1783620014.6993737,  90.594,            38,            0,         2332,         12481, idle
 1.6674436442553997    , 1783620014.719458 ,  90.594,            38,            0,         2332,         12481, idle
 1.6875307261943817    , 1783620014.7395446,  90.594,            38,            0,         2332,         12481, idle
 1.707626536488533     , 1783620014.7596402,  90.594,            38,            0,         2332,         12481, idle
 1.727710796520114     , 1783620014.7797253,  90.594,            38,            0,         2332,         12481, idle
 1.7478031683713198    , 1783620014.7998173,  90.594,            38,            0,         2332,         12481, idle
 1.7678871899843216    , 1783620014.819901 ,  90.594,            38,            0,         2332,         12481, idle
 1.7879700176417828    , 1783620014.8399837,  90.594,            38,            0,         2332,         12481, idle
 1.8080526292324066    , 1783620014.860066 ,  90.594,            38,            0,         2332,         12481, idle
 1.8281350880861282    , 1783620014.880149 ,  90.594,            38,            0,         2332,         12481, idle
 1.8482180014252663    , 1783620014.9002318,  90.594,            38,            0,         2332,         12481, idle
 1.8683030884712934    , 1783620014.9203172,  90.594,            38,            0,         2332,         12481, idle
 1.8883873503655195    , 1783620014.940401 ,  90.594,            38,            0,         2332,         12481, idle
 1.9084697011858225    , 1783620014.9604836,  90.594,            38,            0,         2332,         12481, idle
 1.9285526014864445    , 1783620014.980566 ,  90.594,            38,            0,         2332,         12481, idle
 1.9486414603888988    , 1783620015.0006557,  90.594,            38,            0,         2332,         12481, idle
 1.9687305055558681    , 1783620015.0207448,  90.594,            38,            0,         2332,         12481, idle
 1.9888188056647778    , 1783620015.0408325,  90.594,            38,            0,         2332,         12481, idle
 2.0089068096131086    , 1783620015.0609205,  88.563,            38,            0,         2332,         12481, idle
 2.028997639194131     , 1783620015.0810115,  88.563,            38,            0,         2332,         12481, idle
 2.0490858275443316    , 1783620015.1010995,  88.563,            38,            0,         2332,         12481, idle
 2.069175411015749     , 1783620015.1211896,  88.563,            38,            0,         2332,         12481, idle
 2.089263938367367     , 1783620015.1412778,  88.563,            38,            0,         2332,         12481, idle
 2.10935234837234      , 1783620015.1613665,  88.563,            38,            0,         2332,         12481, idle
 2.1294406689703465    , 1783620015.1814551,  88.563,            38,            0,         2332,         12481, idle
 2.1495294459164143    , 1783620015.2015436,  88.563,            38,            0,         2332,         12481, idle
 2.1696160081773996    , 1783620015.2216296,  88.563,            38,            0,         2332,         12481, idle
 2.1897051855921745    , 1783620015.2417192,  88.563,            38,            0,         2332,         12481, idle
 2.209794716909528     , 1783620015.261809 ,  88.563,            38,            0,         2332,         12481, idle
 2.229884300380945     , 1783620015.281898 ,  88.563,            38,            0,         2332,         12481, idle
 2.249973578378558     , 1783620015.3019874,  88.563,            38,            0,         2332,         12481, idle
 2.270063888281584     , 1783620015.3220775,  88.563,            38,            0,         2332,         12481, idle
 2.290154008194804     , 1783620015.3421676,  88.563,            38,            0,         2332,         12481, idle
 2.3102411814033985    , 1783620015.3622549,  88.563,            38,            0,         2332,         12481, idle
 2.3303298130631447    , 1783620015.382344 ,  88.563,            38,            0,         2332,         12481, idle
 2.350417409092188     , 1783620015.402431 ,  88.563,            38,            0,         2332,         12481, idle
 2.37050492875278      , 1783620015.4225185,  88.563,            38,            0,         2332,         12481, idle
 2.3905926905572414    , 1783620015.4426057,  88.563,            38,            0,         2332,         12481, idle
 2.4106796886771917    , 1783620015.4626937,  88.563,            38,            0,         2332,         12481, idle
 2.430768718943        , 1783620015.4827821,  88.563,            38,            0,         2332,         12481, idle
 2.450857561081648     , 1783620015.5028715,  88.563,            38,            0,         2332,         12481, idle
 2.4709477368742228    , 1783620015.5229614,  88.563,            38,            0,         2332,         12481, idle
 2.4910368602722883    , 1783620015.5430505,  88.563,            38,            0,         2332,         12481, idle
 2.511127097532153     , 1783620015.5631409,  88.563,            38,            0,         2332,         12481, idle
 2.5312169697135687    , 1783620015.5832307,  88.563,            38,            0,         2332,         12481, idle
 2.551312889903784     , 1783620015.6033268,  88.563,            38,            0,         2332,         12481, idle
 2.571404192596674     , 1783620015.6234176,  88.563,            38,            0,         2332,         12481, idle
 2.59149513207376      , 1783620015.6435091,  88.563,            38,            0,         2332,         12481, idle
 2.611584996804595     , 1783620015.6635988,  88.563,            38,            0,         2332,         12481, idle
 2.6316743921488523    , 1783620015.683688 ,  88.563,            38,            0,         2332,         12481, idle
 2.651761319488287     , 1783620015.703775 ,  88.563,            38,            0,         2332,         12481, idle
 2.6718494687229395    , 1783620015.7238631,  88.563,            38,            0,         2332,         12481, idle
 2.6919385865330696    , 1783620015.7439523,  88.563,            38,            0,         2332,         12481, idle
 2.71202801913023      , 1783620015.7640417,  88.563,            38,            0,         2332,         12481, idle
 2.7321175280958414    , 1783620015.7841308,  88.563,            38,            0,         2332,         12481, idle
 2.752206765115261     , 1783620015.8042207,  88.563,            38,            0,         2332,         12481, idle
 2.7723016515374184    , 1783620015.8243153,  88.563,            38,            0,         2332,         12481, idle
 2.7923898696899414    , 1783620015.8444035,  88.563,            38,            0,         2332,         12481, idle
 2.812478544190526     , 1783620015.8644927,  88.563,            38,            0,         2332,         12481, idle
 2.8325685765594244    , 1783620015.884582 ,  88.563,            38,            0,         2332,         12481, idle
 2.852656662464142     , 1783620015.90467  ,  88.563,            38,            0,         2332,         12481, idle
 2.8727445490658283    , 1783620015.9247582,  88.563,            38,            0,         2332,         12481, idle
 2.8928332403302193    , 1783620015.9448469,  88.563,            38,            0,         2332,         12481, idle
 2.912920055910945     , 1783620015.9649336,  88.563,            38,            0,         2332,         12481, idle
 2.9330113362520933    , 1783620015.9850247,  88.563,            38,            0,         2332,         12481, idle
 2.9530994575470686    , 1783620016.0051131,  88.563,            38,            0,         2332,         12481, idle
 2.9731874745339155    , 1783620016.0252013,  88.563,            38,            0,         2332,         12481, idle
 2.9932774007320404    , 1783620016.045291 ,  88.563,            38,            0,         2332,         12481, idle
 3.0133674293756485    , 1783620016.0653813,  89.355,            38,            0,         2332,         12481, idle
 3.0334583036601543    , 1783620016.0854716,  89.355,            38,            0,         2332,         12481, idle
 3.053548665717244     , 1783620016.1055624,  89.355,            38,            0,         2332,         12481, idle
 3.0736376401036978    , 1783620016.1256511,  89.355,            38,            0,         2332,         12481, idle
 3.093728005886078     , 1783620016.1457422,  89.355,            38,            0,         2332,         12481, idle
 3.113821540027857     , 1783620016.1658363,  89.355,            38,            0,         2332,         12481, idle
 3.133915677666664     , 1783620016.1859295,  89.355,            38,            0,         2332,         12481, idle
 3.1540059484541416    , 1783620016.2060194,  89.355,            38,            0,         2332,         12481, idle
 3.1740944012999535    , 1783620016.2261083,  89.355,            38,            0,         2332,         12481, idle
 3.1941827908158302    , 1783620016.2461963,  89.355,            38,            0,         2332,         12481, idle
 3.2142708729952574    , 1783620016.2662847,  89.355,            38,            0,         2332,         12481, idle
 3.2343609761446714    , 1783620016.2863746,  89.355,            38,            0,         2332,         12481, idle
 3.2544493284076452    , 1783620016.3064628,  89.355,            38,            0,         2332,         12481, idle
 3.274536708369851     , 1783620016.32655  ,  89.355,            38,            0,         2332,         12481, idle
 3.2946315370500088    , 1783620016.3466449,  89.355,            38,            0,         2332,         12481, idle
 3.3147207032889128    , 1783620016.3667343,  89.355,            38,            0,         2332,         12481, idle
 3.3348091281950474    , 1783620016.3868227,  89.355,            38,            0,         2332,         12481, idle
 3.354898829013109     , 1783620016.406913 ,  89.355,            38,            0,         2332,         12481, idle
 3.3749887868762016    , 1783620016.4270027,  89.355,            38,            0,         2332,         12481, idle
 3.3950867131352425    , 1783620016.4471004,  89.355,            38,            0,         2332,         12481, idle
 3.415176449343562     , 1783620016.4671903,  89.355,            38,            0,         2332,         12481, idle
 3.435266936197877     , 1783620016.4872804,  89.355,            38,            0,         2332,         12481, idle
 3.455356176942587     , 1783620016.5073698,  89.355,            38,            0,         2332,         12481, idle
 3.4754440132528543    , 1783620016.5274575,  89.355,            38,            0,         2332,         12481, idle
 3.4955322686582804    , 1783620016.5475457,  89.355,            38,            0,         2332,         12481, idle
 3.5156215969473124    , 1783620016.5676358,  89.355,            38,            0,         2332,         12481, idle
 3.535713432356715     , 1783620016.5877275,  89.355,            38,            0,         2332,         12481, idle
 3.5558057855814695    , 1783620016.6078196,  89.355,            38,            0,         2332,         12481, idle
 3.575895832851529     , 1783620016.62791  ,  89.355,            38,            0,         2332,         12481, idle
 3.5959867238998413    , 1783620016.6480007,  89.355,            38,            0,         2332,         12481, idle
 3.616085784509778     , 1783620016.668102 ,  89.355,            38,            0,         2332,         12481, idle
 3.6361793261021376    , 1783620016.688193 ,  89.355,            38,            0,         2332,         12481, idle
 3.6562690250575542    , 1783620016.7082832,  89.355,            38,            0,         2332,         12481, idle
 3.6763656344264746    , 1783620016.7283797,  89.355,            38,            0,         2332,         12481, idle
 3.6964589804410934    , 1783620016.748474 ,  89.355,            38,            0,         2332,         12481, idle
 3.716773560270667     , 1783620016.7687883,  89.355,            38,            0,         2332,         12481, idle
 3.7368663363158703    , 1783620016.78888  ,  89.355,            38,            0,         2332,         12481, idle
 3.7569561190903187    , 1783620016.8089697,  89.355,            38,            0,         2332,         12481, idle
 3.7770497631281614    , 1783620016.8290632,  89.355,            38,            0,         2332,         12481, idle
 3.79715346544981      , 1783620016.849167 ,  89.355,            38,            0,         2332,         12481, idle
 3.81724464148283      , 1783620016.869259 ,  89.355,            38,            0,         2332,         12481, idle
 3.8373355641961098    , 1783620016.8893495,  89.355,            38,            0,         2332,         12481, idle
 3.8574262466281652    , 1783620016.9094396,  89.355,            38,            0,         2332,         12481, idle
 3.8775161281228065    , 1783620016.9295301,  89.355,            38,            0,         2332,         12481, idle
 3.8976084534078836    , 1783620016.9496229,  89.355,            38,            0,         2332,         12481, idle
 3.917699033394456     , 1783620016.9697127,  89.355,            38,            0,         2332,         12481, idle
 3.9377892687916756    , 1783620016.989803 ,  89.355,            38,            0,         2332,         12481, idle
 3.9578807689249516    , 1783620017.0098941,  89.355,            38,            0,         2332,         12481, idle
 3.9779699202626944    , 1783620017.0299835,  89.355,            38,            0,         2332,         12481, idle
 3.9980582054704428    , 1783620017.050072 ,  89.355,            38,            0,         2332,         12481, idle
 4.018150232732296     , 1783620017.070164 ,  88.928,            37,            0,         2332,         12481, idle
 4.038242073729634     , 1783620017.0902565,  88.928,            37,            0,         2332,         12481, idle
 4.058333216235042     , 1783620017.1103468,  88.928,            37,            0,         2332,         12481, idle
 4.0784224960953       , 1783620017.1304362,  88.928,            37,            0,         2332,         12481, idle
 4.098511412739754     , 1783620017.1505249,  88.928,            37,            0,         2332,         12481, idle
 4.118615547195077     , 1783620017.1706455,  88.928,            37,            0,         2332,         12481, idle
 4.138750120997429     , 1783620017.1907666,  88.928,            37,            0,         2332,         12481, idle
 4.158847941085696     , 1783620017.2108629,  88.928,            37,            0,         2332,         12481, idle
 4.178939919918776     , 1783620017.2309535,  88.928,            37,            0,         2332,         12481, idle
 4.1990286484360695    , 1783620017.2510426,  88.928,            37,            0,         2332,         12481, idle
 4.219118235632777     , 1783620017.2711327,  88.928,            37,            0,         2332,         12481, idle
 4.239209042862058     , 1783620017.2912228,  88.928,            37,            0,         2332,         12481, idle
 4.259310808032751     , 1783620017.3113246,  88.928,            37,            0,         2332,         12481, idle
 4.279400646686554     , 1783620017.3314145,  88.928,            37,            0,         2332,         12481, idle
 4.299489464610815     , 1783620017.3515036,  88.928,            37,            0,         2332,         12481, idle
 4.319577865302563     , 1783620017.3715913,  88.928,            37,            0,         2332,         12481, idle
 4.339668208733201     , 1783620017.3916814,  88.928,            37,            0,         2332,         12481, idle
 4.359757963567972     , 1783620017.411772 ,  88.928,            37,            0,         2332,         12481, idle
 4.379846917465329     , 1783620017.431862 ,  88.928,            37,            0,         2332,         12481, idle
 4.399942280724645     , 1783620017.4519565,  88.928,            37,            0,         2332,         12481, idle
 4.420034913346171     , 1783620017.472049 ,  88.928,            37,            0,         2332,         12481, idle
 4.440124841406941     , 1783620017.4921389,  88.928,            37,            0,         2332,         12481, idle
 4.460213037207723     , 1783620017.5122268,  88.928,            37,            0,         2332,         12481, idle
 4.4803017023950815    , 1783620017.5323157,  88.928,            37,            0,         2332,         12481, idle
 4.500390324741602     , 1783620017.5524042,  88.928,            37,            0,         2332,         12481, idle
 4.520479157567024     , 1783620017.5724936,  88.928,            37,            0,         2332,         12481, idle
 4.540568692609668     , 1783620017.592582 ,  88.928,            37,            0,         2332,         12481, idle
 4.560655623674393     , 1783620017.6126695,  88.928,            37,            0,         2332,         12481, idle
 4.580745557323098     , 1783620017.6327596,  88.928,            37,            0,         2332,         12481, idle
 4.600833624601364     , 1783620017.6528468,  88.928,            37,            0,         2332,         12481, idle
 4.620922764763236     , 1783620017.6729367,  88.928,            37,            0,         2332,         12481, idle
 4.641016848385334     , 1783620017.6930356,  88.928,            37,            0,         2332,         12481, idle
 4.661126649007201     , 1783620017.7131517,  88.928,            37,            0,         2332,         12481, idle
 4.681235384196043     , 1783620017.733249 ,  88.928,            37,            0,         2332,         12481, idle
 4.701327718794346     , 1783620017.7533417,  88.928,            37,            0,         2332,         12481, idle
 4.721422182396054     , 1783620017.773437 ,  88.928,            37,            0,         2332,         12481, idle
 4.741517283022404     , 1783620017.7935314,  88.928,            37,            0,         2332,         12481, idle
 4.761611433699727     , 1783620017.8136256,  88.928,            37,            0,         2332,         12481, idle
 4.781702721491456     , 1783620017.8337166,  88.928,            37,            0,         2332,         12481, idle
 4.801793035119772     , 1783620017.8538065,  88.928,            37,            0,         2332,         12481, idle
 4.821895442903042     , 1783620017.8739092,  88.928,            37,            0,         2332,         12481, idle
 4.841985112056136     , 1783620017.8939986,  88.928,            37,            0,         2332,         12481, idle
 4.862074485048652     , 1783620017.914088 ,  88.928,            37,            0,         2332,         12481, idle
 4.882163401693106     , 1783620017.934177 ,  88.928,            37,            0,         2332,         12481, idle
 4.90225188434124      , 1783620017.9542658,  88.928,            37,            0,         2332,         12481, idle
 4.922342017292976     , 1783620017.974356 ,  88.928,            37,            0,         2332,         12481, idle
 4.94243411719799      , 1783620017.9944482,  88.928,            37,            0,         2332,         12481, idle
 4.962525276467204     , 1783620018.0145395,  88.928,            37,            0,         2332,         12481, idle
 4.982614232227206     , 1783620018.0346282,  88.928,            37,            0,         2332,         12481, idle
 5.002703221514821     , 1783620018.0547166,  88.928,            37,            0,         2332,         12481, idle
 5.022791424766183     , 1783620018.0748055,  88.658,            37,            0,         2332,         12481, idle
 5.042881308123469     , 1783620018.0948954,  88.658,            37,            0,         2332,         12481, idle
 5.062972400337458     , 1783620018.1149862,  88.658,            37,            0,         2332,         12481, idle
 5.0830625388771296    , 1783620018.1350765,  88.658,            37,            0,         2332,         12481, idle
 5.103152796626091     , 1783620018.1551673,  88.658,            37,            0,         2332,         12481, idle
 5.12325356900692      , 1783620018.1752677,  88.658,            37,            0,         2332,         12481, idle
 5.143345549702644     , 1783620018.195359 ,  88.658,            37,            0,         2332,         12481, idle
 5.163436511531472     , 1783620018.2154503,  88.658,            37,            0,         2332,         12481, idle
 5.18352691270411      , 1783620018.235541 ,  88.658,            37,            0,         2332,         12481, idle
 5.2036166079342365    , 1783620018.2556305,  88.658,            37,            0,         2332,         12481, idle
 5.223706163465977     , 1783620018.2757201,  88.658,            37,            0,         2332,         12481, idle
 5.2437950279563665    , 1783620018.2958083,  88.658,            37,            0,         2332,         12481, idle
 5.263884479179978     , 1783620018.3158984,  88.658,            37,            0,         2332,         12481, idle
 5.283974604681134     , 1783620018.3359888,  88.658,            37,            0,         2332,         12481, idle
 5.304061075672507     , 1783620018.3560753,  88.658,            37,            0,         2332,         12481, idle
 5.3241484723985195    , 1783620018.3761625,  88.658,            37,            0,         2332,         12481, idle
 5.3442428689450026    , 1783620018.3962564,  88.658,            37,            0,         2332,         12481, idle
 5.364329466596246     , 1783620018.4163435,  88.658,            37,            0,         2332,         12481, idle
 5.384419897571206     , 1783620018.4364336,  88.658,            37,            0,         2332,         12481, idle
 5.40451037697494      , 1783620018.4565237,  88.658,            37,            0,         2332,         12481, idle
 5.42459848895669      , 1783620018.4766126,  88.658,            37,            0,         2332,         12481, idle
 5.444688117131591     , 1783620018.4967017,  88.658,            37,            0,         2332,         12481, idle
 5.4647752065211535    , 1783620018.516789 ,  88.658,            37,            0,         2332,         12481, idle
 5.4848631881177425    , 1783620018.5368762,  88.658,            37,            0,         2332,         12481, idle
 5.504951110109687     , 1783620018.5569646,  88.658,            37,            0,         2332,         12481, idle
 5.525038560852408     , 1783620018.5770528,  88.658,            37,            0,         2332,         12481, idle
 5.545129323378205     , 1783620018.5971541,  88.658,            37,            0,         2332,         12481, idle
 5.565230457112193     , 1783620018.617244 ,  88.658,            37,            0,         2332,         12481, idle
 5.585319973528385     , 1783620018.6373339,  88.658,            37,            0,         2332,         12481, idle
 5.60540883988142      , 1783620018.6574225,  88.658,            37,            0,         2332,         12481, idle
 5.625498777255416     , 1783620018.677513 ,  88.658,            37,            0,         2332,         12481, idle
 5.645590588450432     , 1783620018.697605 ,  88.658,            37,            0,         2332,         12481, idle
 5.665681671351194     , 1783620018.7176955,  88.658,            37,            0,         2332,         12481, idle
 5.685773734003305     , 1783620018.7377877,  88.658,            37,            0,         2332,         12481, idle
 5.70586440525949      , 1783620018.7578783,  88.658,            37,            0,         2332,         12481, idle
 5.725954040884972     , 1783620018.7779684,  88.658,            37,            0,         2332,         12481, idle
 5.7460445165634155    , 1783620018.7980583,  88.658,            37,            0,         2332,         12481, idle
 5.7661334201693535    , 1783620018.8181472,  88.658,            37,            0,         2332,         12481, idle
 5.786222409456968     , 1783620018.838236 ,  88.658,            37,            0,         2332,         12481, idle
 5.80631186440587      , 1783620018.8583257,  88.658,            37,            0,         2332,         12481, idle
 5.826402954757214     , 1783620018.8784173,  88.658,            37,            0,         2332,         12481, idle
 5.846504084765911     , 1783620018.8985183,  88.658,            37,            0,         2332,         12481, idle
 5.866594517603517     , 1783620018.9186082,  88.658,            37,            0,         2332,         12481, idle
 5.886683292686939     , 1783620018.9386976,  88.658,            37,            0,         2332,         12481, idle
 5.9067724123597145    , 1783620018.958786 ,  88.658,            37,            0,         2332,         12481, idle
 5.92686134390533      , 1783620018.978875 ,  88.658,            37,            0,         2332,         12481, idle
 5.946952547878027     , 1783620018.9989657,  88.658,            37,            0,         2332,         12481, idle
 5.9670493844896555    , 1783620019.0190632,  88.658,            37,            0,         2332,         12481, idle
 5.987140301615        , 1783620019.0391538,  88.658,            37,            0,         2332,         12481, idle
 6.007230160757899     , 1783620019.0592444,  88.68 ,            37,            0,         2332,         12481, idle
 6.027322420850396     , 1783620019.0793364,  88.68 ,            37,            0,         2332,         12481, idle
 6.047413062304258     , 1783620019.0994277,  88.68 ,            37,            0,         2332,         12481, idle
 6.067504053935409     , 1783620019.1195185,  88.68 ,            37,            0,         2332,         12481, idle
 6.087595442309976     , 1783620019.1396096,  88.68 ,            37,            0,         2332,         12481, idle
 6.107688952237368     , 1783620019.1597035,  88.68 ,            37,            0,         2332,         12481, idle
 6.127782050520182     , 1783620019.179796 ,  88.68 ,            37,            0,         2332,         12481, idle
 6.147872474044561     , 1783620019.199887 ,  88.68 ,            37,            0,         2332,         12481, idle
 6.1679631769657135    , 1783620019.2199767,  88.68 ,            37,            0,         2332,         12481, idle
 6.188052590936422     , 1783620019.2400665,  88.68 ,            37,            0,         2332,         12481, idle
 6.208143400028348     , 1783620019.260157 ,  88.68 ,            37,            0,         2332,         12481, idle
 6.228231968358159     , 1783620019.2802453,  88.68 ,            37,            0,         2332,         12481, idle
 6.248326923698187     , 1783620019.300344 ,  88.68 ,            37,            0,         2332,         12481, idle
 6.268425105139613     , 1783620019.3204398,  88.68 ,            37,            0,         2332,         12481, idle
 6.288554333150387     , 1783620019.340605 ,  88.68 ,            37,            0,         2332,         12481, idle
 6.308751372620463     , 1783620019.360776 ,  88.68 ,            37,            0,         2332,         12481, idle
 6.328869428485632     , 1783620019.3808863,  88.68 ,            37,            0,         2332,         12481, idle
 6.348961226642132     , 1783620019.400976 ,  88.68 ,            37,            0,         2332,         12481, idle
 6.369047123938799     , 1783620019.4210622,  88.68 ,            37,            0,         2332,         12481, idle
 6.389130633324385     , 1783620019.4411554,  88.68 ,            37,            0,         2332,         12481, idle
 6.409223437309265     , 1783620019.4612372,  88.68 ,            37,            0,         2332,         12481, idle
 6.429311126470566     , 1783620019.4813256,  88.68 ,            37,            0,         2332,         12481, idle
 6.449394868686795     , 1783620019.5014086,  88.68 ,            37,            0,         2332,         12481, idle
 6.469476381316781     , 1783620019.5214899,  88.68 ,            37,            0,         2332,         12481, idle
 6.489601509645581     , 1783620019.541648 ,  88.68 ,            37,            0,         2332,         12481, idle
 6.509788172319531     , 1783620019.5618134,  88.68 ,            37,            0,         2332,         12481, idle
 6.529907558113337     , 1783620019.581925 ,  88.68 ,            37,            0,         2332,         12481, idle
 6.550000375136733     , 1783620019.602015 ,  88.68 ,            37,            0,         2332,         12481, idle
 6.570089001208544     , 1783620019.6221042,  88.68 ,            37,            0,         2332,         12481, idle
 6.590174211189151     , 1783620019.642188 ,  88.68 ,            37,            0,         2332,         12481, idle
 6.610257692635059     , 1783620019.6622722,  88.68 ,            37,            0,         2332,         12481, idle
 6.630342932417989     , 1783620019.682357 ,  88.68 ,            37,            0,         2332,         12481, idle
 6.650428753346205     , 1783620019.7024434,  88.68 ,            37,            0,         2332,         12481, idle
 6.670513432472944     , 1783620019.7225275,  88.68 ,            37,            0,         2332,         12481, idle
 6.690597416833043     , 1783620019.7426114,  88.68 ,            37,            0,         2332,         12481, idle
 6.710678266361356     , 1783620019.762693 ,  88.68 ,            37,            0,         2332,         12481, idle
 6.730769336223602     , 1783620019.7827837,  88.68 ,            37,            0,         2332,         12481, idle
 6.750858437269926     , 1783620019.8028717,  88.68 ,            37,            0,         2332,         12481, idle
 6.7709474340081215    , 1783620019.8229613,  88.68 ,            37,            0,         2332,         12481, idle
 6.791034992784262     , 1783620019.8430493,  88.68 ,            37,            0,         2332,         12481, idle
 6.811138281598687     , 1783620019.863153 ,  88.68 ,            37,            0,         2332,         12481, idle
 6.831228109076619     , 1783620019.8832421,  88.68 ,            37,            0,         2332,         12481, idle
 6.851316517218947     , 1783620019.9033308,  88.68 ,            37,            0,         2332,         12481, idle
 6.8714115135371685    , 1783620019.9234257,  88.68 ,            37,            0,         2332,         12481, idle
 6.891501756384969     , 1783620019.9435155,  88.68 ,            37,            0,         2332,         12481, idle
 6.911591460928321     , 1783620019.9636056,  88.68 ,            37,            0,         2332,         12481, idle
 6.931684540584683     , 1783620019.9836984,  88.68 ,            37,            0,         2332,         12481, idle
 6.951773431152105     , 1783620020.003787 ,  88.68 ,            37,            0,         2332,         12481, idle
 6.971861133351922     , 1783620020.0238748,  88.68 ,            37,            0,         2332,         12481, idle
 6.991950500756502     , 1783620020.0439646,  88.68 ,            37,            0,         2332,         12481, idle
 7.01204689592123      , 1783620020.0640614,  88.92 ,            37,            0,         2332,         12481, idle
 7.03213601373136      , 1783620020.0841503,  88.92 ,            37,            0,         2332,         12481, idle
 7.0522269401699305    , 1783620020.1042418,  88.92 ,            37,            0,         2332,         12481, idle
 7.072319712489843     , 1783620020.1243343,  88.92 ,            37,            0,         2332,         12481, idle
 7.09241302497685      , 1783620020.1444275,  88.92 ,            37,            0,         2332,         12481, idle
 7.112503008916974     , 1783620020.1645174,  88.92 ,            37,            0,         2332,         12481, idle
 7.13259376399219      , 1783620020.1846082,  88.92 ,            37,            0,         2332,         12481, idle
 7.152682280167937     , 1783620020.2046962,  88.92 ,            37,            0,         2332,         12481, idle
 7.172770872712135     , 1783620020.2247853,  88.92 ,            37,            0,         2332,         12481, idle
 7.192860051989555     , 1783620020.244874 ,  88.92 ,            37,            0,         2332,         12481, idle
 7.212948936969042     , 1783620020.2649632,  88.92 ,            37,            0,         2332,         12481, idle
 7.233039040118456     , 1783620020.2850535,  88.92 ,            37,            0,         2332,         12481, idle
 7.253130536526442     , 1783620020.3051798,  88.92 ,            37,            0,         2332,         12481, idle
 7.273258687928319     , 1783620020.3252728,  88.92 ,            37,            0,         2332,         12481, idle
 7.293349884450436     , 1783620020.3453639,  88.92 ,            37,            0,         2332,         12481, idle
 7.313438773155212     , 1783620020.3654532,  88.92 ,            37,            0,         2332,         12481, idle
 7.33352960459888      , 1783620020.3855436,  88.92 ,            37,            0,         2332,         12481, idle
 7.35361885279417      , 1783620020.405633 ,  88.92 ,            37,            0,         2332,         12481, idle
 7.3737083822488785    , 1783620020.4257221,  88.92 ,            37,            0,         2332,         12481, idle
 7.393801752477884     , 1783620020.4458504,  88.92 ,            37,            0,         2332,         12481, idle
 7.413982665166259     , 1783620020.4660044,  88.92 ,            37,            0,         2332,         12481, idle
 7.434096559882164     , 1783620020.4861145,  88.92 ,            37,            0,         2332,         12481, idle
 7.454192107543349     , 1783620020.5062065,  88.92 ,            37,            0,         2332,         12481, idle
 7.474280143156648     , 1783620020.5262947,  88.92 ,            37,            0,         2332,         12481, idle
 7.494363056495786     , 1783620020.5463767,  88.92 ,            37,            0,         2332,         12481, idle
 7.514448773115873     , 1783620020.5664644,  88.92 ,            37,            0,         2332,         12481, idle
 7.534574877470732     , 1783620020.5865898,  88.92 ,            37,            0,         2332,         12481, idle
 7.554660499095917     , 1783620020.6066747,  88.92 ,            37,            0,         2332,         12481, idle
 7.574745612218976     , 1783620020.62676  ,  88.92 ,            37,            0,         2332,         12481, idle
 7.594830829650164     , 1783620020.6468446,  88.92 ,            37,            0,         2332,         12481, idle
 7.614917244762182     , 1783620020.6669328,  88.92 ,            37,            0,         2332,         12481, idle
 7.635016644373536     , 1783620020.6870315,  88.92 ,            37,            0,         2332,         12481, idle
 7.655109276995063     , 1783620020.707124 ,  88.92 ,            37,            0,         2332,         12481, idle
 7.675206713378429     , 1783620020.7272213,  88.92 ,            37,            0,         2332,         12481, idle
 7.695291105657816     , 1783620020.7473044,  88.92 ,            37,            0,         2332,         12481, idle
 7.715374620631337     , 1783620020.7673893,  88.92 ,            37,            0,         2332,         12481, idle
 7.735461099073291     , 1783620020.7874746,  88.92 ,            37,            0,         2332,         12481, idle
 7.755543304607272     , 1783620020.8075569,  88.92 ,            37,            0,         2332,         12481, idle
 7.775624345988035     , 1783620020.827638 ,  88.92 ,            37,            0,         2332,         12481, idle
 7.795708896592259     , 1783620020.8477232,  88.92 ,            37,            0,         2332,         12481, idle
 7.815791511908174     , 1783620020.8678055,  88.92 ,            37,            0,         2332,         12481, idle
 7.835878573358059     , 1783620020.8878925,  88.92 ,            37,            0,         2332,         12481, idle
 7.855963272973895     , 1783620020.9079778,  88.92 ,            37,            0,         2332,         12481, idle
 7.876046929508448     , 1783620020.9280608,  88.92 ,            37,            0,         2332,         12481, idle
 7.896135725080967     , 1783620020.9481497,  88.92 ,            37,            0,         2332,         12481, idle
 7.9162170216441154    , 1783620020.968231 ,  88.92 ,            37,            0,         2332,         12481, idle
 7.93630144931376      , 1783620020.9883156,  88.92 ,            37,            0,         2332,         12481, idle
 7.956383496522903     , 1783620021.008397 ,  88.92 ,            37,            0,         2332,         12481, idle
 7.976464437320828     , 1783620021.0284781,  88.92 ,            37,            0,         2332,         12481, idle
 7.996547186747193     , 1783620021.048561 ,  88.92 ,            37,            0,         2332,         12481, idle
 8.016632651910186     , 1783620021.068648 ,  88.382,            37,            0,         2332,         12481, idle
 8.036723149940372     , 1783620021.088737 ,  88.382,            37,            0,         2332,         12481, idle
 8.056809153407812     , 1783620021.1088228,  88.382,            37,            0,         2332,         12481, idle
 8.07689238153398      , 1783620021.128907 ,  88.382,            37,            0,         2332,         12481, idle
 8.096977861598134     , 1783620021.1489918,  88.382,            37,            0,         2332,         12481, idle
 8.117060892283916     , 1783620021.1690748,  88.382,            37,            0,         2332,         12481, idle
 8.137147415429354     , 1783620021.189162 ,  88.382,            37,            0,         2332,         12481, idle
 8.157232819125056     , 1783620021.2092469,  88.382,            37,            0,         2332,         12481, idle
 8.177317708730698     , 1783620021.2293327,  88.382,            37,            0,         2332,         12481, idle
 8.197412632405758     , 1783620021.2494283,  88.382,            37,            0,         2332,         12481, idle
 8.217507041990757     , 1783620021.269522 ,  88.382,            37,            0,         2332,         12481, idle
 8.237600836902857     , 1783620021.289615 ,  88.382,            37,            0,         2332,         12481, idle
 8.25768256559968      , 1783620021.3096964,  88.382,            37,            0,         2332,         12481, idle
 8.277765460312366     , 1783620021.3297791,  88.382,            37,            0,         2332,         12481, idle
 8.297847583889961     , 1783620021.3498619,  88.382,            37,            0,         2332,         12481, idle
 8.317939089611173     , 1783620021.3699534,  88.382,            37,            0,         2332,         12481, idle
 8.33802194148302      , 1783620021.3900352,  88.382,            37,            0,         2332,         12481, idle
 8.35810356028378      , 1783620021.4101179,  88.382,            37,            0,         2332,         12481, idle
 8.378184389322996     , 1783620021.4301977,  88.382,            37,            0,         2332,         12481, idle
 8.398266753181815     , 1783620021.4502814,  88.382,            37,            0,         2332,         12481, idle
 8.418360641226172     , 1783620021.4703748,  88.382,            37,            0,         2332,         12481, idle
 8.438444508239627     , 1783620021.490458 ,  88.382,            37,            0,         2332,         12481, idle
 8.458526592701674     , 1783620021.5105407,  88.382,            37,            0,         2332,         12481, idle
 8.478608509525657     , 1783620021.5306222,  88.382,            37,            0,         2332,         12481, idle
 8.498690163716674     , 1783620021.5507035,  88.382,            37,            0,         2332,         12481, idle
 8.51877967454493      , 1783620021.5707939,  88.382,            37,            0,         2332,         12481, idle
 8.538872309029102     , 1783620021.5908856,  88.382,            37,            0,         2332,         12481, idle
 8.558953285217285     , 1783620021.6109667,  88.382,            37,            0,         2332,         12481, idle
 8.579033913090825     , 1783620021.6310477,  88.382,            37,            0,         2332,         12481, idle
 8.599115137010813     , 1783620021.6511285,  88.382,            37,            0,         2332,         12481, idle
 8.619207181036472     , 1783620021.671222 ,  88.382,            37,            0,         2332,         12481, idle
 8.639301778748631     , 1783620021.6913168,  88.382,            37,            0,         2332,         12481, idle
 8.659386616200209     , 1783620021.7114   ,  88.382,            37,            0,         2332,         12481, idle
 8.679472804069519     , 1783620021.7314863,  88.382,            37,            0,         2332,         12481, idle
 8.699554041028023     , 1783620021.7515676,  88.382,            37,            0,         2332,         12481, idle
 8.71964274905622      , 1783620021.771657 ,  88.382,            37,            0,         2332,         12481, idle
 8.739726696163416     , 1783620021.7917407,  88.382,            37,            0,         2332,         12481, idle
 8.759808475151658     , 1783620021.8118224,  88.382,            37,            0,         2332,         12481, idle
 8.779892535880208     , 1783620021.8319066,  88.382,            37,            0,         2332,         12481, idle
 8.799976272508502     , 1783620021.8519902,  88.382,            37,            0,         2332,         12481, idle
 8.82006973773241      , 1783620021.8720844,  88.382,            37,            0,         2332,         12481, idle
 8.840158132836223     , 1783620021.8921733,  88.382,            37,            0,         2332,         12481, idle
 8.860253404825926     , 1783620021.9122684,  88.382,            37,            0,         2332,         12481, idle
 8.880345895886421     , 1783620021.9323604,  88.382,            37,            0,         2332,         12481, idle
 8.900430928915739     , 1783620021.952445 ,  88.382,            37,            0,         2332,         12481, idle
 8.920528553426266     , 1783620021.9725432,  88.382,            37,            0,         2332,         12481, idle
 8.940613143146038     , 1783620021.9926264,  88.382,            37,            0,         2332,         12481, idle
 8.960692886263132     , 1783620022.0127065,  88.382,            37,            0,         2332,         12481, idle
 8.980776788666844     , 1783620022.0327902,  88.382,            37,            0,         2332,         12481, idle
 9.00085991807282      , 1783620022.0528734,  88.382,            37,            0,         2332,         12481, idle
 9.020949678495526     , 1783620022.0729635,  88.436,            37,            0,         2332,         12481, idle
 9.041033633053303     , 1783620022.0930483,  88.436,            37,            0,         2332,         12481, idle
 9.061122240498662     , 1783620022.113136 ,  88.436,            37,            0,         2332,         12481, idle
 9.081215023994446     , 1783620022.133229 ,  88.436,            37,            0,         2332,         12481, idle
 9.10129464790225      , 1783620022.1533086,  88.436,            37,            0,         2332,         12481, idle
 9.121384769678116     , 1783620022.1733992,  88.436,            37,            0,         2332,         12481, idle
 9.141469677910209     , 1783620022.1934836,  88.436,            37,            0,         2332,         12481, idle
 9.16155300848186      , 1783620022.2135668,  88.436,            37,            0,         2332,         12481, idle
 9.181638341397047     , 1783620022.233652 ,  88.436,            37,            0,         2332,         12481, idle
 9.20172181352973      , 1783620022.253736 ,  88.436,            37,            0,         2332,         12481, idle
 9.221813397482038     , 1783620022.2738276,  88.436,            37,            0,         2332,         12481, idle
 9.241899313405156     , 1783620022.2939136,  88.436,            37,            0,         2332,         12481, idle
 9.261981977149844     , 1783620022.313996 ,  88.436,            37,            0,         2332,         12481, idle
 9.282068284228444     , 1783620022.334083 ,  88.436,            37,            0,         2332,         12481, idle
 9.30215554125607      , 1783620022.3541696,  88.436,            37,            0,         2332,         12481, idle
 9.32224672473967      , 1783620022.3742604,  88.436,            37,            0,         2332,         12481, idle
 9.342330612242222     , 1783620022.394344 ,  88.436,            37,            0,         2332,         12481, idle
 9.362410383298993     , 1783620022.4144247,  88.436,            37,            0,         2332,         12481, idle
 9.382498340681195     , 1783620022.4345121,  88.436,            37,            0,         2332,         12481, idle
 9.402595724910498     , 1783620022.4546142,  88.436,            37,            0,         2332,         12481, idle
 9.422695392742753     , 1783620022.4747097,  88.436,            37,            0,         2332,         12481, idle
 9.442785363644361     , 1783620022.494799 ,  88.436,            37,            0,         2332,         12481, idle
 9.462867952883244     , 1783620022.514883 ,  88.436,            37,            0,         2332,         12481, idle
 9.482960749417543     , 1783620022.5349755,  88.436,            37,            0,         2332,         12481, idle
 9.503057401627302     , 1783620022.5550716,  88.436,            37,            0,         2332,         12481, idle
 9.523148845881224     , 1783620022.5751631,  88.436,            37,            0,         2332,         12481, idle
 9.543232165277004     , 1783620022.5952458,  88.436,            37,            0,         2332,         12481, idle
 9.563312089070678     , 1783620022.615326 ,  88.436,            37,            0,         2332,         12481, idle
 9.583394026383758     , 1783620022.6354074,  88.436,            37,            0,         2332,         12481, idle
 9.603482108563185     , 1783620022.6554961,  88.436,            37,            0,         2332,         12481, idle
 9.623575052246451     , 1783620022.6755888,  88.436,            37,            0,         2332,         12481, idle
 9.643657909706235     , 1783620022.6956718,  88.436,            37,            0,         2332,         12481, idle
 9.663738584145904     , 1783620022.7157521,  88.436,            37,            0,         2332,         12481, idle
 9.68381923250854      , 1783620022.7358332,  88.436,            37,            0,         2332,         12481, idle
 9.703906988725066     , 1783620022.7559202,  88.436,            37,            0,         2332,         12481, idle
 9.723997524008155     , 1783620022.7760112,  88.436,            37,            0,         2332,         12481, idle
 9.74408246204257      , 1783620022.7960968,  88.436,            37,            0,         2332,         12481, idle
 9.764165129512548     , 1783620022.816179 ,  88.436,            37,            0,         2332,         12481, idle
 9.784246820956469     , 1783620022.8362606,  88.436,            37,            0,         2332,         12481, idle
 9.804334180429578     , 1783620022.8563485,  88.436,            37,            0,         2332,         12481, idle
 9.824424983933568     , 1783620022.8764393,  88.436,            37,            0,         2332,         12481, idle
 9.844508664682508     , 1783620022.8965225,  88.436,            37,            0,         2332,         12481, idle
 9.864589685574174     , 1783620022.9166033,  88.436,            37,            0,         2332,         12481, idle
 9.884670004248619     , 1783620022.9366832,  88.436,            37,            0,         2332,         12481, idle
 9.904755275696516     , 1783620022.9567692,  88.436,            37,            0,         2332,         12481, idle
 9.924845349043608     , 1783620022.9768589,  88.436,            37,            0,         2332,         12481, idle
 9.94493450410664      , 1783620022.9969487,  88.436,            37,            0,         2332,         12481, idle
 9.965014088898897     , 1783620023.0170279,  88.436,            37,            0,         2332,         12481, idle
 9.985094420611858     , 1783620023.0371087,  88.436,            37,            0,         2332,         12481, idle
10.005181225016713     , 1783620023.0571945,  88.436,            37,            0,         2332,         12481, idle
10.025271356105804     , 1783620023.0772853,  88.44 ,            37,            0,         2325,         12481, idle
10.045352533459663     , 1783620023.0973659,  88.44 ,            37,            0,         2325,         12481, idle
10.065431809052825     , 1783620023.1174457,  88.44 ,            37,            0,         2325,         12481, idle
10.085511688143015     , 1783620023.1375258,  88.44 ,            37,            0,         2325,         12481, idle
10.105594689026475     , 1783620023.157608 ,  88.44 ,            37,            0,         2325,         12481, idle
10.125674275681376     , 1783620023.177687 ,  88.44 ,            37,            0,         2325,         12481, idle
10.145742673426867     , 1783620023.1977546,  88.44 ,            37,            0,         2325,         12481, idle
10.165810169652104     , 1783620023.2178226,  88.44 ,            37,            0,         2325,         12481, idle
10.185885144397616     , 1783620023.2378983,  88.44 ,            37,            0,         2325,         12481, idle
10.205963216722012     , 1783620023.2579758,  88.44 ,            37,            0,         2325,         12481, idle
10.22604682482779      , 1783620023.2780597,  88.44 ,            37,            0,         2325,         12481, idle
10.24611583352089      , 1783620023.2981277,  88.44 ,            37,            0,         2325,         12481, idle
10.266182480379939     , 1783620023.3181946,  88.44 ,            37,            0,         2325,         12481, idle
10.28625063225627      , 1783620023.338263 ,  88.44 ,            37,            0,         2325,         12481, idle
10.306322628632188     , 1783620023.358335 ,  88.44 ,            37,            0,         2325,         12481, idle
10.326400958001614     , 1783620023.378414 ,  88.44 ,            37,            0,         2325,         12481, idle
10.346470393240452     , 1783620023.3984823,  88.44 ,            37,            0,         2325,         12481, idle
10.36653869971633      , 1783620023.418551 ,  88.44 ,            37,            0,         2325,         12481, idle
10.38660672865808      , 1783620023.4386191,  88.44 ,            37,            0,         2325,         12481, idle
10.406678598374128     , 1783620023.458691 ,  88.44 ,            37,            0,         2325,         12481, idle
10.426761019974947     , 1783620023.4787755,  88.44 ,            37,            0,         2325,         12481, idle
10.446845443919301     , 1783620023.49886  ,  88.44 ,            37,            0,         2325,         12481, idle
10.46693160943687      , 1783620023.5189457,  88.44 ,            37,            0,         2325,         12481, idle
10.487013353034854     , 1783620023.5390275,  88.44 ,            37,            0,         2325,         12481, idle
10.507100036367774     , 1783620023.5591142,  88.44 ,            37,            0,         2325,         12481, idle
10.52718704752624      , 1783620023.5791998,  88.44 ,            37,            0,         2325,         12481, idle
10.547257808968425     , 1783620023.5992703,  88.44 ,            37,            0,         2325,         12481, idle
10.567329740151763     , 1783620023.6193428,  88.44 ,            37,            0,         2325,         12481, idle
10.587401647120714     , 1783620023.6394145,  88.44 ,            37,            0,         2325,         12481, idle
10.607477469369769     , 1783620023.6594906,  88.44 ,            37,            0,         2325,         12481, idle
10.627564745023847     , 1783620023.6795797,  88.44 ,            37,            0,         2325,         12481, idle
10.647656733170152     , 1783620023.6996715,  88.44 ,            37,            0,         2325,         12481, idle
10.667747892439365     , 1783620023.7197628,  88.44 ,            37,            0,         2325,         12481, idle
10.68783911690116      , 1783620023.739855 ,  88.44 ,            37,            0,         2325,         12481, idle
10.707937689498067     , 1783620023.759952 ,  88.44 ,            37,            0,         2325,         12481, idle
10.728031435981393     , 1783620023.7800455,  88.44 ,            37,            0,         2325,         12481, idle
10.748115180060267     , 1783620023.8001287,  88.44 ,            37,            0,         2325,         12481, idle
10.768196372315288     , 1783620023.8202105,  88.44 ,            37,            0,         2325,         12481, idle
10.788278913125396     , 1783620023.8402927,  88.44 ,            37,            0,         2325,         12481, idle
10.808364061638713     , 1783620023.8603783,  88.44 ,            37,            0,         2325,         12481, idle
10.8284569401294       , 1783620023.8804712,  88.44 ,            37,            0,         2325,         12481, idle
10.848540307953954     , 1783620023.9005542,  88.44 ,            37,            0,         2325,         12481, idle
10.868622604757547     , 1783620023.920637 ,  88.44 ,            37,            0,         2325,         12481, idle
10.88870568946004      , 1783620023.9407198,  88.44 ,            37,            0,         2325,         12481, idle
10.908792547881603     , 1783620023.960807 ,  88.44 ,            37,            0,         2325,         12481, idle
10.928886514157057     , 1783620023.9809008,  88.44 ,            37,            0,         2325,         12481, idle
10.948969764634967     , 1783620024.0009832,  88.44 ,            37,            0,         2325,         12481, idle
10.969060020521283     , 1783620024.0210736,  88.44 ,            37,            0,         2325,         12481, idle
10.989146741107106     , 1783620024.041161 ,  88.44 ,            37,            0,         2325,         12481, idle
11.009233232587576     , 1783620024.0612478,  88.164,            37,            0,         2332,         12481, idle
11.029326042160392     , 1783620024.0813398,  88.164,            37,            0,         2332,         12481, idle
11.049413884058595     , 1783620024.1014297,  88.164,            37,            0,         2332,         12481, idle
11.069509170949459     , 1783620024.1215234,  88.164,            37,            0,         2332,         12481, idle
11.089602243155241     , 1783620024.1416163,  88.164,            37,            0,         2332,         12481, idle
11.109690099954605     , 1783620024.1617043,  88.164,            37,            0,         2332,         12481, idle
11.129780473187566     , 1783620024.1817944,  88.164,            37,            0,         2332,         12481, idle
11.149863597005606     , 1783620024.2018774,  88.164,            37,            0,         2332,         12481, idle
11.169943841174245     , 1783620024.2219574,  88.164,            37,            0,         2332,         12481, idle
11.190026504918933     , 1783620024.2420402,  88.164,            37,            0,         2332,         12481, idle
11.210112761706114     , 1783620024.2621274,  88.164,            37,            0,         2332,         12481, idle
11.23020650818944      , 1783620024.282222 ,  88.164,            37,            0,         2332,         12481, idle
11.250301480293274     , 1783620024.302317 ,  88.164,            37,            0,         2332,         12481, idle
11.270448062568903     , 1783620024.3224947,  88.164,            37,            0,         2332,         12481, idle
11.290636541321874     , 1783620024.3426576,  88.164,            37,            0,         2332,         12481, idle
11.310744466260076     , 1783620024.3627615,  88.164,            37,            0,         2332,         12481, idle
11.33083631284535      , 1783620024.3828506,  88.164,            37,            0,         2332,         12481, idle
11.350920733064413     , 1783620024.402935 ,  88.164,            37,            0,         2332,         12481, idle
11.37100444920361      , 1783620024.4230187,  88.164,            37,            0,         2332,         12481, idle
11.39108631759882      , 1783620024.4431005,  88.164,            37,            0,         2332,         12481, idle
11.411168478429317     , 1783620024.463183 ,  88.164,            37,            0,         2332,         12481, idle
11.431253854185343     , 1783620024.4832675,  88.164,            37,            0,         2332,         12481, idle
11.451338337734342     , 1783620024.5033526,  88.164,            37,            0,         2332,         12481, idle
11.471422573551536     , 1783620024.523437 ,  88.164,            37,            0,         2332,         12481, idle
11.491517985239625     , 1783620024.5435324,  88.164,            37,            0,         2332,         12481, idle
11.51160155236721      , 1783620024.5636158,  88.164,            37,            0,         2332,         12481, idle
11.531692976132035     , 1783620024.5837069,  88.164,            37,            0,         2332,         12481, idle
11.551783224567771     , 1783620024.6037972,  88.164,            37,            0,         2332,         12481, idle
11.571870062500238     , 1783620024.6238837,  88.164,            37,            0,         2332,         12481, idle
11.59194859676063      , 1783620024.6439607,  88.164,            37,            0,         2332,         12481, idle
11.612024772912264     , 1783620024.6640368,  88.164,            37,            0,         2332,         12481, idle
11.632098572328687     , 1783620024.6841106,  88.164,            37,            0,         2332,         12481, idle
11.652172284200788     , 1783620024.7041845,  88.164,            37,            0,         2332,         12481, idle
11.672247601673007     , 1783620024.7242599,  88.164,            37,            0,         2332,         12481, idle
11.692324569448829     , 1783620024.7443385,  88.164,            37,            0,         2332,         12481, idle
11.712413446977735     , 1783620024.7644274,  88.164,            37,            0,         2332,         12481, idle
11.732500966638327     , 1783620024.784515 ,  88.164,            37,            0,         2332,         12481, idle
11.752587417140603     , 1783620024.8046012,  88.164,            37,            0,         2332,         12481, idle
11.772673781961203     , 1783620024.824687 ,  88.164,            37,            0,         2332,         12481, idle
11.792759077623487     , 1783620024.8447726,  88.164,            37,            0,         2332,         12481, idle
11.812848696485162     , 1783620024.8648632,  88.164,            37,            0,         2332,         12481, idle
11.832939088344574     , 1783620024.884953 ,  88.164,            37,            0,         2332,         12481, idle
11.853025982156396     , 1783620024.9050398,  88.164,            37,            0,         2332,         12481, idle
11.873113380745053     , 1783620024.9251275,  88.164,            37,            0,         2332,         12481, idle
11.893215404823422     , 1783620024.9452293,  88.164,            37,            0,         2332,         12481, idle
11.913314307108521     , 1783620024.9653285,  88.164,            37,            0,         2332,         12481, idle
11.93340728059411      , 1783620024.985421 ,  88.164,            37,            0,         2332,         12481, idle
11.95350668951869      , 1783620025.0055203,  88.164,            37,            0,         2332,         12481, idle
11.973596980795264     , 1783620025.0256107,  88.164,            37,            0,         2332,         12481, idle
11.993695648387074     , 1783620025.0457096,  88.164,            37,            0,         2332,         12481, idle
12.013788687065244     , 1783620025.0658033,  88.973,            37,            0,         2332,         12481, idle
12.03388132341206      , 1783620025.0858955,  88.973,            37,            0,         2332,         12481, idle
12.053973393514752     , 1783620025.1059883,  88.973,            37,            0,         2332,         12481, idle
12.074065811932087     , 1783620025.1260805,  88.973,            37,            0,         2332,         12481, idle
12.094157299026847     , 1783620025.1461725,  88.973,            37,            0,         2332,         12481, idle
12.114248787984252     , 1783620025.1662636,  88.973,            37,            0,         2332,         12481, idle
12.134341288357973     , 1783620025.1863554,  88.973,            37,            0,         2332,         12481, idle
12.154431637376547     , 1783620025.2064455,  88.973,            37,            0,         2332,         12481, idle
12.174522504210472     , 1783620025.2265368,  88.973,            37,            0,         2332,         12481, idle
12.194615056738257     , 1783620025.2466295,  88.973,            37,            0,         2332,         12481, idle
12.21470802091062      , 1783620025.266722 ,  88.973,            37,            0,         2332,         12481, idle
12.234802734106779     , 1783620025.2868166,  88.973,            37,            0,         2332,         12481, idle
12.254893068224192     , 1783620025.3069067,  88.973,            37,            0,         2332,         12481, idle
12.27498247846961      , 1783620025.3269968,  88.973,            37,            0,         2332,         12481, idle
12.295073341578245     , 1783620025.347087 ,  88.973,            37,            0,         2332,         12481, idle
12.315163005143404     , 1783620025.3671768,  88.973,            37,            0,         2332,         12481, idle
12.335253117606044     , 1783620025.387267 ,  88.973,            37,            0,         2332,         12481, idle
12.35534356161952      , 1783620025.4073575,  88.973,            37,            0,         2332,         12481, idle
12.375434445217252     , 1783620025.427449 ,  88.973,            37,            0,         2332,         12481, idle
12.395526928827167     , 1783620025.4475412,  88.973,            37,            0,         2332,         12481, idle
12.415618231520057     , 1783620025.467632 ,  88.973,            37,            0,         2332,         12481, idle
12.435709672048688     , 1783620025.4877236,  88.973,            37,            0,         2332,         12481, idle
12.45580055937171      , 1783620025.5078144,  88.973,            37,            0,         2332,         12481, idle
12.475890273228288     , 1783620025.5279045,  88.973,            37,            0,         2332,         12481, idle
12.495979454368353     , 1783620025.5479937,  88.973,            37,            0,         2332,         12481, idle
12.516070917248726     , 1783620025.5680852,  88.973,            37,            0,         2332,         12481, idle
12.536162557080388     , 1783620025.5881767,  88.973,            37,            0,         2332,         12481, idle
12.55625150166452      , 1783620025.6082654,  88.973,            37,            0,         2332,         12481, idle
12.576339891180396     , 1783620025.6283536,  88.973,            37,            0,         2332,         12481, idle
12.596429888159037     , 1783620025.6484435,  88.973,            37,            0,         2332,         12481, idle
12.616518426686525     , 1783620025.6685321,  88.973,            37,            0,         2332,         12481, idle
12.636608200147748     , 1783620025.6886218,  88.973,            37,            0,         2332,         12481, idle
12.656697854399681     , 1783620025.7087119,  88.973,            37,            0,         2332,         12481, idle
12.676785776391625     , 1783620025.7287996,  88.973,            37,            0,         2332,         12481, idle
12.696874553337693     , 1783620025.7488883,  88.973,            37,            0,         2332,         12481, idle
12.716962456703186     , 1783620025.7689767,  88.973,            37,            0,         2332,         12481, idle
12.737054845318198     , 1783620025.7890685,  88.973,            37,            0,         2332,         12481, idle
12.75715172290802      , 1783620025.8091655,  88.973,            37,            0,         2332,         12481, idle
12.777241813018918     , 1783620025.8292556,  88.973,            37,            0,         2332,         12481, idle
12.797337768599391     , 1783620025.8493512,  88.973,            37,            0,         2332,         12481, idle
12.817429345101118     , 1783620025.8694437,  88.973,            37,            0,         2332,         12481, idle
12.837522426620126     , 1783620025.8895361,  88.973,            37,            0,         2332,         12481, idle
12.857618069276214     , 1783620025.9096336,  88.973,            37,            0,         2332,         12481, idle
12.877715677022934     , 1783620025.9297297,  88.973,            37,            0,         2332,         12481, idle
12.897850405424833     , 1783620025.9498978,  88.973,            37,            0,         2332,         12481, idle
12.918024944141507     , 1783620025.9700482,  88.973,            37,            0,         2332,         12481, idle
12.938150880858302     , 1783620025.9901767,  88.973,            37,            0,         2332,         12481, idle
12.95827622525394      , 1783620026.0102913,  88.973,            37,            0,         2332,         12481, idle
12.978363294154406     , 1783620026.0303776,  88.973,            37,            0,         2332,         12481, idle
12.998456053435802     , 1783620026.0504696,  88.973,            37,            0,         2332,         12481, idle
13.018549885600805     , 1783620026.070564 ,  88.92 ,            37,            0,         2325,         12481, idle
13.038637481629848     , 1783620026.090652 ,  88.92 ,            37,            0,         2325,         12481, idle
13.058720225468278     , 1783620026.1107335,  88.92 ,            37,            0,         2325,         12481, idle
13.078802341595292     , 1783620026.1308162,  88.92 ,            37,            0,         2325,         12481, idle
13.09889567270875      , 1783620026.1509101,  88.92 ,            37,            0,         2325,         12481, idle
13.118981093168259     , 1783620026.170995 ,  88.92 ,            37,            0,         2325,         12481, idle
13.139070078730583     , 1783620026.1910849,  88.92 ,            37,            0,         2325,         12481, idle
13.159157885238528     , 1783620026.2111716,  88.92 ,            37,            0,         2325,         12481, idle
13.179240643978119     , 1783620026.2312543,  88.92 ,            37,            0,         2325,         12481, idle
13.199331406503916     , 1783620026.2513452,  88.92 ,            37,            0,         2325,         12481, idle
13.2194145321846       , 1783620026.2714283,  88.92 ,            37,            0,         2325,         12481, idle
13.239500999450684     , 1783620026.2915154,  88.92 ,            37,            0,         2325,         12481, idle
13.259584294632077     , 1783620026.311598 ,  88.92 ,            37,            0,         2325,         12481, idle
13.279665481299162     , 1783620026.3316798,  88.92 ,            37,            0,         2325,         12481, idle
13.299754410982132     , 1783620026.3517685,  88.92 ,            37,            0,         2325,         12481, idle
13.319836601614952     , 1783620026.3718505,  88.92 ,            37,            0,         2325,         12481, idle
13.339925296604633     , 1783620026.3919399,  88.92 ,            37,            0,         2325,         12481, idle
13.360009452328086     , 1783620026.4120235,  88.92 ,            37,            0,         2325,         12481, idle
13.38009175658226      , 1783620026.432105 ,  88.92 ,            37,            0,         2325,         12481, idle
13.400180721655488     , 1783620026.4521952,  88.92 ,            37,            0,         2325,         12481, idle
13.420263880863786     , 1783620026.4722784,  88.92 ,            37,            0,         2325,         12481, idle
13.440349377691746     , 1783620026.492363 ,  88.92 ,            37,            0,         2325,         12481, idle
13.460431611165404     , 1783620026.5124452,  88.92 ,            37,            0,         2325,         12481, idle
13.480515711009502     , 1783620026.5325296,  88.92 ,            37,            0,         2325,         12481, idle
13.500606313347816     , 1783620026.55262  ,  88.92 ,            37,            0,         2325,         12481, idle
13.520690647885203     , 1783620026.5727043,  88.92 ,            37,            0,         2325,         12481, idle
13.54078114964068      , 1783620026.5927954,  88.92 ,            37,            0,         2325,         12481, idle
13.560864057391882     , 1783620026.6128776,  88.92 ,            37,            0,         2325,         12481, idle
13.580945909023285     , 1783620026.63296  ,  88.92 ,            37,            0,         2325,         12481, idle
13.601039988920093     , 1783620026.6530538,  88.92 ,            37,            0,         2325,         12481, idle
13.621121665462852     , 1783620026.673135 ,  88.92 ,            37,            0,         2325,         12481, idle
13.641221683472395     , 1783620026.693236 ,  88.92 ,            37,            0,         2325,         12481, idle
13.66130311973393      , 1783620026.713317 ,  88.92 ,            37,            0,         2325,         12481, idle
13.681385828182101     , 1783620026.7333992,  88.92 ,            37,            0,         2325,         12481, idle
13.701477378606796     , 1783620026.7534912,  88.92 ,            37,            0,         2325,         12481, idle
13.721560223028064     , 1783620026.7735739,  88.92 ,            37,            0,         2325,         12481, idle
13.741642612963915     , 1783620026.7936563,  88.92 ,            37,            0,         2325,         12481, idle
13.761724913492799     , 1783620026.8137393,  88.92 ,            37,            0,         2325,         12481, idle
13.781809456646442     , 1783620026.8338232,  88.92 ,            37,            0,         2325,         12481, idle
13.801903797313571     , 1783620026.8539176,  88.92 ,            37,            0,         2325,         12481, idle
13.821986813098192     , 1783620026.8740003,  88.92 ,            37,            0,         2325,         12481, idle
13.842070061713457     , 1783620026.8940847,  88.92 ,            37,            0,         2325,         12481, idle
13.862152447924018     , 1783620026.9141662,  88.92 ,            37,            0,         2325,         12481, idle
13.882234977558255     , 1783620026.9342492,  88.92 ,            37,            0,         2325,         12481, idle
13.902326691895723     , 1783620026.9543412,  88.92 ,            37,            0,         2325,         12481, idle
13.922407811507583     , 1783620026.9744217,  88.92 ,            37,            0,         2325,         12481, idle
13.942491022869945     , 1783620026.9945052,  88.92 ,            37,            0,         2325,         12481, idle
13.962573071941733     , 1783620027.0145872,  88.92 ,            37,            0,         2325,         12481, idle
13.982653316110373     , 1783620027.0346675,  88.92 ,            37,            0,         2325,         12481, idle
14.002742862328887     , 1783620027.0547562,  88.92 ,            37,            0,         2325,         12481, idle
14.022822404280305     , 1783620027.0748367,  88.98 ,            37,            0,         2325,         12481, idle
14.042913118377328     , 1783620027.0949268,  88.98 ,            37,            0,         2325,         12481, idle
14.062994796782732     , 1783620027.115009 ,  88.98 ,            37,            0,         2325,         12481, idle
14.083075812086463     , 1783620027.1350892,  88.98 ,            37,            0,         2325,         12481, idle
14.103162508457899     , 1783620027.1551762,  88.98 ,            37,            0,         2325,         12481, idle
14.123243544250727     , 1783620027.1752577,  88.98 ,            37,            0,         2325,         12481, idle
14.143328253179789     , 1783620027.195342 ,  88.98 ,            37,            0,         2325,         12481, idle
14.1634142100811       , 1783620027.2154286,  88.98 ,            37,            0,         2325,         12481, idle
14.183498160913587     , 1783620027.2355118,  88.98 ,            37,            0,         2325,         12481, idle
14.203589281067252     , 1783620027.2556038,  88.98 ,            37,            0,         2325,         12481, idle
14.223684567958117     , 1783620027.2756987,  88.98 ,            37,            0,         2325,         12481, idle
14.243770219385624     , 1783620027.2957845,  88.98 ,            37,            0,         2325,         12481, idle
14.263856803998351     , 1783620027.315871 ,  88.98 ,            37,            0,         2325,         12481, idle
14.283941224217415     , 1783620027.3359551,  88.98 ,            37,            0,         2325,         12481, idle
14.304039396345615     , 1783620027.3560538,  88.98 ,            37,            0,         2325,         12481, idle
14.324122650548816     , 1783620027.3761365,  88.98 ,            37,            0,         2325,         12481, idle
14.344207003712654     , 1783620027.3962212,  88.98 ,            37,            0,         2325,         12481, idle
14.36429039388895      , 1783620027.4163043,  88.98 ,            37,            0,         2325,         12481, idle
14.384372660890222     , 1783620027.4363866,  88.98 ,            37,            0,         2325,         12481, idle
14.40446518547833      , 1783620027.456479 ,  88.98 ,            37,            0,         2325,         12481, idle
14.424548644572496     , 1783620027.4765627,  88.98 ,            37,            0,         2325,         12481, idle
14.44463311508298      , 1783620027.4966476,  88.98 ,            37,            0,         2325,         12481, idle
14.464718157425523     , 1783620027.5167327,  88.98 ,            37,            0,         2325,         12481, idle
14.484801648184657     , 1783620027.536815 ,  88.98 ,            37,            0,         2325,         12481, idle
14.504894563928246     , 1783620027.5569086,  88.98 ,            37,            0,         2325,         12481, idle
14.524985423311591     , 1783620027.5769997,  88.98 ,            37,            0,         2325,         12481, idle
14.545067893341184     , 1783620027.597082 ,  88.98 ,            37,            0,         2325,         12481, idle
14.565150517970324     , 1783620027.6171646,  88.98 ,            37,            0,         2325,         12481, idle
14.585231825709343     , 1783620027.6372454,  88.98 ,            37,            0,         2325,         12481, idle
14.605320733040571     , 1783620027.657335 ,  88.98 ,            37,            0,         2325,         12481, idle
14.625412805005908     , 1783620027.6774263,  88.98 ,            37,            0,         2325,         12481, idle
14.645503340288997     , 1783620027.6975174,  88.98 ,            37,            0,         2325,         12481, idle
14.665589420124888     , 1783620027.7176034,  88.98 ,            37,            0,         2325,         12481, idle
14.685673885047436     , 1783620027.7376878,  88.98 ,            37,            0,         2325,         12481, idle
14.70576897636056      , 1783620027.7577863,  88.98 ,            37,            0,         2325,         12481, idle
14.725869368761778     , 1783620027.777883 ,  88.98 ,            37,            0,         2325,         12481, idle
14.745951229706407     , 1783620027.797965 ,  88.98 ,            37,            0,         2325,         12481, idle
14.766033817082644     , 1783620027.818048 ,  88.98 ,            37,            0,         2325,         12481, idle
14.786117944866419     , 1783620027.838132 ,  88.98 ,            37,            0,         2325,         12481, idle
14.80620756931603      , 1783620027.8582222,  88.98 ,            37,            0,         2325,         12481, idle
14.82630188204348      , 1783620027.8783166,  88.98 ,            37,            0,         2325,         12481, idle
14.846386771649122     , 1783620027.8984005,  88.98 ,            37,            0,         2325,         12481, idle
14.866471216082573     , 1783620027.9184854,  88.98 ,            37,            0,         2325,         12481, idle
14.88655685260892      , 1783620027.9385707,  88.98 ,            37,            0,         2325,         12481, idle
14.906647481024265     , 1783620027.9586613,  88.98 ,            37,            0,         2325,         12481, idle
14.926739417016506     , 1783620027.9787533,  88.98 ,            37,            0,         2325,         12481, idle
14.946822479367256     , 1783620027.998836 ,  88.98 ,            37,            0,         2325,         12481, idle
14.96690472215414      , 1783620028.018919 ,  88.98 ,            37,            0,         2325,         12481, idle
14.98698720894754      , 1783620028.039001 ,  88.98 ,            37,            0,         2325,         12481, idle
15.007074480876327     , 1783620028.0590887,  88.492,            37,            0,         2332,         12481, idle
15.027166232466698     , 1783620028.07918  ,  88.492,            37,            0,         2332,         12481, idle
15.047250036150217     , 1783620028.0992641,  88.492,            37,            0,         2332,         12481, idle
15.067344216629863     , 1783620028.1193583,  88.492,            37,            0,         2332,         12481, idle
15.08742842450738      , 1783620028.1394427,  88.492,            37,            0,         2332,         12481, idle
15.107519194483757     , 1783620028.1595333,  88.492,            37,            0,         2332,         12481, idle
15.127611260861158     , 1783620028.1796255,  88.492,            37,            0,         2332,         12481, idle
15.147697575390339     , 1783620028.1997116,  88.492,            37,            0,         2332,         12481, idle
15.167780643329024     , 1783620028.2197943,  88.492,            37,            0,         2332,         12481, idle
15.187862688675523     , 1783620028.2398758,  88.492,            37,            0,         2332,         12481, idle
15.207949802279472     , 1783620028.2599638,  88.492,            37,            0,         2332,         12481, idle
15.228040274232626     , 1783620028.280054 ,  88.492,            37,            0,         2332,         12481, idle
15.24812413752079      , 1783620028.3001378,  88.492,            37,            0,         2332,         12481, idle
15.26820525340736      , 1783620028.3202193,  88.492,            37,            0,         2332,         12481, idle
15.288289623335004     , 1783620028.3403032,  88.492,            37,            0,         2332,         12481, idle
15.308378180488944     , 1783620028.360392 ,  88.492,            37,            0,         2332,         12481, idle
15.328468667343259     , 1783620028.3804822,  88.492,            37,            0,         2332,         12481, idle
15.348551353439689     , 1783620028.4005647,  88.492,            37,            0,         2332,         12481, idle
15.36864049360156      , 1783620028.4206545,  88.492,            37,            0,         2332,         12481, idle
15.38872404024005      , 1783620028.4407387,  88.492,            37,            0,         2332,         12481, idle
15.408812876790762     , 1783620028.4608276,  88.492,            37,            0,         2332,         12481, idle
15.428905569016933     , 1783620028.4809196,  88.492,            37,            0,         2332,         12481, idle
15.448988242074847     , 1783620028.501002 ,  88.492,            37,            0,         2332,         12481, idle
15.469069017097354     , 1783620028.5210826,  88.492,            37,            0,         2332,         12481, idle
15.4891497194767       , 1783620028.5411632,  88.492,            37,            0,         2332,         12481, idle
15.509239234030247     , 1783620028.5612535,  88.492,            37,            0,         2332,         12481, idle
15.52933176793158      , 1783620028.581346 ,  88.492,            37,            0,         2332,         12481, idle
15.549434782937169     , 1783620028.6014578,  88.492,            37,            0,         2332,         12481, idle
15.56954581849277      , 1783620028.6215584,  88.492,            37,            0,         2332,         12481, idle
15.589630153030157     , 1783620028.6416433,  88.492,            37,            0,         2332,         12481, idle
15.60970750823617      , 1783620028.6617198,  88.492,            37,            0,         2332,         12481, idle
15.629785554483533     , 1783620028.6817982,  88.492,            37,            0,         2332,         12481, idle
15.649862391874194     , 1783620028.701875 ,  88.492,            37,            0,         2332,         12481, idle
15.669934121891856     , 1783620028.721946 ,  88.492,            37,            0,         2332,         12481, idle
15.690006649121642     , 1783620028.7420206,  88.492,            37,            0,         2332,         12481, idle
15.71009786427021      , 1783620028.7621145,  88.492,            37,            0,         2332,         12481, idle
15.730198564007878     , 1783620028.782213 ,  88.492,            37,            0,         2332,         12481, idle
15.750281376764178     , 1783620028.8022954,  88.492,            37,            0,         2332,         12481, idle
15.770364865660667     , 1783620028.8223786,  88.492,            37,            0,         2332,         12481, idle
15.790449228137732     , 1783620028.8424633,  88.492,            37,            0,         2332,         12481, idle
15.810537423938513     , 1783620028.8625517,  88.492,            37,            0,         2332,         12481, idle
15.830632315948606     , 1783620028.8826466,  88.492,            37,            0,         2332,         12481, idle
15.850717645138502     , 1783620028.9027324,  88.492,            37,            0,         2332,         12481, idle
15.87080417200923      , 1783620028.922819 ,  88.492,            37,            0,         2332,         12481, idle
15.890887420624495     , 1783620028.9429018,  88.492,            37,            0,         2332,         12481, idle
15.910976815968752     , 1783620028.9629908,  88.492,            37,            0,         2332,         12481, idle
15.931069068610668     , 1783620028.983083 ,  88.492,            37,            0,         2332,         12481, idle
15.951151009649038     , 1783620029.0031652,  88.492,            37,            0,         2332,         12481, idle
15.971235405653715     , 1783620029.0232491,  88.492,            37,            0,         2332,         12481, idle
15.991318492218852     , 1783620029.043332 ,  88.492,            37,            0,         2332,         12481, idle
16.01140628941357      , 1783620029.06342  ,  88.492,            37,            0,         2332,         12481, idle
16.031497480347753     , 1783620029.0835116,  88.492,            37,            0,         2332,         12481, idle
16.05158081650734      , 1783620029.1035948,  88.492,            37,            0,         2332,         12481, idle
16.071663599461317     , 1783620029.1236773,  88.492,            37,            0,         2332,         12481, idle
16.091752825304866     , 1783620029.1437666,  88.492,            37,            0,         2332,         12481, idle
16.11183888092637      , 1783620029.1638527,  88.492,            37,            0,         2332,         12481, idle
16.13193030655384      , 1783620029.1839445,  88.492,            37,            0,         2332,         12481, idle
16.152014423161745     , 1783620029.204028 ,  88.492,            37,            0,         2332,         12481, idle
16.172095714136958     , 1783620029.2241096,  88.492,            37,            0,         2332,         12481, idle
16.192178208380938     , 1783620029.244192 ,  88.492,            37,            0,         2332,         12481, idle
16.21227030828595      , 1783620029.2642846,  88.492,            37,            0,         2332,         12481, idle
16.232363728806376     , 1783620029.2843776,  88.492,            37,            0,         2332,         12481, idle
16.25244952738285      , 1783620029.3044636,  88.492,            37,            0,         2332,         12481, idle
16.27253444865346      , 1783620029.3245482,  88.492,            37,            0,         2332,         12481, idle
16.29261764511466      , 1783620029.3446312,  88.492,            37,            0,         2332,         12481, idle
16.312703028321266     , 1783620029.364717 ,  88.492,            37,            0,         2332,         12481, idle
16.332797657698393     , 1783620029.3848176,  88.492,            37,            0,         2332,         12481, idle
16.35288535244763      , 1783620029.4048998,  88.492,            37,            0,         2332,         12481, idle
16.372969461604953     , 1783620029.424983 ,  88.492,            37,            0,         2332,         12481, idle
16.393051613122225     , 1783620029.4450655,  88.492,            37,            0,         2332,         12481, idle
16.41314858570695      , 1783620029.4651628,  88.492,            37,            0,         2332,         12481, idle
16.4332407489419       , 1783620029.4852548,  88.492,            37,            0,         2332,         12481, idle
16.45332309231162      , 1783620029.505337 ,  88.492,            37,            0,         2332,         12481, idle
16.473405834287405     , 1783620029.5254197,  88.492,            37,            0,         2332,         12481, idle
16.49348765052855      , 1783620029.5455012,  88.492,            37,            0,         2332,         12481, idle
16.513572270050645     , 1783620029.5655868,  88.492,            37,            0,         2332,         12481, idle
16.53366250731051      , 1783620029.5856762,  88.492,            37,            0,         2332,         12481, idle
16.553743360564113     , 1783620029.605757 ,  88.492,            37,            0,         2332,         12481, idle
16.57382518798113      , 1783620029.6258395,  88.492,            37,            0,         2332,         12481, idle
16.593906899914145     , 1783620029.6459212,  88.492,            37,            0,         2332,         12481, idle
16.613994060084224     , 1783620029.6660082,  88.492,            37,            0,         2332,         12481, idle
16.634083105251193     , 1783620029.686097 ,  88.492,            37,            0,         2332,         12481, idle
16.654164904728532     , 1783620029.7061787,  88.492,            37,            0,         2332,         12481, idle
16.674246717244387     , 1783620029.7262602,  88.492,            37,            0,         2332,         12481, idle
16.694339072331786     , 1783620029.7463531,  88.492,            37,            0,         2332,         12481, idle
16.714427925646305     , 1783620029.766442 ,  88.492,            37,            0,         2332,         12481, idle
16.73452012054622      , 1783620029.786534 ,  88.492,            37,            0,         2332,         12481, idle
16.75460308417678      , 1783620029.8066163,  88.492,            37,            0,         2332,         12481, idle
16.77471061423421      , 1783620029.826743 ,  88.492,            37,            0,         2332,         12481, idle
16.7948554828763       , 1783620029.8468733,  88.492,            37,            0,         2332,         12481, idle
16.81495976448059      , 1783620029.8669763,  88.492,            37,            0,         2332,         12481, idle
16.835055503994226     , 1783620029.8870695,  88.492,            37,            0,         2332,         12481, idle
16.855145521461964     , 1783620029.9071593,  88.492,            37,            0,         2332,         12481, idle
16.87523596547544      , 1783620029.92725  ,  88.492,            37,            0,         2332,         12481, idle
16.895325377583504     , 1783620029.9473388,  88.492,            37,            0,         2332,         12481, idle
16.915413392707705     , 1783620029.967427 ,  88.492,            37,            0,         2332,         12481, idle
16.93550489284098      , 1783620029.9875183,  88.492,            37,            0,         2332,         12481, idle
16.955595226958394     , 1783620030.007609 ,  88.492,            37,            0,         2332,         12481, idle
16.97568341344595      , 1783620030.0276966,  88.492,            37,            0,         2332,         12481, idle
16.995771192014217     , 1783620030.0477855,  88.492,            37,            0,         2332,         12481, idle
17.015860388055444     , 1783620030.067874 ,  88.433,            37,            0,         2332,         12481, idle
17.035953668877482     , 1783620030.087968 ,  88.433,            37,            0,         2332,         12481, idle
17.056052334606647     , 1783620030.1080663,  88.433,            37,            0,         2332,         12481, idle
17.076145369559526     , 1783620030.1281595,  88.433,            37,            0,         2332,         12481, idle
17.09623739309609      , 1783620030.1482515,  88.433,            37,            0,         2332,         12481, idle
17.116332603618503     , 1783620030.168347 ,  88.433,            37,            0,         2332,         12481, idle
17.13642399199307      , 1783620030.1884375,  88.433,            37,            0,         2332,         12481, idle
17.156512569636106     , 1783620030.2085264,  88.433,            37,            0,         2332,         12481, idle
17.17660146392882      , 1783620030.2286158,  88.433,            37,            0,         2332,         12481, idle
17.19669064693153      , 1783620030.248704 ,  88.433,            37,            0,         2332,         12481, idle
17.216779792681336     , 1783620030.2687938,  88.433,            37,            0,         2332,         12481, idle
17.23687227256596      , 1783620030.288886 ,  88.433,            37,            0,         2332,         12481, idle
17.256962096318603     , 1783620030.3089755,  88.433,            37,            0,         2332,         12481, idle
17.2770787011832       , 1783620030.3291147,  88.433,            37,            0,         2332,         12481, idle
17.297219436615705     , 1783620030.3492389,  88.433,            37,            0,         2332,         12481, idle
17.317322047427297     , 1783620030.3693392,  88.433,            37,            0,         2332,         12481, idle
17.337415780872107     , 1783620030.3894305,  88.433,            37,            0,         2332,         12481, idle
17.357500236481428     , 1783620030.4095142,  88.433,            37,            0,         2332,         12481, idle
17.377583330497146     , 1783620030.4295974,  88.433,            37,            0,         2332,         12481, idle
17.397667361423373     , 1783620030.449681 ,  88.433,            37,            0,         2332,         12481, idle
17.417750000953674     , 1783620030.4697638,  88.433,            37,            0,         2332,         12481, idle
17.437832901254296     , 1783620030.489847 ,  88.433,            37,            0,         2332,         12481, idle
17.45791576243937      , 1783620030.509929 ,  88.433,            37,            0,         2332,         12481, idle
17.47799940407276      , 1783620030.530013 ,  88.433,            37,            0,         2332,         12481, idle
17.49808063544333      , 1783620030.5500944,  88.433,            37,            0,         2332,         12481, idle
17.51816193200648      , 1783620030.570176 ,  88.433,            37,            0,         2332,         12481, idle
17.538244983181357     , 1783620030.5902584,  88.433,            37,            0,         2332,         12481, idle
17.55832639336586      , 1783620030.6103399,  88.433,            37,            0,         2332,         12481, idle
17.578411288559437     , 1783620030.6304262,  88.433,            37,            0,         2332,         12481, idle
17.59849524870515      , 1783620030.65051  ,  88.433,            37,            0,         2332,         12481, idle
17.61857641302049      , 1783620030.67059  ,  88.433,            37,            0,         2332,         12481, idle
17.638681733980775     , 1783620030.6906967,  88.433,            37,            0,         2332,         12481, idle
17.658765794709325     , 1783620030.7107797,  88.433,            37,            0,         2332,         12481, idle
17.67884711921215      , 1783620030.730861 ,  88.433,            37,            0,         2332,         12481, idle
17.698934193700552     , 1783620030.7509484,  88.433,            37,            0,         2332,         12481, idle
17.719015445560217     , 1783620030.7710297,  88.433,            37,            0,         2332,         12481, idle
17.739207779988647     , 1783620030.7912219,  88.433,            37,            0,         2332,         12481, idle
17.759290581569076     , 1783620030.8113043,  88.433,            37,            0,         2332,         12481, idle
17.779374131932855     , 1783620030.8313882,  88.433,            37,            0,         2332,         12481, idle
17.79945783689618      , 1783620030.851472 ,  88.433,            37,            0,         2332,         12481, idle
17.819541037082672     , 1783620030.8715553,  88.433,            37,            0,         2332,         12481, idle
17.83962580189109      , 1783620030.8916395,  88.433,            37,            0,         2332,         12481, idle
17.85970867611468      , 1783620030.9117227,  88.433,            37,            0,         2332,         12481, idle
17.879790492355824     , 1783620030.9318042,  88.433,            37,            0,         2332,         12481, idle
17.899871960282326     , 1783620030.9518862,  88.433,            37,            0,         2332,         12481, idle
17.9199605807662       , 1783620030.9719744,  88.433,            37,            0,         2332,         12481, idle
17.940044471994042     , 1783620030.992059 ,  88.433,            37,            0,         2332,         12481, idle
17.96012758091092      , 1783620031.0121415,  88.433,            37,            0,         2332,         12481, idle
17.980210807174444     , 1783620031.0322242,  88.433,            37,            0,         2332,         12481, idle
18.000291345641017     , 1783620031.0523047,  88.433,            37,            0,         2332,         12481, idle
18.020371939986944     , 1783620031.0723863,  88.382,            37,            0,         2332,         12481, idle
18.040455350652337     , 1783620031.092469 ,  88.382,            37,            0,         2332,         12481, idle
18.060538221150637     , 1783620031.1125524,  88.382,            37,            0,         2332,         12481, idle
18.080622063949704     , 1783620031.1326358,  88.382,            37,            0,         2332,         12481, idle
18.100705333054066     , 1783620031.152719 ,  88.382,            37,            0,         2332,         12481, idle
18.120789248496294     , 1783620031.1728034,  88.382,            37,            0,         2332,         12481, idle
18.14087863638997      , 1783620031.1928928,  88.382,            37,            0,         2332,         12481, idle
18.16096088849008      , 1783620031.2129743,  88.382,            37,            0,         2332,         12481, idle
18.181040240451694     , 1783620031.2330542,  88.382,            37,            0,         2332,         12481, idle
18.201120633631945     , 1783620031.2531352,  88.382,            37,            0,         2332,         12481, idle
18.221216080710292     , 1783620031.2732303,  88.382,            37,            0,         2332,         12481, idle
18.241300124675035     , 1783620031.2933142,  88.382,            37,            0,         2332,         12481, idle
18.261379539966583     , 1783620031.3133934,  88.382,            37,            0,         2332,         12481, idle
18.281460274010897     , 1783620031.3334744,  88.382,            37,            0,         2332,         12481, idle
18.301539678126574     , 1783620031.3535538,  88.382,            37,            0,         2332,         12481, idle
18.32162145897746      , 1783620031.373635 ,  88.382,            37,            0,         2332,         12481, idle
18.34170244447887      , 1783620031.3937166,  88.382,            37,            0,         2332,         12481, idle
18.361783178523183     , 1783620031.413797 ,  88.382,            37,            0,         2332,         12481, idle
18.381865236908197     , 1783620031.4338794,  88.382,            37,            0,         2332,         12481, idle
18.401948088780046     , 1783620031.4539626,  88.382,            37,            0,         2332,         12481, idle
18.42203120328486      , 1783620031.4740458,  88.382,            37,            0,         2332,         12481, idle
18.442113861441612     , 1783620031.4941282,  88.382,            37,            0,         2332,         12481, idle
18.46219470910728      , 1783620031.514209 ,  88.382,            37,            0,         2332,         12481, idle
18.482277438044548     , 1783620031.5342915,  88.382,            37,            0,         2332,         12481, idle
18.50236063078046      , 1783620031.5543742,  88.382,            37,            0,         2332,         12481, idle
18.522442396730185     , 1783620031.574456 ,  88.382,            37,            0,         2332,         12481, idle
18.542525028809905     , 1783620031.5945387,  88.382,            37,            0,         2332,         12481, idle
18.562607469037175     , 1783620031.6146212,  88.382,            37,            0,         2332,         12481, idle
18.582687636837363     , 1783620031.6347013,  88.382,            37,            0,         2332,         12481, idle
18.60276878066361      , 1783620031.6547825,  88.382,            37,            0,         2332,         12481, idle
18.622852090746164     , 1783620031.674866 ,  88.382,            37,            0,         2332,         12481, idle
18.642933012917638     , 1783620031.6949468,  88.382,            37,            0,         2332,         12481, idle
18.663015937432647     , 1783620031.71503  ,  88.382,            37,            0,         2332,         12481, idle
18.683098597452044     , 1783620031.7351122,  88.382,            37,            0,         2332,         12481, idle
18.703180903568864     , 1783620031.7551947,  88.382,            37,            0,         2332,         12481, idle
18.723263109102845     , 1783620031.7752771,  88.382,            37,            0,         2332,         12481, idle
18.743344757705927     , 1783620031.7953587,  88.382,            37,            0,         2332,         12481, idle
18.76342699304223      , 1783620031.8154414,  88.382,            37,            0,         2332,         12481, idle
18.78351954370737      , 1783620031.8355334,  88.382,            37,            0,         2332,         12481, idle
18.80360246822238      , 1783620031.855616 ,  88.382,            37,            0,         2332,         12481, idle
18.823683420196176     , 1783620031.8756971,  88.382,            37,            0,         2332,         12481, idle
18.843764500692487     , 1783620031.8957787,  88.382,            37,            0,         2332,         12481, idle
18.863845160230994     , 1783620031.9158592,  88.382,            37,            0,         2332,         12481, idle
18.883927477523685     , 1783620031.9359412,  88.382,            37,            0,         2332,         12481, idle
18.90400944277644      , 1783620031.9560232,  88.382,            37,            0,         2332,         12481, idle
18.924092065542936     , 1783620031.9761057,  88.382,            37,            0,         2332,         12481, idle
18.94417410902679      , 1783620031.996188 ,  88.382,            37,            0,         2332,         12481, idle
18.96425800397992      , 1783620032.016272 ,  88.382,            37,            0,         2332,         12481, idle
18.984338965266943     , 1783620032.0363524,  88.382,            37,            0,         2332,         12481, idle
19.004421601071954     , 1783620032.0564349,  87.889,            37,            0,         2332,         12481, idle
19.024503169581294     , 1783620032.0765173,  87.889,            37,            0,         2332,         12481, idle
19.044588055461645     , 1783620032.096602 ,  87.889,            37,            0,         2332,         12481, idle
19.064672404900193     , 1783620032.1166866,  87.889,            37,            0,         2332,         12481, idle
19.0847547352314       , 1783620032.1367686,  87.889,            37,            0,         2332,         12481, idle
19.104835968464613     , 1783620032.15685  ,  87.889,            37,            0,         2332,         12481, idle
19.12491775676608      , 1783620032.1769316,  87.889,            37,            0,         2332,         12481, idle
19.144998107105494     , 1783620032.1970122,  87.889,            37,            0,         2332,         12481, idle
19.165085704997182     , 1783620032.2170994,  87.889,            37,            0,         2332,         12481, idle
19.185167469084263     , 1783620032.2371814,  87.889,            37,            0,         2332,         12481, idle
19.20525060966611      , 1783620032.2572646,  87.889,            37,            0,         2332,         12481, idle
19.225333953276277     , 1783620032.2773478,  87.889,            37,            0,         2332,         12481, idle
19.245431791990995     , 1783620032.2974515,  87.889,            37,            0,         2332,         12481, idle
19.265529189258814     , 1783620032.3175435,  87.889,            37,            0,         2332,         12481, idle
19.285612665116787     , 1783620032.3376267,  87.889,            37,            0,         2332,         12481, idle
19.305696357041597     , 1783620032.3577106,  87.889,            37,            0,         2332,         12481, idle
19.32577976025641      , 1783620032.377793 ,  87.889,            37,            0,         2332,         12481, idle
19.34586265683174      , 1783620032.3978763,  87.889,            37,            0,         2332,         12481, idle
19.365944389253855     , 1783620032.4179585,  87.889,            37,            0,         2332,         12481, idle
19.38602669723332      , 1783620032.4380403,  87.889,            37,            0,         2332,         12481, idle
19.406124832108617     , 1783620032.4581454,  87.889,            37,            0,         2332,         12481, idle
19.42622601427138      , 1783620032.4782395,  87.889,            37,            0,         2332,         12481, idle
19.446308398619294     , 1783620032.4983225,  87.889,            37,            0,         2332,         12481, idle
19.46639276482165      , 1783620032.5184069,  87.889,            37,            0,         2332,         12481, idle
19.486478781327605     , 1783620032.5384927,  87.889,            37,            0,         2332,         12481, idle
19.50656109675765      , 1783620032.5585756,  87.889,            37,            0,         2332,         12481, idle
19.52668664045632      , 1783620032.5787418,  87.889,            37,            0,         2332,         12481, idle
19.54690539650619      , 1783620032.59893  ,  87.889,            37,            0,         2332,         12481, idle
19.567032657563686     , 1783620032.6190503,  87.889,            37,            0,         2332,         12481, idle
19.587135136127472     , 1783620032.6391501,  87.889,            37,            0,         2332,         12481, idle
19.607227900996804     , 1783620032.6592429,  87.889,            37,            0,         2332,         12481, idle
19.627331096678972     , 1783620032.6793454,  87.889,            37,            0,         2332,         12481, idle
19.64742105267942      , 1783620032.6994345,  87.889,            37,            0,         2332,         12481, idle
19.66750975884497      , 1783620032.7195241,  87.889,            37,            0,         2332,         12481, idle
19.687605952844024     , 1783620032.7396207,  87.889,            37,            0,         2332,         12481, idle
19.707694940268993     , 1783620032.759709 ,  87.889,            37,            0,         2332,         12481, idle
19.727784173563123     , 1783620032.7797985,  87.889,            37,            0,         2332,         12481, idle
19.74787723645568      , 1783620032.7998912,  87.889,            37,            0,         2332,         12481, idle
19.76796742901206      , 1783620032.8199809,  87.889,            37,            0,         2332,         12481, idle
19.78805554099381      , 1783620032.8400693,  87.889,            37,            0,         2332,         12481, idle
19.808143816888332     , 1783620032.8601582,  87.889,            37,            0,         2332,         12481, idle
19.828234096989036     , 1783620032.880248 ,  87.889,            37,            0,         2332,         12481, idle
19.848324364051223     , 1783620032.9003382,  87.889,            37,            0,         2332,         12481, idle
19.86841474659741      , 1783620032.9204283,  87.889,            37,            0,         2332,         12481, idle
19.888503544032574     , 1783620032.9405177,  87.889,            37,            0,         2332,         12481, idle
19.908591140061617     , 1783620032.9606059,  87.889,            37,            0,         2332,         12481, idle
19.928684752434492     , 1783620032.9807007,  87.889,            37,            0,         2332,         12481, idle
19.948776787146926     , 1783620033.0007906,  87.889,            37,            0,         2332,         12481, idle
19.968864381313324     , 1783620033.0208786,  87.889,            37,            0,         2332,         12481, idle
19.988955764099956     , 1783620033.0409696,  87.889,            37,            0,         2332,         12481, idle
20.009046088904142     , 1783620033.0610602,  87.895,            37,            0,         2325,         12481, idle
20.02914654277265      , 1783620033.0811603,  87.895,            37,            0,         2325,         12481, idle
20.04923863336444      , 1783620033.1012533,  87.895,            37,            0,         2325,         12481, idle
20.069332921877503     , 1783620033.1213474,  87.895,            37,            0,         2325,         12481, idle
20.089426452293992     , 1783620033.1414409,  87.895,            37,            0,         2325,         12481, idle
20.109518632292747     , 1783620033.1615326,  87.895,            37,            0,         2325,         12481, idle
20.12961196526885      , 1783620033.1816254,  87.895,            37,            0,         2325,         12481, idle
20.14970272220671      , 1783620033.201717 ,  87.895,            37,            0,         2325,         12481, idle
20.169794220477343     , 1783620033.221808 ,  87.895,            37,            0,         2325,         12481, idle
20.189892096444964     , 1783620033.2419062,  87.895,            37,            0,         2325,         12481, idle
20.209982588887215     , 1783620033.261996 ,  87.895,            37,            0,         2325,         12481, idle
20.230072086676955     , 1783620033.282086 ,  87.895,            37,            0,         2325,         12481, idle
20.25016069225967      , 1783620033.3021748,  87.895,            37,            0,         2325,         12481, idle
20.270249797031283     , 1783620033.3222635,  87.895,            37,            0,         2325,         12481, idle
20.290339831262827     , 1783620033.3423538,  87.895,            37,            0,         2325,         12481, idle
20.310428772121668     , 1783620033.362443 ,  87.895,            37,            0,         2325,         12481, idle
20.330520862713456     , 1783620033.382535 ,  87.895,            37,            0,         2325,         12481, idle
20.35061238333583      , 1783620033.4026268,  87.895,            37,            0,         2325,         12481, idle
20.370701441541314     , 1783620033.4227152,  87.895,            37,            0,         2325,         12481, idle
20.390791377052665     , 1783620033.4428053,  87.895,            37,            0,         2325,         12481, idle
20.410881709307432     , 1783620033.462896 ,  87.895,            37,            0,         2325,         12481, idle
20.430972097441554     , 1783620033.4829857,  87.895,            37,            0,         2325,         12481, idle
20.45106285251677      , 1783620033.5030787,  87.895,            37,            0,         2325,         12481, idle
20.471164245158434     , 1783620033.5231793,  87.895,            37,            0,         2325,         12481, idle
20.491257045418024     , 1783620033.5432718,  87.895,            37,            0,         2325,         12481, idle
20.511346839368343     , 1783620033.563361 ,  87.895,            37,            0,         2325,         12481, idle
20.53144033625722      , 1783620033.5834546,  87.895,            37,            0,         2325,         12481, idle
20.551536295562983     , 1783620033.6035514,  87.895,            37,            0,         2325,         12481, idle
20.57163341715932      , 1783620033.6236484,  87.895,            37,            0,         2325,         12481, idle
20.591728700324893     , 1783620033.6437435,  87.895,            37,            0,         2325,         12481, idle
20.611823888495564     , 1783620033.6638381,  87.895,            37,            0,         2325,         12481, idle
20.631919076666236     , 1783620033.683934 ,  87.895,            37,            0,         2325,         12481, idle
20.652014466002584     , 1783620033.7040293,  87.895,            37,            0,         2325,         12481, idle
20.672104757279158     , 1783620033.72412  ,  87.895,            37,            0,         2325,         12481, idle
20.692198188975453     , 1783620033.7442136,  87.895,            37,            0,         2325,         12481, idle
20.712288169190288     , 1783620033.7643034,  87.895,            37,            0,         2325,         12481, idle
20.73238212056458      , 1783620033.7843971,  87.895,            37,            0,         2325,         12481, idle
20.75247334316373      , 1783620033.804488 ,  87.895,            37,            0,         2325,         12481, idle
20.77256080508232      , 1783620033.8245752,  87.895,            37,            0,         2325,         12481, idle
20.79265008121729      , 1783620033.8446646,  87.895,            37,            0,         2325,         12481, idle
20.81273875758052      , 1783620033.8647535,  87.895,            37,            0,         2325,         12481, idle
20.832851072773337     , 1783620033.884866 ,  87.895,            37,            0,         2325,         12481, idle
20.852940114215016     , 1783620033.9049542,  87.895,            37,            0,         2325,         12481, idle
20.873028876259923     , 1783620033.925043 ,  87.895,            37,            0,         2325,         12481, idle
20.89311901293695      , 1783620033.9451344,  87.895,            37,            0,         2325,         12481, idle
20.91322804428637      , 1783620033.9652436,  87.895,            37,            0,         2325,         12481, idle
20.933326993137598     , 1783620033.9853418,  87.895,            37,            0,         2325,         12481, idle
20.9534218814224       , 1783620034.0054364,  87.895,            37,            0,         2325,         12481, idle
20.9735217820853       , 1783620034.0255373,  87.895,            37,            0,         2325,         12481, idle
20.993619540706277     , 1783620034.0456338,  87.895,            37,            0,         2325,         12481, idle
21.013715106993914     , 1783620034.0657308,  88.44 ,            37,            0,         2332,         12481, idle
21.033812314271927     , 1783620034.0858278,  88.44 ,            37,            0,         2332,         12481, idle
21.053909309208393     , 1783620034.105924 ,  88.44 ,            37,            0,         2332,         12481, idle
21.07399795204401      , 1783620034.1260123,  88.44 ,            37,            0,         2332,         12481, idle
21.094084793701768     , 1783620034.1460984,  88.44 ,            37,            0,         2332,         12481, idle
21.11416970938444      , 1783620034.1661844,  88.44 ,            37,            0,         2332,         12481, idle
21.13425813987851      , 1783620034.1862721,  88.44 ,            37,            0,         2332,         12481, idle
21.154349556192756     , 1783620034.206364 ,  88.44 ,            37,            0,         2332,         12481, idle
21.174470288679004     , 1783620034.2265096,  88.44 ,            37,            0,         2332,         12481, idle
21.19461378455162      , 1783620034.246635 ,  88.44 ,            37,            0,         2332,         12481, idle
21.21473335660994      , 1783620034.2667508,  88.44 ,            37,            0,         2332,         12481, idle
21.234829023480415     , 1783620034.2868435,  88.44 ,            37,            0,         2332,         12481, idle
21.25491358526051      , 1783620034.3069277,  88.44 ,            37,            0,         2332,         12481, idle
21.27499913610518      , 1783620034.327014 ,  88.44 ,            37,            0,         2332,         12481, idle
21.29508512094617      , 1783620034.3471   ,  88.44 ,            37,            0,         2332,         12481, idle
21.315178744494915     , 1783620034.3671935,  88.44 ,            37,            0,         2332,         12481, idle
21.33528057858348      , 1783620034.387295 ,  88.44 ,            37,            0,         2332,         12481, idle
21.355365628376603     , 1783620034.4073796,  88.44 ,            37,            0,         2332,         12481, idle
21.375450428575277     , 1783620034.4274645,  88.44 ,            37,            0,         2332,         12481, idle
21.3955353833735       , 1783620034.4475496,  88.44 ,            37,            0,         2332,         12481, idle
21.415624288842082     , 1783620034.4676383,  88.44 ,            37,            0,         2332,         12481, idle
21.43571718968451      , 1783620034.4877315,  88.44 ,            37,            0,         2332,         12481, idle
21.455801455304027     , 1783620034.5078151,  88.44 ,            37,            0,         2332,         12481, idle
21.475884087383747     , 1783620034.5278976,  88.44 ,            37,            0,         2332,         12481, idle
21.495974853634834     , 1783620034.5479896,  88.44 ,            37,            0,         2332,         12481, idle
21.516066633164883     , 1783620034.568081 ,  88.44 ,            37,            0,         2332,         12481, idle
21.53615792095661      , 1783620034.5881715,  88.44 ,            37,            0,         2332,         12481, idle
21.556240767240524     , 1783620034.608255 ,  88.44 ,            37,            0,         2332,         12481, idle
21.576343048363924     , 1783620034.6283748,  88.44 ,            37,            0,         2332,         12481, idle
21.596466600894928     , 1783620034.6484795,  88.44 ,            37,            0,         2332,         12481, idle
21.616545259952545     , 1783620034.6685581,  88.44 ,            37,            0,         2332,         12481, idle
21.636623933911324     , 1783620034.688637 ,  88.44 ,            37,            0,         2332,         12481, idle
21.656699560582638     , 1783620034.7087116,  88.44 ,            37,            0,         2332,         12481, idle
21.676773596554995     , 1783620034.728786 ,  88.44 ,            37,            0,         2332,         12481, idle
21.69684999063611      , 1783620034.748863 ,  88.44 ,            37,            0,         2332,         12481, idle
21.716931419447064     , 1783620034.768946 ,  88.44 ,            37,            0,         2332,         12481, idle
21.737035056576133     , 1783620034.7890496,  88.44 ,            37,            0,         2332,         12481, idle
21.757120644673705     , 1783620034.8091345,  88.44 ,            37,            0,         2332,         12481, idle
21.777217304334044     , 1783620034.8292313,  88.44 ,            37,            0,         2332,         12481, idle
21.797301853075624     , 1783620034.8493164,  88.44 ,            37,            0,         2332,         12481, idle
21.8173952922225       , 1783620034.8694103,  88.44 ,            37,            0,         2332,         12481, idle
21.837492302060127     , 1783620034.8895066,  88.44 ,            37,            0,         2332,         12481, idle
21.857577497139573     , 1783620034.9095922,  88.44 ,            37,            0,         2332,         12481, idle
21.87766339816153      , 1783620034.9296772,  88.44 ,            37,            0,         2332,         12481, idle
21.897746570408344     , 1783620034.9497604,  88.44 ,            37,            0,         2332,         12481, idle
21.91783600859344      , 1783620034.9698505,  88.44 ,            37,            0,         2332,         12481, idle
21.937931340187788     , 1783620034.9899457,  88.44 ,            37,            0,         2332,         12481, idle
21.95801572687924      , 1783620035.0100298,  88.44 ,            37,            0,         2332,         12481, idle
21.97809975221753      , 1783620035.0301137,  88.44 ,            37,            0,         2332,         12481, idle
21.99818448163569      , 1783620035.050199 ,  88.44 ,            37,            0,         2332,         12481, idle
22.01827517338097      , 1783620035.07029  ,  88.411,            37,            0,         2325,         12481, idle
22.03837244026363      , 1783620035.0903883,  88.411,            37,            0,         2325,         12481, idle
22.05845889262855      , 1783620035.1104732,  88.411,            37,            0,         2325,         12481, idle
22.07854395918548      , 1783620035.1305575,  88.411,            37,            0,         2325,         12481, idle
22.098626259714365     , 1783620035.1506405,  88.411,            37,            0,         2325,         12481, idle
22.11871699988842      , 1783620035.1707304,  88.411,            37,            0,         2325,         12481, idle
22.138795141130686     , 1783620035.1908092,  88.411,            37,            0,         2325,         12481, idle
22.158879432827234     , 1783620035.2108946,  88.411,            37,            0,         2325,         12481, idle
22.17896468564868      , 1783620035.230979 ,  88.411,            37,            0,         2325,         12481, idle
22.1990590300411       , 1783620035.2510734,  88.411,            37,            0,         2325,         12481, idle
22.219151785597205     , 1783620035.2711668,  88.411,            37,            0,         2325,         12481, idle
22.239256540313363     , 1783620035.2912717,  88.411,            37,            0,         2325,         12481, idle
22.2593458481133       , 1783620035.3113608,  88.411,            37,            0,         2325,         12481, idle
22.279432578012347     , 1783620035.331447 ,  88.411,            37,            0,         2325,         12481, idle
22.29951716028154      , 1783620035.3515308,  88.411,            37,            0,         2325,         12481, idle
22.319603521376848     , 1783620035.371618 ,  88.411,            37,            0,         2325,         12481, idle
22.339697727933526     , 1783620035.3917122,  88.411,            37,            0,         2325,         12481, idle
22.359781788662076     , 1783620035.4117963,  88.411,            37,            0,         2325,         12481, idle
22.37986602447927      , 1783620035.4318805,  88.411,            37,            0,         2325,         12481, idle
22.399952055886388     , 1783620035.4519668,  88.411,            37,            0,         2325,         12481, idle
22.42004058137536      , 1783620035.4720554,  88.411,            37,            0,         2325,         12481, idle
22.44013455696404      , 1783620035.4921489,  88.411,            37,            0,         2325,         12481, idle
22.460217244923115     , 1783620035.5122309,  88.411,            37,            0,         2325,         12481, idle
22.480299776419997     , 1783620035.5323138,  88.411,            37,            0,         2325,         12481, idle
22.50038494542241      , 1783620035.552399 ,  88.411,            37,            0,         2325,         12481, idle
22.520471654832363     , 1783620035.572486 ,  88.411,            37,            0,         2325,         12481, idle
22.540565630421042     , 1783620035.59258  ,  88.411,            37,            0,         2325,         12481, idle
22.560650069266558     , 1783620035.6126642,  88.411,            37,            0,         2325,         12481, idle
22.580734932795167     , 1783620035.632749 ,  88.411,            37,            0,         2325,         12481, idle
22.600817766040564     , 1783620035.652832 ,  88.411,            37,            0,         2325,         12481, idle
22.620903491973877     , 1783620035.6729176,  88.411,            37,            0,         2325,         12481, idle
22.640996258705854     , 1783620035.6930103,  88.411,            37,            0,         2325,         12481, idle
22.661089684814215     , 1783620035.7131047,  88.411,            37,            0,         2325,         12481, idle
22.68117430061102      , 1783620035.7331886,  88.411,            37,            0,         2325,         12481, idle
22.701266206800938     , 1783620035.753281 ,  88.411,            37,            0,         2325,         12481, idle
22.72135780006647      , 1783620035.773375 ,  88.411,            37,            0,         2325,         12481, idle
22.74146519228816      , 1783620035.7934806,  88.411,            37,            0,         2325,         12481, idle
22.761555204167962     , 1783620035.8135693,  88.411,            37,            0,         2325,         12481, idle
22.78163812123239      , 1783620035.8336525,  88.411,            37,            0,         2325,         12481, idle
22.801719542592764     , 1783620035.8537333,  88.411,            37,            0,         2325,         12481, idle
22.821806667372584     , 1783620035.8738213,  88.411,            37,            0,         2325,         12481, idle
22.841897750273347     , 1783620035.893912 ,  88.411,            37,            0,         2325,         12481, idle
22.86198185570538      , 1783620035.913996 ,  88.411,            37,            0,         2325,         12481, idle
22.88206370919943      , 1783620035.934078 ,  88.411,            37,            0,         2325,         12481, idle
22.902149621397257     , 1783620035.954164 ,  88.411,            37,            0,         2325,         12481, idle
22.922242114320397     , 1783620035.9742575,  88.411,            37,            0,         2325,         12481, idle
22.942340712994337     , 1783620035.994355 ,  88.411,            37,            0,         2325,         12481, idle
22.962438071146607     , 1783620036.0144541,  88.411,            37,            0,         2325,         12481, idle
22.98253157734871      , 1783620036.0345457,  88.411,            37,            0,         2325,         12481, idle
23.002615809440613     , 1783620036.0546305,  88.411,            37,            0,         2325,         12481, idle
23.02270438335836      , 1783620036.0747182,  88.973,            37,            0,         2325,         12481, idle
23.042808633297682     , 1783620036.0948224,  88.973,            37,            0,         2325,         12481, idle
23.062893360853195     , 1783620036.1149077,  88.973,            37,            0,         2325,         12481, idle
23.08298529498279      , 1783620036.1349995,  88.973,            37,            0,         2325,         12481, idle
23.103069672361016     , 1783620036.1550832,  88.973,            37,            0,         2325,         12481, idle
23.123154878616333     , 1783620036.1751683,  88.973,            37,            0,         2325,         12481, idle
23.143246669322252     , 1783620036.195261 ,  88.973,            37,            0,         2325,         12481, idle
23.163331884890795     , 1783620036.2153456,  88.973,            37,            0,         2325,         12481, idle
23.183416513726115     , 1783620036.2354307,  88.973,            37,            0,         2325,         12481, idle
23.20350013487041      , 1783620036.2555144,  88.973,            37,            0,         2325,         12481, idle
23.223587166517973     , 1783620036.2756014,  88.973,            37,            0,         2325,         12481, idle
23.243677489459515     , 1783620036.2956915,  88.973,            37,            0,         2325,         12481, idle
23.26376690529287      , 1783620036.3157806,  88.973,            37,            0,         2325,         12481, idle
23.283850386738777     , 1783620036.3358645,  88.973,            37,            0,         2325,         12481, idle
23.303934700787067     , 1783620036.3559492,  88.973,            37,            0,         2325,         12481, idle
23.324021369218826     , 1783620036.376035 ,  88.973,            37,            0,         2325,         12481, idle
23.344112057238817     , 1783620036.3961265,  88.973,            37,            0,         2325,         12481, idle
23.36419726535678      , 1783620036.4162114,  88.973,            37,            0,         2325,         12481, idle
23.384283665567636     , 1783620036.436299 ,  88.973,            37,            0,         2325,         12481, idle
23.404372489079833     , 1783620036.4563868,  88.973,            37,            0,         2325,         12481, idle
23.424461741000414     , 1783620036.4764764,  88.973,            37,            0,         2325,         12481, idle
23.44455334544182      , 1783620036.4965677,  88.973,            37,            0,         2325,         12481, idle
23.46463876031339      , 1783620036.516653 ,  88.973,            37,            0,         2325,         12481, idle
23.48472269438207      , 1783620036.5367367,  88.973,            37,            0,         2325,         12481, idle
23.504806142300367     , 1783620036.55682  ,  88.973,            37,            0,         2325,         12481, idle
23.52490234002471      , 1783620036.5769193,  88.973,            37,            0,         2325,         12481, idle
23.545000484213233     , 1783620036.5970147,  88.973,            37,            0,         2325,         12481, idle
23.56508414633572      , 1783620036.6170976,  88.973,            37,            0,         2325,         12481, idle
23.58516675233841      , 1783620036.637181 ,  88.973,            37,            0,         2325,         12481, idle
23.60525159165263      , 1783620036.6572666,  88.973,            37,            0,         2325,         12481, idle
23.625343369320035     , 1783620036.6773584,  88.973,            37,            0,         2325,         12481, idle
23.645453492179513     , 1783620036.6974812,  88.973,            37,            0,         2325,         12481, idle
23.665592638775706     , 1783620036.7176154,  88.973,            37,            0,         2325,         12481, idle
23.68571211770177      , 1783620036.7377286,  88.973,            37,            0,         2325,         12481, idle
23.70580198056996      , 1783620036.7578166,  88.973,            37,            0,         2325,         12481, idle
23.72589306719601      , 1783620036.7779088,  88.973,            37,            0,         2325,         12481, idle
23.745982121676207     , 1783620036.7979968,  88.973,            37,            0,         2325,         12481, idle
23.76606810837984      , 1783620036.8180823,  88.973,            37,            0,         2325,         12481, idle
23.78616771660745      , 1783620036.838182 ,  88.973,            37,            0,         2325,         12481, idle
23.806275917217135     , 1783620036.8583028,  88.973,            37,            0,         2325,         12481, idle
23.826406529173255     , 1783620036.8784263,  88.973,            37,            0,         2325,         12481, idle
23.846518237143755     , 1783620036.8985326,  88.973,            37,            0,         2325,         12481, idle
23.866610907018185     , 1783620036.918625 ,  88.973,            37,            0,         2325,         12481, idle
23.88671019114554      , 1783620036.9387245,  88.973,            37,            0,         2325,         12481, idle
23.90680098719895      , 1783620036.9588153,  88.973,            37,            0,         2325,         12481, idle
23.926891896873713     , 1783620036.9789064,  88.973,            37,            0,         2325,         12481, idle
23.94698396883905      , 1783620036.9989974,  88.973,            37,            0,         2325,         12481, idle
23.96707330085337      , 1783620037.0190873,  88.973,            37,            0,         2325,         12481, idle
23.98716287687421      , 1783620037.0391772,  88.973,            37,            0,         2325,         12481, idle
24.007252207025886     , 1783620037.059266 ,  88.677,            37,            0,         2325,         12481, idle
24.027341965585947     , 1783620037.079356 ,  88.677,            37,            0,         2325,         12481, idle
24.047437001019716     , 1783620037.0994523,  88.677,            37,            0,         2325,         12481, idle
24.06752960011363      , 1783620037.1195443,  88.677,            37,            0,         2325,         12481, idle
24.087619211524725     , 1783620037.1396334,  88.677,            37,            0,         2325,         12481, idle
24.107711041346192     , 1783620037.159725 ,  88.677,            37,            0,         2325,         12481, idle
24.12780319713056      , 1783620037.1798167,  88.677,            37,            0,         2325,         12481, idle
24.147893473505974     , 1783620037.1999075,  88.677,            37,            0,         2325,         12481, idle
24.16798371449113      , 1783620037.2199976,  88.677,            37,            0,         2325,         12481, idle
24.188075548037887     , 1783620037.2400904,  88.677,            37,            0,         2325,         12481, idle
24.20817263610661      , 1783620037.26019  ,  88.677,            37,            0,         2325,         12481, idle
24.228270756080747     , 1783620037.2802844,  88.677,            37,            0,         2325,         12481, idle
24.248359644785523     , 1783620037.3003733,  88.677,            37,            0,         2325,         12481, idle
24.26844814606011      , 1783620037.320462 ,  88.677,            37,            0,         2325,         12481, idle
24.28854825720191      , 1783620037.340562 ,  88.677,            37,            0,         2325,         12481, idle
24.30863714404404      , 1783620037.360651 ,  88.677,            37,            0,         2325,         12481, idle
24.32872832007706      , 1783620037.3807416,  88.677,            37,            0,         2325,         12481, idle
24.348816411569715     , 1783620037.4008303,  88.677,            37,            0,         2325,         12481, idle
24.368907116353512     , 1783620037.4209206,  88.677,            37,            0,         2325,         12481, idle
24.388996919617057     , 1783620037.4410105,  88.677,            37,            0,         2325,         12481, idle
24.40908522158861      , 1783620037.4610996,  88.677,            37,            0,         2325,         12481, idle
24.429177563637495     , 1783620037.4811916,  88.677,            37,            0,         2325,         12481, idle
24.449267528951168     , 1783620037.5012813,  88.677,            37,            0,         2325,         12481, idle
24.469358026981354     , 1783620037.521372 ,  88.677,            37,            0,         2325,         12481, idle
24.489447612315416     , 1783620037.5414617,  88.677,            37,            0,         2325,         12481, idle
24.509536486119032     , 1783620037.5615506,  88.677,            37,            0,         2325,         12481, idle
24.529627956449986     , 1783620037.5816412,  88.677,            37,            0,         2325,         12481, idle
24.54971515201032      , 1783620037.6017294,  88.677,            37,            0,         2325,         12481, idle
24.569804964587092     , 1783620037.6218185,  88.677,            37,            0,         2325,         12481, idle
24.58989579603076      , 1783620037.6419096,  88.677,            37,            0,         2325,         12481, idle
24.609986905008554     , 1783620037.6620014,  88.677,            37,            0,         2325,         12481, idle
24.630077973008156     , 1783620037.6820917,  88.677,            37,            0,         2325,         12481, idle
24.650166245177388     , 1783620037.70218  ,  88.677,            37,            0,         2325,         12481, idle
24.67025670222938      , 1783620037.7222705,  88.677,            37,            0,         2325,         12481, idle
24.69034738652408      , 1783620037.7423613,  88.677,            37,            0,         2325,         12481, idle
24.710436759516597     , 1783620037.762451 ,  88.677,            37,            0,         2325,         12481, idle
24.730527533218265     , 1783620037.7825408,  88.677,            37,            0,         2325,         12481, idle
24.75062127225101      , 1783620037.802635 ,  88.677,            37,            0,         2325,         12481, idle
24.770713202655315     , 1783620037.822727 ,  88.677,            37,            0,         2325,         12481, idle
24.79080236516893      , 1783620037.842816 ,  88.677,            37,            0,         2325,         12481, idle
24.81089243479073      , 1783620037.8629067,  88.677,            37,            0,         2325,         12481, idle
24.830983825027943     , 1783620037.8829975,  88.677,            37,            0,         2325,         12481, idle
24.85107296332717      , 1783620037.9030862,  88.677,            37,            0,         2325,         12481, idle
24.871163584291935     , 1783620037.9231796,  88.677,            37,            0,         2325,         12481, idle
24.891255144029856     , 1783620037.9432695,  88.677,            37,            0,         2325,         12481, idle
24.911347080022097     , 1783620037.963361 ,  88.677,            37,            0,         2325,         12481, idle
24.931438524276018     , 1783620037.9834526,  88.677,            37,            0,         2325,         12481, idle
24.9515294842422       , 1783620038.0035436,  88.677,            37,            0,         2325,         12481, idle
24.971620870754123     , 1783620038.0236351,  88.677,            37,            0,         2325,         12481, idle
24.99171296879649      , 1783620038.0437272,  88.677,            37,            0,         2325,         12481, idle
25.0118073746562       , 1783620038.0638223,  88.376,            37,            0,         2332,         12481, idle
25.031899325549603     , 1783620038.0839136,  88.376,            37,            0,         2332,         12481, idle
25.051990328356624     , 1783620038.1040044,  88.376,            37,            0,         2332,         12481, idle
25.072084108367562     , 1783620038.1240985,  88.376,            37,            0,         2332,         12481, idle
25.092174688354135     , 1783620038.1441886,  88.376,            37,            0,         2332,         12481, idle
25.11226535961032      , 1783620038.1642797,  88.376,            37,            0,         2332,         12481, idle
25.132356841117144     , 1783620038.1843708,  88.376,            37,            0,         2332,         12481, idle
25.15244529210031      , 1783620038.2044592,  88.376,            37,            0,         2332,         12481, idle
25.172535676509142     , 1783620038.2245502,  88.376,            37,            0,         2332,         12481, idle
25.192627230659127     , 1783620038.244641 ,  88.376,            37,            0,         2332,         12481, idle
25.212717477232218     , 1783620038.2647324,  88.376,            37,            0,         2332,         12481, idle
25.232809729874134     , 1783620038.284824 ,  88.376,            37,            0,         2332,         12481, idle
25.25290028937161      , 1783620038.3049145,  88.376,            37,            0,         2332,         12481, idle
25.272990873083472     , 1783620038.3250053,  88.376,            37,            0,         2332,         12481, idle
25.293080523610115     , 1783620038.345095 ,  88.376,            37,            0,         2332,         12481, idle
25.313150640577078     , 1783620038.3651655,  88.376,            37,            0,         2332,         12481, idle
25.333242006599903     , 1783620038.385256 ,  88.376,            37,            0,         2332,         12481, idle
25.353332137688994     , 1783620038.4053466,  88.376,            37,            0,         2332,         12481, idle
25.373425541445613     , 1783620038.4254398,  88.376,            37,            0,         2332,         12481, idle
25.393517365679145     , 1783620038.4455318,  88.376,            37,            0,         2332,         12481, idle
25.41361005231738      , 1783620038.4656248,  88.376,            37,            0,         2332,         12481, idle
25.433702684938908     , 1783620038.4857166,  88.376,            37,            0,         2332,         12481, idle
25.45379693619907      , 1783620038.5058115,  88.376,            37,            0,         2332,         12481, idle
25.473890969529748     , 1783620038.5259054,  88.376,            37,            0,         2332,         12481, idle
25.49398410320282      , 1783620038.5459983,  88.376,            37,            0,         2332,         12481, idle
25.514075187966228     , 1783620038.5660892,  88.376,            37,            0,         2332,         12481, idle
25.53416677750647      , 1783620038.5861807,  88.376,            37,            0,         2332,         12481, idle
25.554258791729808     , 1783620038.606273 ,  88.376,            37,            0,         2332,         12481, idle
25.574351573362947     , 1783620038.626366 ,  88.376,            37,            0,         2332,         12481, idle
25.594445161521435     , 1783620038.6464596,  88.376,            37,            0,         2332,         12481, idle
25.614543192088604     , 1783620038.666557 ,  88.376,            37,            0,         2332,         12481, idle
25.634633973240852     , 1783620038.6866481,  88.376,            37,            0,         2332,         12481, idle
25.654725208878517     , 1783620038.7067387,  88.376,            37,            0,         2332,         12481, idle
25.67481793835759      , 1783620038.7268336,  88.376,            37,            0,         2332,         12481, idle
25.69491841457784      , 1783620038.7469327,  88.376,            37,            0,         2332,         12481, idle
25.715010192245245     , 1783620038.7670243,  88.376,            37,            0,         2332,         12481, idle
25.73510284908116      , 1783620038.787117 ,  88.376,            37,            0,         2332,         12481, idle
25.755193727090955     , 1783620038.8072078,  88.376,            37,            0,         2332,         12481, idle
25.775284523144364     , 1783620038.8272986,  88.376,            37,            0,         2332,         12481, idle
25.795373503118753     , 1783620038.8473878,  88.376,            37,            0,         2332,         12481, idle
25.815463373437524     , 1783620038.8674777,  88.376,            37,            0,         2332,         12481, idle
25.835561331361532     , 1783620038.8875754,  88.376,            37,            0,         2332,         12481, idle
25.855650885030627     , 1783620038.9076655,  88.376,            37,            0,         2332,         12481, idle
25.87574245594442      , 1783620038.927757 ,  88.376,            37,            0,         2332,         12481, idle
25.8958360850811       , 1783620038.9478507,  88.376,            37,            0,         2332,         12481, idle
25.915926914662123     , 1783620038.967941 ,  88.376,            37,            0,         2332,         12481, idle
25.93601805716753      , 1783620038.9880328,  88.376,            37,            0,         2332,         12481, idle
25.95610805042088      , 1783620039.0081222,  88.376,            37,            0,         2332,         12481, idle
25.976196935400367     , 1783620039.028211 ,  88.376,            37,            0,         2332,         12481, idle
25.99628708139062      , 1783620039.0483012,  88.376,            37,            0,         2332,         12481, idle
26.01637653633952      , 1783620039.0683904,  88.379,            36,            0,         2325,         12481, idle
26.036468852311373     , 1783620039.0884836,  88.379,            36,            0,         2325,         12481, idle
26.056559924036264     , 1783620039.108574 ,  88.379,            36,            0,         2325,         12481, idle
26.0766493473202       , 1783620039.1286638,  88.379,            36,            0,         2325,         12481, idle
26.096738141030073     , 1783620039.148752 ,  88.379,            36,            0,         2325,         12481, idle
26.116824936121702     , 1783620039.1688395,  88.379,            36,            0,         2325,         12481, idle
26.136914689093828     , 1783620039.1889286,  88.379,            36,            0,         2325,         12481, idle
26.157001981511712     , 1783620039.2090154,  88.379,            36,            0,         2325,         12481, idle
26.177090080454946     , 1783620039.2291036,  88.379,            36,            0,         2325,         12481, idle
26.197163516655564     , 1783620039.2491777,  88.379,            36,            0,         2325,         12481, idle
26.217254675924778     , 1783620039.2692685,  88.379,            36,            0,         2325,         12481, idle
26.2373462934047       , 1783620039.2893603,  88.379,            36,            0,         2325,         12481, idle
26.25743717700243      , 1783620039.309451 ,  88.379,            36,            0,         2325,         12481, idle
26.277526764199138     , 1783620039.329541 ,  88.379,            36,            0,         2325,         12481, idle
26.29761702567339      , 1783620039.3496315,  88.379,            36,            0,         2325,         12481, idle
26.317707501351833     , 1783620039.3697217,  88.379,            36,            0,         2325,         12481, idle
26.337807906791568     , 1783620039.3898222,  88.379,            36,            0,         2325,         12481, idle
26.357899384573102     , 1783620039.409913 ,  88.379,            36,            0,         2325,         12481, idle
26.377989085391164     , 1783620039.4300034,  88.379,            36,            0,         2325,         12481, idle
26.39808079600334      , 1783620039.4500952,  88.379,            36,            0,         2325,         12481, idle
26.418170789256692     , 1783620039.4701853,  88.379,            36,            0,         2325,         12481, idle
26.438263189047575     , 1783620039.490278 ,  88.379,            36,            0,         2325,         12481, idle
26.45836123637855      , 1783620039.5103755,  88.379,            36,            0,         2325,         12481, idle
26.4784532841295       , 1783620039.5304677,  88.379,            36,            0,         2325,         12481, idle
26.49854457192123      , 1783620039.550558 ,  88.379,            36,            0,         2325,         12481, idle
26.518634136766195     , 1783620039.570648 ,  88.379,            36,            0,         2325,         12481, idle
26.53872587904334      , 1783620039.5907397,  88.379,            36,            0,         2325,         12481, idle
26.55881790444255      , 1783620039.6108325,  88.379,            36,            0,         2325,         12481, idle
26.57890909165144      , 1783620039.630923 ,  88.379,            36,            0,         2325,         12481, idle
26.599001172930002     , 1783620039.6510153,  88.379,            36,            0,         2325,         12481, idle
26.619094852358103     , 1783620039.6711092,  88.379,            36,            0,         2325,         12481, idle
26.63918881304562      , 1783620039.6912026,  88.379,            36,            0,         2325,         12481, idle
26.659279383718967     , 1783620039.7112935,  88.379,            36,            0,         2325,         12481, idle
26.679370192810893     , 1783620039.7313845,  88.379,            36,            0,         2325,         12481, idle
26.69946097023785      , 1783620039.7514746,  88.379,            36,            0,         2325,         12481, idle
26.719550032168627     , 1783620039.771564 ,  88.379,            36,            0,         2325,         12481, idle
26.73963974043727      , 1783620039.791653 ,  88.379,            36,            0,         2325,         12481, idle
26.759726548567414     , 1783620039.8117402,  88.379,            36,            0,         2325,         12481, idle
26.779814830049872     , 1783620039.8318286,  88.379,            36,            0,         2325,         12481, idle
26.799904676154256     , 1783620039.8519177,  88.379,            36,            0,         2325,         12481, idle
26.819994812831283     , 1783620039.872009 ,  88.379,            36,            0,         2325,         12481, idle
26.840083468705416     , 1783620039.8920982,  88.379,            36,            0,         2325,         12481, idle
26.860172856599092     , 1783620039.9121864,  88.379,            36,            0,         2325,         12481, idle
26.880261410027742     , 1783620039.9322746,  88.379,            36,            0,         2325,         12481, idle
26.900349628180265     , 1783620039.9523635,  88.379,            36,            0,         2325,         12481, idle
26.920439844951034     , 1783620039.9724538,  88.379,            36,            0,         2325,         12481, idle
26.94053033553064      , 1783620039.992544 ,  88.379,            36,            0,         2325,         12481, idle
26.96061909198761      , 1783620040.0126326,  88.379,            36,            0,         2325,         12481, idle
26.980708852410316     , 1783620040.0327225,  88.379,            36,            0,         2325,         12481, idle
27.000796269625425     , 1783620040.0528102,  88.379,            36,            0,         2325,         12481, idle
27.02088424935937      , 1783620040.0729005,  88.138,            37,            0,         2332,         12481, idle
27.040977522730827     , 1783620040.0929933,  88.138,            37,            0,         2332,         12481, idle
27.06107087060809      , 1783620040.113086 ,  88.138,            37,            0,         2332,         12481, idle
27.081146528944373     , 1783620040.1331618,  88.138,            37,            0,         2332,         12481, idle
27.10123995319009      , 1783620040.1532545,  88.138,            37,            0,         2332,         12481, idle
27.121330773457885     , 1783620040.1733456,  88.138,            37,            0,         2332,         12481, idle
27.141424480825663     , 1783620040.1934397,  88.138,            37,            0,         2332,         12481, idle
27.161515230312943     , 1783620040.2135298,  88.138,            37,            0,         2332,         12481, idle
27.18160622008145      , 1783620040.2336206,  88.138,            37,            0,         2332,         12481, idle
27.201697293668985     , 1783620040.253712 ,  88.138,            37,            0,         2332,         12481, idle
27.221789129078388     , 1783620040.273805 ,  88.138,            37,            0,         2332,         12481, idle
27.241883020848036     , 1783620040.293897 ,  88.138,            37,            0,         2332,         12481, idle
27.26197311282158      , 1783620040.3139875,  88.138,            37,            0,         2332,         12481, idle
27.282064341008663     , 1783620040.3340786,  88.138,            37,            0,         2332,         12481, idle
27.3021631333977       , 1783620040.3541777,  88.138,            37,            0,         2332,         12481, idle
27.32225478067994      , 1783620040.3742692,  88.138,            37,            0,         2332,         12481, idle
27.342345245182514     , 1783620040.3943596,  88.138,            37,            0,         2332,         12481, idle
27.36244147643447      , 1783620040.4144554,  88.138,            37,            0,         2332,         12481, idle
27.382530825212598     , 1783620040.434545 ,  88.138,            37,            0,         2332,         12481, idle
27.40262090973556      , 1783620040.4546356,  88.138,            37,            0,         2332,         12481, idle
27.422712421044707     , 1783620040.4747267,  88.138,            37,            0,         2332,         12481, idle
27.44280251674354      , 1783620040.494817 ,  88.138,            37,            0,         2332,         12481, idle
27.462892524898052     , 1783620040.514907 ,  88.138,            37,            0,         2332,         12481, idle
27.482982605695724     , 1783620040.5349965,  88.138,            37,            0,         2332,         12481, idle
27.50307364948094      , 1783620040.5550878,  88.138,            37,            0,         2332,         12481, idle
27.52316334657371      , 1783620040.5751777,  88.138,            37,            0,         2332,         12481, idle
27.543254991993308     , 1783620040.5952694,  88.138,            37,            0,         2332,         12481, idle
27.563347654417157     , 1783620040.6153624,  88.138,            37,            0,         2332,         12481, idle
27.583442451432347     , 1783620040.635457 ,  88.138,            37,            0,         2332,         12481, idle
27.603535678237677     , 1783620040.6555507,  88.138,            37,            0,         2332,         12481, idle
27.62362882308662      , 1783620040.6756434,  88.138,            37,            0,         2332,         12481, idle
27.64372182264924      , 1783620040.6957364,  88.138,            37,            0,         2332,         12481, idle
27.66381278820336      , 1783620040.715827 ,  88.138,            37,            0,         2332,         12481, idle
27.683902632445097     , 1783620040.735917 ,  88.138,            37,            0,         2332,         12481, idle
27.70399083197117      , 1783620040.7560053,  88.138,            37,            0,         2332,         12481, idle
27.724081497639418     , 1783620040.7760954,  88.138,            37,            0,         2332,         12481, idle
27.744170991703868     , 1783620040.7961848,  88.138,            37,            0,         2332,         12481, idle
27.764258924871683     , 1783620040.8162732,  88.138,            37,            0,         2332,         12481, idle
27.784349594265223     , 1783620040.8363636,  88.138,            37,            0,         2332,         12481, idle
27.804439952597022     , 1783620040.8564546,  88.138,            37,            0,         2332,         12481, idle
27.824532764032483     , 1783620040.8765466,  88.138,            37,            0,         2332,         12481, idle
27.84462064690888      , 1783620040.8966348,  88.138,            37,            0,         2332,         12481, idle
27.86471129208803      , 1783620040.9167254,  88.138,            37,            0,         2332,         12481, idle
27.884809533134103     , 1783620040.9368238,  88.138,            37,            0,         2332,         12481, idle
27.904898066073656     , 1783620040.9569123,  88.138,            37,            0,         2332,         12481, idle
27.92498702555895      , 1783620040.9770012,  88.138,            37,            0,         2332,         12481, idle
27.945076623931527     , 1783620040.9970906,  88.138,            37,            0,         2332,         12481, idle
27.965150836855173     , 1783620041.0171666,  88.138,            37,            0,         2332,         12481, idle
27.985244937241077     , 1783620041.0372605,  88.138,            37,            0,         2332,         12481, idle
28.00534143857658      , 1783620041.0573578,  87.895,            36,            0,         2332,         12481, idle
28.025439193472266     , 1783620041.0774915,  87.895,            36,            0,         2332,         12481, idle
28.04563520103693      , 1783620041.0976548,  87.895,            36,            0,         2332,         12481, idle
28.065738270059228     , 1783620041.117757 ,  87.895,            36,            0,         2332,         12481, idle
28.085844384506345     , 1783620041.1378593,  87.895,            36,            0,         2332,         12481, idle
28.10593038611114      , 1783620041.1579452,  87.895,            36,            0,         2332,         12481, idle
28.126020677387714     , 1783620041.178035 ,  87.895,            36,            0,         2332,         12481, idle
28.146104706451297     , 1783620041.1981184,  87.895,            36,            0,         2332,         12481, idle
28.166206939145923     , 1783620041.2182205,  87.895,            36,            0,         2332,         12481, idle
28.186289612203836     , 1783620041.2383037,  87.895,            36,            0,         2332,         12481, idle
28.206371249631047     , 1783620041.2583852,  87.895,            36,            0,         2332,         12481, idle
28.226457690820098     , 1783620041.2784715,  87.895,            36,            0,         2332,         12481, idle
28.2465429790318       , 1783620041.2985582,  87.895,            36,            0,         2332,         12481, idle
28.266634460538626     , 1783620041.3186486,  87.895,            36,            0,         2332,         12481, idle
28.286718636751175     , 1783620041.338732 ,  87.895,            36,            0,         2332,         12481, idle
28.306798992678523     , 1783620041.3588133,  87.895,            36,            0,         2332,         12481, idle
28.32688021287322      , 1783620041.3788939,  87.895,            36,            0,         2332,         12481, idle
28.3469610940665       , 1783620041.398975 ,  87.895,            36,            0,         2332,         12481, idle
28.367041828110814     , 1783620041.419056 ,  87.895,            36,            0,         2332,         12481, idle
28.38713091239333      , 1783620041.4391441,  87.895,            36,            0,         2332,         12481, idle
28.407213592901826     , 1783620041.4592297,  87.895,            36,            0,         2332,         12481, idle
28.42730887234211      , 1783620041.4793236,  87.895,            36,            0,         2332,         12481, idle
28.44740983657539      , 1783620041.499427 ,  87.895,            36,            0,         2332,         12481, idle
28.467503514140844     , 1783620041.519517 ,  87.895,            36,            0,         2332,         12481, idle
28.487584833055735     , 1783620041.539599 ,  87.895,            36,            0,         2332,         12481, idle
28.50766738690436      , 1783620041.5596812,  87.895,            36,            0,         2332,         12481, idle
28.52775010280311      , 1783620041.579764 ,  87.895,            36,            0,         2332,         12481, idle
28.5478320363909       , 1783620041.5998466,  87.895,            36,            0,         2332,         12481, idle
28.567913183942437     , 1783620041.6199267,  87.895,            36,            0,         2332,         12481, idle
28.587994016706944     , 1783620041.640008 ,  87.895,            36,            0,         2332,         12481, idle
28.60807562060654      , 1783620041.6600904,  87.895,            36,            0,         2332,         12481, idle
28.6281577963382       , 1783620041.6801717,  87.895,            36,            0,         2332,         12481, idle
28.6482416652143       , 1783620041.7002552,  87.895,            36,            0,         2332,         12481, idle
28.668334152549505     , 1783620041.7203481,  87.895,            36,            0,         2332,         12481, idle
28.688415875658393     , 1783620041.7404299,  87.895,            36,            0,         2332,         12481, idle
28.708495864644647     , 1783620041.7605097,  87.895,            36,            0,         2332,         12481, idle
28.728578696027398     , 1783620041.7805922,  87.895,            36,            0,         2332,         12481, idle
28.748659573495388     , 1783620041.8006735,  87.895,            36,            0,         2332,         12481, idle
28.76874067634344      , 1783620041.8207538,  87.895,            36,            0,         2332,         12481, idle
28.788821136578918     , 1783620041.840835 ,  87.895,            36,            0,         2332,         12481, idle
28.808903336524963     , 1783620041.860917 ,  87.895,            36,            0,         2332,         12481, idle
28.828984435647726     , 1783620041.880998 ,  87.895,            36,            0,         2332,         12481, idle
28.849064890295267     , 1783620041.9010782,  87.895,            36,            0,         2332,         12481, idle
28.869146175682545     , 1783620041.9211597,  87.895,            36,            0,         2332,         12481, idle
28.88922710157931      , 1783620041.941241 ,  87.895,            36,            0,         2332,         12481, idle
28.909306708723307     , 1783620041.96132  ,  87.895,            36,            0,         2332,         12481, idle
28.929385904222727     , 1783620041.9813995,  87.895,            36,            0,         2332,         12481, idle
28.949467074126005     , 1783620042.001481 ,  87.895,            36,            0,         2332,         12481, idle
28.969547549262643     , 1783620042.0215611,  87.895,            36,            0,         2332,         12481, idle
28.98962808959186      , 1783620042.0416422,  87.895,            36,            0,         2332,         12481, idle
29.009709551930428     , 1783620042.0617242,  87.511,            36,            0,         2332,         12481, idle
29.029800977557898     , 1783620042.0818155,  87.511,            36,            0,         2332,         12481, idle
29.04988551326096      , 1783620042.101899 ,  87.511,            36,            0,         2332,         12481, idle
29.069967728108168     , 1783620042.1219816,  87.511,            36,            0,         2332,         12481, idle
29.090050749480724     , 1783620042.1420646,  87.511,            36,            0,         2332,         12481, idle
29.110132137313485     , 1783620042.1621463,  87.511,            36,            0,         2332,         12481, idle
29.1302138697356       , 1783620042.1822276,  87.511,            36,            0,         2332,         12481, idle
29.150296948850155     , 1783620042.2023108,  87.511,            36,            0,         2332,         12481, idle
29.170379798859358     , 1783620042.2223935,  87.511,            36,            0,         2332,         12481, idle
29.19046420045197      , 1783620042.242478 ,  87.511,            36,            0,         2332,         12481, idle
29.210546724498272     , 1783620042.262561 ,  87.511,            36,            0,         2332,         12481, idle
29.230632258579135     , 1783620042.2826464,  87.511,            36,            0,         2332,         12481, idle
29.25071599520743      , 1783620042.30273  ,  87.511,            36,            0,         2332,         12481, idle
29.270799545571208     , 1783620042.322814 ,  87.511,            36,            0,         2332,         12481, idle
29.290883691981435     , 1783620042.3428977,  87.511,            36,            0,         2332,         12481, idle
29.310974104329944     , 1783620042.3629937,  87.511,            36,            0,         2332,         12481, idle
29.33109037205577      , 1783620042.3831089,  87.511,            36,            0,         2332,         12481, idle
29.35118735767901      , 1783620042.403202 ,  87.511,            36,            0,         2332,         12481, idle
29.371270067989826     , 1783620042.4232843,  87.511,            36,            0,         2332,         12481, idle
29.391350220888853     , 1783620042.4433641,  87.511,            36,            0,         2332,         12481, idle
29.41143843717873      , 1783620042.4634526,  87.511,            36,            0,         2332,         12481, idle
29.43154315650463      , 1783620042.4835677,  87.511,            36,            0,         2332,         12481, idle
29.45166934467852      , 1783620042.5036912,  87.511,            36,            0,         2332,         12481, idle
29.471779888495803     , 1783620042.5237978,  87.511,            36,            0,         2332,         12481, idle
29.49188145622611      , 1783620042.5438976,  87.511,            36,            0,         2332,         12481, idle
29.511976972222328     , 1783620042.5639927,  87.511,            36,            0,         2332,         12481, idle
29.532072491943836     , 1783620042.5840874,  87.511,            36,            0,         2332,         12481, idle
29.552166851237416     , 1783620042.604182 ,  87.511,            36,            0,         2332,         12481, idle
29.572259448468685     , 1783620042.6242747,  87.511,            36,            0,         2332,         12481, idle
29.59235104545951      , 1783620042.644366 ,  87.511,            36,            0,         2332,         12481, idle
29.612441984936595     , 1783620042.6644578,  87.511,            36,            0,         2332,         12481, idle
29.63253832422197      , 1783620042.6845531,  87.511,            36,            0,         2332,         12481, idle
29.6526334695518       , 1783620042.7046483,  87.511,            36,            0,         2332,         12481, idle
29.67272832803428      , 1783620042.724744 ,  87.511,            36,            0,         2332,         12481, idle
29.69282573647797      , 1783620042.7448409,  87.511,            36,            0,         2332,         12481, idle
29.712919795885682     , 1783620042.764935 ,  87.511,            36,            0,         2332,         12481, idle
29.73301567696035      , 1783620042.7850308,  87.511,            36,            0,         2332,         12481, idle
29.753111477941275     , 1783620042.8051274,  87.511,            36,            0,         2332,         12481, idle
29.77322076447308      , 1783620042.8252363,  87.511,            36,            0,         2332,         12481, idle
29.7933179885149       , 1783620042.8453338,  87.511,            36,            0,         2332,         12481, idle
29.81341551616788      , 1783620042.8654308,  87.511,            36,            0,         2332,         12481, idle
29.833512721583247     , 1783620042.8855283,  87.511,            36,            0,         2332,         12481, idle
29.85360780917108      , 1783620042.9056227,  87.511,            36,            0,         2332,         12481, idle
29.87370838969946      , 1783620042.9257243,  87.511,            36,            0,         2332,         12481, idle
29.893803104758263     , 1783620042.9458187,  87.511,            36,            0,         2332,         12481, idle
29.91389853693545      , 1783620042.9659142,  87.511,            36,            0,         2332,         12481, idle
29.93400439620018      , 1783620042.9860203,  87.511,            36,            0,         2332,         12481, idle
29.954101089388132     , 1783620043.0061164,  87.511,            36,            0,         2332,         12481, idle
29.974197659641504     , 1783620043.0262132,  87.511,            36,            0,         2332,         12481, idle
29.99429497309029      , 1783620043.046311 ,  87.511,            36,            0,         2332,         12481, idle
30.01439113728702      , 1783620043.0664067,  88.433,            36,            0,         2332,         12481, idle
30.034488586708903     , 1783620043.0865037,  88.433,            36,            0,         2332,         12481, idle
30.054584288969636     , 1783620043.1065993,  88.433,            36,            0,         2332,         12481, idle
30.074679780751467     , 1783620043.126695 ,  88.433,            36,            0,         2332,         12481, idle
30.094775889068842     , 1783620043.146791 ,  88.433,            36,            0,         2332,         12481, idle
30.114869475364685     , 1783620043.1668844,  88.433,            36,            0,         2332,         12481, idle
30.134962156414986     , 1783620043.186977 ,  88.433,            36,            0,         2332,         12481, idle
30.155054431408644     , 1783620043.2070696,  88.433,            36,            0,         2332,         12481, idle
30.17514541745186      , 1783620043.2271602,  88.433,            36,            0,         2332,         12481, idle
30.19523678906262      , 1783620043.247252 ,  88.433,            36,            0,         2332,         12481, idle
30.215332355350256     , 1783620043.2673478,  88.433,            36,            0,         2332,         12481, idle
30.23543101735413      , 1783620043.2874467,  88.433,            36,            0,         2332,         12481, idle
30.255527280271053     , 1783620043.3075423,  88.433,            36,            0,         2332,         12481, idle
30.27562277019024      , 1783620043.327638 ,  88.433,            36,            0,         2332,         12481, idle
30.295717293396592     , 1783620043.347732 ,  88.433,            36,            0,         2332,         12481, idle
30.315811516717076     , 1783620043.3678265,  88.433,            36,            0,         2332,         12481, idle
30.335906295105815     , 1783620043.3879213,  88.433,            36,            0,         2332,         12481, idle
30.356001190841198     , 1783620043.408017 ,  88.433,            36,            0,         2332,         12481, idle
30.376096561551094     , 1783620043.428112 ,  88.433,            36,            0,         2332,         12481, idle
30.396193312481046     , 1783620043.448209 ,  88.433,            36,            0,         2332,         12481, idle
30.416289361193776     , 1783620043.468306 ,  88.433,            36,            0,         2332,         12481, idle
30.436394350603223     , 1783620043.4884098,  88.433,            36,            0,         2332,         12481, idle
30.456488367170095     , 1783620043.5085044,  88.433,            36,            0,         2332,         12481, idle
30.47658465243876      , 1783620043.528601 ,  88.433,            36,            0,         2332,         12481, idle
30.49668183736503      , 1783620043.5486972,  88.433,            36,            0,         2332,         12481, idle
30.516808120533824     , 1783620043.568841 ,  88.433,            36,            0,         2332,         12481, idle
30.536953965201974     , 1783620043.5889745,  88.433,            36,            0,         2332,         12481, idle
30.557057159021497     , 1783620043.6090722,  88.433,            36,            0,         2332,         12481, idle
30.577150093391538     , 1783620043.6291637,  88.433,            36,            0,         2332,         12481, idle
30.59723143838346      , 1783620043.6492455,  88.433,            36,            0,         2332,         12481, idle
30.617313297465444     , 1783620043.6693273,  88.433,            36,            0,         2332,         12481, idle
30.6373952049762       , 1783620043.689409 ,  88.433,            36,            0,         2332,         12481, idle
30.657475801184773     , 1783620043.7094889,  88.433,            36,            0,         2332,         12481, idle
30.67756405286491      , 1783620043.7295783,  88.433,            36,            0,         2332,         12481, idle
30.697646940127015     , 1783620043.749661 ,  88.433,            36,            0,         2332,         12481, idle
30.71775283664465      , 1783620043.769768 ,  88.433,            36,            0,         2332,         12481, idle
30.737838584929705     , 1783620043.7898526,  88.433,            36,            0,         2332,         12481, idle
30.757922660559416     , 1783620043.809936 ,  88.433,            36,            0,         2332,         12481, idle
30.778005516156554     , 1783620043.83002  ,  88.433,            36,            0,         2332,         12481, idle
30.798090808093548     , 1783620043.8501048,  88.433,            36,            0,         2332,         12481, idle
30.81817389279604      , 1783620043.870188 ,  88.433,            36,            0,         2332,         12481, idle
30.8382560107857       , 1783620043.8902702,  88.433,            36,            0,         2332,         12481, idle
30.858338052406907     , 1783620043.9103518,  88.433,            36,            0,         2332,         12481, idle
30.87841833755374      , 1783620043.9304318,  88.433,            36,            0,         2332,         12481, idle
30.898512944579124     , 1783620043.9505386,  88.433,            36,            0,         2332,         12481, idle
30.918638944625854     , 1783620043.9706597,  88.433,            36,            0,         2332,         12481, idle
30.938749603927135     , 1783620043.9907677,  88.433,            36,            0,         2332,         12481, idle
30.958850271999836     , 1783620044.0108674,  88.433,            36,            0,         2332,         12481, idle
30.9789477866143       , 1783620044.0309634,  88.433,            36,            0,         2332,         12481, idle
30.999042632058263     , 1783620044.0510573,  88.433,            36,            0,         2332,         12481, idle
31.019136492162943     , 1783620044.0711522,  88.138,            36,            0,         2332,         12481, idle
31.039232129231095     , 1783620044.0912476,  88.138,            36,            0,         2332,         12481, idle
31.059325225651264     , 1783620044.1113405,  88.138,            36,            0,         2332,         12481, idle
31.079419679939747     , 1783620044.1314352,  88.138,            36,            0,         2332,         12481, idle
31.099515084177256     , 1783620044.1515305,  88.138,            36,            0,         2332,         12481, idle
31.119607716798782     , 1783620044.171623 ,  88.138,            36,            0,         2332,         12481, idle
31.13970187306404      , 1783620044.1917174,  88.138,            36,            0,         2332,         12481, idle
31.15979777276516      , 1783620044.2118134,  88.138,            36,            0,         2332,         12481, idle
31.17989238165319      , 1783620044.231908 ,  88.138,            36,            0,         2332,         12481, idle
31.199987176805735     , 1783620044.252003 ,  88.138,            36,            0,         2332,         12481, idle
31.220081904903054     , 1783620044.2720978,  88.138,            36,            0,         2332,         12481, idle
31.240176623687148     , 1783620044.2921917,  88.138,            36,            0,         2332,         12481, idle
31.26027139648795      , 1783620044.3122873,  88.138,            36,            0,         2332,         12481, idle
31.280367448925972     , 1783620044.3323827,  88.138,            36,            0,         2332,         12481, idle
31.300461620092392     , 1783620044.352477 ,  88.138,            36,            0,         2332,         12481, idle
31.320556296035647     , 1783620044.3725717,  88.138,            36,            0,         2332,         12481, idle
31.34065029770136      , 1783620044.3926654,  88.138,            36,            0,         2332,         12481, idle
31.360743245109916     , 1783620044.412758 ,  88.138,            36,            0,         2332,         12481, idle
31.38083533011377      , 1783620044.4328508,  88.138,            36,            0,         2332,         12481, idle
31.400927145034075     , 1783620044.4529436,  88.138,            36,            0,         2332,         12481, idle
31.421020029112697     , 1783620044.4730353,  88.138,            36,            0,         2332,         12481, idle
31.44111106544733      , 1783620044.4931254,  88.138,            36,            0,         2332,         12481, idle
31.46123074553907      , 1783620044.513246 ,  88.138,            36,            0,         2332,         12481, idle
31.481323592364788     , 1783620044.533338 ,  88.138,            36,            0,         2332,         12481, idle
31.50141561590135      , 1783620044.5534303,  88.138,            36,            0,         2332,         12481, idle
31.521508537232876     , 1783620044.5735228,  88.138,            36,            0,         2332,         12481, idle
31.541610695421696     , 1783620044.5936248,  88.138,            36,            0,         2332,         12481, idle
31.561699775978923     , 1783620044.6137137,  88.138,            36,            0,         2332,         12481, idle
31.58179651759565      , 1783620044.6338115,  88.138,            36,            0,         2332,         12481, idle
31.601889403536916     , 1783620044.6539052,  88.138,            36,            0,         2332,         12481, idle
31.62198282405734      , 1783620044.6739974,  88.138,            36,            0,         2332,         12481, idle
31.64207560569048      , 1783620044.6940913,  88.138,            36,            0,         2332,         12481, idle
31.662168469280005     , 1783620044.714183 ,  88.138,            36,            0,         2332,         12481, idle
31.682259753346443     , 1783620044.7342746,  88.138,            36,            0,         2332,         12481, idle
31.702351052314043     , 1783620044.754366 ,  88.138,            36,            0,         2332,         12481, idle
31.722450936213136     , 1783620044.7744665,  88.138,            36,            0,         2332,         12481, idle
31.742546336725354     , 1783620044.794561 ,  88.138,            36,            0,         2332,         12481, idle
31.762739680707455     , 1783620044.814754 ,  88.138,            36,            0,         2332,         12481, idle
31.78283298946917      , 1783620044.8348484,  88.138,            36,            0,         2332,         12481, idle
31.802930176258087     , 1783620044.8549464,  88.138,            36,            0,         2332,         12481, idle
31.823025269433856     , 1783620044.8750403,  88.138,            36,            0,         2332,         12481, idle
31.84316012635827      , 1783620044.895174 ,  88.138,            36,            0,         2332,         12481, idle
31.86325265839696      , 1783620044.9152687,  88.138,            36,            0,         2332,         12481, idle
31.883347203955054     , 1783620044.9353623,  88.138,            36,            0,         2332,         12481, idle
31.9034383315593       , 1783620044.9554527,  88.138,            36,            0,         2332,         12481, idle
31.923532504588366     , 1783620044.9755476,  88.138,            36,            0,         2332,         12481, idle
31.94363670796156      , 1783620044.9956524,  88.138,            36,            0,         2332,         12481, idle
31.963731771335006     , 1783620045.015747 ,  88.138,            36,            0,         2332,         12481, idle
31.98383755609393      , 1783620045.035853 ,  88.138,            36,            0,         2332,         12481, idle
32.00393571332097      , 1783620045.0559514,  87.895,            36,            0,         2332,         12481, idle
32.0240279212594       , 1783620045.0760424,  87.895,            36,            0,         2332,         12481, idle
32.044123224914074     , 1783620045.096138 ,  87.895,            36,            0,         2332,         12481, idle
32.06421151198447      , 1783620045.1162262,  87.895,            36,            0,         2332,         12481, idle
32.08429645933211      , 1783620045.1363113,  87.895,            36,            0,         2332,         12481, idle
32.10438526421785      , 1783620045.1564004,  87.895,            36,            0,         2332,         12481, idle
32.1244796551764       , 1783620045.1764941,  87.895,            36,            0,         2332,         12481, idle
32.14457167685032      , 1783620045.1965861,  87.895,            36,            0,         2332,         12481, idle
32.16466323286295      , 1783620045.2166777,  87.895,            36,            0,         2332,         12481, idle
32.18475133739412      , 1783620045.2367659,  87.895,            36,            0,         2332,         12481, idle
32.204843148589134     , 1783620045.2568583,  87.895,            36,            0,         2332,         12481, idle
32.22493669204414      , 1783620045.2769518,  87.895,            36,            0,         2332,         12481, idle
32.24502344056964      , 1783620045.2970383,  87.895,            36,            0,         2332,         12481, idle
32.265114886686206     , 1783620045.3171291,  87.895,            36,            0,         2332,         12481, idle
32.285243824124336     , 1783620045.3372586,  87.895,            36,            0,         2332,         12481, idle
32.305339058861136     , 1783620045.3573537,  87.895,            36,            0,         2332,         12481, idle
32.32543593086302      , 1783620045.3774512,  87.895,            36,            0,         2332,         12481, idle
32.34553340822458      , 1783620045.397548 ,  87.895,            36,            0,         2332,         12481, idle
32.365629551932216     , 1783620045.4176447,  87.895,            36,            0,         2332,         12481, idle
32.38572822138667      , 1783620045.4377434,  87.895,            36,            0,         2332,         12481, idle
32.40582510828972      , 1783620045.4578402,  87.895,            36,            0,         2332,         12481, idle
32.42591292411089      , 1783620045.4779272,  87.895,            36,            0,         2332,         12481, idle
32.44601520523429      , 1783620045.4980302,  87.895,            36,            0,         2332,         12481, idle
32.46610875055194      , 1783620045.518123 ,  87.895,            36,            0,         2332,         12481, idle
32.48620252124965      , 1783620045.538217 ,  87.895,            36,            0,         2332,         12481, idle
32.50629203021526      , 1783620045.5583081,  87.895,            36,            0,         2332,         12481, idle
32.526384100317955     , 1783620045.5783992,  87.895,            36,            0,         2332,         12481, idle
32.54648135043681      , 1783620045.598496 ,  87.895,            36,            0,         2332,         12481, idle
32.566566951572895     , 1783620045.6185813,  87.895,            36,            0,         2332,         12481, idle
32.58666305243969      , 1783620045.638679 ,  87.895,            36,            0,         2332,         12481, idle
32.606761280447245     , 1783620045.6587765,  87.895,            36,            0,         2332,         12481, idle
32.62685855105519      , 1783620045.678873 ,  87.895,            36,            0,         2332,         12481, idle
32.64695510454476      , 1783620045.6989706,  87.895,            36,            0,         2332,         12481, idle
32.66704345680773      , 1783620045.7190576,  87.895,            36,            0,         2332,         12481, idle
32.68713763915002      , 1783620045.7391524,  87.895,            36,            0,         2332,         12481, idle
32.707225462421775     , 1783620045.7592402,  87.895,            36,            0,         2332,         12481, idle
32.72731535695493      , 1783620045.7793305,  87.895,            36,            0,         2332,         12481, idle
32.74741069599986      , 1783620045.799426 ,  87.895,            36,            0,         2332,         12481, idle
32.767507556825876     , 1783620045.819523 ,  87.895,            36,            0,         2332,         12481, idle
32.78760300390422      , 1783620045.839618 ,  87.895,            36,            0,         2332,         12481, idle
32.80769921280444      , 1783620045.8597145,  87.895,            36,            0,         2332,         12481, idle
32.827796809375286     , 1783620045.8798115,  87.895,            36,            0,         2332,         12481, idle
32.84789209999144      , 1783620045.899907 ,  87.895,            36,            0,         2332,         12481, idle
32.867985324934125     , 1783620045.9200006,  87.895,            36,            0,         2332,         12481, idle
32.88808045722544      , 1783620045.9400954,  87.895,            36,            0,         2332,         12481, idle
32.90816901996732      , 1783620045.9601843,  87.895,            36,            0,         2332,         12481, idle
32.92825639247894      , 1783620045.9802706,  87.895,            36,            0,         2332,         12481, idle
32.94834521226585      , 1783620046.0003598,  87.895,            36,            0,         2332,         12481, idle
32.96843673661351      , 1783620046.0204506,  87.895,            36,            0,         2332,         12481, idle
32.988526072353125     , 1783620046.0405407,  87.895,            36,            0,         2332,         12481, idle
33.008619129657745     , 1783620046.060634 ,  88.44 ,            36,            0,         2332,         12481, idle
33.02870987355709      , 1783620046.0807242,  88.44 ,            36,            0,         2332,         12481, idle
33.04879818111658      , 1783620046.1008122,  88.44 ,            36,            0,         2332,         12481, idle
33.06888570077717      , 1783620046.1208997,  88.44 ,            36,            0,         2332,         12481, idle
33.08897337317467      , 1783620046.1409872,  88.44 ,            36,            0,         2332,         12481, idle
33.10906158387661      , 1783620046.1610763,  88.44 ,            36,            0,         2332,         12481, idle
33.12915313988924      , 1783620046.1811671,  88.44 ,            36,            0,         2332,         12481, idle
33.14924309588969      , 1783620046.2012575,  88.44 ,            36,            0,         2332,         12481, idle
33.169333696365356     , 1783620046.2213473,  88.44 ,            36,            0,         2332,         12481, idle
33.189423175528646     , 1783620046.2414374,  88.44 ,            36,            0,         2332,         12481, idle
33.20951411128044      , 1783620046.261528 ,  88.44 ,            36,            0,         2332,         12481, idle
33.229603903368115     , 1783620046.2816176,  88.44 ,            36,            0,         2332,         12481, idle
33.24969386868179      , 1783620046.3017085,  88.44 ,            36,            0,         2332,         12481, idle
33.26978483609855      , 1783620046.3217988,  88.44 ,            36,            0,         2332,         12481, idle
33.28988206200302      , 1783620046.3418958,  88.44 ,            36,            0,         2332,         12481, idle
33.30997277237475      , 1783620046.361987 ,  88.44 ,            36,            0,         2332,         12481, idle
33.330065581947565     , 1783620046.3820798,  88.44 ,            36,            0,         2332,         12481, idle
33.350155003368855     , 1783620046.4021685,  88.44 ,            36,            0,         2332,         12481, idle
33.370245799422264     , 1783620046.4222596,  88.44 ,            36,            0,         2332,         12481, idle
33.390336910262704     , 1783620046.442351 ,  88.44 ,            36,            0,         2332,         12481, idle
33.41042738966644      , 1783620046.462442 ,  88.44 ,            36,            0,         2332,         12481, idle
33.43051787279546      , 1783620046.4825313,  88.44 ,            36,            0,         2332,         12481, idle
33.45060797035694      , 1783620046.502622 ,  88.44 ,            36,            0,         2332,         12481, idle
33.470697317272425     , 1783620046.522711 ,  88.44 ,            36,            0,         2332,         12481, idle
33.4907868988812       , 1783620046.5428002,  88.44 ,            36,            0,         2332,         12481, idle
33.5108800586313       , 1783620046.5628936,  88.44 ,            36,            0,         2332,         12481, idle
33.5309671331197       , 1783620046.5829809,  88.44 ,            36,            0,         2332,         12481, idle
33.55105587653816      , 1783620046.6030698,  88.44 ,            36,            0,         2332,         12481, idle
33.57114328444004      , 1783620046.623157 ,  88.44 ,            36,            0,         2332,         12481, idle
33.59123331308365      , 1783620046.643247 ,  88.44 ,            36,            0,         2332,         12481, idle
33.61132285371423      , 1783620046.663337 ,  88.44 ,            36,            0,         2332,         12481, idle
33.63141144812107      , 1783620046.6834252,  88.44 ,            36,            0,         2332,         12481, idle
33.651502361521125     , 1783620046.7035162,  88.44 ,            36,            0,         2332,         12481, idle
33.671592542901635     , 1783620046.7236068,  88.44 ,            36,            0,         2332,         12481, idle
33.69168182462454      , 1783620046.7436955,  88.44 ,            36,            0,         2332,         12481, idle
33.711769124493        , 1783620046.7637832,  88.44 ,            36,            0,         2332,         12481, idle
33.73185626603663      , 1783620046.78387  ,  88.44 ,            36,            0,         2332,         12481, idle
33.75194297917187      , 1783620046.8039565,  88.44 ,            36,            0,         2332,         12481, idle
33.77202818915248      , 1783620046.8240418,  88.44 ,            36,            0,         2332,         12481, idle
33.79211532138288      , 1783620046.8441293,  88.44 ,            36,            0,         2332,         12481, idle
33.81220366805792      , 1783620046.864217 ,  88.44 ,            36,            0,         2332,         12481, idle
33.8322919216007       , 1783620046.8843062,  88.44 ,            36,            0,         2332,         12481, idle
33.85237880796194      , 1783620046.9043927,  88.44 ,            36,            0,         2332,         12481, idle
33.872465120628476     , 1783620046.9244783,  88.44 ,            36,            0,         2332,         12481, idle
33.89255103096366      , 1783620046.9445643,  88.44 ,            36,            0,         2332,         12481, idle
33.91263640485704      , 1783620046.96465  ,  88.44 ,            36,            0,         2332,         12481, idle
33.932725647464395     , 1783620046.9847395,  88.44 ,            36,            0,         2332,         12481, idle
33.952813897281885     , 1783620047.004827 ,  88.44 ,            36,            0,         2332,         12481, idle
33.97290086001158      , 1783620047.0249143,  88.44 ,            36,            0,         2332,         12481, idle
33.99298666603863      , 1783620047.0449998,  88.44 ,            36,            0,         2332,         12481, idle
34.0130732152611       , 1783620047.065087 ,  88.164,            36,            0,         2325,         12481, idle
34.033149387687445     , 1783620047.085163 ,  88.164,            36,            0,         2325,         12481, idle
34.05323669873178      , 1783620047.10525  ,  88.164,            36,            0,         2325,         12481, idle
34.07332645729184      , 1783620047.1253407,  88.164,            36,            0,         2325,         12481, idle
34.09341583773494      , 1783620047.1454291,  88.164,            36,            0,         2325,         12481, idle
34.11350551247597      , 1783620047.1655195,  88.164,            36,            0,         2325,         12481, idle
34.1336019448936       , 1783620047.185616 ,  88.164,            36,            0,         2325,         12481, idle
34.15369025990367      , 1783620047.2057037,  88.164,            36,            0,         2325,         12481, idle
34.17378034815192      , 1783620047.2257943,  88.164,            36,            0,         2325,         12481, idle
34.19387022592127      , 1783620047.245884 ,  88.164,            36,            0,         2325,         12481, idle
34.21395885758102      , 1783620047.2659724,  88.164,            36,            0,         2325,         12481, idle
34.234048910439014     , 1783620047.2860625,  88.164,            36,            0,         2325,         12481, idle
34.25413757748902      , 1783620047.306151 ,  88.164,            36,            0,         2325,         12481, idle
34.27422563359141      , 1783620047.3262389,  88.164,            36,            0,         2325,         12481, idle
34.294314708560705     , 1783620047.3463285,  88.164,            36,            0,         2325,         12481, idle
34.314405078068376     , 1783620047.36642  ,  88.164,            36,            0,         2325,         12481, idle
34.33449929766357      , 1783620047.3865135,  88.164,            36,            0,         2325,         12481, idle
34.3545908741653       , 1783620047.4066048,  88.164,            36,            0,         2325,         12481, idle
34.3746801931411       , 1783620047.4266942,  88.164,            36,            0,         2325,         12481, idle
34.394769022241235     , 1783620047.4467828,  88.164,            36,            0,         2325,         12481, idle
34.41485770791769      , 1783620047.4668722,  88.164,            36,            0,         2325,         12481, idle
34.43494703806937      , 1783620047.4869614,  88.164,            36,            0,         2325,         12481, idle
34.45503472164273      , 1783620047.5070486,  88.164,            36,            0,         2325,         12481, idle
34.47512497007847      , 1783620047.5271392,  88.164,            36,            0,         2325,         12481, idle
34.495213164016604     , 1783620047.5472274,  88.164,            36,            0,         2325,         12481, idle
34.51530387252569      , 1783620047.5673184,  88.164,            36,            0,         2325,         12481, idle
34.535403084009886     , 1783620047.5874178,  88.164,            36,            0,         2325,         12481, idle
34.55549229681492      , 1783620047.6075065,  88.164,            36,            0,         2325,         12481, idle
34.57558326609433      , 1783620047.6275976,  88.164,            36,            0,         2325,         12481, idle
34.59567387960851      , 1783620047.6476882,  88.164,            36,            0,         2325,         12481, idle
34.61576319672167      , 1783620047.6677783,  88.164,            36,            0,         2325,         12481, idle
34.6358540635556       , 1783620047.687868 ,  88.164,            36,            0,         2325,         12481, idle
34.655942402780056     , 1783620047.7079566,  88.164,            36,            0,         2325,         12481, idle
34.67603006027639      , 1783620047.7280438,  88.164,            36,            0,         2325,         12481, idle
34.6961183398962       , 1783620047.7481327,  88.164,            36,            0,         2325,         12481, idle
34.716207053512335     , 1783620047.7682211,  88.164,            36,            0,         2325,         12481, idle
34.736296689137816     , 1783620047.7883105,  88.164,            36,            0,         2325,         12481, idle
34.756384804844856     , 1783620047.8083985,  88.164,            36,            0,         2325,         12481, idle
34.77647306397557      , 1783620047.8284872,  88.164,            36,            0,         2325,         12481, idle
34.79656301997602      , 1783620047.8485773,  88.164,            36,            0,         2325,         12481, idle
34.816651402041316     , 1783620047.8686655,  88.164,            36,            0,         2325,         12481, idle
34.83674110658467      , 1783620047.8887563,  88.164,            36,            0,         2325,         12481, idle
34.856832064688206     , 1783620047.908847 ,  88.164,            36,            0,         2325,         12481, idle
34.87692318856716      , 1783620047.9289384,  88.164,            36,            0,         2325,         12481, idle
34.89701601117849      , 1783620047.9490314,  88.164,            36,            0,         2325,         12481, idle
34.91710998490453      , 1783620047.9691253,  87.946,            36,            0,         2325,         12481, idle
34.93721858039498      , 1783620047.989234 ,  87.946,            36,            0,         2325,         12481, idle
34.95731324888766      , 1783620048.0093284,  87.946,            36,            0,         2325,         12481, idle
34.97740791738033      , 1783620048.029423 ,  87.946,            36,            0,         2325,         12481, idle
34.997516475617886     , 1783620048.0495315,  87.946,            36,            0,         2325,         12481, idle
35.01761076413095      , 1783620048.069626 ,  87.946,            36,            0,         2332,         12481, idle
35.03770456276834      , 1783620048.0897193,  87.946,            36,            0,         2332,         12481, idle
35.05779753997922      , 1783620048.1098127,  87.946,            36,            0,         2332,         12481, idle
35.07789112813771      , 1783620048.129906 ,  87.946,            36,            0,         2332,         12481, idle
35.09798305109143      , 1783620048.1499977,  87.946,            36,            0,         2332,         12481, idle
35.11807284504175      , 1783620048.170088 ,  87.946,            36,            0,         2332,         12481, idle
35.13817154057324      , 1783620048.1901863,  87.946,            36,            0,         2332,         12481, idle
35.15826256014407      , 1783620048.2102766,  87.946,            36,            0,         2332,         12481, idle
35.178359689190984     , 1783620048.2303936,  87.946,            36,            0,         2332,         12481, idle
35.19850512035191      , 1783620048.2505252,  87.946,            36,            0,         2332,         12481, idle
35.21862501651049      , 1783620048.2706437,  87.946,            36,            0,         2332,         12481, idle
35.23871627263725      , 1783620048.2907314,  87.946,            36,            0,         2332,         12481, idle
35.25880326516926      , 1783620048.3108175,  87.946,            36,            0,         2332,         12481, idle
35.27888387814164      , 1783620048.330897 ,  87.946,            36,            0,         2332,         12481, idle
35.29896264895797      , 1783620048.3509758,  87.946,            36,            0,         2332,         12481, idle
35.319042440503836     , 1783620048.3710566,  87.946,            36,            0,         2332,         12481, idle
35.33914617262781      , 1783620048.391171 ,  87.946,            36,            0,         2332,         12481, idle
35.35927055589855      , 1783620048.4112887,  87.946,            36,            0,         2332,         12481, idle
35.37937806546688      , 1783620048.431398 ,  87.946,            36,            0,         2332,         12481, idle
35.39948262088001      , 1783620048.4514985,  87.946,            36,            0,         2332,         12481, idle
35.4195771291852       , 1783620048.471593 ,  87.946,            36,            0,         2332,         12481, idle
35.43967162631452      , 1783620048.4916866,  87.946,            36,            0,         2332,         12481, idle
35.45976599678397      , 1783620048.5117817,  87.946,            36,            0,         2332,         12481, idle
35.47986046411097      , 1783620048.5318758,  87.946,            36,            0,         2332,         12481, idle
35.499953946098685     , 1783620048.5519693,  87.946,            36,            0,         2332,         12481, idle
35.52004729770124      , 1783620048.572063 ,  87.946,            36,            0,         2332,         12481, idle
35.54014127701521      , 1783620048.5921571,  87.946,            36,            0,         2332,         12481, idle
35.56024261750281      , 1783620048.6122582,  87.946,            36,            0,         2332,         12481, idle
35.58033691346645      , 1783620048.632352 ,  87.946,            36,            0,         2332,         12481, idle
35.600429486483335     , 1783620048.6524458,  87.946,            36,            0,         2332,         12481, idle
35.620526175946        , 1783620048.6725426,  87.946,            36,            0,         2332,         12481, idle
35.64062458463013      , 1783620048.6926394,  87.946,            36,            0,         2332,         12481, idle
35.66071167215705      , 1783620048.7127254,  87.946,            36,            0,         2332,         12481, idle
35.68079785630107      , 1783620048.7328124,  87.946,            36,            0,         2332,         12481, idle
35.70088410936296      , 1783620048.7528982,  87.946,            36,            0,         2332,         12481, idle
35.72096952609718      , 1783620048.7729838,  87.946,            36,            0,         2332,         12481, idle
35.741054059937596     , 1783620048.793068 ,  87.946,            36,            0,         2332,         12481, idle
35.76115255616605      , 1783620048.813167 ,  87.946,            36,            0,         2332,         12481, idle
35.781243328005075     , 1783620048.833258 ,  87.946,            36,            0,         2332,         12481, idle
35.801335291936994     , 1783620048.8533497,  87.946,            36,            0,         2332,         12481, idle
35.82142918929458      , 1783620048.8734436,  87.946,            36,            0,         2332,         12481, idle
35.841520961374044     , 1783620048.8935359,  87.946,            36,            0,         2332,         12481, idle
35.86162364855409      , 1783620048.913638 ,  87.946,            36,            0,         2332,         12481, idle
35.88171721994877      , 1783620048.9337316,  87.946,            36,            0,         2332,         12481, idle
35.901809299364686     , 1783620048.9538236,  87.674,            36,            0,         2332,         12481, idle
35.92190051265061      , 1783620048.9739144,  87.674,            36,            0,         2332,         12481, idle
35.94199193455279      , 1783620048.9940054,  87.674,            36,            0,         2332,         12481, idle
35.96208164840937      , 1783620049.014096 ,  87.674,            36,            0,         2332,         12481, idle
35.9821732416749       , 1783620049.0341876,  87.674,            36,            0,         2332,         12481, idle
36.002264546230435     , 1783620049.0542789,  87.674,            36,            0,         2332,         12481, idle
36.02235632017255      , 1783620049.0743704,  87.674,            36,            0,         2332,         12481, idle
36.04244636557996      , 1783620049.0944607,  87.674,            36,            0,         2332,         12481, idle
36.06253578513861      , 1783620049.1145494,  87.674,            36,            0,         2332,         12481, idle
36.08263214863837      , 1783620049.134646 ,  87.674,            36,            0,         2332,         12481, idle
36.10272302106023      , 1783620049.1547372,  87.674,            36,            0,         2332,         12481, idle
36.12281267531216      , 1783620049.1748261,  87.674,            36,            0,         2332,         12481, idle
36.1429023463279       , 1783620049.194916 ,  87.674,            36,            0,         2332,         12481, idle
36.16299110278487      , 1783620049.2150056,  87.674,            36,            0,         2332,         12481, idle
36.18308070488274      , 1783620049.2350948,  87.674,            36,            0,         2332,         12481, idle
36.20317023061216      , 1783620049.2551842,  87.674,            36,            0,         2332,         12481, idle
36.223262283951044     , 1783620049.2752767,  87.674,            36,            0,         2332,         12481, idle
36.24335455708206      , 1783620049.2953684,  87.674,            36,            0,         2332,         12481, idle
36.26344574987888      , 1783620049.3154595,  87.674,            36,            0,         2332,         12481, idle
36.2835369259119       , 1783620049.3355513,  87.674,            36,            0,         2332,         12481, idle
36.30362791568041      , 1783620049.355642 ,  87.674,            36,            0,         2332,         12481, idle
36.32371925190091      , 1783620049.3757336,  87.674,            36,            0,         2332,         12481, idle
36.3438099976629       , 1783620049.3958242,  87.674,            36,            0,         2332,         12481, idle
36.363899948075414     , 1783620049.4159148,  87.674,            36,            0,         2332,         12481, idle
36.38399128802121      , 1783620049.436005 ,  87.674,            36,            0,         2332,         12481, idle
36.4040816091001       , 1783620049.4560962,  87.674,            36,            0,         2332,         12481, idle
36.42417486011982      , 1783620049.4761908,  87.674,            36,            0,         2332,         12481, idle
36.444269658997655     , 1783620049.4962842,  87.674,            36,            0,         2332,         12481, idle
36.464362531900406     , 1783620049.5163767,  87.674,            36,            0,         2332,         12481, idle
36.484455497935414     , 1783620049.5364697,  87.674,            36,            0,         2332,         12481, idle
36.504546573385596     , 1783620049.5565608,  87.674,            36,            0,         2332,         12481, idle
36.524638168513775     , 1783620049.5766528,  87.674,            36,            0,         2332,         12481, idle
36.54472827166319      , 1783620049.596742 ,  87.674,            36,            0,         2332,         12481, idle
36.564817033708096     , 1783620049.616831 ,  87.674,            36,            0,         2332,         12481, idle
36.58491478487849      , 1783620049.6369288,  87.674,            36,            0,         2332,         12481, idle
36.60500484146178      , 1783620049.6570194,  87.674,            36,            0,         2332,         12481, idle
36.625095419585705     , 1783620049.6771097,  87.674,            36,            0,         2332,         12481, idle
36.6451557520777       , 1783620049.69717  ,  87.674,            36,            0,         2332,         12481, idle
36.66524450480938      , 1783620049.7172582,  87.674,            36,            0,         2332,         12481, idle
36.68533234857023      , 1783620049.7373466,  87.674,            36,            0,         2332,         12481, idle
36.705425361171365     , 1783620049.7574391,  87.674,            36,            0,         2332,         12481, idle
36.72551333345473      , 1783620049.7775276,  87.674,            36,            0,         2332,         12481, idle
36.74560304917395      , 1783620049.7976167,  87.674,            36,            0,         2332,         12481, idle
36.76568788848817      , 1783620049.817702 ,  87.674,            36,            0,         2332,         12481, idle
36.78577553667128      , 1783620049.83779  ,  87.674,            36,            0,         2332,         12481, idle
36.80586517602205      , 1783620049.8578804,  87.674,            36,            0,         2332,         12481, idle
36.82595481351018      , 1783620049.8779685,  87.674,            36,            0,         2332,         12481, idle
36.84604509733617      , 1783620049.898059 ,  87.674,            36,            0,         2332,         12481, idle
36.86613570712507      , 1783620049.9181497,  87.674,            36,            0,         2332,         12481, idle
36.88622434064746      , 1783620049.9382386,  87.674,            36,            0,         2332,         12481, idle
36.90631391108036      , 1783620049.958328 ,  86.972,            36,            0,         2332,         12481, idle
36.92640347033739      , 1783620049.9784174,  86.972,            36,            0,         2332,         12481, idle
36.946492183953524     , 1783620049.998506 ,  86.972,            36,            0,         2332,         12481, idle
36.966580821201205     , 1783620050.0185947,  86.972,            36,            0,         2332,         12481, idle
36.98667128011584      , 1783620050.038685 ,  86.972,            36,            0,         2332,         12481, idle
37.00675999559462      , 1783620050.0587747,  86.972,            36,            0,         2332,         12481, idle
37.026850340887904     , 1783620050.0788648,  86.972,            36,            0,         2332,         12481, idle
37.04693956114352      , 1783620050.0989542,  86.972,            36,            0,         2332,         12481, idle
37.06702840141952      , 1783620050.1190426,  86.972,            36,            0,         2332,         12481, idle
37.08711939305067      , 1783620050.1391342,  86.972,            36,            0,         2332,         12481, idle
37.1072076484561       , 1783620050.1592216,  86.972,            36,            0,         2332,         12481, idle
37.127296751365066     , 1783620050.179311 ,  86.972,            36,            0,         2332,         12481, idle
37.14738593250513      , 1783620050.1994004,  86.972,            36,            0,         2332,         12481, idle
37.16747422516346      , 1783620050.2194886,  86.972,            36,            0,         2332,         12481, idle
37.18756098859012      , 1783620050.2395751,  86.972,            36,            0,         2332,         12481, idle
37.20764877833426      , 1783620050.2596626,  86.972,            36,            0,         2332,         12481, idle
37.22773791663349      , 1783620050.2797523,  86.972,            36,            0,         2332,         12481, idle
37.24782605469227      , 1783620050.2998402,  86.972,            36,            0,         2332,         12481, idle
37.26791421324015      , 1783620050.3199284,  86.972,            36,            0,         2332,         12481, idle
37.28800362534821      , 1783620050.3400176,  86.972,            36,            0,         2332,         12481, idle
37.30809314735234      , 1783620050.360107 ,  86.972,            36,            0,         2332,         12481, idle
37.32818270474672      , 1783620050.3801966,  86.972,            36,            0,         2332,         12481, idle
37.34827791340649      , 1783620050.4002967,  86.972,            36,            0,         2332,         12481, idle
37.368376860395074     , 1783620050.420391 ,  86.972,            36,            0,         2332,         12481, idle
37.388459825888276     , 1783620050.4404738,  86.972,            36,            0,         2332,         12481, idle
37.4085421487689       , 1783620050.460556 ,  86.972,            36,            0,         2332,         12481, idle
37.42862620204687      , 1783620050.4806404,  86.972,            36,            0,         2332,         12481, idle
37.44870954938233      , 1783620050.5007234,  86.972,            36,            0,         2332,         12481, idle
37.468793015927076     , 1783620050.5208073,  86.972,            36,            0,         2332,         12481, idle
37.488882172852755     , 1783620050.5408962,  86.972,            36,            0,         2332,         12481, idle
37.50897009856999      , 1783620050.5609846,  86.972,            36,            0,         2332,         12481, idle
37.52905909344554      , 1783620050.581073 ,  86.972,            36,            0,         2332,         12481, idle
37.54915248043835      , 1783620050.6011665,  86.972,            36,            0,         2332,         12481, idle
37.569240333512425     , 1783620050.6212544,  86.972,            36,            0,         2332,         12481, idle
37.58932676538825      , 1783620050.6413405,  86.972,            36,            0,         2332,         12481, idle
37.60941860079765      , 1783620050.6614325,  86.972,            36,            0,         2332,         12481, idle
37.62950668297708      , 1783620050.6815205,  86.972,            36,            0,         2332,         12481, idle
37.6495947688818       , 1783620050.7016082,  86.972,            36,            0,         2332,         12481, idle
37.669682474806905     , 1783620050.7216966,  86.972,            36,            0,         2332,         12481, idle
37.689769668504596     , 1783620050.7417836,  86.972,            36,            0,         2332,         12481, idle
37.70985930413008      , 1783620050.7618737,  86.972,            36,            0,         2332,         12481, idle
37.72994841635227      , 1783620050.781962 ,  86.972,            36,            0,         2332,         12481, idle
37.75003615953028      , 1783620050.8020496,  86.972,            36,            0,         2332,         12481, idle
37.77012461423874      , 1783620050.822138 ,  86.972,            36,            0,         2332,         12481, idle
37.7902142573148       , 1783620050.8422282,  86.972,            36,            0,         2332,         12481, idle
37.81030419282615      , 1783620050.862318 ,  86.972,            36,            0,         2332,         12481, idle
37.83039531670511      , 1783620050.8824089,  86.972,            36,            0,         2332,         12481, idle
37.850483540445566     , 1783620050.9024975,  86.972,            36,            0,         2332,         12481, idle
37.87057162448764      , 1783620050.9225855,  86.972,            36,            0,         2332,         12481, idle
37.89065947197378      , 1783620050.942673 ,  86.972,            36,            0,         2332,         12481, idle
37.91074760816991      , 1783620050.9627614,  88.33 ,            36,            0,         2332,         12481, idle
37.93083719909191      , 1783620050.982851 ,  88.33 ,            36,            0,         2332,         12481, idle
37.95092355273664      , 1783620051.0029373,  88.33 ,            36,            0,         2332,         12481, idle
37.97101173736155      , 1783620051.0230258,  88.33 ,            36,            0,         2332,         12481, idle
37.99109993316233      , 1783620051.043114 ,  88.33 ,            36,            0,         2332,         12481, idle
38.0111895930022       , 1783620051.0632038,  88.33 ,            36,            0,         2325,         12481, idle
38.0312822163105       , 1783620051.0832963,  88.33 ,            36,            0,         2325,         12481, idle
38.05137173086405      , 1783620051.1033854,  88.33 ,            36,            0,         2325,         12481, idle
38.07145930081606      , 1783620051.1234732,  88.33 ,            36,            0,         2325,         12481, idle
38.09154716320336      , 1783620051.143561 ,  88.33 ,            36,            0,         2325,         12481, idle
38.11163452267647      , 1783620051.1636488,  88.33 ,            36,            0,         2325,         12481, idle
38.13173230551183      , 1783620051.183746 ,  88.33 ,            36,            0,         2325,         12481, idle
38.15182070992887      , 1783620051.2038345,  88.33 ,            36,            0,         2325,         12481, idle
38.17190931364894      , 1783620051.2239232,  88.33 ,            36,            0,         2325,         12481, idle
38.19200008921325      , 1783620051.2440143,  88.33 ,            36,            0,         2325,         12481, idle
38.21208859607577      , 1783620051.2641027,  88.33 ,            36,            0,         2325,         12481, idle
38.2321771401912       , 1783620051.2841904,  88.33 ,            36,            0,         2325,         12481, idle
38.25226540863514      , 1783620051.3042793,  88.33 ,            36,            0,         2325,         12481, idle
38.272352896630764     , 1783620051.3243668,  88.33 ,            36,            0,         2325,         12481, idle
38.292442159727216     , 1783620051.3444564,  88.33 ,            36,            0,         2325,         12481, idle
38.31253232061863      , 1783620051.364546 ,  88.33 ,            36,            0,         2325,         12481, idle
38.3326230160892       , 1783620051.3846374,  88.33 ,            36,            0,         2325,         12481, idle
38.352715101093054     , 1783620051.4047291,  88.33 ,            36,            0,         2325,         12481, idle
38.372806100174785     , 1783620051.42482  ,  88.33 ,            36,            0,         2325,         12481, idle
38.39289881289005      , 1783620051.4449134,  88.33 ,            36,            0,         2325,         12481, idle
38.41299659945071      , 1783620051.465011 ,  88.33 ,            36,            0,         2325,         12481, idle
38.433087188750505     , 1783620051.4851015,  88.33 ,            36,            0,         2325,         12481, idle
38.45319335348904      , 1783620051.505207 ,  88.33 ,            36,            0,         2325,         12481, idle
38.47328285127878      , 1783620051.5252974,  88.33 ,            36,            0,         2325,         12481, idle
38.49337340518832      , 1783620051.545387 ,  88.33 ,            36,            0,         2325,         12481, idle
38.51346060074866      , 1783620051.5654745,  88.33 ,            36,            0,         2325,         12481, idle
38.5335498303175       , 1783620051.5855634,  88.33 ,            36,            0,         2325,         12481, idle
38.55363949947059      , 1783620051.605653 ,  88.33 ,            36,            0,         2325,         12481, idle
38.57373086921871      , 1783620051.6257443,  88.33 ,            36,            0,         2325,         12481, idle
38.593821320682764     , 1783620051.6458347,  88.33 ,            36,            0,         2325,         12481, idle
38.613909324631095     , 1783620051.665923 ,  88.33 ,            36,            0,         2325,         12481, idle
38.634003177285194     , 1783620051.686017 ,  88.33 ,            36,            0,         2325,         12481, idle
38.65409116446972      , 1783620051.7061043,  88.33 ,            36,            0,         2325,         12481, idle
38.67417927272618      , 1783620051.726193 ,  88.33 ,            36,            0,         2325,         12481, idle
38.69426762871444      , 1783620051.7462816,  88.33 ,            36,            0,         2325,         12481, idle
38.71435604430735      , 1783620051.7663698,  88.33 ,            36,            0,         2325,         12481, idle
38.734446320682764     , 1783620051.7864597,  88.33 ,            36,            0,         2325,         12481, idle
38.75453591346741      , 1783620051.80655  ,  88.33 ,            36,            0,         2325,         12481, idle
38.77462655492127      , 1783620051.8266404,  88.33 ,            36,            0,         2325,         12481, idle
38.7947143483907       , 1783620051.8467276,  88.33 ,            36,            0,         2325,         12481, idle
38.81480126455426      , 1783620051.866815 ,  88.33 ,            36,            0,         2325,         12481, idle
38.83489044010639      , 1783620051.8869035,  88.33 ,            36,            0,         2325,         12481, idle
38.85497711598873      , 1783620051.9069905,  88.33 ,            36,            0,         2325,         12481, idle
38.875066604465246     , 1783620051.9270804,  88.33 ,            36,            0,         2325,         12481, idle
38.89515688084066      , 1783620051.9471707,  88.33 ,            36,            0,         2325,         12481, idle
38.91524653881788      , 1783620051.9672601,  88.436,            36,            0,         2325,         12481, idle
38.935335936024785     , 1783620051.9873495,  88.436,            36,            0,         2325,         12481, idle
38.95542526058853      , 1783620052.0074387,  88.436,            36,            0,         2325,         12481, idle
38.97551288828254      , 1783620052.0275266,  88.436,            36,            0,         2325,         12481, idle
38.995602218434215     , 1783620052.0476158,  88.436,            36,            0,         2325,         12481, idle
39.015690272673965     , 1783620052.067704 ,  88.436,            36,            0,         2325,         12481, idle
39.03577995300293      , 1783620052.0877934,  88.436,            36,            0,         2325,         12481, idle
39.05586772039533      , 1783620052.1078813,  88.436,            36,            0,         2325,         12481, idle
39.07595678605139      , 1783620052.127971 ,  88.436,            36,            0,         2325,         12481, idle
39.09604715742171      , 1783620052.148061 ,  88.436,            36,            0,         2325,         12481, idle
39.11613600887358      , 1783620052.16815  ,  88.436,            36,            0,         2325,         12481, idle
39.13622781261802      , 1783620052.1882412,  88.436,            36,            0,         2325,         12481, idle
39.1563163921237       , 1783620052.20833  ,  88.436,            36,            0,         2325,         12481, idle
39.1764051001519       , 1783620052.2284184,  88.436,            36,            0,         2325,         12481, idle
39.19649360142648      , 1783620052.2485068,  88.436,            36,            0,         2325,         12481, idle
39.21658391878009      , 1783620052.2685976,  88.436,            36,            0,         2325,         12481, idle
39.23667318560183      , 1783620052.288687 ,  88.436,            36,            0,         2325,         12481, idle
39.25676254555583      , 1783620052.308776 ,  88.436,            36,            0,         2325,         12481, idle
39.276873068884015     , 1783620052.3288867,  88.436,            36,            0,         2325,         12481, idle
39.296961495652795     , 1783620052.3489752,  88.436,            36,            0,         2325,         12481, idle
39.31704930216074      , 1783620052.369063 ,  88.436,            36,            0,         2325,         12481, idle
39.33717149682343      , 1783620052.3891847,  88.436,            36,            0,         2325,         12481, idle
39.35726017318666      , 1783620052.4092739,  88.436,            36,            0,         2325,         12481, idle
39.377350272610784     , 1783620052.4293635,  88.436,            36,            0,         2325,         12481, idle
39.397440833970904     , 1783620052.449454 ,  88.436,            36,            0,         2325,         12481, idle
39.4175310600549       , 1783620052.469545 ,  88.436,            36,            0,         2325,         12481, idle
39.437622252851725     , 1783620052.489636 ,  88.436,            36,            0,         2325,         12481, idle
39.45771251991391      , 1783620052.509726 ,  88.436,            36,            0,         2325,         12481, idle
39.4778005015105       , 1783620052.5298145,  88.436,            36,            0,         2325,         12481, idle
39.49789057485759      , 1783620052.5499043,  88.436,            36,            0,         2325,         12481, idle
39.51798114553094      , 1783620052.5699952,  88.436,            36,            0,         2325,         12481, idle
39.53807121515274      , 1783620052.590085 ,  88.436,            36,            0,         2325,         12481, idle
39.558162769302726     , 1783620052.6101766,  88.436,            36,            0,         2325,         12481, idle
39.578252512961626     , 1783620052.6302664,  88.436,            36,            0,         2325,         12481, idle
39.59834347292781      , 1783620052.6503572,  88.436,            36,            0,         2325,         12481, idle
39.61843158118427      , 1783620052.670445 ,  88.436,            36,            0,         2325,         12481, idle
39.63852180540562      , 1783620052.6905358,  88.436,            36,            0,         2325,         12481, idle
39.658615404739976     , 1783620052.7106287,  88.436,            36,            0,         2325,         12481, idle
39.67870465666056      , 1783620052.7307184,  88.436,            36,            0,         2325,         12481, idle
39.698792500421405     , 1783620052.7508059,  88.436,            36,            0,         2325,         12481, idle
39.71887983009219      , 1783620052.7708938,  88.436,            36,            0,         2325,         12481, idle
39.73896975629032      , 1783620052.7909832,  88.436,            36,            0,         2325,         12481, idle
39.759057480841875     , 1783620052.8110707,  88.436,            36,            0,         2325,         12481, idle
39.77914419025183      , 1783620052.8311577,  88.436,            36,            0,         2325,         12481, idle
39.79923155158758      , 1783620052.8512452,  88.436,            36,            0,         2325,         12481, idle
39.81931857764721      , 1783620052.8713324,  88.436,            36,            0,         2325,         12481, idle
39.83940742537379      , 1783620052.8914206,  88.436,            36,            0,         2325,         12481, idle
39.85949496924877      , 1783620052.9115086,  88.436,            36,            0,         2325,         12481, idle
39.879580695182085     , 1783620052.931594 ,  88.436,            36,            0,         2325,         12481, idle
39.89966665394604      , 1783620052.9516807,  88.049,            36,            0,         2325,         12481, idle
39.919755859300494     , 1783620052.9717696,  88.049,            36,            0,         2325,         12481, idle
39.93984428420663      , 1783620052.9918578,  88.049,            36,            0,         2325,         12481, idle
39.95993100479245      , 1783620053.011945 ,  88.049,            36,            0,         2325,         12481, idle
39.98001689650118      , 1783620053.0320306,  88.049,            36,            0,         2325,         12481, idle
40.000105729326606     , 1783620053.0521195,  88.049,            36,            0,         2325,         12481, idle
40.02019478008151      , 1783620053.072209 ,  88.049,            36,            0,         2325,         12481, idle
40.04028473235667      , 1783620053.0922985,  88.049,            36,            0,         2325,         12481, idle
40.06037285365164      , 1783620053.1123865,  88.049,            36,            0,         2325,         12481, idle
40.080460449680686     , 1783620053.1324737,  88.049,            36,            0,         2325,         12481, idle
40.10054671764374      , 1783620053.1525607,  88.049,            36,            0,         2325,         12481, idle
40.12064070999622      , 1783620053.1726544,  88.049,            36,            0,         2325,         12481, idle
40.14072878845036      , 1783620053.192742 ,  88.049,            36,            0,         2325,         12481, idle
40.16081581450999      , 1783620053.2128289,  88.049,            36,            0,         2325,         12481, idle
40.180906157940626     , 1783620053.2329192,  88.049,            36,            0,         2325,         12481, idle
40.200991448014975     , 1783620053.2530048,  88.049,            36,            0,         2325,         12481, idle
40.22107816487551      , 1783620053.2730918,  88.049,            36,            0,         2325,         12481, idle
40.24114868603647      , 1783620053.2931619,  88.049,            36,            0,         2325,         12481, idle
40.2612363640219       , 1783620053.3132498,  88.049,            36,            0,         2325,         12481, idle
40.28132702037692      , 1783620053.3333406,  88.049,            36,            0,         2325,         12481, idle
40.30141619220376      , 1783620053.3534305,  88.049,            36,            0,         2325,         12481, idle
40.321506299078465     , 1783620053.3735194,  88.049,            36,            0,         2325,         12481, idle
40.341594656929374     , 1783620053.393608 ,  88.049,            36,            0,         2325,         12481, idle
40.361683735623956     , 1783620053.4136972,  88.049,            36,            0,         2325,         12481, idle
40.38177264109254      , 1783620053.4337864,  88.049,            36,            0,         2325,         12481, idle
40.40186228789389      , 1783620053.453876 ,  88.049,            36,            0,         2325,         12481, idle
40.42195317335427      , 1783620053.4739668,  88.049,            36,            0,         2325,         12481, idle
40.44204308092594      , 1783620053.494057 ,  88.049,            36,            0,         2325,         12481, idle
40.4621339533478       , 1783620053.5141478,  88.049,            36,            0,         2325,         12481, idle
40.48222483322024      , 1783620053.5342393,  88.049,            36,            0,         2325,         12481, idle
40.5023146327585       , 1783620053.5543287,  88.049,            36,            0,         2325,         12481, idle
40.52243439480662      , 1783620053.574448 ,  88.049,            36,            0,         2325,         12481, idle
40.54252373613417      , 1783620053.5945382,  88.049,            36,            0,         2325,         12481, idle
40.56261470168829      , 1783620053.6146286,  88.049,            36,            0,         2325,         12481, idle
40.582703894004226     , 1783620053.6347177,  88.049,            36,            0,         2325,         12481, idle
40.60279437713325      , 1783620053.6548088,  88.049,            36,            0,         2325,         12481, idle
40.622885547578335     , 1783620053.6748998,  88.049,            36,            0,         2325,         12481, idle
40.64297542721033      , 1783620053.6949885,  88.049,            36,            0,         2325,         12481, idle
40.6630655489862       , 1783620053.7150798,  88.049,            36,            0,         2325,         12481, idle
40.683165188878775     , 1783620053.7351792,  88.049,            36,            0,         2325,         12481, idle
40.703254187479615     , 1783620053.7552686,  88.049,            36,            0,         2325,         12481, idle
40.72334786131978      , 1783620053.775362 ,  88.049,            36,            0,         2325,         12481, idle
40.743438547477126     , 1783620053.7954526,  88.049,            36,            0,         2325,         12481, idle
40.76352820172906      , 1783620053.815542 ,  88.049,            36,            0,         2325,         12481, idle
40.783616816625        , 1783620053.835631 ,  88.049,            36,            0,         2325,         12481, idle
40.80370741523802      , 1783620053.8557217,  88.049,            36,            0,         2325,         12481, idle
40.82379992119968      , 1783620053.875814 ,  88.049,            36,            0,         2325,         12481, idle
40.84389089606702      , 1783620053.8959048,  88.049,            36,            0,         2325,         12481, idle
40.863980907946825     , 1783620053.915995 ,  88.049,            36,            0,         2325,         12481, idle
40.884070904925466     , 1783620053.936085 ,  88.049,            36,            0,         2325,         12481, idle
40.9041604436934       , 1783620053.9561746,  88.023,            36,            0,         2325,         12481, idle
40.924251828342676     , 1783620053.9762657,  88.023,            36,            0,         2325,         12481, idle
40.94434295035899      , 1783620053.9963562,  88.023,            36,            0,         2325,         12481, idle
40.96443768031895      , 1783620054.0164518,  88.023,            36,            0,         2325,         12481, idle
40.9845260027796       , 1783620054.0365398,  88.023,            36,            0,         2325,         12481, idle
41.00461705215275      , 1783620054.056631 ,  88.023,            36,            0,         2332,         12481, idle
41.02470850944519      , 1783620054.0767226,  88.023,            36,            0,         2332,         12481, idle
41.044798301532865     , 1783620054.096812 ,  88.023,            36,            0,         2332,         12481, idle
41.064889362081885     , 1783620054.1169033,  88.023,            36,            0,         2332,         12481, idle
41.084980580955744     , 1783620054.1369948,  88.023,            36,            0,         2332,         12481, idle
41.105072256177664     , 1783620054.1570866,  88.023,            36,            0,         2332,         12481, idle
41.12514712847769      , 1783620054.177161 ,  88.023,            36,            0,         2332,         12481, idle
41.1452380027622       , 1783620054.1972516,  88.023,            36,            0,         2332,         12481, idle
41.16533347591758      , 1783620054.2173474,  88.023,            36,            0,         2332,         12481, idle
41.18542509712279      , 1783620054.237439 ,  88.023,            36,            0,         2332,         12481, idle
41.20551699772477      , 1783620054.2575314,  88.023,            36,            0,         2332,         12481, idle
41.22561054863036      , 1783620054.2776248,  88.023,            36,            0,         2332,         12481, idle
41.24570149555802      , 1783620054.2977152,  88.023,            36,            0,         2332,         12481, idle
41.26579385250807      , 1783620054.3178084,  88.023,            36,            0,         2332,         12481, idle
41.285886239260435     , 1783620054.3379   ,  88.023,            36,            0,         2332,         12481, idle
41.30597782507539      , 1783620054.3579915,  88.023,            36,            0,         2332,         12481, idle
41.326069151982665     , 1783620054.378083 ,  88.023,            36,            0,         2332,         12481, idle
41.34616142511368      , 1783620054.398175 ,  88.023,            36,            0,         2332,         12481, idle
41.36625056527555      , 1783620054.4182634,  88.023,            36,            0,         2332,         12481, idle
41.386338621377945     , 1783620054.4383523,  88.023,            36,            0,         2332,         12481, idle
41.40643147751689      , 1783620054.4584453,  88.023,            36,            0,         2332,         12481, idle
41.42652250826359      , 1783620054.478536 ,  88.023,            36,            0,         2332,         12481, idle
41.44661114551127      , 1783620054.498625 ,  88.023,            36,            0,         2332,         12481, idle
41.46675315126777      , 1783620054.5188074,  88.023,            36,            0,         2332,         12481, idle
41.48696371540427      , 1783620054.5389879,  88.023,            36,            0,         2332,         12481, idle
41.50708284787834      , 1783620054.5591009,  88.023,            36,            0,         2332,         12481, idle
41.52718002535403      , 1783620054.5791957,  88.023,            36,            0,         2332,         12481, idle
41.54726610146463      , 1783620054.5992808,  88.023,            36,            0,         2332,         12481, idle
41.567350909113884     , 1783620054.6193655,  88.023,            36,            0,         2332,         12481, idle
41.58744388818741      , 1783620054.6394603,  88.023,            36,            0,         2332,         12481, idle
41.60753849707544      , 1783620054.6595533,  88.023,            36,            0,         2332,         12481, idle
41.627627519890666     , 1783620054.6796424,  88.023,            36,            0,         2332,         12481, idle
41.64771877788007      , 1783620054.6997354,  88.023,            36,            0,         2332,         12481, idle
41.66781098395586      , 1783620054.7198257,  88.023,            36,            0,         2332,         12481, idle
41.68790222518146      , 1783620054.7399178,  88.023,            36,            0,         2332,         12481, idle
41.708009077236056     , 1783620054.7600243,  88.023,            36,            0,         2332,         12481, idle
41.728097004815936     , 1783620054.7801123,  88.023,            36,            0,         2332,         12481, idle
41.74818596802652      , 1783620054.8002007,  88.023,            36,            0,         2332,         12481, idle
41.768272284418344     , 1783620054.820287 ,  88.023,            36,            0,         2332,         12481, idle
41.78835955820978      , 1783620054.840374 ,  88.023,            36,            0,         2332,         12481, idle
41.80844499543309      , 1783620054.8604596,  88.023,            36,            0,         2332,         12481, idle
41.82853941991925      , 1783620054.8805535,  88.023,            36,            0,         2332,         12481, idle
41.848623652011156     , 1783620054.9006379,  88.023,            36,            0,         2332,         12481, idle
41.868709756061435     , 1783620054.920724 ,  88.023,            36,            0,         2332,         12481, idle
41.88879642635584      , 1783620054.940811 ,  88.023,            36,            0,         2332,         12481, idle
41.908881068229675     , 1783620054.960896 ,  87.946,            36,            0,         2332,         12481, idle
41.92897688224912      , 1783620054.9809916,  87.946,            36,            0,         2332,         12481, idle
41.949066787958145     , 1783620055.0010808,  87.946,            36,            0,         2332,         12481, idle
41.96916784904897      , 1783620055.0211868,  87.946,            36,            0,         2332,         12481, idle
41.989271180704236     , 1783620055.041287 ,  87.946,            36,            0,         2332,         12481, idle
42.00936219468713      , 1783620055.061378 ,  87.946,            36,            0,         2332,         12481, idle
42.02945285663009      , 1783620055.081468 ,  87.946,            36,            0,         2332,         12481, idle
42.04953987337649      , 1783620055.101555 ,  87.946,            36,            0,         2332,         12481, idle
42.06962989829481      , 1783620055.1216455,  87.946,            36,            0,         2332,         12481, idle
42.089723536744714     , 1783620055.1417398,  87.946,            36,            0,         2332,         12481, idle
42.10981704480946      , 1783620055.161832 ,  87.946,            36,            0,         2332,         12481, idle
42.12990394793451      , 1783620055.1819184,  87.946,            36,            0,         2332,         12481, idle
42.149989096447825     , 1783620055.2020035,  87.946,            36,            0,         2332,         12481, idle
42.17007369361818      , 1783620055.2220876,  87.946,            36,            0,         2332,         12481, idle
42.19015742838383      , 1783620055.242172 ,  87.946,            36,            0,         2332,         12481, idle
42.210242392495275     , 1783620055.262257 ,  87.946,            36,            0,         2332,         12481, idle
42.23034014739096      , 1783620055.282354 ,  87.946,            36,            0,         2332,         12481, idle
42.25042664259672      , 1783620055.302441 ,  87.946,            36,            0,         2332,         12481, idle
42.270509380847216     , 1783620055.3225238,  87.946,            36,            0,         2332,         12481, idle
42.29059351608157      , 1783620055.3426075,  87.946,            36,            0,         2332,         12481, idle
42.31067940965295      , 1783620055.3626945,  87.946,            36,            0,         2332,         12481, idle
42.33076482638717      , 1783620055.3827791,  87.946,            36,            0,         2332,         12481, idle
42.350851099938154     , 1783620055.4028652,  87.946,            36,            0,         2332,         12481, idle
42.37093520909548      , 1783620055.4229715,  87.946,            36,            0,         2332,         12481, idle
42.39104481227696      , 1783620055.4430592,  87.946,            36,            0,         2332,         12481, idle
42.411138540133834     , 1783620055.4631536,  87.946,            36,            0,         2332,         12481, idle
42.43122675642371      , 1783620055.4832425,  87.946,            36,            0,         2332,         12481, idle
42.45131559483707      , 1783620055.5033307,  87.946,            36,            0,         2332,         12481, idle
42.471402848139405     , 1783620055.5234172,  87.946,            36,            0,         2332,         12481, idle
42.491491401568055     , 1783620055.5435066,  87.946,            36,            0,         2332,         12481, idle
42.511579439044        , 1783620055.5635943,  87.946,            36,            0,         2332,         12481, idle
42.53166480921209      , 1783620055.5836792,  87.946,            36,            0,         2332,         12481, idle
42.551767345517874     , 1783620055.6037936,  87.946,            36,            0,         2332,         12481, idle
42.57188925333321      , 1783620055.623913 ,  87.946,            36,            0,         2332,         12481, idle
42.592009669169784     , 1783620055.6440246,  87.946,            36,            0,         2332,         12481, idle
42.61209884472191      , 1783620055.6641135,  87.946,            36,            0,         2332,         12481, idle
42.6321865003556       , 1783620055.6842008,  87.946,            36,            0,         2332,         12481, idle
42.65227402932942      , 1783620055.7042885,  87.946,            36,            0,         2332,         12481, idle
42.672362295910716     , 1783620055.7243767,  87.946,            36,            0,         2332,         12481, idle
42.6924586314708       , 1783620055.7444737,  87.946,            36,            0,         2332,         12481, idle
42.71254584938288      , 1783620055.7645607,  87.946,            36,            0,         2332,         12481, idle
42.73270862363279      , 1783620055.7847235,  87.946,            36,            0,         2332,         12481, idle
42.75280016474426      , 1783620055.804814 ,  87.946,            36,            0,         2332,         12481, idle
42.772885927930474     , 1783620055.8249   ,  87.946,            36,            0,         2332,         12481, idle
42.792973240837455     , 1783620055.8449876,  87.946,            36,            0,         2332,         12481, idle
42.813058398664        , 1783620055.8650727,  87.946,            36,            0,         2332,         12481, idle
42.83314739353955      , 1783620055.8851624,  87.946,            36,            0,         2332,         12481, idle
42.85323594324291      , 1783620055.9052513,  87.946,            36,            0,         2332,         12481, idle
42.87332312390208      , 1783620055.9253376,  87.946,            36,            0,         2332,         12481, idle
42.89340949244797      , 1783620055.9454234,  87.946,            36,            0,         2332,         12481, idle
42.913492895662785     , 1783620055.9655073,  87.998,            36,            0,         2332,         12481, idle
42.93357786536217      , 1783620055.9855921,  87.998,            36,            0,         2332,         12481, idle
42.953663893043995     , 1783620056.0056784,  87.998,            36,            0,         2332,         12481, idle
42.97374853491783      , 1783620056.0257607,  87.998,            36,            0,         2332,         12481, idle
42.99382146075368      , 1783620056.0458367,  87.998,            36,            0,         2332,         12481, idle
43.01390915736556      , 1783620056.0659232,  87.998,            36,            0,         2325,         12481, idle
43.0339958332479       , 1783620056.0860105,  87.998,            36,            0,         2325,         12481, idle
43.05408249236643      , 1783620056.106097 ,  87.998,            36,            0,         2325,         12481, idle
43.07416688464582      , 1783620056.1261816,  87.998,            36,            0,         2325,         12481, idle
43.09425215609372      , 1783620056.1462665,  87.998,            36,            0,         2325,         12481, idle
43.114335373044014     , 1783620056.16635  ,  87.998,            36,            0,         2325,         12481, idle
43.13441774621606      , 1783620056.1864312,  87.998,            36,            0,         2325,         12481, idle
43.154499338939786     , 1783620056.206513 ,  87.998,            36,            0,         2325,         12481, idle
43.174581775441766     , 1783620056.2265954,  87.998,            36,            0,         2325,         12481, idle
43.19466568902135      , 1783620056.2466798,  87.998,            36,            0,         2325,         12481, idle
43.21475137770176      , 1783620056.2667654,  87.998,            36,            0,         2325,         12481, idle
43.234836192801595     , 1783620056.2868497,  87.998,            36,            0,         2325,         12481, idle
43.25491867214441      , 1783620056.306933 ,  87.998,            36,            0,         2325,         12481, idle
43.27500231564045      , 1783620056.3270166,  87.998,            36,            0,         2325,         12481, idle
43.29508758708835      , 1783620056.3471014,  87.998,            36,            0,         2325,         12481, idle
43.315170876681805     , 1783620056.367185 ,  87.998,            36,            0,         2325,         12481, idle
43.33525496721268      , 1783620056.3872693,  87.998,            36,            0,         2325,         12481, idle
43.35534018278122      , 1783620056.4073544,  87.998,            36,            0,         2325,         12481, idle
43.375424940139055     , 1783620056.4274397,  87.998,            36,            0,         2325,         12481, idle
43.39551065117121      , 1783620056.4475248,  87.998,            36,            0,         2325,         12481, idle
43.41559907235205      , 1783620056.4676135,  87.998,            36,            0,         2325,         12481, idle
43.4356857445091       , 1783620056.4876997,  87.998,            36,            0,         2325,         12481, idle
43.45577096566558      , 1783620056.5077853,  87.998,            36,            0,         2325,         12481, idle
43.47591804899275      , 1783620056.52797  ,  87.998,            36,            0,         2325,         12481, idle
43.49612803757191      , 1783620056.5481548,  87.998,            36,            0,         2325,         12481, idle
43.51626659743488      , 1783620056.5682857,  87.998,            36,            0,         2325,         12481, idle
43.53639659285545      , 1783620056.5884125,  87.998,            36,            0,         2325,         12481, idle
43.556499637663364     , 1783620056.6085155,  87.998,            36,            0,         2325,         12481, idle
43.576599940657616     , 1783620056.6286147,  87.998,            36,            0,         2325,         12481, idle
43.5966975428164       , 1783620056.6487126,  87.998,            36,            0,         2325,         12481, idle
43.6167954094708       , 1783620056.6688113,  87.998,            36,            0,         2325,         12481, idle
43.63689376041293      , 1783620056.688909 ,  87.998,            36,            0,         2325,         12481, idle
43.65699210949242      , 1783620056.7090075,  87.998,            36,            0,         2325,         12481, idle
43.677090138196945     , 1783620056.729106 ,  87.998,            36,            0,         2325,         12481, idle
43.69718812033534      , 1783620056.749204 ,  87.998,            36,            0,         2325,         12481, idle
43.717298151925206     , 1783620056.7693257,  87.998,            36,            0,         2325,         12481, idle
43.737424716353416     , 1783620056.7894402,  87.998,            36,            0,         2325,         12481, idle
43.7575352024287       , 1783620056.8095498,  87.998,            36,            0,         2325,         12481, idle
43.7776232175529       , 1783620056.8296375,  87.998,            36,            0,         2325,         12481, idle
43.797710148617625     , 1783620056.849724 ,  87.998,            36,            0,         2325,         12481, idle
43.81779779680073      , 1783620056.8698125,  87.998,            36,            0,         2325,         12481, idle
43.837885988876224     , 1783620056.8899007,  87.998,            36,            0,         2325,         12481, idle
43.85797383822501      , 1783620056.9099886,  87.998,            36,            0,         2325,         12481, idle
43.87806208059192      , 1783620056.9300766,  87.998,            36,            0,         2325,         12481, idle
43.89814955368638      , 1783620056.9501646,  87.998,            36,            0,         2325,         12481, idle
43.91823937371373      , 1783620056.9702542,  87.754,            36,            0,         2325,         12481, idle
43.93832808546722      , 1783620056.990343 ,  87.754,            36,            0,         2325,         12481, idle
43.95841829665005      , 1783620057.0104327,  87.754,            36,            0,         2325,         12481, idle
43.978514621034265     , 1783620057.0305293,  87.754,            36,            0,         2325,         12481, idle
43.99861083738506      , 1783620057.0506263,  87.754,            36,            0,         2332,         12481, idle
44.01870965771377      , 1783620057.0707254,  87.754,            36,            0,         2332,         12481, idle
44.03880824521184      , 1783620057.0908234,  87.754,            36,            0,         2332,         12481, idle
44.058907117694616     , 1783620057.1109214,  87.754,            36,            0,         2332,         12481, idle
44.07900041155517      , 1783620057.1310148,  87.754,            36,            0,         2332,         12481, idle
44.099094081670046     , 1783620057.151109 ,  87.754,            36,            0,         2332,         12481, idle
44.119189919903874     , 1783620057.171204 ,  87.754,            36,            0,         2332,         12481, idle
44.13928380794823      , 1783620057.1912978,  87.754,            36,            0,         2332,         12481, idle
44.15937689319253      , 1783620057.2113907,  87.754,            36,            0,         2332,         12481, idle
44.17947136797011      , 1783620057.2314856,  87.754,            36,            0,         2332,         12481, idle
44.19956646487117      , 1783620057.2515814,  87.754,            36,            0,         2332,         12481, idle
44.21966453269124      , 1783620057.2716787,  87.754,            36,            0,         2332,         12481, idle
44.23976081609726      , 1783620057.2917755,  87.754,            36,            0,         2332,         12481, idle
44.25985728017986      , 1783620057.3118718,  87.754,            36,            0,         2332,         12481, idle
44.27996410429478      , 1783620057.331979 ,  87.754,            36,            0,         2332,         12481, idle
44.30006213672459      , 1783620057.352077 ,  87.754,            36,            0,         2332,         12481, idle
44.32016336359084      , 1783620057.3721774,  87.754,            36,            0,         2332,         12481, idle
44.34025736153126      , 1783620057.3922715,  87.754,            36,            0,         2332,         12481, idle
44.36035308800638      , 1783620057.4123673,  87.754,            36,            0,         2332,         12481, idle
44.380457017570734     , 1783620057.4324713,  87.754,            36,            0,         2332,         12481, idle
44.40055101364851      , 1783620057.4525654,  87.754,            36,            0,         2332,         12481, idle
44.42064684070647      , 1783620057.4726613,  87.754,            36,            0,         2332,         12481, idle
44.44074226170778      , 1783620057.492756 ,  87.754,            36,            0,         2332,         12481, idle
44.46083573251963      , 1783620057.5128496,  87.754,            36,            0,         2332,         12481, idle
44.48093173280358      , 1783620057.5329456,  87.754,            36,            0,         2332,         12481, idle
44.50102600455284      , 1783620057.5530407,  87.754,            36,            0,         2332,         12481, idle
44.52112181298435      , 1783620057.5731363,  87.754,            36,            0,         2332,         12481, idle
44.541265869513154     , 1783620057.5932803,  87.754,            36,            0,         2332,         12481, idle
44.56135912798345      , 1783620057.613373 ,  87.754,            36,            0,         2332,         12481, idle
44.5814553052187       , 1783620057.63347  ,  87.754,            36,            0,         2332,         12481, idle
44.601555256173015     , 1783620057.653571 ,  87.754,            36,            0,         2332,         12481, idle
44.621656112372875     , 1783620057.6736715,  87.754,            36,            0,         2332,         12481, idle
44.64175716228783      , 1783620057.6937723,  87.754,            36,            0,         2332,         12481, idle
44.66185655258596      , 1783620057.7138724,  87.754,            36,            0,         2332,         12481, idle
44.681954672560096     , 1783620057.7339697,  87.754,            36,            0,         2332,         12481, idle
44.70205576531589      , 1783620057.7540712,  87.754,            36,            0,         2332,         12481, idle
44.72215851210058      , 1783620057.7741737,  87.754,            36,            0,         2332,         12481, idle
44.74225742556155      , 1783620057.7942724,  87.754,            36,            0,         2332,         12481, idle
44.76235591992736      , 1783620057.814371 ,  87.754,            36,            0,         2332,         12481, idle
44.78247260116041      , 1783620057.8344884,  87.754,            36,            0,         2332,         12481, idle
44.80257221125066      , 1783620057.854587 ,  87.754,            36,            0,         2332,         12481, idle
44.8226693123579       , 1783620057.874684 ,  87.754,            36,            0,         2332,         12481, idle
44.842764457687736     , 1783620057.894779 ,  87.754,            36,            0,         2332,         12481, idle
44.86286002397537      , 1783620057.914875 ,  87.754,            36,            0,         2332,         12481, idle
44.882958410307765     , 1783620057.9349742,  87.754,            36,            0,         2332,         12481, idle
44.90305923298001      , 1783620057.9550748,  87.998,            36,            0,         2332,         12481, idle
44.923160292208195     , 1783620057.975177 ,  87.998,            36,            0,         2332,         12481, idle
44.94326066412032      , 1783620057.9952765,  87.998,            36,            0,         2332,         12481, idle
44.96336209587753      , 1783620058.0153785,  87.998,            36,            0,         2332,         12481, idle
44.98346413299441      , 1783620058.035479 ,  87.998,            36,            0,         2332,         12481, idle
45.00356171280146      , 1783620058.055577 ,  87.998,            36,            0,         2332,         12481, idle
45.02365918084979      , 1783620058.075674 ,  87.998,            36,            0,         2332,         12481, idle
45.043755736202        , 1783620058.0957706,  87.998,            36,            0,         2332,         12481, idle
45.06385245360434      , 1783620058.1158679,  87.998,            36,            0,         2332,         12481, idle
45.083950689062476     , 1783620058.135966 ,  87.998,            36,            0,         2332,         12481, idle
45.10404990799725      , 1783620058.1560655,  87.998,            36,            0,         2332,         12481, idle
45.124158604070544     , 1783620058.1761737,  87.998,            36,            0,         2332,         12481, idle
45.14425659365952      , 1783620058.1962726,  87.998,            36,            0,         2332,         12481, idle
45.16435499303043      , 1783620058.2163703,  87.998,            36,            0,         2332,         12481, idle
45.18445372208953      , 1783620058.23647  ,  87.998,            36,            0,         2332,         12481, idle
45.20455349422991      , 1783620058.2565694,  87.998,            36,            0,         2332,         12481, idle
45.224656945094466     , 1783620058.2766736,  87.998,            36,            0,         2332,         12481, idle
45.24477274902165      , 1783620058.2967887,  87.998,            36,            0,         2332,         12481, idle
45.264877792447805     , 1783620058.316896 ,  87.998,            36,            0,         2332,         12481, idle
45.28498547337949      , 1783620058.3370008,  87.998,            36,            0,         2332,         12481, idle
45.3050838354975       , 1783620058.3570998,  87.998,            36,            0,         2332,         12481, idle
45.32516363076866      , 1783620058.3771796,  87.998,            36,            0,         2332,         12481, idle
45.345264645293355     , 1783620058.3972807,  87.998,            36,            0,         2332,         12481, idle
45.3653624933213       , 1783620058.4173768,  87.998,            36,            0,         2332,         12481, idle
45.38546869345009      , 1783620058.4374945,  87.998,            36,            0,         2332,         12481, idle
45.405600579455495     , 1783620058.4576223,  87.998,            36,            0,         2332,         12481, idle
45.42571998387575      , 1783620058.4777339,  87.998,            36,            0,         2332,         12481, idle
45.445815443992615     , 1783620058.4978294,  87.998,            36,            0,         2332,         12481, idle
45.46591024659574      , 1783620058.5179245,  87.998,            36,            0,         2332,         12481, idle
45.486006155610085     , 1783620058.5380208,  87.998,            36,            0,         2332,         12481, idle
45.506104469299316     , 1783620058.5581183,  87.998,            36,            0,         2332,         12481, idle
45.52620071731508      , 1783620058.5782144,  87.998,            36,            0,         2332,         12481, idle
45.54629561305046      , 1783620058.59831  ,  87.998,            36,            0,         2332,         12481, idle
45.56639207713306      , 1783620058.6184063,  87.998,            36,            0,         2332,         12481, idle
45.58648814447224      , 1783620058.638502 ,  87.998,            36,            0,         2332,         12481, idle
45.606582613661885     , 1783620058.6585972,  87.998,            36,            0,         2332,         12481, idle
45.62667738646269      , 1783620058.6786916,  87.998,            36,            0,         2332,         12481, idle
45.64677309431136      , 1783620058.698787 ,  87.998,            36,            0,         2332,         12481, idle
45.6669155228883       , 1783620058.7189293,  87.998,            36,            0,         2332,         12481, idle
45.687003361061215     , 1783620058.7390177,  87.998,            36,            0,         2332,         12481, idle
45.70709776505828      , 1783620058.759112 ,  87.998,            36,            0,         2332,         12481, idle
45.72719471342862      , 1783620058.779209 ,  87.998,            36,            0,         2332,         12481, idle
45.74729582667351      , 1783620058.79931  ,  87.998,            36,            0,         2332,         12481, idle
45.76739530824125      , 1783620058.8194103,  87.998,            36,            0,         2332,         12481, idle
45.78760029561818      , 1783620058.8396146,  87.998,            36,            0,         2332,         12481, idle
45.80770585127175      , 1783620058.8597207,  87.998,            36,            0,         2332,         12481, idle
45.82780436426401      , 1783620058.8798184,  87.998,            36,            0,         2332,         12481, idle
45.84789922833443      , 1783620058.8999133,  87.998,            36,            0,         2332,         12481, idle
45.86799465864897      , 1783620058.9200087,  87.998,            36,            0,         2332,         12481, idle
45.888090044260025     , 1783620058.940104 ,  87.998,            36,            0,         2332,         12481, idle
45.90818596072495      , 1783620058.9601998,  88.433,            36,            0,         2332,         12481, idle
45.92828172631562      , 1783620058.9802957,  88.433,            36,            0,         2332,         12481, idle
45.94837561994791      , 1783620059.0003893,  88.433,            36,            0,         2332,         12481, idle
45.968482507392764     , 1783620059.0205035,  88.433,            36,            0,         2332,         12481, idle
45.988600281998515     , 1783620059.0406146,  88.433,            36,            0,         2332,         12481, idle
46.008701376616955     , 1783620059.0607197,  88.433,            36,            0,         2332,         12481, idle
46.02881512418389      , 1783620059.0808318,  88.433,            36,            0,         2332,         12481, idle
46.04892220161855      , 1783620059.1009364,  88.433,            36,            0,         2332,         12481, idle
46.06901884265244      , 1783620059.1210332,  88.433,            36,            0,         2332,         12481, idle
46.08911447413266      , 1783620059.141129 ,  88.433,            36,            0,         2332,         12481, idle
46.1092344969511       , 1783620059.1612487,  88.433,            36,            0,         2332,         12481, idle
46.12933099642396      , 1783620059.1813452,  88.433,            36,            0,         2332,         12481, idle
46.14942808263004      , 1783620059.2014422,  88.433,            36,            0,         2332,         12481, idle
46.16952064819634      , 1783620059.221534 ,  88.433,            36,            0,         2332,         12481, idle
46.189614744856954     , 1783620059.2416282,  88.433,            36,            0,         2332,         12481, idle
46.20971178635955      , 1783620059.261726 ,  88.433,            36,            0,         2332,         12481, idle
46.22980929352343      , 1783620059.2818234,  88.433,            36,            0,         2332,         12481, idle
46.2499068044126       , 1783620059.3019207,  88.433,            36,            0,         2332,         12481, idle
46.27000200934708      , 1783620059.3220165,  88.433,            36,            0,         2332,         12481, idle
46.290101900696754     , 1783620059.3421166,  88.433,            36,            0,         2332,         12481, idle
46.31019955314696      , 1783620059.3622139,  88.433,            36,            0,         2332,         12481, idle
46.33030612766743      , 1783620059.3823216,  88.433,            36,            0,         2332,         12481, idle
46.35040521994233      , 1783620059.4024198,  88.433,            36,            0,         2332,         12481, idle
46.370504911988974     , 1783620059.4225192,  88.433,            36,            0,         2332,         12481, idle
46.390603959560394     , 1783620059.4426177,  88.433,            36,            0,         2332,         12481, idle
46.41069799289107      , 1783620059.4627128,  88.433,            36,            0,         2332,         12481, idle
46.43079626560211      , 1783620059.482811 ,  88.433,            36,            0,         2332,         12481, idle
46.45089278370142      , 1783620059.5029073,  88.433,            36,            0,         2332,         12481, idle
46.470987455919385     , 1783620059.5230007,  88.433,            36,            0,         2332,         12481, idle
46.49108288809657      , 1783620059.543097 ,  88.433,            36,            0,         2332,         12481, idle
46.51117857173085      , 1783620059.563193 ,  88.433,            36,            0,         2332,         12481, idle
46.53127644956112      , 1783620059.583291 ,  88.433,            36,            0,         2332,         12481, idle
46.55137347243726      , 1783620059.6033876,  88.433,            36,            0,         2332,         12481, idle
46.571471616625786     , 1783620059.6234863,  88.433,            36,            0,         2332,         12481, idle
46.59156887419522      , 1783620059.6435833,  88.433,            36,            0,         2332,         12481, idle
46.61166566051543      , 1783620059.6636798,  88.433,            36,            0,         2332,         12481, idle
46.631762417033315     , 1783620059.6837766,  88.433,            36,            0,         2332,         12481, idle
46.651860017329454     , 1783620059.7038743,  88.433,            36,            0,         2332,         12481, idle
46.671955524012446     , 1783620059.7239697,  88.433,            36,            0,         2332,         12481, idle
46.6920554600656       , 1783620059.7440743,  88.433,            36,            0,         2332,         12481, idle
46.71216096356511      , 1783620059.7641757,  88.433,            36,            0,         2332,         12481, idle
46.73229427263141      , 1783620059.7843351,  88.433,            36,            0,         2332,         12481, idle
46.75248873233795      , 1783620059.804516 ,  88.433,            36,            0,         2332,         12481, idle
46.772634176537395     , 1783620059.8246524,  88.433,            36,            0,         2332,         12481, idle
46.79274717345834      , 1783620059.8447645,  88.433,            36,            0,         2332,         12481, idle
46.812856229022145     , 1783620059.8648732,  88.433,            36,            0,         2332,         12481, idle
46.83297986164689      , 1783620059.8849957,  88.433,            36,            0,         2332,         12481, idle
46.8530834838748       , 1783620059.905099 ,  88.433,            36,            0,         2332,         12481, idle
46.87318674661219      , 1783620059.9252028,  88.433,            36,            0,         2332,         12481, idle
46.89329284057021      , 1783620059.9453084,  88.433,            36,            0,         2332,         12481, idle
46.91339501366019      , 1783620059.9654102,  88.164,            36,            0,         2332,         12481, idle
46.93349968455732      , 1783620059.9855154,  88.164,            36,            0,         2332,         12481, idle
46.95361581631005      , 1783620060.0056345,  88.164,            36,            0,         2332,         12481, idle
46.97373433038592      , 1783620060.02575  ,  88.164,            36,            0,         2332,         12481, idle
46.99383790791035      , 1783620060.0458536,  88.164,            36,            0,         2332,         12481, idle
47.01394081674516      , 1783620060.0659568,  88.164,            36,            0,         2325,         12481, idle
47.03404497727752      , 1783620060.0860612,  88.164,            36,            0,         2325,         12481, idle
47.05414558388293      , 1783620060.106161 ,  88.164,            36,            0,         2325,         12481, idle
47.07428378611803      , 1783620060.1263099,  88.164,            36,            0,         2325,         12481, idle
47.09441017359495      , 1783620060.1464305,  88.164,            36,            0,         2325,         12481, idle
47.11452364549041      , 1783620060.1665406,  88.164,            36,            0,         2325,         12481, idle
47.13462641648948      , 1783620060.18664  ,  88.164,            36,            0,         2325,         12481, idle
47.15472161769867      , 1783620060.206736 ,  88.164,            36,            0,         2325,         12481, idle
47.1748147085309       , 1783620060.2268283,  88.164,            36,            0,         2325,         12481, idle
47.19490620493889      , 1783620060.24692  ,  88.164,            36,            0,         2325,         12481, idle
47.214998695999384     , 1783620060.2670124,  88.164,            36,            0,         2325,         12481, idle
47.2350893355906       , 1783620060.287103 ,  88.164,            36,            0,         2325,         12481, idle
47.255182610824704     , 1783620060.3071969,  88.164,            36,            0,         2325,         12481, idle
47.275281900539994     , 1783620060.3272986,  88.164,            36,            0,         2325,         12481, idle
47.295386450365186     , 1783620060.347403 ,  88.164,            36,            0,         2325,         12481, idle
47.315483475103974     , 1783620060.3674984,  88.164,            36,            0,         2325,         12481, idle
47.33558198437095      , 1783620060.387597 ,  88.164,            36,            0,         2325,         12481, idle
47.35567727684975      , 1783620060.4076922,  88.164,            36,            0,         2325,         12481, idle
47.375772040337324     , 1783620060.4277866,  88.164,            36,            0,         2325,         12481, idle
47.39586635865271      , 1783620060.44788  ,  88.164,            36,            0,         2325,         12481, idle
47.41595822572708      , 1783620060.467972 ,  88.164,            36,            0,         2325,         12481, idle
47.43605127930641      , 1783620060.4880655,  88.164,            36,            0,         2325,         12481, idle
47.45614555850625      , 1783620060.5081594,  88.164,            36,            0,         2325,         12481, idle
47.476248448714614     , 1783620060.5282667,  88.164,            36,            0,         2325,         12481, idle
47.49635600671172      , 1783620060.5483708,  88.164,            36,            0,         2325,         12481, idle
47.51645123772323      , 1783620060.5684662,  88.164,            36,            0,         2325,         12481, idle
47.53655348904431      , 1783620060.5885692,  88.164,            36,            0,         2325,         12481, idle
47.5566513184458       , 1783620060.608666 ,  88.164,            36,            0,         2325,         12481, idle
47.57674938812852      , 1783620060.6287642,  88.164,            36,            0,         2325,         12481, idle
47.59684904664755      , 1783620060.648864 ,  88.164,            36,            0,         2325,         12481, idle
47.616946775466204     , 1783620060.6689615,  88.164,            36,            0,         2325,         12481, idle
47.63704313337803      , 1783620060.6890578,  88.164,            36,            0,         2325,         12481, idle
47.657150788232684     , 1783620060.709165 ,  88.164,            36,            0,         2325,         12481, idle
47.67725473642349      , 1783620060.7292745,  88.164,            36,            0,         2325,         12481, idle
47.697372145950794     , 1783620060.749388 ,  88.164,            36,            0,         2325,         12481, idle
47.71747287362814      , 1783620060.7694876,  88.164,            36,            0,         2325,         12481, idle
47.737571312114596     , 1783620060.7895858,  88.164,            36,            0,         2325,         12481, idle
47.75766730867326      , 1783620060.809681 ,  88.164,            36,            0,         2325,         12481, idle
47.777762688696384     , 1783620060.829777 ,  88.164,            36,            0,         2325,         12481, idle
47.79787276126444      , 1783620060.8498874,  88.164,            36,            0,         2325,         12481, idle
47.8179704900831       , 1783620060.8699846,  88.164,            36,            0,         2325,         12481, idle
47.838067915290594     , 1783620060.8900821,  88.164,            36,            0,         2325,         12481, idle
47.858169708400965     , 1783620060.910184 ,  88.164,            36,            0,         2325,         12481, idle
47.878272322937846     , 1783620060.93029  ,  88.164,            36,            0,         2325,         12481, idle
47.89837874472141      , 1783620060.950394 ,  88.164,            36,            0,         2325,         12481, idle
47.918475933372974     , 1783620060.9704912,  87.889,            36,            0,         2325,         12481, idle
47.93857398442924      , 1783620060.990588 ,  87.889,            36,            0,         2325,         12481, idle
47.95867023989558      , 1783620061.0106847,  87.889,            36,            0,         2325,         12481, idle
47.978768503293395     , 1783620061.0307827,  87.889,            36,            0,         2325,         12481, idle
47.998869908973575     , 1783620061.0508862,  87.889,            36,            0,         2325,         12481, idle
48.01897787116468      , 1783620061.0709925,  87.889,            36,            0,         2325,         12481, idle
48.03907471336424      , 1783620061.0910897,  87.889,            36,            0,         2325,         12481, idle
48.05918179638684      , 1783620061.1111965,  87.889,            36,            0,         2325,         12481, idle
48.07929028943181      , 1783620061.1313145,  87.889,            36,            0,         2325,         12481, idle
48.09941930137575      , 1783620061.151436 ,  87.889,            36,            0,         2325,         12481, idle
48.11952258460224      , 1783620061.1715374,  87.889,            36,            0,         2325,         12481, idle
48.13961720839143      , 1783620061.1916316,  87.889,            36,            0,         2325,         12481, idle
48.159711012616754     , 1783620061.211725 ,  87.889,            36,            0,         2325,         12481, idle
48.17980417609215      , 1783620061.2318184,  87.889,            36,            0,         2325,         12481, idle
48.19989656843245      , 1783620061.2519107,  87.889,            36,            0,         2325,         12481, idle
48.220009576529264     , 1783620061.272029 ,  87.889,            36,            0,         2325,         12481, idle
48.24013327807188      , 1783620061.2921524,  87.889,            36,            0,         2325,         12481, idle
48.26024144329131      , 1783620061.312256 ,  87.889,            36,            0,         2325,         12481, idle
48.28033777885139      , 1783620061.3323524,  87.889,            36,            0,         2325,         12481, idle
48.30043418891728      , 1783620061.3524487,  87.889,            36,            0,         2325,         12481, idle
48.3205296844244       , 1783620061.3725438,  87.889,            36,            0,         2325,         12481, idle
48.34062581323087      , 1783620061.3926396,  87.889,            36,            0,         2325,         12481, idle
48.36072198860347      , 1783620061.4127364,  87.889,            36,            0,         2325,         12481, idle
48.38083200156689      , 1783620061.432846 ,  87.889,            36,            0,         2325,         12481, idle
48.40093019232154      , 1783620061.4529452,  87.889,            36,            0,         2325,         12481, idle
48.42103223502636      , 1783620061.4730492,  87.889,            36,            0,         2325,         12481, idle
48.44114543311298      , 1783620061.4931598,  87.889,            36,            0,         2325,         12481, idle
48.461238749325275     , 1783620061.5132525,  87.889,            36,            0,         2325,         12481, idle
48.481334548443556     , 1783620061.5333486,  87.889,            36,            0,         2325,         12481, idle
48.501427199691534     , 1783620061.5534418,  87.889,            36,            0,         2325,         12481, idle
48.52152185328305      , 1783620061.5735357,  87.889,            36,            0,         2325,         12481, idle
48.54161579348147      , 1783620061.5936303,  87.889,            36,            0,         2325,         12481, idle
48.56170831620693      , 1783620061.613722 ,  87.889,            36,            0,         2325,         12481, idle
48.58179988525808      , 1783620061.6338139,  87.889,            36,            0,         2325,         12481, idle
48.601892590522766     , 1783620061.653907 ,  87.889,            36,            0,         2325,         12481, idle
48.62199139222503      , 1783620061.674008 ,  87.889,            36,            0,         2325,         12481, idle
48.642088724300265     , 1783620061.6941025,  87.889,            36,            0,         2325,         12481, idle
48.66219850629568      , 1783620061.7142131,  87.889,            36,            0,         2325,         12481, idle
48.682293901219964     , 1783620061.734308 ,  87.889,            36,            0,         2325,         12481, idle
48.70238924026489      , 1783620061.7544036,  87.889,            36,            0,         2325,         12481, idle
48.72248450294137      , 1783620061.774498 ,  87.889,            36,            0,         2325,         12481, idle
48.74257802218199      , 1783620061.7945926,  87.889,            36,            0,         2325,         12481, idle
48.76267055794597      , 1783620061.8146846,  87.889,            36,            0,         2325,         12481, idle
48.78277290798724      , 1783620061.8347912,  87.889,            36,            0,         2325,         12481, idle
48.80293473042548      , 1783620061.854991 ,  87.889,            36,            0,         2325,         12481, idle
48.823157120496035     , 1783620061.8751824,  87.889,            36,            0,         2325,         12481, idle
48.843285992741585     , 1783620061.8953013,  87.889,            36,            0,         2325,         12481, idle
48.86338674835861      , 1783620061.9154007,  87.889,            36,            0,         2325,         12481, idle
48.88350127823651      , 1783620061.9355156,  87.889,            36,            0,         2325,         12481, idle
48.903597144410014     , 1783620061.955611 ,  87.866,            36,            0,         2325,         12481, idle
48.9236941896379       , 1783620061.9757094,  87.866,            36,            0,         2325,         12481, idle
48.943791849538684     , 1783620061.995806 ,  87.866,            36,            0,         2325,         12481, idle
48.96388706564903      , 1783620062.0159013,  87.866,            36,            0,         2325,         12481, idle
48.98398191295564      , 1783620062.0359967,  87.866,            36,            0,         2325,         12481, idle
49.004077576100826     , 1783620062.0560925,  87.866,            36,            0,         2332,         12481, idle
49.02419948019087      , 1783620062.0762272,  87.866,            36,            0,         2332,         12481, idle
49.04433917067945      , 1783620062.0963597,  87.866,            36,            0,         2332,         12481, idle
49.064456751570106     , 1783620062.1164725,  87.866,            36,            0,         2332,         12481, idle
49.08455493301153      , 1783620062.1365693,  87.866,            36,            0,         2332,         12481, idle
49.10465255193412      , 1783620062.1566677,  87.866,            36,            0,         2332,         12481, idle
49.124751372262836     , 1783620062.1767657,  87.866,            36,            0,         2332,         12481, idle
49.144848769530654     , 1783620062.1968632,  87.866,            36,            0,         2332,         12481, idle
49.16494587250054      , 1783620062.2169597,  87.866,            36,            0,         2332,         12481, idle
49.185044564306736     , 1783620062.2370603,  87.866,            36,            0,         2332,         12481, idle
49.20514844544232      , 1783620062.257163 ,  87.866,            36,            0,         2332,         12481, idle
49.225247118622065     , 1783620062.2772613,  87.866,            36,            0,         2332,         12481, idle
49.24536869674921      , 1783620062.2974045,  87.866,            36,            0,         2332,         12481, idle
49.265534453094006     , 1783620062.3175514,  87.866,            36,            0,         2332,         12481, idle
49.28564042970538      , 1783620062.3376555,  87.866,            36,            0,         2332,         12481, idle
49.30573935993016      , 1783620062.3577552,  87.866,            36,            0,         2332,         12481, idle
49.3258422575891       , 1783620062.3778567,  87.866,            36,            0,         2332,         12481, idle
49.34595878049731      , 1783620062.3979788,  87.866,            36,            0,         2332,         12481, idle
49.36608964204788      , 1783620062.4181063,  87.866,            36,            0,         2332,         12481, idle
49.38619685359299      , 1783620062.438212 ,  87.866,            36,            0,         2332,         12481, idle
49.40629641339183      , 1783620062.4583118,  87.866,            36,            0,         2332,         12481, idle
49.42639955691993      , 1783620062.4784148,  87.866,            36,            0,         2332,         12481, idle
49.44649828225374      , 1783620062.498513 ,  87.866,            36,            0,         2332,         12481, idle
49.466597257182        , 1783620062.518612 ,  87.866,            36,            0,         2332,         12481, idle
49.4866978880018       , 1783620062.5387125,  87.866,            36,            0,         2332,         12481, idle
49.50679854117334      , 1783620062.558814 ,  87.866,            36,            0,         2332,         12481, idle
49.526911836117506     , 1783620062.578926 ,  87.866,            36,            0,         2332,         12481, idle
49.54701466858387      , 1783620062.5990305,  87.866,            36,            0,         2332,         12481, idle
49.56711562164128      , 1783620062.6191304,  87.866,            36,            0,         2332,         12481, idle
49.587215008214116     , 1783620062.6392298,  87.866,            36,            0,         2332,         12481, idle
49.60731037147343      , 1783620062.6593246,  87.866,            36,            0,         2332,         12481, idle
49.62741323560476      , 1783620062.6794302,  87.866,            36,            0,         2332,         12481, idle
49.647526470944285     , 1783620062.699541 ,  87.866,            36,            0,         2332,         12481, idle
49.667631356045604     , 1783620062.71965  ,  87.866,            36,            0,         2332,         12481, idle
49.68774180859327      , 1783620062.739756 ,  87.866,            36,            0,         2332,         12481, idle
49.707837000489235     , 1783620062.759851 ,  87.866,            36,            0,         2332,         12481, idle
49.72793253324926      , 1783620062.7799456,  87.866,            36,            0,         2332,         12481, idle
49.74802406132221      , 1783620062.8000379,  87.866,            36,            0,         2332,         12481, idle
49.768116898834705     , 1783620062.82013  ,  87.866,            36,            0,         2332,         12481, idle
49.78821578249335      , 1783620062.8402324,  87.866,            36,            0,         2332,         12481, idle
49.808317709714174     , 1783620062.8603325,  87.866,            36,            0,         2332,         12481, idle
49.82841485366225      , 1783620062.8804286,  87.866,            36,            0,         2332,         12481, idle
49.848508816212416     , 1783620062.9005232,  87.866,            36,            0,         2332,         12481, idle
49.868606608361006     , 1783620062.9206202,  87.866,            36,            0,         2332,         12481, idle
49.88869862630963      , 1783620062.940713 ,  87.866,            36,            0,         2332,         12481, idle
49.90880738198757      , 1783620062.9608219,  87.518,            36,            0,         2332,         12481, idle
49.928907776251435     , 1783620062.9809237,  87.518,            36,            0,         2332,         12481, idle
49.94900784827769      , 1783620063.0010216,  87.518,            36,            0,         2332,         12481, idle
49.96910145878792      , 1783620063.021115 ,  87.518,            36,            0,         2332,         12481, idle
49.98919397033751      , 1783620063.0412078,  87.518,            36,            0,         2332,         12481, idle
50.00928629748523      , 1783620063.0613008,  87.518,            36,            0,         2325,         12481, idle
50.029386688023806     , 1783620063.081404 ,  87.518,            36,            0,         2325,         12481, idle
50.04949114471674      , 1783620063.1015055,  87.518,            36,            0,         2325,         12481, idle
50.069583375006914     , 1783620063.1215973,  87.518,            36,            0,         2325,         12481, idle
50.08967570029199      , 1783620063.1416893,  87.518,            36,            0,         2325,         12481, idle
50.10976925306022      , 1783620063.1617832,  87.518,            36,            0,         2325,         12481, idle
50.12986436858773      , 1783620063.1818779,  87.518,            36,            0,         2325,         12481, idle
50.149963876232505     , 1783620063.201981 ,  87.518,            36,            0,         2325,         12481, idle
50.17007020302117      , 1783620063.2220845,  87.518,            36,            0,         2325,         12481, idle
50.1901661939919       , 1783620063.2421803,  87.518,            36,            0,         2325,         12481, idle
50.21026057191193      , 1783620063.2622743,  87.518,            36,            0,         2325,         12481, idle
50.23035388067365      , 1783620063.2823677,  87.518,            36,            0,         2325,         12481, idle
50.25044736079872      , 1783620063.3024614,  87.518,            36,            0,         2325,         12481, idle
50.270549627020955     , 1783620063.322566 ,  87.518,            36,            0,         2325,         12481, idle
50.29064862988889      , 1783620063.3426623,  87.518,            36,            0,         2325,         12481, idle
50.31074250675738      , 1783620063.362756 ,  87.518,            36,            0,         2325,         12481, idle
50.33083452284336      , 1783620063.382863 ,  87.518,            36,            0,         2325,         12481, idle
50.35094307921827      , 1783620063.4029572,  87.518,            36,            0,         2325,         12481, idle
50.371067034080625     , 1783620063.4230847,  87.518,            36,            0,         2325,         12481, idle
50.39120886474848      , 1783620063.4432466,  87.518,            36,            0,         2325,         12481, idle
50.41142698191106      , 1783620063.4634566,  87.518,            36,            0,         2325,         12481, idle
50.4316252283752       , 1783620063.4836512,  87.518,            36,            0,         2325,         12481, idle
50.45181228034198      , 1783620063.5038626,  87.518,            36,            0,         2325,         12481, idle
50.47202245891094      , 1783620063.5240421,  87.518,            36,            0,         2325,         12481, idle
50.49213539250195      , 1783620063.5441513,  87.518,            36,            0,         2325,         12481, idle
50.51224640570581      , 1783620063.5642686,  87.518,            36,            0,         2325,         12481, idle
50.53237076103687      , 1783620063.5843854,  87.518,            36,            0,         2325,         12481, idle
50.552466893568635     , 1783620063.6044817,  87.518,            36,            0,         2325,         12481, idle
50.57258691638708      , 1783620063.6246011,  87.518,            36,            0,         2325,         12481, idle
50.592681646347046     , 1783620063.644696 ,  87.518,            36,            0,         2325,         12481, idle
50.61277788877487      , 1783620063.6647925,  87.518,            36,            0,         2325,         12481, idle
50.63287332467735      , 1783620063.6848876,  87.518,            36,            0,         2325,         12481, idle
50.65296781435609      , 1783620063.7049823,  87.518,            36,            0,         2325,         12481, idle
50.67306053638458      , 1783620063.7250745,  87.518,            36,            0,         2325,         12481, idle
50.69317090883851      , 1783620063.74519  ,  87.518,            36,            0,         2325,         12481, idle
50.71332134120166      , 1783620063.7653615,  87.518,            36,            0,         2325,         12481, idle
50.73349210061133      , 1783620063.785507 ,  87.518,            36,            0,         2325,         12481, idle
50.75359190814197      , 1783620063.8056061,  87.518,            36,            0,         2325,         12481, idle
50.773686949163675     , 1783620063.8257008,  87.518,            36,            0,         2325,         12481, idle
50.7937817722559       , 1783620063.8457956,  87.518,            36,            0,         2325,         12481, idle
50.81387563049793      , 1783620063.86589  ,  87.518,            36,            0,         2325,         12481, idle
50.83397224545479      , 1783620063.8859863,  87.518,            36,            0,         2325,         12481, idle
50.854064455255866     , 1783620063.9060788,  87.518,            36,            0,         2325,         12481, idle
50.874157128855586     , 1783620063.926171 ,  87.518,            36,            0,         2325,         12481, idle
50.89425018802285      , 1783620063.9462643,  87.518,            36,            0,         2325,         12481, idle
50.91434514708817      , 1783620063.9663594,  87.518,            36,            0,         2325,         12481, idle
50.934456093236804     , 1783620063.98647  ,  87.518,            36,            0,         2325,         12481, idle
50.95454868488014      , 1783620064.0065627,  87.518,            36,            0,         2325,         12481, idle
50.974642211571336     , 1783620064.0266562,  87.518,            36,            0,         2325,         12481, idle
50.99473572522402      , 1783620064.0467496,  87.518,            36,            0,         2325,         12481, idle
51.01482884399593      , 1783620064.0668437,  87.518,            36,            0,         2325,         12481, idle
51.03492518141866      , 1783620064.0869396,  87.518,            36,            0,         2325,         12481, idle
51.05501929484308      , 1783620064.107033 ,  87.518,            36,            0,         2325,         12481, idle
51.0751141179353       , 1783620064.1271281,  87.518,            36,            0,         2325,         12481, idle
51.09520850516856      , 1783620064.1472235,  87.518,            36,            0,         2325,         12481, idle
51.11530574038625      , 1783620064.1673198,  87.518,            36,            0,         2325,         12481, idle
51.13539929315448      , 1783620064.1874132,  87.518,            36,            0,         2325,         12481, idle
51.15549080632627      , 1783620064.2075052,  87.518,            36,            0,         2325,         12481, idle
51.175583308562636     , 1783620064.2275977,  87.518,            36,            0,         2325,         12481, idle
51.19567674025893      , 1783620064.247691 ,  87.518,            36,            0,         2325,         12481, idle
51.21578008122742      , 1783620064.2677944,  87.518,            36,            0,         2325,         12481, idle
51.23587656393647      , 1783620064.2878907,  87.518,            36,            0,         2325,         12481, idle
51.255971090868115     , 1783620064.307985 ,  87.518,            36,            0,         2325,         12481, idle
51.276065392419696     , 1783620064.3280802,  87.518,            36,            0,         2325,         12481, idle
51.296160500496626     , 1783620064.3481753,  87.518,            36,            0,         2325,         12481, idle
51.31625631637871      , 1783620064.3682709,  87.518,            36,            0,         2325,         12481, idle
51.33634886704385      , 1783620064.3883634,  87.518,            36,            0,         2325,         12481, idle
51.35644215717912      , 1783620064.4084566,  87.518,            36,            0,         2325,         12481, idle
51.37653490528464      , 1783620064.4285488,  87.518,            36,            0,         2325,         12481, idle
51.396627178415656     , 1783620064.4486415,  87.518,            36,            0,         2325,         12481, idle
51.41671900451183      , 1783620064.4687338,  87.518,            36,            0,         2325,         12481, idle
51.436815025284886     , 1783620064.4888294,  87.518,            36,            0,         2325,         12481, idle
51.456911742687225     , 1783620064.5089262,  87.518,            36,            0,         2325,         12481, idle
51.47700724937022      , 1783620064.5290213,  87.518,            36,            0,         2325,         12481, idle
51.49709976837039      , 1783620064.5491145,  87.518,            36,            0,         2325,         12481, idle
51.517194924876094     , 1783620064.5692098,  87.518,            36,            0,         2325,         12481, idle
51.53729035705328      , 1783620064.589304 ,  87.518,            36,            0,         2325,         12481, idle
51.557385263964534     , 1783620064.6093993,  87.518,            36,            0,         2325,         12481, idle
51.57748164050281      , 1783620064.629496 ,  87.518,            36,            0,         2325,         12481, idle
51.59757570363581      , 1783620064.6495898,  87.518,            36,            0,         2325,         12481, idle
51.61766927316785      , 1783620064.6696837,  87.518,            36,            0,         2325,         12481, idle
51.63776322081685      , 1783620064.6897774,  87.518,            36,            0,         2325,         12481, idle
51.65785648860037      , 1783620064.709871 ,  87.518,            36,            0,         2325,         12481, idle
51.677952194586396     , 1783620064.7299666,  87.518,            36,            0,         2325,         12481, idle
51.69804818555713      , 1783620064.750062 ,  87.518,            36,            0,         2325,         12481, idle
51.71814031340182      , 1783620064.7701542,  87.518,            36,            0,         2325,         12481, idle
51.73823380097747      , 1783620064.7902477,  87.518,            36,            0,         2325,         12481, idle
51.758327616378665     , 1783620064.8103418,  87.518,            36,            0,         2325,         12481, idle
51.77842229232192      , 1783620064.8304367,  87.518,            36,            0,         2325,         12481, idle
51.798517333343625     , 1783620064.850531 ,  87.518,            36,            0,         2325,         12481, idle
51.81860861368477      , 1783620064.8706234,  87.518,            36,            0,         2325,         12481, idle
51.83870394527912      , 1783620064.8907177,  87.518,            36,            0,         2325,         12481, idle
51.858797676861286     , 1783620064.9108117,  87.518,            36,            0,         2325,         12481, idle
51.87889168038964      , 1783620064.930906 ,  87.518,            36,            0,         2325,         12481, idle
51.898985888808966     , 1783620064.951    ,  87.518,            36,            0,         2325,         12481, idle
51.91907958872616      , 1783620064.9710941,  87.953,            36,            0,         2325,         12481, idle
51.939172208309174     , 1783620064.9911857,  87.953,            36,            0,         2325,         12481, idle
51.95928579568863      , 1783620065.0113027,  87.953,            36,            0,         2325,         12481, idle
51.97939359769225      , 1783620065.031408 ,  87.953,            36,            0,         2325,         12481, idle
51.999489448964596     , 1783620065.0515044,  87.953,            36,            0,         2325,         12481, idle
52.019584806635976     , 1783620065.0716   ,  87.953,            36,            0,         2332,         12481, idle
52.03968100063503      , 1783620065.091696 ,  87.953,            36,            0,         2332,         12481, idle
52.05977593548596      , 1783620065.1117907,  87.953,            36,            0,         2332,         12481, idle
52.07988312654197      , 1783620065.1318986,  87.953,            36,            0,         2332,         12481, idle
52.09998156130314      , 1783620065.151996 ,  87.953,            36,            0,         2332,         12481, idle
52.120077304542065     , 1783620065.1720924,  87.953,            36,            0,         2332,         12481, idle
52.14017440006137      , 1783620065.192189 ,  87.953,            36,            0,         2332,         12481, idle
52.160269448533654     , 1783620065.212283 ,  87.953,            36,            0,         2332,         12481, idle
52.18036120943725      , 1783620065.2323747,  87.953,            36,            0,         2332,         12481, idle
52.200453540310264     , 1783620065.2524674,  87.953,            36,            0,         2332,         12481, idle
52.22054808959365      , 1783620065.2725616,  87.953,            36,            0,         2332,         12481, idle
52.24064223282039      , 1783620065.292657 ,  87.953,            36,            0,         2332,         12481, idle
52.26073610596359      , 1783620065.31275  ,  87.953,            36,            0,         2332,         12481, idle
52.280830508098006     , 1783620065.3328452,  87.953,            36,            0,         2332,         12481, idle
52.30092680826783      , 1783620065.3529408,  87.953,            36,            0,         2332,         12481, idle
52.32102136872709      , 1783620065.3730354,  87.953,            36,            0,         2332,         12481, idle
52.34111556969583      , 1783620065.3931296,  87.953,            36,            0,         2332,         12481, idle
52.36122366040945      , 1783620065.413238 ,  87.953,            36,            0,         2332,         12481, idle
52.381317473948        , 1783620065.433331 ,  87.953,            36,            0,         2332,         12481, idle
52.40141190961003      , 1783620065.4534261,  87.953,            36,            0,         2332,         12481, idle
52.42150666564703      , 1783620065.47352  ,  87.953,            36,            0,         2332,         12481, idle
52.441601196303964     , 1783620065.493615 ,  87.953,            36,            0,         2332,         12481, idle
52.46169386804104      , 1783620065.5137084,  87.953,            36,            0,         2332,         12481, idle
52.481797287240624     , 1783620065.5338116,  87.953,            36,            0,         2332,         12481, idle
52.5018909573555       , 1783620065.553906 ,  87.953,            36,            0,         2332,         12481, idle
52.52198654972017      , 1783620065.5740008,  87.953,            36,            0,         2332,         12481, idle
52.54211797006428      , 1783620065.5941517,  87.953,            36,            0,         2332,         12481, idle
52.56225658394396      , 1783620065.6142802,  87.953,            36,            0,         2332,         12481, idle
52.58237971737981      , 1783620065.6343966,  87.953,            36,            0,         2332,         12481, idle
52.60251136496663      , 1783620065.6545444,  87.953,            36,            0,         2332,         12481, idle
52.622666485607624     , 1783620065.6746836,  87.953,            36,            0,         2332,         12481, idle
52.64276839606464      , 1783620065.6947827,  87.953,            36,            0,         2332,         12481, idle
52.66286443732679      , 1783620065.7148788,  87.953,            36,            0,         2332,         12481, idle
52.68295915611088      , 1783620065.7349732,  87.953,            36,            0,         2332,         12481, idle
52.70305386930704      , 1783620065.7550688,  87.953,            36,            0,         2332,         12481, idle
52.72314889356494      , 1783620065.7751632,  87.953,            36,            0,         2332,         12481, idle
52.7432412840426       , 1783620065.7952552,  87.953,            36,            0,         2332,         12481, idle
52.76333639211953      , 1783620065.8153503,  87.953,            36,            0,         2332,         12481, idle
52.78343045711517      , 1783620065.8354442,  87.953,            36,            0,         2332,         12481, idle
52.80352299660444      , 1783620065.8555374,  87.953,            36,            0,         2332,         12481, idle
52.8236150611192       , 1783620065.8756285,  87.953,            36,            0,         2332,         12481, idle
52.843708485364914     , 1783620065.8957224,  87.953,            36,            0,         2332,         12481, idle
52.86380332894623      , 1783620065.9158177,  87.953,            36,            0,         2332,         12481, idle
52.88389679044485      , 1783620065.9359112,  87.953,            36,            0,         2332,         12481, idle
52.903990652412176     , 1783620065.956005 ,  87.978,            36,            0,         2332,         12481, idle
52.92408532835543      , 1783620065.9760995,  87.978,            36,            0,         2332,         12481, idle
52.94419456459582      , 1783620065.9962091,  87.978,            36,            0,         2332,         12481, idle
52.964289989322424     , 1783620066.0163045,  87.978,            36,            0,         2332,         12481, idle
52.98438962548971      , 1783620066.0364032,  87.978,            36,            0,         2332,         12481, idle
53.00448313727975      , 1783620066.056497 ,  87.978,            36,            0,         2332,         12481, idle
53.024576511234045     , 1783620066.0765905,  87.978,            36,            0,         2332,         12481, idle
53.04467048868537      , 1783620066.0966845,  87.978,            36,            0,         2332,         12481, idle
53.06476348824799      , 1783620066.116777 ,  87.978,            36,            0,         2332,         12481, idle
53.084853794425726     , 1783620066.1368675,  87.978,            36,            0,         2332,         12481, idle
53.10494635626674      , 1783620066.156961 ,  87.978,            36,            0,         2332,         12481, idle
53.125039145350456     , 1783620066.1770532,  87.978,            36,            0,         2332,         12481, idle
53.1451306771487       , 1783620066.1971543,  87.978,            36,            0,         2332,         12481, idle
53.16523025557399      , 1783620066.2172437,  87.978,            36,            0,         2332,         12481, idle
53.18532194569707      , 1783620066.2373354,  87.978,            36,            0,         2332,         12481, idle
53.205414701253176     , 1783620066.2574286,  87.978,            36,            0,         2332,         12481, idle
53.2255083527416       , 1783620066.2775228,  87.978,            36,            0,         2332,         12481, idle
53.245603144168854     , 1783620066.2976172,  87.978,            36,            0,         2332,         12481, idle
53.2656968049705       , 1783620066.317711 ,  87.978,            36,            0,         2332,         12481, idle
53.285791309550405     , 1783620066.337805 ,  87.978,            36,            0,         2332,         12481, idle
53.30588467605412      , 1783620066.3578994,  87.978,            36,            0,         2332,         12481, idle
53.32597757130861      , 1783620066.3779917,  87.978,            36,            0,         2332,         12481, idle
53.34606814570725      , 1783620066.3980823,  87.978,            36,            0,         2332,         12481, idle
53.36616095714271      , 1783620066.418175 ,  87.978,            36,            0,         2332,         12481, idle
53.38626619614661      , 1783620066.4382808,  87.978,            36,            0,         2332,         12481, idle
53.40635984018445      , 1783620066.4583738,  87.978,            36,            0,         2332,         12481, idle
53.426453839987516     , 1783620066.4784672,  87.978,            36,            0,         2332,         12481, idle
53.44654652103782      , 1783620066.49856  ,  87.978,            36,            0,         2332,         12481, idle
53.46663930825889      , 1783620066.5186532,  87.978,            36,            0,         2332,         12481, idle
53.48673142492771      , 1783620066.5387456,  87.978,            36,            0,         2332,         12481, idle
53.50682472810149      , 1783620066.5588388,  87.978,            36,            0,         2332,         12481, idle
53.526919612661004     , 1783620066.5789337,  87.978,            36,            0,         2332,         12481, idle
53.54701488651335      , 1783620066.5990288,  87.978,            36,            0,         2332,         12481, idle
53.567107778042555     , 1783620066.619122 ,  87.978,            36,            0,         2332,         12481, idle
53.587200632318854     , 1783620066.6392143,  87.978,            36,            0,         2332,         12481, idle
53.60729339718819      , 1783620066.6593077,  87.978,            36,            0,         2332,         12481, idle
53.627386553213        , 1783620066.6794002,  87.978,            36,            0,         2332,         12481, idle
53.647479489445686     , 1783620066.6994934,  87.978,            36,            0,         2332,         12481, idle
53.66757630929351      , 1783620066.7195907,  87.978,            36,            0,         2332,         12481, idle
53.687672754749656     , 1783620066.7396872,  87.978,            36,            0,         2332,         12481, idle
53.70776466280222      , 1783620066.7597792,  87.978,            36,            0,         2332,         12481, idle
53.727858044207096     , 1783620066.7798717,  87.978,            36,            0,         2332,         12481, idle
53.74795262888074      , 1783620066.799966 ,  87.978,            36,            0,         2332,         12481, idle
53.76804577559233      , 1783620066.82006  ,  87.978,            36,            0,         2332,         12481, idle
53.788146428763866     , 1783620066.8401608,  87.978,            36,            0,         2332,         12481, idle
53.808240097016096     , 1783620066.860254 ,  87.978,            36,            0,         2332,         12481, idle
53.82833391241729      , 1783620066.8803482,  87.978,            36,            0,         2332,         12481, idle
53.848425881937146     , 1783620066.90044  ,  87.978,            36,            0,         2332,         12481, idle
53.868519781157374     , 1783620066.9205346,  87.978,            36,            0,         2332,         12481, idle
53.888616148382425     , 1783620066.94063  ,  87.978,            36,            0,         2332,         12481, idle
53.908710561692715     , 1783620066.9607248,  88.001,            36,            0,         2332,         12481, idle
53.92880342528224      , 1783620066.9808173,  88.001,            36,            0,         2332,         12481, idle
53.948896856978536     , 1783620067.0009108,  88.001,            36,            0,         2332,         12481, idle
53.968990445137024     , 1783620067.021005 ,  88.001,            36,            0,         2332,         12481, idle
53.98908421769738      , 1783620067.0410984,  88.001,            36,            0,         2332,         12481, idle
54.009181797504425     , 1783620067.061196 ,  88.001,            36,            0,         2332,         12481, idle
54.029274836182594     , 1783620067.0812893,  88.001,            36,            0,         2332,         12481, idle
54.04936754889786      , 1783620067.1013818,  88.001,            36,            0,         2332,         12481, idle
54.06946003250778      , 1783620067.1214743,  88.001,            36,            0,         2332,         12481, idle
54.08955521509051      , 1783620067.1415696,  88.001,            36,            0,         2332,         12481, idle
54.10964829288423      , 1783620067.1616628,  88.001,            36,            0,         2332,         12481, idle
54.12974493019283      , 1783620067.1817596,  88.001,            36,            0,         2332,         12481, idle
54.1498392932117       , 1783620067.2018538,  88.001,            36,            0,         2332,         12481, idle
54.16993383131921      , 1783620067.2219484,  88.001,            36,            0,         2332,         12481, idle
54.19002860970795      , 1783620067.2420425,  88.001,            36,            0,         2332,         12481, idle
54.210122644901276     , 1783620067.2621372,  88.001,            36,            0,         2332,         12481, idle
54.23021984472871      , 1783620067.2822344,  88.001,            36,            0,         2332,         12481, idle
54.250314719974995     , 1783620067.302329 ,  88.001,            36,            0,         2332,         12481, idle
54.27040622010827      , 1783620067.32242  ,  88.001,            36,            0,         2332,         12481, idle
54.29049652442336      , 1783620067.34251  ,  88.001,            36,            0,         2332,         12481, idle
54.31058692000806      , 1783620067.3626013,  88.001,            36,            0,         2332,         12481, idle
54.330679105594754     , 1783620067.382693 ,  88.001,            36,            0,         2332,         12481, idle
54.35077431239188      , 1783620067.4027882,  88.001,            36,            0,         2332,         12481, idle
54.370865093544126     , 1783620067.4228792,  88.001,            36,            0,         2332,         12481, idle
54.390957321971655     , 1783620067.4429715,  88.001,            36,            0,         2332,         12481, idle
54.41104821674526      , 1783620067.4630625,  88.001,            36,            0,         2332,         12481, idle
54.43113989010453      , 1783620067.4831533,  88.001,            36,            0,         2332,         12481, idle
54.451228976249695     , 1783620067.5032423,  88.001,            36,            0,         2332,         12481, idle
54.471318705007434     , 1783620067.5233328,  88.001,            36,            0,         2332,         12481, idle
54.49140927195549      , 1783620067.5434237,  88.001,            36,            0,         2332,         12481, idle
54.51150085218251      , 1783620067.5635152,  88.001,            36,            0,         2332,         12481, idle
54.53160082735121      , 1783620067.583615 ,  88.001,            36,            0,         2332,         12481, idle
54.55169160850346      , 1783620067.6037054,  88.001,            36,            0,         2332,         12481, idle
54.57178199477494      , 1783620067.6237955,  88.001,            36,            0,         2332,         12481, idle
54.591871282085776     , 1783620067.6438854,  88.001,            36,            0,         2332,         12481, idle
54.611961141228676     , 1783620067.6639748,  88.001,            36,            0,         2332,         12481, idle
54.63205701671541      , 1783620067.6840715,  88.001,            36,            0,         2332,         12481, idle
54.652150301262736     , 1783620067.704165 ,  88.001,            36,            0,         2332,         12481, idle
54.67224354483187      , 1783620067.7242577,  88.001,            36,            0,         2332,         12481, idle
54.69233497604728      , 1783620067.7443488,  88.001,            36,            0,         2332,         12481, idle
54.71245029754937      , 1783620067.7644854,  88.001,            36,            0,         2332,         12481, idle
54.73258930630982      , 1783620067.7846103,  88.001,            36,            0,         2332,         12481, idle
54.7527045160532       , 1783620067.8047206,  88.001,            36,            0,         2332,         12481, idle
54.77280398644507      , 1783620067.8248203,  88.001,            36,            0,         2332,         12481, idle
54.79290186241269      , 1783620067.8449194,  88.001,            36,            0,         2332,         12481, idle
54.813005827367306     , 1783620067.8650203,  88.001,            36,            0,         2332,         12481, idle
54.83310176059604      , 1783620067.8851156,  88.001,            36,            0,         2332,         12481, idle
54.85320140607655      , 1783620067.9052184,  88.001,            36,            0,         2332,         12481, idle
54.87330662459135      , 1783620067.925321 ,  88.001,            36,            0,         2332,         12481, idle
54.893401658162475     , 1783620067.945416 ,  88.001,            36,            0,         2332,         12481, idle
54.91349368914962      , 1783620067.9655077,  87.895,            36,            0,         2332,         12481, idle
54.933584382757545     , 1783620067.9855978,  87.895,            36,            0,         2332,         12481, idle
54.95367373339832      , 1783620068.005687 ,  87.895,            36,            0,         2332,         12481, idle
54.97376226820052      , 1783620068.025776 ,  87.895,            36,            0,         2332,         12481, idle
54.99385092034936      , 1783620068.045864 ,  87.895,            36,            0,         2332,         12481, idle
55.013941472396255     , 1783620068.0659556,  87.895,            36,            0,         2332,         12481, idle
55.0340564083308       , 1783620068.0860705,  87.895,            36,            0,         2332,         12481, idle
55.05414955317974      , 1783620068.1061637,  87.895,            36,            0,         2332,         12481, idle
55.074239959940314     , 1783620068.1262531,  87.895,            36,            0,         2332,         12481, idle
55.09433068521321      , 1783620068.1463442,  87.895,            36,            0,         2332,         12481, idle
55.1144237332046       , 1783620068.1664376,  87.895,            36,            0,         2332,         12481, idle
55.13451740518212      , 1783620068.1865306,  87.895,            36,            0,         2332,         12481, idle
55.154607236385345     , 1783620068.2066214,  87.895,            36,            0,         2332,         12481, idle
55.174699161201715     , 1783620068.2267122,  87.895,            36,            0,         2332,         12481, idle
55.19479149207473      , 1783620068.2468069,  87.895,            36,            0,         2332,         12481, idle
55.21488609723747      , 1783620068.2668998,  87.895,            36,            0,         2332,         12481, idle
55.234977670013905     , 1783620068.2869923,  87.895,            36,            0,         2332,         12481, idle
55.25506808422506      , 1783620068.307081 ,  87.895,            36,            0,         2332,         12481, idle
55.27515617758036      , 1783620068.32717  ,  87.895,            36,            0,         2332,         12481, idle
55.29524816572666      , 1783620068.3472617,  87.895,            36,            0,         2332,         12481, idle
55.315337819978595     , 1783620068.3673518,  87.895,            36,            0,         2332,         12481, idle
55.33542998507619      , 1783620068.3874438,  87.895,            36,            0,         2332,         12481, idle
55.35551930963993      , 1783620068.4075332,  87.895,            36,            0,         2332,         12481, idle
55.37560756132007      , 1783620068.4276211,  87.895,            36,            0,         2332,         12481, idle
55.39569872803986      , 1783620068.4477134,  87.895,            36,            0,         2332,         12481, idle
55.41579094901681      , 1783620068.467805 ,  87.895,            36,            0,         2332,         12481, idle
55.43588279746473      , 1783620068.4878972,  87.895,            36,            0,         2332,         12481, idle
55.45597414113581      , 1783620068.5079875,  87.895,            36,            0,         2332,         12481, idle
55.476063607260585     , 1783620068.528077 ,  87.895,            36,            0,         2332,         12481, idle
55.49615962803364      , 1783620068.5481737,  87.895,            36,            0,         2332,         12481, idle
55.51625412143767      , 1783620068.5682688,  87.895,            36,            0,         2332,         12481, idle
55.536349510774016     , 1783620068.5883632,  87.895,            36,            0,         2332,         12481, idle
55.55644201673567      , 1783620068.6084564,  87.895,            36,            0,         2332,         12481, idle
55.576535649597645     , 1783620068.6285493,  87.895,            36,            0,         2332,         12481, idle
55.596627559512854     , 1783620068.648641 ,  87.895,            36,            0,         2332,         12481, idle
55.6167191080749       , 1783620068.6687326,  87.895,            36,            0,         2332,         12481, idle
55.6368109639734       , 1783620068.6888244,  87.895,            36,            0,         2332,         12481, idle
55.65692587196827      , 1783620068.7089553,  87.895,            36,            0,         2332,         12481, idle
55.6770741827786       , 1783620068.7290947,  87.895,            36,            0,         2332,         12481, idle
55.69718341715634      , 1783620068.7492   ,  87.895,            36,            0,         2332,         12481, idle
55.71728209219873      , 1783620068.7692974,  87.895,            36,            0,         2332,         12481, idle
55.7373813688755       , 1783620068.7893958,  87.895,            36,            0,         2332,         12481, idle
55.75747455470264      , 1783620068.8094883,  87.895,            36,            0,         2332,         12481, idle
55.77756812795997      , 1783620068.8295825,  87.895,            36,            0,         2332,         12481, idle
55.79766380414367      , 1783620068.849678 ,  87.895,            36,            0,         2332,         12481, idle
55.81775615736842      , 1783620068.8697703,  87.895,            36,            0,         2332,         12481, idle
55.837850507348776     , 1783620068.889864 ,  87.895,            36,            0,         2332,         12481, idle
55.85794239491224      , 1783620068.9099565,  87.895,            36,            0,         2332,         12481, idle
55.8780334610492       , 1783620068.9300475,  87.895,            36,            0,         2332,         12481, idle
55.898126412183046     , 1783620068.95014  ,  87.895,            36,            0,         2332,         12481, idle
55.918218256905675     , 1783620068.9702322,  87.518,            36,            0,         2332,         12481, idle
55.938312113285065     , 1783620068.9903255,  87.518,            36,            0,         2332,         12481, idle
55.958405612036586     , 1783620069.0104194,  87.518,            36,            0,         2332,         12481, idle
55.978498904034495     , 1783620069.030513 ,  87.518,            36,            0,         2332,         12481, idle
55.99859268963337      , 1783620069.050606 ,  87.518,            36,            0,         2332,         12481, idle
56.01868427731097      , 1783620069.0706983,  87.518,            36,            0,         2332,         12481, idle
56.038777228444815     , 1783620069.0907915,  87.518,            36,            0,         2332,         12481, idle
56.058882623910904     , 1783620069.1108963,  87.518,            36,            0,         2332,         12481, idle
56.07897290028632      , 1783620069.1309867,  87.518,            36,            0,         2332,         12481, idle
56.09906563721597      , 1783620069.15108  ,  87.518,            36,            0,         2332,         12481, idle
56.119157657027245     , 1783620069.171172 ,  87.518,            36,            0,         2332,         12481, idle
56.13925045542419      , 1783620069.1912642,  87.518,            36,            0,         2332,         12481, idle
56.15934291854501      , 1783620069.211357 ,  87.518,            36,            0,         2332,         12481, idle
56.179436611011624     , 1783620069.2314513,  87.518,            36,            0,         2332,         12481, idle
56.19953151233494      , 1783620069.2515457,  87.518,            36,            0,         2332,         12481, idle
56.21962580084801      , 1783620069.27164  ,  87.518,            36,            0,         2332,         12481, idle
56.23971888050437      , 1783620069.2917328,  87.518,            36,            0,         2332,         12481, idle
56.25981116108596      , 1783620069.3118248,  87.518,            36,            0,         2332,         12481, idle
56.279901675879955     , 1783620069.3319156,  87.518,            36,            0,         2332,         12481, idle
56.299994172528386     , 1783620069.352008 ,  87.518,            36,            0,         2332,         12481, idle
56.32008671760559      , 1783620069.3721006,  87.518,            36,            0,         2332,         12481, idle
56.34018148295581      , 1783620069.3921957,  87.518,            36,            0,         2332,         12481, idle
56.36028360389173      , 1783620069.412298 ,  87.518,            36,            0,         2332,         12481, idle
56.38037579320371      , 1783620069.43239  ,  87.518,            36,            0,         2332,         12481, idle
56.40046841278672      , 1783620069.452482 ,  87.518,            36,            0,         2332,         12481, idle
56.42055893689394      , 1783620069.4725726,  87.518,            36,            0,         2332,         12481, idle
56.44065037369728      , 1783620069.4926639,  87.518,            36,            0,         2332,         12481, idle
56.46074076928198      , 1783620069.5127547,  87.518,            36,            0,         2332,         12481, idle
56.4808365739882       , 1783620069.532852 ,  87.518,            36,            0,         2332,         12481, idle
56.50093093328178      , 1783620069.5529447,  87.518,            36,            0,         2332,         12481, idle
56.52102040871978      , 1783620069.5730338,  87.518,            36,            0,         2332,         12481, idle
56.54111215285957      , 1783620069.5931256,  87.518,            36,            0,         2332,         12481, idle
56.56123612821102      , 1783620069.6132505,  87.518,            36,            0,         2332,         12481, idle
56.58133606426418      , 1783620069.6333504,  87.518,            36,            0,         2332,         12481, idle
56.60142805241048      , 1783620069.6534412,  87.518,            36,            0,         2332,         12481, idle
56.62152259424329      , 1783620069.6735396,  87.518,            36,            0,         2332,         12481, idle
56.641626842319965     , 1783620069.6936412,  87.518,            36,            0,         2332,         12481, idle
56.661717630922794     , 1783620069.713731 ,  87.518,            36,            0,         2332,         12481, idle
56.6818079482764       , 1783620069.733822 ,  87.518,            36,            0,         2332,         12481, idle
56.701901376247406     , 1783620069.7539153,  87.518,            36,            0,         2332,         12481, idle
56.72199252806604      , 1783620069.7740066,  87.518,            36,            0,         2332,         12481, idle
56.742083167657256     , 1783620069.794097 ,  87.518,            36,            0,         2332,         12481, idle
56.76217398047447      , 1783620069.814187 ,  87.518,            36,            0,         2332,         12481, idle
56.782265815883875     , 1783620069.8342805,  87.518,            36,            0,         2332,         12481, idle
56.80235760472715      , 1783620069.8543715,  87.518,            36,            0,         2332,         12481, idle
56.822448030114174     , 1783620069.8744614,  87.518,            36,            0,         2332,         12481, idle
56.84253887087107      , 1783620069.8945532,  87.518,            36,            0,         2332,         12481, idle
56.86263029463589      , 1783620069.9146438,  87.518,            36,            0,         2332,         12481, idle
56.88272122293711      , 1783620069.934735 ,  87.518,            36,            0,         2332,         12481, idle
56.902811059728265     , 1783620069.954825 ,  87.514,            36,            0,         2332,         12481, idle
56.92292249016464      , 1783620069.974936 ,  87.514,            36,            0,         2332,         12481, idle
56.94301852397621      , 1783620069.9950318,  87.514,            36,            0,         2332,         12481, idle
56.96310858242214      , 1783620070.015122 ,  87.514,            36,            0,         2332,         12481, idle
56.98320125043392      , 1783620070.0352154,  87.514,            36,            0,         2332,         12481, idle
57.00329485349357      , 1783620070.0553095,  87.514,            36,            0,         2332,         12481, idle
57.02338878065348      , 1783620070.0754023,  87.514,            36,            0,         2332,         12481, idle
57.04347971454263      , 1783620070.0954936,  87.514,            36,            0,         2332,         12481, idle
57.063572976738214     , 1783620070.115587 ,  87.514,            36,            0,         2332,         12481, idle
57.08367593213916      , 1783620070.1356907,  87.514,            36,            0,         2332,         12481, idle
57.10377158224583      , 1783620070.155786 ,  87.514,            36,            0,         2332,         12481, idle
57.12386731989682      , 1783620070.1758811,  87.514,            36,            0,         2332,         12481, idle
57.143960636109114     , 1783620070.195975 ,  87.514,            36,            0,         2332,         12481, idle
57.16405424848199      , 1783620070.2160683,  87.514,            36,            0,         2332,         12481, idle
57.18414609134197      , 1783620070.23616  ,  87.514,            36,            0,         2332,         12481, idle
57.204244025051594     , 1783620070.256258 ,  87.514,            36,            0,         2332,         12481, idle
57.22433720715344      , 1783620070.2763507,  87.514,            36,            0,         2332,         12481, idle
57.24442913196981      , 1783620070.2964432,  87.514,            36,            0,         2332,         12481, idle
57.264521485194564     , 1783620070.316535 ,  87.514,            36,            0,         2332,         12481, idle
57.284612806513906     , 1783620070.336627 ,  87.514,            36,            0,         2332,         12481, idle
57.30470409616828      , 1783620070.3567178,  87.514,            36,            0,         2332,         12481, idle
57.32479569874704      , 1783620070.3768094,  87.514,            36,            0,         2332,         12481, idle
57.34488598816097      , 1783620070.3969   ,  87.514,            36,            0,         2332,         12481, idle
57.36497604474425      , 1783620070.4169893,  87.514,            36,            0,         2332,         12481, idle
57.38506830483675      , 1783620070.4370825,  87.514,            36,            0,         2332,         12481, idle
57.40516206808388      , 1783620070.4571762,  87.514,            36,            0,         2332,         12481, idle
57.42525799199939      , 1783620070.477273 ,  87.514,            36,            0,         2332,         12481, idle
57.445357678458095     , 1783620070.4973714,  87.514,            36,            0,         2332,         12481, idle
57.46545239724219      , 1783620070.5174663,  87.514,            36,            0,         2332,         12481, idle
57.48554441332817      , 1783620070.5375586,  87.514,            36,            0,         2332,         12481, idle
57.50563700683415      , 1783620070.557651 ,  87.514,            36,            0,         2332,         12481, idle
57.52573059312999      , 1783620070.577745 ,  87.514,            36,            0,         2332,         12481, idle
57.545824551954865     , 1783620070.5978389,  87.514,            36,            0,         2332,         12481, idle
57.56591855362058      , 1783620070.6179328,  87.514,            36,            0,         2332,         12481, idle
57.586011027917266     , 1783620070.638025 ,  87.514,            36,            0,         2332,         12481, idle
57.606102772057056     , 1783620070.6581173,  87.514,            36,            0,         2332,         12481, idle
57.62620562128723      , 1783620070.6782246,  87.514,            36,            0,         2332,         12481, idle
57.64631175249815      , 1783620070.6983254,  87.514,            36,            0,         2332,         12481, idle
57.666404055431485     , 1783620070.7184174,  87.514,            36,            0,         2332,         12481, idle
57.686495481058955     , 1783620070.7385094,  87.514,            36,            0,         2332,         12481, idle
57.706591848284006     , 1783620070.7586083,  87.514,            36,            0,         2332,         12481, idle
57.726691553369164     , 1783620070.7787051,  87.514,            36,            0,         2332,         12481, idle
57.74678411334753      , 1783620070.7987983,  87.514,            36,            0,         2332,         12481, idle
57.766879023984075     , 1783620070.8188932,  87.514,            36,            0,         2332,         12481, idle
57.78697203472257      , 1783620070.838986 ,  87.514,            36,            0,         2332,         12481, idle
57.80706521682441      , 1783620070.8590794,  87.514,            36,            0,         2332,         12481, idle
57.82715854793787      , 1783620070.8791728,  87.514,            36,            0,         2332,         12481, idle
57.84725287929177      , 1783620070.8992667,  87.514,            36,            0,         2332,         12481, idle
57.867345936596394     , 1783620070.9193597,  87.514,            36,            0,         2332,         12481, idle
57.88743800856173      , 1783620070.9394524,  87.514,            36,            0,         2332,         12481, idle
57.90753214806318      , 1783620070.9595466,  87.54 ,            36,            0,         2332,         12481, idle
57.927627224475145     , 1783620070.9796412,  87.54 ,            36,            0,         2332,         12481, idle
57.94771917909384      , 1783620070.9997332,  87.54 ,            36,            0,         2332,         12481, idle
57.967852069064975     , 1783620071.0198665,  87.54 ,            36,            0,         2332,         12481, idle
57.98794321529567      , 1783620071.039957 ,  87.54 ,            36,            0,         2332,         12481, idle
58.00803580135107      , 1783620071.0600507,  87.54 ,            36,            0,         2332,         12481, idle
58.0281325802207       , 1783620071.0801473,  87.54 ,            36,            0,         2332,         12481, idle
58.04823687300086      , 1783620071.1002517,  87.54 ,            36,            0,         2332,         12481, idle
58.06833296082914      , 1783620071.120347 ,  87.54 ,            36,            0,         2332,         12481, idle
58.088425843045115     , 1783620071.14044  ,  87.54 ,            36,            0,         2332,         12481, idle
58.108525171875954     , 1783620071.1605392,  87.54 ,            36,            0,         2332,         12481, idle
58.128618605434895     , 1783620071.1806324,  87.54 ,            36,            0,         2332,         12481, idle
58.14871073886752      , 1783620071.2007244,  87.54 ,            36,            0,         2332,         12481, idle
58.16880215704441      , 1783620071.2208157,  87.54 ,            36,            0,         2332,         12481, idle
58.18889334611595      , 1783620071.2409072,  87.54 ,            36,            0,         2332,         12481, idle
58.20898662880063      , 1783620071.2610006,  87.54 ,            36,            0,         2332,         12481, idle
58.229081101715565     , 1783620071.2810962,  87.54 ,            36,            0,         2332,         12481, idle
58.24917355366051      , 1783620071.3011878,  87.54 ,            36,            0,         2332,         12481, idle
58.2692651450634       , 1783620071.3212786,  87.54 ,            36,            0,         2332,         12481, idle
58.28935699351132      , 1783620071.341371 ,  87.54 ,            36,            0,         2332,         12481, idle
58.309449035674334     , 1783620071.3614633,  87.54 ,            36,            0,         2332,         12481, idle
58.32954247482121      , 1783620071.3815567,  87.54 ,            36,            0,         2332,         12481, idle
58.349634161219        , 1783620071.4016478,  87.54 ,            36,            0,         2332,         12481, idle
58.36972485296428      , 1783620071.4217389,  87.54 ,            36,            0,         2332,         12481, idle
58.38981413282454      , 1783620071.4418275,  87.54 ,            36,            0,         2332,         12481, idle
58.40990378148854      , 1783620071.4619176,  87.54 ,            36,            0,         2332,         12481, idle
58.4299972653389       , 1783620071.482011 ,  87.54 ,            36,            0,         2332,         12481, idle
58.450089840218425     , 1783620071.5021038,  87.54 ,            36,            0,         2332,         12481, idle
58.47018210217357      , 1783620071.5221958,  87.54 ,            36,            0,         2332,         12481, idle
58.49027391336858      , 1783620071.5422878,  87.54 ,            36,            0,         2332,         12481, idle
58.51036590896547      , 1783620071.5623794,  87.54 ,            36,            0,         2332,         12481, idle
58.53045486845076      , 1783620071.5824683,  87.54 ,            36,            0,         2332,         12481, idle
58.55054672062397      , 1783620071.6025612,  87.54 ,            36,            0,         2332,         12481, idle
58.57064099609852      , 1783620071.622656 ,  87.54 ,            36,            0,         2332,         12481, idle
58.59074120596051      , 1783620071.6427555,  87.54 ,            36,            0,         2332,         12481, idle
58.61083533242345      , 1783620071.6628492,  87.54 ,            36,            0,         2332,         12481, idle
58.63093393482268      , 1783620071.6829484,  87.54 ,            36,            0,         2332,         12481, idle
58.651025949046016     , 1783620071.7030392,  87.54 ,            36,            0,         2332,         12481, idle
58.67111662402749      , 1783620071.7231307,  87.54 ,            36,            0,         2332,         12481, idle
58.69120728597045      , 1783620071.7432208,  87.54 ,            36,            0,         2332,         12481, idle
58.711301025003195     , 1783620071.7633152,  87.54 ,            36,            0,         2332,         12481, idle
58.731392772868276     , 1783620071.7834067,  87.54 ,            36,            0,         2332,         12481, idle
58.75148479454219      , 1783620071.803499 ,  87.54 ,            36,            0,         2332,         12481, idle
58.77157642506063      , 1783620071.82359  ,  87.54 ,            36,            0,         2332,         12481, idle
58.79166937246919      , 1783620071.843684 ,  87.54 ,            36,            0,         2332,         12481, idle
58.81176373362541      , 1783620071.8637779,  87.54 ,            36,            0,         2332,         12481, idle
58.83185723237693      , 1783620071.8838706,  87.54 ,            36,            0,         2332,         12481, idle
58.851947301998734     , 1783620071.9039614,  87.54 ,            36,            0,         2332,         12481, idle
58.87204108014703      , 1783620071.9240553,  87.54 ,            36,            0,         2332,         12481, idle
58.89213305339217      , 1783620071.944147 ,  87.54 ,            36,            0,         2332,         12481, idle
58.91223160922527      , 1783620071.9642465,  87.998,            36,            0,         2332,         12481, idle
58.932325050234795     , 1783620071.9843388,  87.998,            36,            0,         2332,         12481, idle
58.95241648517549      , 1783620072.0044296,  87.998,            36,            0,         2332,         12481, idle
58.97250816039741      , 1783620072.0245216,  87.998,            36,            0,         2332,         12481, idle
58.992600524798036     , 1783620072.044615 ,  87.998,            36,            0,         2332,         12481, idle
59.01269540004432      , 1783620072.06471  ,  87.998,            36,            0,         2332,         12481, idle
59.03279126435518      , 1783620072.084805 ,  87.998,            36,            0,         2332,         12481, idle
59.0528831332922       , 1783620072.104897 ,  87.998,            36,            0,         2332,         12481, idle
59.0729764290154       , 1783620072.1249905,  87.998,            36,            0,         2332,         12481, idle
59.0930681694299       , 1783620072.145082 ,  87.998,            36,            0,         2332,         12481, idle
59.11316170543432      , 1783620072.165176 ,  87.998,            36,            0,         2332,         12481, idle
59.1332592330873       , 1783620072.1852732,  87.998,            36,            0,         2332,         12481, idle
59.153349451720715     , 1783620072.2053633,  87.998,            36,            0,         2332,         12481, idle
59.17344015650451      , 1783620072.225454 ,  87.998,            36,            0,         2332,         12481, idle
59.193530321121216     , 1783620072.2455444,  87.998,            36,            0,         2332,         12481, idle
59.21362230926752      , 1783620072.2656364,  87.998,            36,            0,         2332,         12481, idle
59.23372279666364      , 1783620072.2857404,  87.998,            36,            0,         2332,         12481, idle
