variant,checkpoint_kind,precision,layer,op_type,mode,classification_source,calls,classifications,observed_input_shapes,observed_output_shapes,observed_time_slices,configured_timestep,input_elems,input_neuron_sites,input_firing_rate_sum,input_positive_sum,input_nonzero,input_min,input_max,integer_like_calls,mean_spike_count_per_input,configured_firing_rate,sop_density_per_executed_mac,nonzero_ratio,dense_macs_total,dense_macs_executed,dense_macs_one_step_equivalent,dense_macs_total_per_image,dense_macs_executed_per_image,dense_macs_one_step_equivalent_per_image,dense_macs_charged,dense_macs_charged_per_image,sop_total,sop_per_image,ac_charged,core_energy_pj,core_energy_pj_per_image,mem_energy_pj,neuron_energy_pj,total_energy_pj,total_energy_pj_per_image
small,fp,fp,init_conv.0.conv,conv2d,dense,policy:raw_image_first_conv,20,"{""dense"": 20}","[[8, 1, 3, 400, 400]]","[[8, 1, 32, 400, 400]]",[8],8,76800000,9600000.0,7411175.6328125,59289405.0625,76800000,-2.1179039478302,2.640000104904175,0,,,,1.0,22118400000.0,22118400000.0,2764800000.0,1105920000.0,1105920000.0,138240000.0,22118400000.0,1105920000.0,0.0,0.0,0.0,22118400000.0,1105920000.0,0.0,0.0,22118400000.0,1105920000.0
small,fp,fp,init_conv.1.conv,conv2d,spike,policy:later_init_convs,20,"{""spike"": 20}","[[8, 1, 32, 400, 400]]","[[8, 1, 32, 400, 400]]",[8],8,819200000,102400000.0,41002894.0,328023152.0,234778008,0.0,8.0,20,0.40041888671875,0.05005236083984375,0.05005236083984375,0.286594248046875,235929600000.0,235929600000.0,29491200000.0,11796480000.0,11796480000.0,1474560000.0,0.0,0.0,11808833472.0,590441673.6,11808833472.0,11808833472.0,590441673.6,0.0,0.0,11808833472.0,590441673.6
small,fp,fp,downsample_1.conv3x3.conv,conv2d,dense,policy:small_middle_downsample_continuous_conv,20,"{""dense"": 20}","[[8, 1, 32, 400, 400]]","[[8, 1, 32, 200, 200]]",[8],8,819200000,102400000.0,21879145.0,175033160.0,819200000,-8.531182289123535,7.253408432006836,0,,,,1.0,58982400000.0,58982400000.0,7372800000.0,2949120000.0,2949120000.0,368640000.0,58982400000.0,2949120000.0,0.0,0.0,0.0,58982400000.0,2949120000.0,0.0,0.0,58982400000.0,2949120000.0
small,fp,fp,downsample_1.conv,conv2d,spike,policy:small_middle_downsample_event_conv,20,"{""spike"": 20}","[[8, 1, 32, 400, 400]]","[[8, 1, 32, 400, 400]]",[8],8,819200000,102400000.0,44860384.0,358883072.0,313196648,0.0,8.0,20,0.4380896875,0.0547612109375,0.0547612109375,0.382320126953125,235929600000.0,235929600000.0,29491200000.0,11796480000.0,11796480000.0,1474560000.0,0.0,0.0,12919790592.0,645989529.6,12919790592.0,12919790592.0,645989529.6,0.0,0.0,12919790592.0,645989529.6
small,fp,fp,DAB_Block_1.DAB_Module_1_0.conv1x1_in.conv,conv2d,spike,policy:encoder_and_late_decoder_dab_convs,20,"{""spike"": 20}","[[8, 1, 64, 200, 200]]","[[8, 1, 32, 200, 200]]",[8],8,409600000,51200000.0,13319740.0,106557920.0,84818016,0.0,8.0,20,0.260151171875,0.032518896484375,0.032518896484375,0.207075234375,13107200000.0,13107200000.0,1638400000.0,655360000.0,655360000.0,81920000.0,0.0,0.0,426231680.0,21311584.0,426231680.0,426231680.0,21311584.0,0.0,0.0,426231680.0,21311584.0
small,fp,fp,DAB_Block_1.DAB_Module_1_0.conv3x1.conv,conv2d,spike,policy:encoder_and_late_decoder_dab_convs,20,"{""spike"": 20}","[[8, 1, 32, 200, 200]]","[[8, 1, 32, 200, 200]]",[8],8,204800000,25600000.0,9428110.0,75424880.0,61967912,0.0,8.0,20,0.368285546875,0.046035693359375,0.046035693359375,0.3025776953125,19660800000.0,19660800000.0,2457600000.0,983040000.0,983040000.0,122880000.0,0.0,0.0,905098560.0,45254928.0,905098560.0,905098560.0,45254928.0,0.0,0.0,905098560.0,45254928.0
small,fp,fp,DAB_Block_1.DAB_Module_1_0.conv1x3.conv,conv2d,spike,policy:encoder_and_late_decoder_dab_convs,20,"{""spike"": 20}","[[8, 1, 32, 200, 200]]","[[8, 1, 32, 200, 200]]",[8],8,204800000,25600000.0,6177246.0,49417968.0,44605864,0.0,6.0,20,0.241298671875,0.030162333984375,0.030162333984375,0.2178020703125,19660800000.0,19660800000.0,2457600000.0,983040000.0,983040000.0,122880000.0,0.0,0.0,593015616.0,29650780.8,593015616.0,593015616.0,29650780.8,0.0,0.0,593015616.0,29650780.8
small,fp,fp,DAB_Block_1.DAB_Module_1_0.dconv3x1.conv,conv2d,spike,policy:encoder_and_late_decoder_dab_convs,20,"{""spike"": 20}","[[8, 1, 32, 200, 200]]","[[8, 1, 32, 200, 200]]",[8],8,204800000,25600000.0,7887853.0,63102824.0,56350928,0.0,8.0,20,0.3081192578125,0.0385149072265625,0.0385149072265625,0.275151015625,614400000.0,614400000.0,76800000.0,30720000.0,30720000.0,3840000.0,0.0,0.0,23663559.0,1183177.95,23663559.0,23663559.0,1183177.95,0.0,0.0,23663559.0,1183177.95
small,fp,fp,DAB_Block_1.DAB_Module_1_0.dconv1x3.conv,conv2d,spike,policy:encoder_and_late_decoder_dab_convs,20,"{""spike"": 20}","[[8, 1, 32, 200, 200]]","[[8, 1, 32, 200, 200]]",[8],8,204800000,25600000.0,2066966.0,16535728.0,13314120,0.0,6.0,20,0.080740859375,0.010092607421875,0.010092607421875,0.0650103515625,614400000.0,614400000.0,76800000.0,30720000.0,30720000.0,3840000.0,0.0,0.0,6200898.0,310044.9,6200898.0,6200898.0,310044.9,0.0,0.0,6200898.0,310044.9
small,fp,fp,DAB_Block_1.DAB_Module_1_0.ca11.conv,conv1d,dense,policy:eca_conv1d,20,"{""dense"": 20}","[[8, 1, 1, 32]]","[[8, 1, 1, 32]]",[8],8,5120,640.0,63.76349902153015,510.1079921722412,1280,0.0,1.7409249544143677,0,,,,0.25,15360.0,15360.0,1920.0,768.0,768.0,96.0,15360.0,768.0,0.0,0.0,0.0,15360.0,768.0,0.0,0.0,15360.0,768.0
small,fp,fp,DAB_Block_1.DAB_Module_1_0.ddconv3x1.conv,conv2d,spike,policy:encoder_and_late_decoder_dab_convs,20,"{""spike"": 20}","[[8, 1, 32, 200, 200]]","[[8, 1, 32, 200, 200]]",[8],8,204800000,25600000.0,7887853.0,63102824.0,56350928,0.0,8.0,20,0.3081192578125,0.0385149072265625,0.0385149072265625,0.275151015625,614400000.0,614400000.0,76800000.0,30720000.0,30720000.0,3840000.0,0.0,0.0,23663559.0,1183177.95,23663559.0,23663559.0,1183177.95,0.0,0.0,23663559.0,1183177.95
small,fp,fp,DAB_Block_1.DAB_Module_1_0.ddconv1x3.conv,conv2d,spike,policy:encoder_and_late_decoder_dab_convs,20,"{""spike"": 20}","[[8, 1, 32, 200, 200]]","[[8, 1, 32, 200, 200]]",[8],8,204800000,25600000.0,1943603.0,15548824.0,14408816,0.0,6.0,20,0.0759219921875,0.0094902490234375,0.0094902490234375,0.070355546875,614400000.0,614400000.0,76800000.0,30720000.0,30720000.0,3840000.0,0.0,0.0,5830809.0,291540.45,5830809.0,5830809.0,291540.45,0.0,0.0,5830809.0,291540.45
small,fp,fp,DAB_Block_1.DAB_Module_1_0.ca22.conv,conv1d,dense,policy:eca_conv1d,20,"{""dense"": 20}","[[8, 1, 1, 32]]","[[8, 1, 1, 32]]",[8],8,5120,640.0,103.35942125320435,826.8753700256348,1440,0.0,2.6767499446868896,0,,,,0.28125,15360.0,15360.0,1920.0,768.0,768.0,96.0,15360.0,768.0,0.0,0.0,0.0,15360.0,768.0,0.0,0.0,15360.0,768.0
small,fp,fp,DAB_Block_1.DAB_Module_1_0.conv1x1.conv,conv2d,spike,policy:encoder_and_late_decoder_dab_convs,20,"{""spike"": 20}","[[8, 1, 32, 200, 200]]","[[8, 1, 64, 200, 200]]",[8],8,204800000,25600000.0,10400906.0,83207248.0,63666952,0.0,11.0,20,0.406285390625,0.050785673828125,0.050785673828125,0.3108737890625,13107200000.0,13107200000.0,1638400000.0,655360000.0,655360000.0,81920000.0,0.0,0.0,665657984.0,33282899.2,665657984.0,665657984.0,33282899.2,0.0,0.0,665657984.0,33282899.2
small,fp,fp,downsample_2.conv3x3.conv,conv2d,dense,policy:small_middle_downsample_continuous_conv,20,"{""dense"": 20}","[[8, 1, 64, 200, 200]]","[[8, 1, 64, 100, 100]]",[8],8,409600000,51200000.0,22131212.0,177049696.0,409600000,-11.186620712280273,13.35705280303955,0,,,,1.0,58982400000.0,58982400000.0,7372800000.0,2949120000.0,2949120000.0,368640000.0,58982400000.0,2949120000.0,0.0,0.0,0.0,58982400000.0,2949120000.0,0.0,0.0,58982400000.0,2949120000.0
small,fp,fp,downsample_2.conv,conv2d,spike,policy:small_middle_downsample_event_conv,20,"{""spike"": 20}","[[8, 1, 64, 200, 200]]","[[8, 1, 64, 200, 200]]",[8],8,409600000,51200000.0,20128328.0,161026624.0,131163696,0.0,8.0,20,0.39313140625,0.04914142578125,0.04914142578125,0.3202238671875,235929600000.0,235929600000.0,29491200000.0,11796480000.0,11796480000.0,1474560000.0,0.0,0.0,11593916928.0,579695846.4,11593916928.0,11593916928.0,579695846.4,0.0,0.0,11593916928.0,579695846.4
small,fp,fp,DAB_Block_2.DAB_Module_2_0.conv1x1_in.conv,conv2d,spike,policy:encoder_and_late_decoder_dab_convs,20,"{""spike"": 20}","[[8, 1, 64, 100, 100]]","[[8, 1, 32, 100, 100]]",[8],8,102400000,12800000.0,3276231.0,26209848.0,20503904,0.0,8.0,20,0.255955546875,0.031994443359375,0.031994443359375,0.2002334375,3276800000.0,3276800000.0,409600000.0,163840000.0,163840000.0,20480000.0,0.0,0.0,104839392.0,5241969.6,104839392.0,104839392.0,5241969.6,0.0,0.0,104839392.0,5241969.6
small,fp,fp,DAB_Block_2.DAB_Module_2_0.conv3x1.conv,conv2d,spike,policy:encoder_and_late_decoder_dab_convs,20,"{""spike"": 20}","[[8, 1, 32, 100, 100]]","[[8, 1, 32, 100, 100]]",[8],8,51200000,6400000.0,2332796.0,18662368.0,15378296,0.0,7.0,20,0.364499375,0.045562421875,0.045562421875,0.30035734375,4915200000.0,4915200000.0,614400000.0,245760000.0,245760000.0,30720000.0,0.0,0.0,223948416.0,11197420.8,223948416.0,223948416.0,11197420.8,0.0,0.0,223948416.0,11197420.8
small,fp,fp,DAB_Block_2.DAB_Module_2_0.conv1x3.conv,conv2d,spike,policy:encoder_and_late_decoder_dab_convs,20,"{""spike"": 20}","[[8, 1, 32, 100, 100]]","[[8, 1, 32, 100, 100]]",[8],8,51200000,6400000.0,1662393.0,13299144.0,11612488,0.0,6.0,20,0.25974890625,0.03246861328125,0.03246861328125,0.22680640625,4915200000.0,4915200000.0,614400000.0,245760000.0,245760000.0,30720000.0,0.0,0.0,159589728.0,7979486.4,159589728.0,159589728.0,7979486.4,0.0,0.0,159589728.0,7979486.4
small,fp,fp,DAB_Block_2.DAB_Module_2_0.dconv3x1.conv,conv2d,spike,policy:encoder_and_late_decoder_dab_convs,20,"{""spike"": 20}","[[8, 1, 32, 100, 100]]","[[8, 1, 32, 100, 100]]",[8],8,51200000,6400000.0,1256815.0,10054520.0,8980432,0.0,7.0,20,0.19637734375,0.02454716796875,0.02454716796875,0.1753990625,153600000.0,153600000.0,19200000.0,7680000.0,7680000.0,960000.0,0.0,0.0,3770445.0,188522.25,3770445.0,3770445.0,188522.25,0.0,0.0,3770445.0,188522.25
small,fp,fp,DAB_Block_2.DAB_Module_2_0.dconv1x3.conv,conv2d,spike,policy:encoder_and_late_decoder_dab_convs,20,"{""spike"": 20}","[[8, 1, 32, 100, 100]]","[[8, 1, 32, 100, 100]]",[8],8,51200000,6400000.0,42504.0,340032.0,315480,0.0,5.0,20,0.00664125,0.00083015625,0.00083015625,0.00616171875,153600000.0,153600000.0,19200000.0,7680000.0,7680000.0,960000.0,0.0,0.0,127512.0,6375.6,127512.0,127512.0,6375.6,0.0,0.0,127512.0,6375.6
small,fp,fp,DAB_Block_2.DAB_Module_2_0.ca11.conv,conv1d,dense,policy:eca_conv1d,20,"{""dense"": 20}","[[8, 1, 1, 32]]","[[8, 1, 1, 32]]",[8],8,5120,640.0,10.820399671792984,86.56319737434387,480,0.0,0.7285000085830688,0,,,,0.09375,15360.0,15360.0,1920.0,768.0,768.0,96.0,15360.0,768.0,0.0,0.0,0.0,15360.0,768.0,0.0,0.0,15360.0,768.0
small,fp,fp,DAB_Block_2.DAB_Module_2_0.ddconv3x1.conv,conv2d,spike,policy:encoder_and_late_decoder_dab_convs,20,"{""spike"": 20}","[[8, 1, 32, 100, 100]]","[[8, 1, 32, 100, 100]]",[8],8,51200000,6400000.0,1256815.0,10054520.0,8980432,0.0,7.0,20,0.19637734375,0.02454716796875,0.02454716796875,0.1753990625,153600000.0,153600000.0,19200000.0,7680000.0,7680000.0,960000.0,0.0,0.0,3770445.0,188522.25,3770445.0,3770445.0,188522.25,0.0,0.0,3770445.0,188522.25
small,fp,fp,DAB_Block_2.DAB_Module_2_0.ddconv1x3.conv,conv2d,spike,policy:encoder_and_late_decoder_dab_convs,20,"{""spike"": 20}","[[8, 1, 32, 100, 100]]","[[8, 1, 32, 100, 100]]",[8],8,51200000,6400000.0,465086.0,3720688.0,3056312,0.0,7.0,20,0.0726696875,0.0090837109375,0.0090837109375,0.05969359375,153600000.0,153600000.0,19200000.0,7680000.0,7680000.0,960000.0,0.0,0.0,1395258.0,69762.9,1395258.0,1395258.0,69762.9,0.0,0.0,1395258.0,69762.9
small,fp,fp,DAB_Block_2.DAB_Module_2_0.ca22.conv,conv1d,dense,policy:eca_conv1d,20,"{""dense"": 20}","[[8, 1, 1, 32]]","[[8, 1, 1, 32]]",[8],8,5120,640.0,81.20299744606018,649.6239795684814,1440,0.0,1.0713999271392822,0,,,,0.28125,15360.0,15360.0,1920.0,768.0,768.0,96.0,15360.0,768.0,0.0,0.0,0.0,15360.0,768.0,0.0,0.0,15360.0,768.0
small,fp,fp,DAB_Block_2.DAB_Module_2_0.conv1x1.conv,conv2d,spike,policy:encoder_and_late_decoder_dab_convs,20,"{""spike"": 20}","[[8, 1, 32, 100, 100]]","[[8, 1, 64, 100, 100]]",[8],8,51200000,6400000.0,1942387.0,15539096.0,11604016,0.0,10.0,20,0.30349796875,0.03793724609375,0.03793724609375,0.2266409375,3276800000.0,3276800000.0,409600000.0,163840000.0,163840000.0,20480000.0,0.0,0.0,124312768.0,6215638.4,124312768.0,124312768.0,6215638.4,0.0,0.0,124312768.0,6215638.4
small,fp,fp,downsample_3.conv3x3.conv,conv2d,dense,policy:small_middle_downsample_continuous_conv,20,"{""dense"": 20}","[[8, 1, 64, 100, 100]]","[[8, 1, 32, 50, 50]]",[8],8,102400000,12800000.0,2435657.0390625,19485256.3125,102400000,-10.88414478302002,7.319483757019043,0,,,,1.0,7372800000.0,7372800000.0,921600000.0,368640000.0,368640000.0,46080000.0,7372800000.0,368640000.0,0.0,0.0,0.0,7372800000.0,368640000.0,0.0,0.0,7372800000.0,368640000.0
small,fp,fp,downsample_3.conv,conv2d,spike,policy:small_middle_downsample_event_conv,20,"{""spike"": 20}","[[8, 1, 64, 100, 100]]","[[8, 1, 64, 100, 100]]",[8],8,102400000,12800000.0,3040918.0,24327344.0,20015448,0.0,8.0,20,0.23757171875,0.02969646484375,0.02969646484375,0.195463359375,58982400000.0,58982400000.0,7372800000.0,2949120000.0,2949120000.0,368640000.0,0.0,0.0,1751568768.0,87578438.4,1751568768.0,1751568768.0,87578438.4,0.0,0.0,1751568768.0,87578438.4
small,fp,fp,DAB_Block_3.DAB_Module_3_0.conv1x1_in.conv,conv2d,spike,policy:encoder_and_late_decoder_dab_convs,20,"{""spike"": 20}","[[8, 1, 32, 50, 50]]","[[8, 1, 16, 50, 50]]",[8],8,12800000,1600000.0,552347.0,4418776.0,3279632,0.0,8.0,20,0.345216875,0.043152109375,0.043152109375,0.25622125,204800000.0,204800000.0,25600000.0,10240000.0,10240000.0,1280000.0,0.0,0.0,8837552.0,441877.6,8837552.0,8837552.0,441877.6,0.0,0.0,8837552.0,441877.6
small,fp,fp,DAB_Block_3.DAB_Module_3_0.conv3x1.conv,conv2d,spike,policy:encoder_and_late_decoder_dab_convs,20,"{""spike"": 20}","[[8, 1, 16, 50, 50]]","[[8, 1, 16, 50, 50]]",[8],8,6400000,800000.0,411885.0,3295080.0,2534872,0.0,7.0,20,0.51485625,0.06435703125,0.06435703125,0.39607375,307200000.0,307200000.0,38400000.0,15360000.0,15360000.0,1920000.0,0.0,0.0,19770480.0,988524.0,19770480.0,19770480.0,988524.0,0.0,0.0,19770480.0,988524.0
small,fp,fp,DAB_Block_3.DAB_Module_3_0.conv1x3.conv,conv2d,spike,policy:encoder_and_late_decoder_dab_convs,20,"{""spike"": 20}","[[8, 1, 16, 50, 50]]","[[8, 1, 16, 50, 50]]",[8],8,6400000,800000.0,251831.0,2014648.0,1708416,0.0,6.0,20,0.31478875,0.03934859375,0.03934859375,0.26694,307200000.0,307200000.0,38400000.0,15360000.0,15360000.0,1920000.0,0.0,0.0,12087888.0,604394.4,12087888.0,12087888.0,604394.4,0.0,0.0,12087888.0,604394.4
small,fp,fp,DAB_Block_3.DAB_Module_3_0.dconv3x1.conv,conv2d,spike,policy:encoder_and_late_decoder_dab_convs,20,"{""spike"": 20}","[[8, 1, 16, 50, 50]]","[[8, 1, 16, 50, 50]]",[8],8,6400000,800000.0,262621.0,2100968.0,1735392,0.0,7.0,20,0.32827625,0.04103453125,0.04103453125,0.271155,19200000.0,19200000.0,2400000.0,960000.0,960000.0,120000.0,0.0,0.0,787863.0,39393.15,787863.0,787863.0,39393.15,0.0,0.0,787863.0,39393.15
small,fp,fp,DAB_Block_3.DAB_Module_3_0.dconv1x3.conv,conv2d,spike,policy:encoder_and_late_decoder_dab_convs,20,"{""spike"": 20}","[[8, 1, 16, 50, 50]]","[[8, 1, 16, 50, 50]]",[8],8,6400000,800000.0,9121.0,72968.0,66880,0.0,3.0,20,0.01140125,0.00142515625,0.00142515625,0.01045,19200000.0,19200000.0,2400000.0,960000.0,960000.0,120000.0,0.0,0.0,27363.0,1368.15,27363.0,27363.0,1368.15,0.0,0.0,27363.0,1368.15
small,fp,fp,DAB_Block_3.DAB_Module_3_0.ca11.conv,conv1d,dense,policy:eca_conv1d,20,"{""dense"": 20}","[[8, 1, 1, 16]]","[[8, 1, 1, 16]]",[8],8,2560,320.0,7.629199855029583,61.033598840236664,160,0.0,0.8715999722480774,0,,,,0.0625,7680.0,7680.0,960.0,384.0,384.0,48.0,7680.0,384.0,0.0,0.0,0.0,7680.0,384.0,0.0,0.0,7680.0,384.0
small,fp,fp,DAB_Block_3.DAB_Module_3_0.ddconv3x1.conv,conv2d,spike,policy:encoder_and_late_decoder_dab_convs,20,"{""spike"": 20}","[[8, 1, 16, 50, 50]]","[[8, 1, 16, 50, 50]]",[8],8,6400000,800000.0,262621.0,2100968.0,1735392,0.0,7.0,20,0.32827625,0.04103453125,0.04103453125,0.271155,19200000.0,19200000.0,2400000.0,960000.0,960000.0,120000.0,0.0,0.0,787863.0,39393.15,787863.0,787863.0,39393.15,0.0,0.0,787863.0,39393.15
small,fp,fp,DAB_Block_3.DAB_Module_3_0.ddconv1x3.conv,conv2d,spike,policy:encoder_and_late_decoder_dab_convs,20,"{""spike"": 20}","[[8, 1, 16, 50, 50]]","[[8, 1, 16, 50, 50]]",[8],8,6400000,800000.0,47019.0,376152.0,311264,0.0,6.0,20,0.05877375,0.00734671875,0.00734671875,0.048635,19200000.0,19200000.0,2400000.0,960000.0,960000.0,120000.0,0.0,0.0,141057.0,7052.85,141057.0,141057.0,7052.85,0.0,0.0,141057.0,7052.85
small,fp,fp,DAB_Block_3.DAB_Module_3_0.ca22.conv,conv1d,dense,policy:eca_conv1d,20,"{""dense"": 20}","[[8, 1, 1, 16]]","[[8, 1, 1, 16]]",[8],8,2560,320.0,35.79959952831268,286.39679622650146,640,0.0,1.3700000047683716,0,,,,0.25,7680.0,7680.0,960.0,384.0,384.0,48.0,7680.0,384.0,0.0,0.0,0.0,7680.0,384.0,0.0,0.0,7680.0,384.0
small,fp,fp,DAB_Block_3.DAB_Module_3_0.conv1x1.conv,conv2d,spike,policy:encoder_and_late_decoder_dab_convs,20,"{""spike"": 20}","[[8, 1, 16, 50, 50]]","[[8, 1, 32, 50, 50]]",[8],8,6400000,800000.0,339844.0,2718752.0,2030080,0.0,11.0,20,0.424805,0.053100625,0.053100625,0.3172,204800000.0,204800000.0,25600000.0,10240000.0,10240000.0,1280000.0,0.0,0.0,10875008.0,543750.4,10875008.0,10875008.0,543750.4,0.0,0.0,10875008.0,543750.4
small,fp,fp,transformer1.atten.reduce,linear,dense,policy:transformer_linears,20,"{""dense"": 20}","[[1, 2500, 288]]","[[1, 2500, 144]]",[1],8,14400000,14400000.0,1962583.3203125,1962583.3203125,14400000,-0.9489485025405884,8.043004035949707,0,,,,1.0,2073600000.0,2073600000.0,2073600000.0,103680000.0,103680000.0,103680000.0,2073600000.0,103680000.0,0.0,0.0,0.0,2073600000.0,103680000.0,0.0,0.0,2073600000.0,103680000.0
small,fp,fp,transformer1.atten.qkv,linear,dense,policy:transformer_linears,20,"{""dense"": 20}","[[1, 2500, 144]]","[[1, 2500, 432]]",[1],8,7200000,7200000.0,2053546.171875,2053546.171875,7200000,-8.318265914916992,9.390905380249023,0,,,,1.0,3110400000.0,3110400000.0,3110400000.0,155520000.0,155520000.0,155520000.0,3110400000.0,155520000.0,0.0,0.0,0.0,3110400000.0,155520000.0,0.0,0.0,3110400000.0,155520000.0
small,fp,fp,transformer1.atten.proj,linear,dense,policy:transformer_linears,20,"{""dense"": 20}","[[1, 2500, 144]]","[[1, 2500, 288]]",[1],8,7200000,7200000.0,2256995.8515625,2256995.8515625,7200000,-11.045421600341797,12.32125186920166,0,,,,1.0,2073600000.0,2073600000.0,2073600000.0,103680000.0,103680000.0,103680000.0,2073600000.0,103680000.0,0.0,0.0,0.0,2073600000.0,103680000.0,0.0,0.0,2073600000.0,103680000.0
small,fp,fp,transformer1.mlp.fc1,linear,dense,policy:transformer_linears,20,"{""dense"": 20}","[[1, 2500, 288]]","[[1, 2500, 72]]",[1],8,14400000,14400000.0,4.215889883634684e-34,4.215889883634684e-34,14399911,-2.9319227639221715e-40,3.3172938545961395e-40,20,,,,0.9999938194444444,1036800000.0,1036800000.0,1036800000.0,51840000.0,51840000.0,51840000.0,1036800000.0,51840000.0,0.0,0.0,0.0,1036800000.0,51840000.0,0.0,0.0,1036800000.0,51840000.0
small,fp,fp,transformer1.mlp.fc2,linear,dense,policy:transformer_linears,20,"{""dense"": 20}","[[1, 2500, 72]]","[[1, 2500, 288]]",[1],8,3600000,3600000.0,8.918370432944297e-31,8.918370432944297e-31,2450000,0.0,2.5389000903759306e-36,20,,,,0.6805555555555556,1036800000.0,1036800000.0,1036800000.0,51840000.0,51840000.0,51840000.0,1036800000.0,51840000.0,0.0,0.0,0.0,1036800000.0,51840000.0,0.0,0.0,1036800000.0,51840000.0
small,fp,fp,DAB_Block_4.DAB_Module_4_0.conv1x1_in.conv,conv2d,dense,policy:transformer_decoder_entry,20,"{""dense"": 20}","[[8, 1, 32, 50, 50]]","[[8, 1, 16, 50, 50]]",[8],8,12800000,1600000.0,6773492.65625,54187941.25,12800000,-51.7790412902832,71.2069091796875,0,,,,1.0,204800000.0,204800000.0,25600000.0,10240000.0,10240000.0,1280000.0,204800000.0,10240000.0,0.0,0.0,0.0,204800000.0,10240000.0,0.0,0.0,204800000.0,10240000.0
small,fp,fp,DAB_Block_4.DAB_Module_4_0.conv3x1.conv,conv2d,spike,policy:transformer_decoder_internal_event_convs,20,"{""spike"": 20}","[[8, 1, 16, 50, 50]]","[[8, 1, 16, 50, 50]]",[8],8,6400000,800000.0,0.0,0.0,0,0.0,0.0,20,0.0,0.0,0.0,0.0,307200000.0,307200000.0,38400000.0,15360000.0,15360000.0,1920000.0,0.0,0.0,0.0,0.0,0.0,0.0,0.0,0.0,0.0,0.0,0.0
small,fp,fp,DAB_Block_4.DAB_Module_4_0.conv1x3.conv,conv2d,spike,policy:transformer_decoder_internal_event_convs,20,"{""spike"": 20}","[[8, 1, 16, 50, 50]]","[[8, 1, 16, 50, 50]]",[8],8,6400000,800000.0,0.0,0.0,0,0.0,0.0,20,0.0,0.0,0.0,0.0,307200000.0,307200000.0,38400000.0,15360000.0,15360000.0,1920000.0,0.0,0.0,0.0,0.0,0.0,0.0,0.0,0.0,0.0,0.0,0.0
small,fp,fp,DAB_Block_4.DAB_Module_4_0.dconv3x1.conv,conv2d,spike,policy:transformer_decoder_internal_event_convs,20,"{""spike"": 20}","[[8, 1, 16, 50, 50]]","[[8, 1, 16, 50, 50]]",[8],8,6400000,800000.0,0.0,0.0,0,0.0,0.0,20,0.0,0.0,0.0,0.0,19200000.0,19200000.0,2400000.0,960000.0,960000.0,120000.0,0.0,0.0,0.0,0.0,0.0,0.0,0.0,0.0,0.0,0.0,0.0
small,fp,fp,DAB_Block_4.DAB_Module_4_0.dconv1x3.conv,conv2d,spike,policy:transformer_decoder_internal_event_convs,20,"{""spike"": 20}","[[8, 1, 16, 50, 50]]","[[8, 1, 16, 50, 50]]",[8],8,6400000,800000.0,0.0,0.0,0,0.0,0.0,20,0.0,0.0,0.0,0.0,19200000.0,19200000.0,2400000.0,960000.0,960000.0,120000.0,0.0,0.0,0.0,0.0,0.0,0.0,0.0,0.0,0.0,0.0,0.0
small,fp,fp,DAB_Block_4.DAB_Module_4_0.ca11.conv,conv1d,dense,policy:eca_conv1d,20,"{""dense"": 20}","[[8, 1, 1, 16]]","[[8, 1, 1, 16]]",[8],8,2560,320.0,0.0,0.0,0,0.0,0.0,20,,,,0.0,7680.0,7680.0,960.0,384.0,384.0,48.0,7680.0,384.0,0.0,0.0,0.0,7680.0,384.0,0.0,0.0,7680.0,384.0
small,fp,fp,DAB_Block_4.DAB_Module_4_0.ddconv3x1.conv,conv2d,spike,policy:transformer_decoder_internal_event_convs,20,"{""spike"": 20}","[[8, 1, 16, 50, 50]]","[[8, 1, 16, 50, 50]]",[8],8,6400000,800000.0,0.0,0.0,0,0.0,0.0,20,0.0,0.0,0.0,0.0,19200000.0,19200000.0,2400000.0,960000.0,960000.0,120000.0,0.0,0.0,0.0,0.0,0.0,0.0,0.0,0.0,0.0,0.0,0.0
small,fp,fp,DAB_Block_4.DAB_Module_4_0.ddconv1x3.conv,conv2d,spike,policy:transformer_decoder_internal_event_convs,20,"{""spike"": 20}","[[8, 1, 16, 50, 50]]","[[8, 1, 16, 50, 50]]",[8],8,6400000,800000.0,0.0,0.0,0,0.0,0.0,20,0.0,0.0,0.0,0.0,19200000.0,19200000.0,2400000.0,960000.0,960000.0,120000.0,0.0,0.0,0.0,0.0,0.0,0.0,0.0,0.0,0.0,0.0,0.0
small,fp,fp,DAB_Block_4.DAB_Module_4_0.ca22.conv,conv1d,dense,policy:eca_conv1d,20,"{""dense"": 20}","[[8, 1, 1, 16]]","[[8, 1, 1, 16]]",[8],8,2560,320.0,0.0,0.0,0,0.0,0.0,20,,,,0.0,7680.0,7680.0,960.0,384.0,384.0,48.0,7680.0,384.0,0.0,0.0,0.0,7680.0,384.0,0.0,0.0,7680.0,384.0
small,fp,fp,DAB_Block_4.DAB_Module_4_0.conv1x1.conv,conv2d,spike,policy:transformer_decoder_internal_event_convs,20,"{""spike"": 20}","[[8, 1, 16, 50, 50]]","[[8, 1, 32, 50, 50]]",[8],8,6400000,800000.0,0.0,0.0,0,0.0,0.0,20,0.0,0.0,0.0,0.0,204800000.0,204800000.0,25600000.0,10240000.0,10240000.0,1280000.0,0.0,0.0,0.0,0.0,0.0,0.0,0.0,0.0,0.0,0.0,0.0
small,fp,fp,upsample_1.conv,conv_transpose2d,spike,policy:upsample_event_convs,20,"{""spike"": 20}","[[8, 1, 32, 50, 50]]","[[8, 1, 32, 100, 100]]",[8],8,12800000,1600000.0,1280159.0,10241272.0,6531968,0.0,9.0,20,0.800099375,0.100012421875,0.100012421875,0.51031,3686400000.0,3686400000.0,460800000.0,184320000.0,184320000.0,23040000.0,0.0,0.0,368685792.0,18434289.6,368685792.0,368685792.0,18434289.6,0.0,0.0,368685792.0,18434289.6
small,fp,fp,DAB_Block_5.DAB_Module_5_0.conv1x1_in.conv,conv2d,spike,policy:encoder_and_late_decoder_dab_convs,20,"{""spike"": 20}","[[8, 1, 32, 100, 100]]","[[8, 1, 16, 100, 100]]",[8],8,51200000,6400000.0,2635704.0,21085632.0,16123128,0.0,8.0,20,0.41182875,0.05147859375,0.05147859375,0.31490484375,819200000.0,819200000.0,102400000.0,40960000.0,40960000.0,5120000.0,0.0,0.0,42171264.0,2108563.2,42171264.0,42171264.0,2108563.2,0.0,0.0,42171264.0,2108563.2
small,fp,fp,DAB_Block_5.DAB_Module_5_0.conv3x1.conv,conv2d,spike,policy:encoder_and_late_decoder_dab_convs,20,"{""spike"": 20}","[[8, 1, 16, 100, 100]]","[[8, 1, 16, 100, 100]]",[8],8,25600000,3200000.0,1276036.0,10208288.0,7749600,0.0,8.0,20,0.39876125,0.04984515625,0.04984515625,0.30271875,1228800000.0,1228800000.0,153600000.0,61440000.0,61440000.0,7680000.0,0.0,0.0,61249728.0,3062486.4,61249728.0,61249728.0,3062486.4,0.0,0.0,61249728.0,3062486.4
small,fp,fp,DAB_Block_5.DAB_Module_5_0.conv1x3.conv,conv2d,spike,policy:encoder_and_late_decoder_dab_convs,20,"{""spike"": 20}","[[8, 1, 16, 100, 100]]","[[8, 1, 16, 100, 100]]",[8],8,25600000,3200000.0,978142.0,7825136.0,6260968,0.0,8.0,20,0.305669375,0.038208671875,0.038208671875,0.2445690625,1228800000.0,1228800000.0,153600000.0,61440000.0,61440000.0,7680000.0,0.0,0.0,46950816.0,2347540.8,46950816.0,46950816.0,2347540.8,0.0,0.0,46950816.0,2347540.8
small,fp,fp,DAB_Block_5.DAB_Module_5_0.dconv3x1.conv,conv2d,spike,policy:encoder_and_late_decoder_dab_convs,20,"{""spike"": 20}","[[8, 1, 16, 100, 100]]","[[8, 1, 16, 100, 100]]",[8],8,25600000,3200000.0,581611.0,4652888.0,3724384,0.0,8.0,20,0.1817534375,0.0227191796875,0.0227191796875,0.14548375,76800000.0,76800000.0,9600000.0,3840000.0,3840000.0,480000.0,0.0,0.0,1744833.0,87241.65,1744833.0,1744833.0,87241.65,0.0,0.0,1744833.0,87241.65
small,fp,fp,DAB_Block_5.DAB_Module_5_0.dconv1x3.conv,conv2d,spike,policy:encoder_and_late_decoder_dab_convs,20,"{""spike"": 20}","[[8, 1, 16, 100, 100]]","[[8, 1, 16, 100, 100]]",[8],8,25600000,3200000.0,0.0,0.0,0,0.0,0.0,20,0.0,0.0,0.0,0.0,76800000.0,76800000.0,9600000.0,3840000.0,3840000.0,480000.0,0.0,0.0,0.0,0.0,0.0,0.0,0.0,0.0,0.0,0.0,0.0
small,fp,fp,DAB_Block_5.DAB_Module_5_0.ca11.conv,conv1d,dense,policy:eca_conv1d,20,"{""dense"": 20}","[[8, 1, 1, 16]]","[[8, 1, 1, 16]]",[8],8,2560,320.0,0.0,0.0,0,0.0,0.0,20,,,,0.0,7680.0,7680.0,960.0,384.0,384.0,48.0,7680.0,384.0,0.0,0.0,0.0,7680.0,384.0,0.0,0.0,7680.0,384.0
small,fp,fp,DAB_Block_5.DAB_Module_5_0.ddconv3x1.conv,conv2d,spike,policy:encoder_and_late_decoder_dab_convs,20,"{""spike"": 20}","[[8, 1, 16, 100, 100]]","[[8, 1, 16, 100, 100]]",[8],8,25600000,3200000.0,581611.0,4652888.0,3724384,0.0,8.0,20,0.1817534375,0.0227191796875,0.0227191796875,0.14548375,76800000.0,76800000.0,9600000.0,3840000.0,3840000.0,480000.0,0.0,0.0,1744833.0,87241.65,1744833.0,1744833.0,87241.65,0.0,0.0,1744833.0,87241.65
small,fp,fp,DAB_Block_5.DAB_Module_5_0.ddconv1x3.conv,conv2d,spike,policy:encoder_and_late_decoder_dab_convs,20,"{""spike"": 20}","[[8, 1, 16, 100, 100]]","[[8, 1, 16, 100, 100]]",[8],8,25600000,3200000.0,815229.0,6521832.0,4547024,0.0,8.0,20,0.2547590625,0.0318448828125,0.0318448828125,0.177618125,76800000.0,76800000.0,9600000.0,3840000.0,3840000.0,480000.0,0.0,0.0,2445687.0,122284.35,2445687.0,2445687.0,122284.35,0.0,0.0,2445687.0,122284.35
small,fp,fp,DAB_Block_5.DAB_Module_5_0.ca22.conv,conv1d,dense,policy:eca_conv1d,20,"{""dense"": 20}","[[8, 1, 1, 16]]","[[8, 1, 1, 16]]",[8],8,2560,320.0,117.02939939498901,936.2351951599121,960,0.0,2.9572999477386475,0,,,,0.375,7680.0,7680.0,960.0,384.0,384.0,48.0,7680.0,384.0,0.0,0.0,0.0,7680.0,384.0,0.0,0.0,7680.0,384.0
small,fp,fp,DAB_Block_5.DAB_Module_5_0.conv1x1.conv,conv2d,spike,policy:encoder_and_late_decoder_dab_convs,20,"{""spike"": 20}","[[8, 1, 16, 100, 100]]","[[8, 1, 32, 100, 100]]",[8],8,25600000,3200000.0,1182579.0,9460632.0,5365136,0.0,14.0,20,0.3695559375,0.0461944921875,0.0461944921875,0.209575625,819200000.0,819200000.0,102400000.0,40960000.0,40960000.0,5120000.0,0.0,0.0,37842528.0,1892126.4,37842528.0,37842528.0,1892126.4,0.0,0.0,37842528.0,1892126.4
small,fp,fp,upsample_2.conv,conv_transpose2d,spike,policy:upsample_event_convs,20,"{""spike"": 20}","[[8, 1, 32, 100, 100]]","[[8, 1, 32, 200, 200]]",[8],8,51200000,6400000.0,5050046.0,40400368.0,25458456,0.0,9.0,20,0.7890696875,0.0986337109375,0.0986337109375,0.49723546875,14745600000.0,14745600000.0,1843200000.0,737280000.0,737280000.0,92160000.0,0.0,0.0,1454413248.0,72720662.4,1454413248.0,1454413248.0,72720662.4,0.0,0.0,1454413248.0,72720662.4
small,fp,fp,DAB_Block_6.DAB_Module_6_0.conv1x1_in.conv,conv2d,spike,policy:encoder_and_late_decoder_dab_convs,20,"{""spike"": 20}","[[8, 1, 32, 200, 200]]","[[8, 1, 16, 200, 200]]",[8],8,204800000,25600000.0,9230705.0,73845640.0,58647752,0.0,8.0,20,0.3605744140625,0.0450718017578125,0.0450718017578125,0.2863659765625,3276800000.0,3276800000.0,409600000.0,163840000.0,163840000.0,20480000.0,0.0,0.0,147691280.0,7384564.0,147691280.0,147691280.0,7384564.0,0.0,0.0,147691280.0,7384564.0
small,fp,fp,DAB_Block_6.DAB_Module_6_0.conv3x1.conv,conv2d,spike,policy:encoder_and_late_decoder_dab_convs,20,"{""spike"": 20}","[[8, 1, 16, 200, 200]]","[[8, 1, 16, 200, 200]]",[8],8,102400000,12800000.0,5390273.0,43122184.0,35398632,0.0,6.0,20,0.421115078125,0.052639384765625,0.052639384765625,0.345689765625,4915200000.0,4915200000.0,614400000.0,245760000.0,245760000.0,30720000.0,0.0,0.0,258733104.0,12936655.2,258733104.0,258733104.0,12936655.2,0.0,0.0,258733104.0,12936655.2
small,fp,fp,DAB_Block_6.DAB_Module_6_0.conv1x3.conv,conv2d,spike,policy:encoder_and_late_decoder_dab_convs,20,"{""spike"": 20}","[[8, 1, 16, 200, 200]]","[[8, 1, 16, 200, 200]]",[8],8,102400000,12800000.0,5057525.0,40460200.0,33972968,0.0,7.0,20,0.395119140625,0.049389892578125,0.049389892578125,0.331767265625,4915200000.0,4915200000.0,614400000.0,245760000.0,245760000.0,30720000.0,0.0,0.0,242761200.0,12138060.0,242761200.0,242761200.0,12138060.0,0.0,0.0,242761200.0,12138060.0
small,fp,fp,DAB_Block_6.DAB_Module_6_0.dconv3x1.conv,conv2d,spike,policy:encoder_and_late_decoder_dab_convs,20,"{""spike"": 20}","[[8, 1, 16, 200, 200]]","[[8, 1, 16, 200, 200]]",[8],8,102400000,12800000.0,4153937.0,33231496.0,26762576,0.0,7.0,20,0.324526328125,0.040565791015625,0.040565791015625,0.26135328125,307200000.0,307200000.0,38400000.0,15360000.0,15360000.0,1920000.0,0.0,0.0,12461811.0,623090.55,12461811.0,12461811.0,623090.55,0.0,0.0,12461811.0,623090.55
small,fp,fp,DAB_Block_6.DAB_Module_6_0.dconv1x3.conv,conv2d,spike,policy:encoder_and_late_decoder_dab_convs,20,"{""spike"": 20}","[[8, 1, 16, 200, 200]]","[[8, 1, 16, 200, 200]]",[8],8,102400000,12800000.0,2496962.0,19975696.0,11519384,0.0,5.0,20,0.19507515625,0.02438439453125,0.02438439453125,0.112493984375,307200000.0,307200000.0,38400000.0,15360000.0,15360000.0,1920000.0,0.0,0.0,7490886.0,374544.3,7490886.0,7490886.0,374544.3,0.0,0.0,7490886.0,374544.3
small,fp,fp,DAB_Block_6.DAB_Module_6_0.ca11.conv,conv1d,dense,policy:eca_conv1d,20,"{""dense"": 20}","[[8, 1, 1, 16]]","[[8, 1, 1, 16]]",[8],8,2560,320.0,83.94219923019409,671.5375938415527,640,0.0,3.4595999717712402,0,,,,0.25,7680.0,7680.0,960.0,384.0,384.0,48.0,7680.0,384.0,0.0,0.0,0.0,7680.0,384.0,0.0,0.0,7680.0,384.0
small,fp,fp,DAB_Block_6.DAB_Module_6_0.ddconv3x1.conv,conv2d,spike,policy:encoder_and_late_decoder_dab_convs,20,"{""spike"": 20}","[[8, 1, 16, 200, 200]]","[[8, 1, 16, 200, 200]]",[8],8,102400000,12800000.0,4153937.0,33231496.0,26762576,0.0,7.0,20,0.324526328125,0.040565791015625,0.040565791015625,0.26135328125,307200000.0,307200000.0,38400000.0,15360000.0,15360000.0,1920000.0,0.0,0.0,12461811.0,623090.55,12461811.0,12461811.0,623090.55,0.0,0.0,12461811.0,623090.55
small,fp,fp,DAB_Block_6.DAB_Module_6_0.ddconv1x3.conv,conv2d,spike,policy:encoder_and_late_decoder_dab_convs,20,"{""spike"": 20}","[[8, 1, 16, 200, 200]]","[[8, 1, 16, 200, 200]]",[8],8,102400000,12800000.0,2437334.0,19498672.0,13011272,0.0,7.0,20,0.19041671875,0.02380208984375,0.02380208984375,0.127063203125,307200000.0,307200000.0,38400000.0,15360000.0,15360000.0,1920000.0,0.0,0.0,7312002.0,365600.1,7312002.0,7312002.0,365600.1,0.0,0.0,7312002.0,365600.1
small,fp,fp,DAB_Block_6.DAB_Module_6_0.ca22.conv,conv1d,dense,policy:eca_conv1d,20,"{""dense"": 20}","[[8, 1, 1, 16]]","[[8, 1, 1, 16]]",[8],8,2560,320.0,69.91217398643494,559.2973918914795,960,0.0,2.745149850845337,0,,,,0.375,7680.0,7680.0,960.0,384.0,384.0,48.0,7680.0,384.0,0.0,0.0,0.0,7680.0,384.0,0.0,0.0,7680.0,384.0
small,fp,fp,DAB_Block_6.DAB_Module_6_0.conv1x1.conv,conv2d,spike,policy:encoder_and_late_decoder_dab_convs,20,"{""spike"": 20}","[[8, 1, 16, 200, 200]]","[[8, 1, 32, 200, 200]]",[8],8,102400000,12800000.0,7839276.0,62714208.0,32784256,0.0,14.0,20,0.6124434375,0.0765554296875,0.0765554296875,0.32015875,3276800000.0,3276800000.0,409600000.0,163840000.0,163840000.0,20480000.0,0.0,0.0,250856832.0,12542841.6,250856832.0,250856832.0,12542841.6,0.0,0.0,250856832.0,12542841.6
small,fp,fp,upsample_3.conv,conv_transpose2d,spike,policy:upsample_event_convs,20,"{""spike"": 20}","[[8, 1, 32, 200, 200]]","[[8, 1, 32, 400, 400]]",[8],8,204800000,25600000.0,24391771.0,195134168.0,113728208,0.0,10.0,20,0.9528035546875,0.1191004443359375,0.1191004443359375,0.555313515625,58982400000.0,58982400000.0,7372800000.0,2949120000.0,2949120000.0,368640000.0,0.0,0.0,7024830048.0,351241502.4,7024830048.0,7024830048.0,351241502.4,0.0,0.0,7024830048.0,351241502.4
small,fp,fp,PA3.conv,conv2d,dense,policy:optional_pixel_attention,0,{},[],[],[],8,0,0.0,0.0,0.0,0,,,0,,,,,0.0,0.0,0.0,0.0,0.0,0.0,0.0,0.0,0.0,0.0,0.0,0.0,0.0,0.0,0.0,0.0,0.0
small,fp,fp,LC1.dconv3x1,conv2d,spike,policy:long_connection_event_entry,20,"{""spike"": 20}","[[8, 1, 64, 200, 200]]","[[8, 1, 32, 200, 200]]",[8],8,409600000,51200000.0,20128328.0,161026624.0,131163696,0.0,8.0,20,0.39313140625,0.04914142578125,0.04914142578125,0.3202238671875,39321600000.0,39321600000.0,4915200000.0,1966080000.0,1966080000.0,245760000.0,0.0,0.0,1932319488.0,96615974.4,1932319488.0,1932319488.0,96615974.4,0.0,0.0,1932319488.0,96615974.4
small,fp,fp,LC1.dconv1x3,conv2d,dense,policy:long_connection_continuous_second_conv,20,"{""dense"": 20}","[[8, 1, 32, 200, 200]]","[[8, 1, 32, 200, 200]]",[8],8,204800000,25600000.0,5508871.5625,44070972.5,204800000,-3.261225461959839,4.081167697906494,0,,,,1.0,19660800000.0,19660800000.0,2457600000.0,983040000.0,983040000.0,122880000.0,19660800000.0,983040000.0,0.0,0.0,0.0,19660800000.0,983040000.0,0.0,0.0,19660800000.0,983040000.0
small,fp,fp,LC2.dconv3x1,conv2d,spike,policy:long_connection_event_entry,20,"{""spike"": 20}","[[8, 1, 64, 100, 100]]","[[8, 1, 32, 100, 100]]",[8],8,102400000,12800000.0,3040918.0,24327344.0,20015448,0.0,8.0,20,0.23757171875,0.02969646484375,0.02969646484375,0.195463359375,9830400000.0,9830400000.0,1228800000.0,491520000.0,491520000.0,61440000.0,0.0,0.0,291928128.0,14596406.4,291928128.0,291928128.0,14596406.4,0.0,0.0,291928128.0,14596406.4
small,fp,fp,LC2.dconv1x3,conv2d,dense,policy:long_connection_continuous_second_conv,20,"{""dense"": 20}","[[8, 1, 32, 100, 100]]","[[8, 1, 32, 100, 100]]",[8],8,51200000,6400000.0,793179.79296875,6345438.34375,51200000,-4.423649787902832,3.2132163047790527,0,,,,1.0,4915200000.0,4915200000.0,614400000.0,245760000.0,245760000.0,30720000.0,4915200000.0,245760000.0,0.0,0.0,0.0,4915200000.0,245760000.0,0.0,0.0,4915200000.0,245760000.0
small,fp,fp,LC3.dconv3x1,conv2d,spike,policy:long_connection_event_entry,20,"{""spike"": 20}","[[1, 1, 32, 50, 50]]","[[1, 1, 16, 50, 50]]",[1],8,1600000,1600000.0,532239.0,532239.0,416023,0.0,8.0,20,0.332649375,0.041581171875,0.332649375,0.260014375,76800000.0,76800000.0,76800000.0,3840000.0,3840000.0,3840000.0,0.0,0.0,25547472.0,1277373.6,25547472.0,25547472.0,1277373.6,0.0,0.0,25547472.0,1277373.6
small,fp,fp,LC3.dconv1x3,conv2d,dense,policy:long_connection_continuous_second_conv,20,"{""dense"": 20}","[[1, 1, 16, 50, 50]]","[[1, 1, 32, 50, 50]]",[1],8,800000,800000.0,127632.99462890625,127632.99462890625,800000,-3.1098084449768066,2.124267816543579,0,,,,1.0,76800000.0,76800000.0,76800000.0,3840000.0,3840000.0,3840000.0,76800000.0,3840000.0,0.0,0.0,0.0,76800000.0,3840000.0,0.0,0.0,76800000.0,3840000.0
small,fp,fp,final_conv,conv2d,spike,policy:final_event_conv,20,"{""spike"": 20}","[[8, 1, 32, 400, 400]]","[[8, 1, 32, 400, 400]]",[8],8,819200000,102400000.0,47280112.0,378240896.0,259697112,0.0,8.0,20,0.46171984375,0.05771498046875,0.05771498046875,0.317013076171875,235929600000.0,235929600000.0,29491200000.0,11796480000.0,11796480000.0,1474560000.0,0.0,0.0,13616672256.0,680833612.8,13616672256.0,13616672256.0,680833612.8,0.0,0.0,13616672256.0,680833612.8
small,fp,fp,classifier.0.conv,conv2d,dense,policy:dense_classifier,20,"{""dense"": 20}","[[8, 1, 32, 400, 400]]","[[8, 1, 6, 400, 400]]",[8],8,819200000,102400000.0,46472635.25,371781082.0,819200000,-13.466628074645996,15.638416290283203,0,,,,1.0,4915200000.0,4915200000.0,614400000.0,245760000.0,245760000.0,30720000.0,4915200000.0,245760000.0,0.0,0.0,0.0,4915200000.0,245760000.0,0.0,0.0,4915200000.0,245760000.0
small,fp,fp,transformer1.atten.matmul,attention_matmul,dense,special:EffAttention,20,"{""dense"": 20}","[[1, 2500, 288]]","[[1, 2500, 288]]",[1],8,14400000,14400000.0,1962583.3203125,1962583.3203125,14400000,-0.9489485025405884,8.043004035949707,0,,,,1.0,9000000000.0,9000000000.0,9000000000.0,450000000.0,450000000.0,450000000.0,9000000000.0,450000000.0,0.0,0.0,0.0,9000000000.0,450000000.0,0.0,0.0,9000000000.0,450000000.0
small,qat,int4,init_conv.0.conv,conv2d,dense,policy:raw_image_first_conv,20,"{""dense"": 20}","[[8, 1, 3, 400, 400]]","[[8, 1, 32, 400, 400]]",[8],8,76800000,9600000.0,7411175.6328125,59289405.0625,76800000,-2.1179039478302,2.640000104904175,0,,,,1.0,22118400000.0,22118400000.0,2764800000.0,1105920000.0,1105920000.0,138240000.0,22118400000.0,1105920000.0,0.0,0.0,0.0,22118400000.0,1105920000.0,0.0,0.0,22118400000.0,1105920000.0
small,qat,int4,init_conv.1.conv,conv2d,spike,policy:later_init_convs,20,"{""spike"": 20}","[[8, 1, 32, 400, 400]]","[[8, 1, 32, 400, 400]]",[8],8,819200000,102400000.0,38409380.0,307275040.0,217634264,0.0,8.0,20,0.3750916015625,0.0468864501953125,0.0468864501953125,0.265666826171875,235929600000.0,235929600000.0,29491200000.0,11796480000.0,11796480000.0,1474560000.0,0.0,0.0,11061901440.0,553095072.0,11061901440.0,11061901440.0,553095072.0,0.0,0.0,11061901440.0,553095072.0
small,qat,int4,downsample_1.conv3x3.conv,conv2d,dense,policy:small_middle_downsample_continuous_conv,20,"{""dense"": 20}","[[8, 1, 32, 400, 400]]","[[8, 1, 32, 200, 200]]",[8],8,819200000,102400000.0,32768885.125,262151081.0,819200000,-12.50981330871582,11.230420112609863,0,,,,1.0,58982400000.0,58982400000.0,7372800000.0,2949120000.0,2949120000.0,368640000.0,58982400000.0,2949120000.0,0.0,0.0,0.0,58982400000.0,2949120000.0,0.0,0.0,58982400000.0,2949120000.0
small,qat,int4,downsample_1.conv,conv2d,spike,policy:small_middle_downsample_event_conv,20,"{""spike"": 20}","[[8, 1, 32, 400, 400]]","[[8, 1, 32, 400, 400]]",[8],8,819200000,102400000.0,56565132.0,452521056.0,370139320,0.0,8.0,20,0.5523938671875,0.0690492333984375,0.0690492333984375,0.451830224609375,235929600000.0,235929600000.0,29491200000.0,11796480000.0,11796480000.0,1474560000.0,0.0,0.0,16290758016.0,814537900.8,16290758016.0,16290758016.0,814537900.8,0.0,0.0,16290758016.0,814537900.8
small,qat,int4,DAB_Block_1.DAB_Module_1_0.conv1x1_in.conv,conv2d,spike,policy:encoder_and_late_decoder_dab_convs,20,"{""spike"": 20}","[[8, 1, 64, 200, 200]]","[[8, 1, 32, 200, 200]]",[8],8,409600000,51200000.0,13984756.0,111878048.0,72767840,0.0,8.0,20,0.273139765625,0.034142470703125,0.034142470703125,0.177655859375,13107200000.0,13107200000.0,1638400000.0,655360000.0,655360000.0,81920000.0,0.0,0.0,447512192.0,22375609.6,447512192.0,447512192.0,22375609.6,0.0,0.0,447512192.0,22375609.6
small,qat,int4,DAB_Block_1.DAB_Module_1_0.conv3x1.conv,conv2d,spike,policy:encoder_and_late_decoder_dab_convs,20,"{""spike"": 20}","[[8, 1, 32, 200, 200]]","[[8, 1, 32, 200, 200]]",[8],8,204800000,25600000.0,4186779.0,33494232.0,32471144,0.0,6.0,20,0.1635460546875,0.0204432568359375,0.0204432568359375,0.1585505078125,19660800000.0,19660800000.0,2457600000.0,983040000.0,983040000.0,122880000.0,0.0,0.0,401930784.0,20096539.2,401930784.0,401930784.0,20096539.2,0.0,0.0,401930784.0,20096539.2
small,qat,int4,DAB_Block_1.DAB_Module_1_0.conv1x3.conv,conv2d,spike,policy:encoder_and_late_decoder_dab_convs,20,"{""spike"": 20}","[[8, 1, 32, 200, 200]]","[[8, 1, 32, 200, 200]]",[8],8,204800000,25600000.0,3634439.0,29075512.0,27761992,0.0,6.0,20,0.1419702734375,0.0177462841796875,0.0177462841796875,0.1355566015625,19660800000.0,19660800000.0,2457600000.0,983040000.0,983040000.0,122880000.0,0.0,0.0,348906144.0,17445307.2,348906144.0,348906144.0,17445307.2,0.0,0.0,348906144.0,17445307.2
small,qat,int4,DAB_Block_1.DAB_Module_1_0.dconv3x1.conv,conv2d,spike,policy:encoder_and_late_decoder_dab_convs,20,"{""spike"": 20}","[[8, 1, 32, 200, 200]]","[[8, 1, 32, 200, 200]]",[8],8,204800000,25600000.0,4558185.0,36465480.0,33204216,0.0,8.0,20,0.1780541015625,0.0222567626953125,0.0222567626953125,0.1621299609375,614400000.0,614400000.0,76800000.0,30720000.0,30720000.0,3840000.0,0.0,0.0,13674555.0,683727.75,13674555.0,13674555.0,683727.75,0.0,0.0,13674555.0,683727.75
small,qat,int4,DAB_Block_1.DAB_Module_1_0.dconv1x3.conv,conv2d,spike,policy:encoder_and_late_decoder_dab_convs,20,"{""spike"": 20}","[[8, 1, 32, 200, 200]]","[[8, 1, 32, 200, 200]]",[8],8,204800000,25600000.0,608173.0,4865384.0,3888616,0.0,6.0,20,0.0237567578125,0.0029695947265625,0.0029695947265625,0.0189873828125,614400000.0,614400000.0,76800000.0,30720000.0,30720000.0,3840000.0,0.0,0.0,1824519.0,91225.95,1824519.0,1824519.0,91225.95,0.0,0.0,1824519.0,91225.95
small,qat,fp,DAB_Block_1.DAB_Module_1_0.ca11.conv,conv1d,dense,policy:eca_conv1d,20,"{""dense"": 20}","[[8, 1, 1, 32]]","[[8, 1, 1, 32]]",[8],8,5120,640.0,39.655573546886444,317.24458837509155,960,0.0,1.3348499536514282,0,,,,0.1875,15360.0,15360.0,1920.0,768.0,768.0,96.0,15360.0,768.0,0.0,0.0,0.0,15360.0,768.0,0.0,0.0,15360.0,768.0
small,qat,int4,DAB_Block_1.DAB_Module_1_0.ddconv3x1.conv,conv2d,spike,policy:encoder_and_late_decoder_dab_convs,20,"{""spike"": 20}","[[8, 1, 32, 200, 200]]","[[8, 1, 32, 200, 200]]",[8],8,204800000,25600000.0,4558185.0,36465480.0,33204216,0.0,8.0,20,0.1780541015625,0.0222567626953125,0.0222567626953125,0.1621299609375,614400000.0,614400000.0,76800000.0,30720000.0,30720000.0,3840000.0,0.0,0.0,13674555.0,683727.75,13674555.0,13674555.0,683727.75,0.0,0.0,13674555.0,683727.75
small,qat,int4,DAB_Block_1.DAB_Module_1_0.ddconv1x3.conv,conv2d,spike,policy:encoder_and_late_decoder_dab_convs,20,"{""spike"": 20}","[[8, 1, 32, 200, 200]]","[[8, 1, 32, 200, 200]]",[8],8,204800000,25600000.0,740485.0,5923880.0,4834104,0.0,5.0,20,0.0289251953125,0.0036156494140625,0.0036156494140625,0.0236040234375,614400000.0,614400000.0,76800000.0,30720000.0,30720000.0,3840000.0,0.0,0.0,2221455.0,111072.75,2221455.0,2221455.0,111072.75,0.0,0.0,2221455.0,111072.75
small,qat,fp,DAB_Block_1.DAB_Module_1_0.ca22.conv,conv1d,dense,policy:eca_conv1d,20,"{""dense"": 20}","[[8, 1, 1, 32]]","[[8, 1, 1, 32]]",[8],8,5120,640.0,54.60467255115509,436.8373804092407,800,0.0,2.403674840927124,0,,,,0.15625,15360.0,15360.0,1920.0,768.0,768.0,96.0,15360.0,768.0,0.0,0.0,0.0,15360.0,768.0,0.0,0.0,15360.0,768.0
small,qat,int4,DAB_Block_1.DAB_Module_1_0.conv1x1.conv,conv2d,spike,policy:encoder_and_late_decoder_dab_convs,20,"{""spike"": 20}","[[8, 1, 32, 200, 200]]","[[8, 1, 64, 200, 200]]",[8],8,204800000,25600000.0,6142483.0,49139864.0,37650952,0.0,13.0,20,0.2399407421875,0.0299925927734375,0.0299925927734375,0.1838425390625,13107200000.0,13107200000.0,1638400000.0,655360000.0,655360000.0,81920000.0,0.0,0.0,393118912.0,19655945.6,393118912.0,393118912.0,19655945.6,0.0,0.0,393118912.0,19655945.6
small,qat,int4,downsample_2.conv3x3.conv,conv2d,dense,policy:small_middle_downsample_continuous_conv,20,"{""dense"": 20}","[[8, 1, 64, 200, 200]]","[[8, 1, 64, 100, 100]]",[8],8,409600000,51200000.0,16395482.0625,131163856.5,409600000,-16.01791763305664,13.449825286865234,0,,,,1.0,58982400000.0,58982400000.0,7372800000.0,2949120000.0,2949120000.0,368640000.0,58982400000.0,2949120000.0,0.0,0.0,0.0,58982400000.0,2949120000.0,0.0,0.0,58982400000.0,2949120000.0
small,qat,int4,downsample_2.conv,conv2d,spike,policy:small_middle_downsample_event_conv,20,"{""spike"": 20}","[[8, 1, 64, 200, 200]]","[[8, 1, 64, 200, 200]]",[8],8,409600000,51200000.0,15019585.0,120156680.0,101538504,0.0,7.0,20,0.29335126953125,0.03666890869140625,0.03666890869140625,0.24789673828125,235929600000.0,235929600000.0,29491200000.0,11796480000.0,11796480000.0,1474560000.0,0.0,0.0,8651280960.0,432564048.0,8651280960.0,8651280960.0,432564048.0,0.0,0.0,8651280960.0,432564048.0
small,qat,int4,DAB_Block_2.DAB_Module_2_0.conv1x1_in.conv,conv2d,spike,policy:encoder_and_late_decoder_dab_convs,20,"{""spike"": 20}","[[8, 1, 64, 100, 100]]","[[8, 1, 32, 100, 100]]",[8],8,102400000,12800000.0,2139570.0,17116560.0,12327072,0.0,8.0,20,0.16715390625,0.02089423828125,0.02089423828125,0.1203815625,3276800000.0,3276800000.0,409600000.0,163840000.0,163840000.0,20480000.0,0.0,0.0,68466240.0,3423312.0,68466240.0,68466240.0,3423312.0,0.0,0.0,68466240.0,3423312.0
small,qat,int4,DAB_Block_2.DAB_Module_2_0.conv3x1.conv,conv2d,spike,policy:encoder_and_late_decoder_dab_convs,20,"{""spike"": 20}","[[8, 1, 32, 100, 100]]","[[8, 1, 32, 100, 100]]",[8],8,51200000,6400000.0,1829475.0,14635800.0,13199632,0.0,5.0,20,0.28585546875,0.03573193359375,0.03573193359375,0.2578053125,4915200000.0,4915200000.0,614400000.0,245760000.0,245760000.0,30720000.0,0.0,0.0,175629600.0,8781480.0,175629600.0,175629600.0,8781480.0,0.0,0.0,175629600.0,8781480.0
small,qat,int4,DAB_Block_2.DAB_Module_2_0.conv1x3.conv,conv2d,spike,policy:encoder_and_late_decoder_dab_convs,20,"{""spike"": 20}","[[8, 1, 32, 100, 100]]","[[8, 1, 32, 100, 100]]",[8],8,51200000,6400000.0,1470182.0,11761456.0,10631832,0.0,6.0,20,0.2297159375,0.0287144921875,0.0287144921875,0.20765296875,4915200000.0,4915200000.0,614400000.0,245760000.0,245760000.0,30720000.0,0.0,0.0,141137472.0,7056873.6,141137472.0,141137472.0,7056873.6,0.0,0.0,141137472.0,7056873.6
small,qat,int4,DAB_Block_2.DAB_Module_2_0.dconv3x1.conv,conv2d,spike,policy:encoder_and_late_decoder_dab_convs,20,"{""spike"": 20}","[[8, 1, 32, 100, 100]]","[[8, 1, 32, 100, 100]]",[8],8,51200000,6400000.0,1075581.0,8604648.0,7466776,0.0,6.0,20,0.16805953125,0.02100744140625,0.02100744140625,0.14583546875,153600000.0,153600000.0,19200000.0,7680000.0,7680000.0,960000.0,0.0,0.0,3226743.0,161337.15,3226743.0,3226743.0,161337.15,0.0,0.0,3226743.0,161337.15
small,qat,int4,DAB_Block_2.DAB_Module_2_0.dconv1x3.conv,conv2d,spike,policy:encoder_and_late_decoder_dab_convs,20,"{""spike"": 20}","[[8, 1, 32, 100, 100]]","[[8, 1, 32, 100, 100]]",[8],8,51200000,6400000.0,68032.0,544256.0,501208,0.0,5.0,20,0.01063,0.00132875,0.00132875,0.00978921875,153600000.0,153600000.0,19200000.0,7680000.0,7680000.0,960000.0,0.0,0.0,204096.0,10204.8,204096.0,204096.0,10204.8,0.0,0.0,204096.0,10204.8
small,qat,fp,DAB_Block_2.DAB_Module_2_0.ca11.conv,conv1d,dense,policy:eca_conv1d,20,"{""dense"": 20}","[[8, 1, 1, 32]]","[[8, 1, 1, 32]]",[8],8,5120,640.0,10.955999657511711,87.64799726009369,480,0.0,0.8134999871253967,0,,,,0.09375,15360.0,15360.0,1920.0,768.0,768.0,96.0,15360.0,768.0,0.0,0.0,0.0,15360.0,768.0,0.0,0.0,15360.0,768.0
small,qat,int4,DAB_Block_2.DAB_Module_2_0.ddconv3x1.conv,conv2d,spike,policy:encoder_and_late_decoder_dab_convs,20,"{""spike"": 20}","[[8, 1, 32, 100, 100]]","[[8, 1, 32, 100, 100]]",[8],8,51200000,6400000.0,1075581.0,8604648.0,7466776,0.0,6.0,20,0.16805953125,0.02100744140625,0.02100744140625,0.14583546875,153600000.0,153600000.0,19200000.0,7680000.0,7680000.0,960000.0,0.0,0.0,3226743.0,161337.15,3226743.0,3226743.0,161337.15,0.0,0.0,3226743.0,161337.15
small,qat,int4,DAB_Block_2.DAB_Module_2_0.ddconv1x3.conv,conv2d,spike,policy:encoder_and_late_decoder_dab_convs,20,"{""spike"": 20}","[[8, 1, 32, 100, 100]]","[[8, 1, 32, 100, 100]]",[8],8,51200000,6400000.0,333784.0,2670272.0,2088160,0.0,8.0,20,0.05215375,0.00651921875,0.00651921875,0.040784375,153600000.0,153600000.0,19200000.0,7680000.0,7680000.0,960000.0,0.0,0.0,1001352.0,50067.6,1001352.0,1001352.0,50067.6,0.0,0.0,1001352.0,50067.6
small,qat,fp,DAB_Block_2.DAB_Module_2_0.ca22.conv,conv1d,dense,policy:eca_conv1d,20,"{""dense"": 20}","[[8, 1, 1, 32]]","[[8, 1, 1, 32]]",[8],8,5120,640.0,81.84239768981934,654.7391815185547,1440,0.0,1.3143999576568604,0,,,,0.28125,15360.0,15360.0,1920.0,768.0,768.0,96.0,15360.0,768.0,0.0,0.0,0.0,15360.0,768.0,0.0,0.0,15360.0,768.0
small,qat,int4,DAB_Block_2.DAB_Module_2_0.conv1x1.conv,conv2d,spike,policy:encoder_and_late_decoder_dab_convs,20,"{""spike"": 20}","[[8, 1, 32, 100, 100]]","[[8, 1, 64, 100, 100]]",[8],8,51200000,6400000.0,1789475.0,14315800.0,9915696,0.0,11.0,20,0.27960546875,0.03495068359375,0.03495068359375,0.1936659375,3276800000.0,3276800000.0,409600000.0,163840000.0,163840000.0,20480000.0,0.0,0.0,114526400.0,5726320.0,114526400.0,114526400.0,5726320.0,0.0,0.0,114526400.0,5726320.0
small,qat,int4,downsample_3.conv3x3.conv,conv2d,dense,policy:small_middle_downsample_continuous_conv,20,"{""dense"": 20}","[[8, 1, 64, 100, 100]]","[[8, 1, 32, 50, 50]]",[8],8,102400000,12800000.0,2672392.8984375,21379143.1875,102400000,-15.3208589553833,11.263082504272461,0,,,,1.0,7372800000.0,7372800000.0,921600000.0,368640000.0,368640000.0,46080000.0,7372800000.0,368640000.0,0.0,0.0,0.0,7372800000.0,368640000.0,0.0,0.0,7372800000.0,368640000.0
small,qat,int4,downsample_3.conv,conv2d,spike,policy:small_middle_downsample_event_conv,20,"{""spike"": 20}","[[8, 1, 64, 100, 100]]","[[8, 1, 64, 100, 100]]",[8],8,102400000,12800000.0,2228057.0,17824456.0,15232392,0.0,8.0,20,0.174066953125,0.021758369140625,0.021758369140625,0.148753828125,58982400000.0,58982400000.0,7372800000.0,2949120000.0,2949120000.0,368640000.0,0.0,0.0,1283360832.0,64168041.6,1283360832.0,1283360832.0,64168041.6,0.0,0.0,1283360832.0,64168041.6
small,qat,int4,DAB_Block_3.DAB_Module_3_0.conv1x1_in.conv,conv2d,spike,policy:encoder_and_late_decoder_dab_convs,20,"{""spike"": 20}","[[8, 1, 32, 50, 50]]","[[8, 1, 16, 50, 50]]",[8],8,12800000,1600000.0,558413.0,4467304.0,2604208,0.0,8.0,20,0.349008125,0.043626015625,0.043626015625,0.20345375,204800000.0,204800000.0,25600000.0,10240000.0,10240000.0,1280000.0,0.0,0.0,8934608.0,446730.4,8934608.0,8934608.0,446730.4,0.0,0.0,8934608.0,446730.4
small,qat,int4,DAB_Block_3.DAB_Module_3_0.conv3x1.conv,conv2d,spike,policy:encoder_and_late_decoder_dab_convs,20,"{""spike"": 20}","[[8, 1, 16, 50, 50]]","[[8, 1, 16, 50, 50]]",[8],8,6400000,800000.0,348288.0,2786304.0,2310136,0.0,7.0,20,0.43536,0.05442,0.05442,0.36095875,307200000.0,307200000.0,38400000.0,15360000.0,15360000.0,1920000.0,0.0,0.0,16717824.0,835891.2,16717824.0,16717824.0,835891.2,0.0,0.0,16717824.0,835891.2
small,qat,int4,DAB_Block_3.DAB_Module_3_0.conv1x3.conv,conv2d,spike,policy:encoder_and_late_decoder_dab_convs,20,"{""spike"": 20}","[[8, 1, 16, 50, 50]]","[[8, 1, 16, 50, 50]]",[8],8,6400000,800000.0,238996.0,1911968.0,1607784,0.0,6.0,20,0.298745,0.037343125,0.037343125,0.25121625,307200000.0,307200000.0,38400000.0,15360000.0,15360000.0,1920000.0,0.0,0.0,11471808.0,573590.4,11471808.0,11471808.0,573590.4,0.0,0.0,11471808.0,573590.4
small,qat,int4,DAB_Block_3.DAB_Module_3_0.dconv3x1.conv,conv2d,spike,policy:encoder_and_late_decoder_dab_convs,20,"{""spike"": 20}","[[8, 1, 16, 50, 50]]","[[8, 1, 16, 50, 50]]",[8],8,6400000,800000.0,288680.0,2309440.0,1642552,0.0,8.0,20,0.36085,0.04510625,0.04510625,0.25664875,19200000.0,19200000.0,2400000.0,960000.0,960000.0,120000.0,0.0,0.0,866040.0,43302.0,866040.0,866040.0,43302.0,0.0,0.0,866040.0,43302.0
small,qat,int4,DAB_Block_3.DAB_Module_3_0.dconv1x3.conv,conv2d,spike,policy:encoder_and_late_decoder_dab_convs,20,"{""spike"": 20}","[[8, 1, 16, 50, 50]]","[[8, 1, 16, 50, 50]]",[8],8,6400000,800000.0,11603.0,92824.0,62808,0.0,5.0,20,0.01450375,0.00181296875,0.00181296875,0.00981375,19200000.0,19200000.0,2400000.0,960000.0,960000.0,120000.0,0.0,0.0,34809.0,1740.45,34809.0,34809.0,1740.45,0.0,0.0,34809.0,1740.45
small,qat,fp,DAB_Block_3.DAB_Module_3_0.ca11.conv,conv1d,dense,policy:eca_conv1d,20,"{""dense"": 20}","[[8, 1, 1, 16]]","[[8, 1, 1, 16]]",[8],8,2560,320.0,10.91599976271391,87.32799810171127,160,0.0,1.764799952507019,0,,,,0.0625,7680.0,7680.0,960.0,384.0,384.0,48.0,7680.0,384.0,0.0,0.0,0.0,7680.0,384.0,0.0,0.0,7680.0,384.0
small,qat,int4,DAB_Block_3.DAB_Module_3_0.ddconv3x1.conv,conv2d,spike,policy:encoder_and_late_decoder_dab_convs,20,"{""spike"": 20}","[[8, 1, 16, 50, 50]]","[[8, 1, 16, 50, 50]]",[8],8,6400000,800000.0,288680.0,2309440.0,1642552,0.0,8.0,20,0.36085,0.04510625,0.04510625,0.25664875,19200000.0,19200000.0,2400000.0,960000.0,960000.0,120000.0,0.0,0.0,866040.0,43302.0,866040.0,866040.0,43302.0,0.0,0.0,866040.0,43302.0
small,qat,int4,DAB_Block_3.DAB_Module_3_0.ddconv1x3.conv,conv2d,spike,policy:encoder_and_late_decoder_dab_convs,20,"{""spike"": 20}","[[8, 1, 16, 50, 50]]","[[8, 1, 16, 50, 50]]",[8],8,6400000,800000.0,38138.0,305104.0,209504,0.0,6.0,20,0.0476725,0.0059590625,0.0059590625,0.032735,19200000.0,19200000.0,2400000.0,960000.0,960000.0,120000.0,0.0,0.0,114414.0,5720.7,114414.0,114414.0,5720.7,0.0,0.0,114414.0,5720.7
small,qat,fp,DAB_Block_3.DAB_Module_3_0.ca22.conv,conv1d,dense,policy:eca_conv1d,20,"{""dense"": 20}","[[8, 1, 1, 16]]","[[8, 1, 1, 16]]",[8],8,2560,320.0,38.97159916162491,311.77279329299927,640,0.0,1.5703999996185303,0,,,,0.25,7680.0,7680.0,960.0,384.0,384.0,48.0,7680.0,384.0,0.0,0.0,0.0,7680.0,384.0,0.0,0.0,7680.0,384.0
small,qat,int4,DAB_Block_3.DAB_Module_3_0.conv1x1.conv,conv2d,spike,policy:encoder_and_late_decoder_dab_convs,20,"{""spike"": 20}","[[8, 1, 16, 50, 50]]","[[8, 1, 32, 50, 50]]",[8],8,6400000,800000.0,379230.0,3033840.0,1847216,0.0,11.0,20,0.4740375,0.0592546875,0.0592546875,0.2886275,204800000.0,204800000.0,25600000.0,10240000.0,10240000.0,1280000.0,0.0,0.0,12135360.0,606768.0,12135360.0,12135360.0,606768.0,0.0,0.0,12135360.0,606768.0
small,qat,int4,transformer1.atten.reduce,linear,dense,policy:transformer_linears,20,"{""dense"": 20}","[[1, 2500, 288]]","[[1, 2500, 144]]",[1],8,14400000,14400000.0,2259657.84375,2259657.84375,14399921,-3.985614776611328,7.736293792724609,0,,,,0.9999945138888889,2073600000.0,2073600000.0,2073600000.0,103680000.0,103680000.0,103680000.0,2073600000.0,103680000.0,0.0,0.0,0.0,2073600000.0,103680000.0,0.0,0.0,2073600000.0,103680000.0
small,qat,int4,transformer1.atten.qkv,linear,dense,policy:transformer_linears,20,"{""dense"": 20}","[[1, 2500, 144]]","[[1, 2500, 432]]",[1],8,7200000,7200000.0,2197737.8671875,2197737.8671875,2849979,-10.434539794921875,10.037691116333008,0,,,,0.3958304166666667,3110400000.0,3110400000.0,3110400000.0,155520000.0,155520000.0,155520000.0,3110400000.0,155520000.0,0.0,0.0,0.0,3110400000.0,155520000.0,0.0,0.0,3110400000.0,155520000.0
small,qat,int4,transformer1.atten.proj,linear,dense,policy:transformer_linears,20,"{""dense"": 20}","[[1, 2500, 144]]","[[1, 2500, 288]]",[1],8,7200000,7200000.0,2415807.359375,2415807.359375,1750000,-16.206151962280273,14.805750846862793,0,,,,0.24305555555555555,2073600000.0,2073600000.0,2073600000.0,103680000.0,103680000.0,103680000.0,2073600000.0,103680000.0,0.0,0.0,0.0,2073600000.0,103680000.0,0.0,0.0,2073600000.0,103680000.0
small,qat,int4,transformer1.mlp.fc1,linear,dense,policy:transformer_linears,20,"{""dense"": 20}","[[1, 2500, 288]]","[[1, 2500, 72]]",[1],8,14400000,14400000.0,4.275009027334279e-34,4.275009027334279e-34,14399929,-2.856743101311145e-40,3.2240794807492526e-40,20,,,,0.9999950694444445,1036800000.0,1036800000.0,1036800000.0,51840000.0,51840000.0,51840000.0,1036800000.0,51840000.0,0.0,0.0,0.0,1036800000.0,51840000.0,0.0,0.0,1036800000.0,51840000.0
small,qat,int4,transformer1.mlp.fc2,linear,dense,policy:transformer_linears,20,"{""dense"": 20}","[[1, 2500, 72]]","[[1, 2500, 288]]",[1],8,3600000,3600000.0,1.136105532548274e-34,1.136105532548274e-34,2200000,0.0,6.305843089461677e-41,20,,,,0.6111111111111112,1036800000.0,1036800000.0,1036800000.0,51840000.0,51840000.0,51840000.0,1036800000.0,51840000.0,0.0,0.0,0.0,1036800000.0,51840000.0,0.0,0.0,1036800000.0,51840000.0
small,qat,int4,DAB_Block_4.DAB_Module_4_0.conv1x1_in.conv,conv2d,dense,policy:transformer_decoder_entry,20,"{""dense"": 20}","[[8, 1, 32, 50, 50]]","[[8, 1, 16, 50, 50]]",[8],8,12800000,1600000.0,6329118.890625,50632951.125,12800000,-53.6560173034668,60.3185920715332,0,,,,1.0,204800000.0,204800000.0,25600000.0,10240000.0,10240000.0,1280000.0,204800000.0,10240000.0,0.0,0.0,0.0,204800000.0,10240000.0,0.0,0.0,204800000.0,10240000.0
small,qat,int4,DAB_Block_4.DAB_Module_4_0.conv3x1.conv,conv2d,spike,policy:transformer_decoder_internal_event_convs,20,"{""spike"": 20}","[[8, 1, 16, 50, 50]]","[[8, 1, 16, 50, 50]]",[8],8,6400000,800000.0,0.0,0.0,0,0.0,0.0,20,0.0,0.0,0.0,0.0,307200000.0,307200000.0,38400000.0,15360000.0,15360000.0,1920000.0,0.0,0.0,0.0,0.0,0.0,0.0,0.0,0.0,0.0,0.0,0.0
small,qat,int4,DAB_Block_4.DAB_Module_4_0.conv1x3.conv,conv2d,spike,policy:transformer_decoder_internal_event_convs,20,"{""spike"": 20}","[[8, 1, 16, 50, 50]]","[[8, 1, 16, 50, 50]]",[8],8,6400000,800000.0,0.0,0.0,0,0.0,0.0,20,0.0,0.0,0.0,0.0,307200000.0,307200000.0,38400000.0,15360000.0,15360000.0,1920000.0,0.0,0.0,0.0,0.0,0.0,0.0,0.0,0.0,0.0,0.0,0.0
small,qat,int4,DAB_Block_4.DAB_Module_4_0.dconv3x1.conv,conv2d,spike,policy:transformer_decoder_internal_event_convs,20,"{""spike"": 20}","[[8, 1, 16, 50, 50]]","[[8, 1, 16, 50, 50]]",[8],8,6400000,800000.0,0.0,0.0,0,0.0,0.0,20,0.0,0.0,0.0,0.0,19200000.0,19200000.0,2400000.0,960000.0,960000.0,120000.0,0.0,0.0,0.0,0.0,0.0,0.0,0.0,0.0,0.0,0.0,0.0
small,qat,int4,DAB_Block_4.DAB_Module_4_0.dconv1x3.conv,conv2d,spike,policy:transformer_decoder_internal_event_convs,20,"{""spike"": 20}","[[8, 1, 16, 50, 50]]","[[8, 1, 16, 50, 50]]",[8],8,6400000,800000.0,0.0,0.0,0,0.0,0.0,20,0.0,0.0,0.0,0.0,19200000.0,19200000.0,2400000.0,960000.0,960000.0,120000.0,0.0,0.0,0.0,0.0,0.0,0.0,0.0,0.0,0.0,0.0,0.0
small,qat,fp,DAB_Block_4.DAB_Module_4_0.ca11.conv,conv1d,dense,policy:eca_conv1d,20,"{""dense"": 20}","[[8, 1, 1, 16]]","[[8, 1, 1, 16]]",[8],8,2560,320.0,0.0,0.0,0,0.0,0.0,20,,,,0.0,7680.0,7680.0,960.0,384.0,384.0,48.0,7680.0,384.0,0.0,0.0,0.0,7680.0,384.0,0.0,0.0,7680.0,384.0
small,qat,int4,DAB_Block_4.DAB_Module_4_0.ddconv3x1.conv,conv2d,spike,policy:transformer_decoder_internal_event_convs,20,"{""spike"": 20}","[[8, 1, 16, 50, 50]]","[[8, 1, 16, 50, 50]]",[8],8,6400000,800000.0,0.0,0.0,0,0.0,0.0,20,0.0,0.0,0.0,0.0,19200000.0,19200000.0,2400000.0,960000.0,960000.0,120000.0,0.0,0.0,0.0,0.0,0.0,0.0,0.0,0.0,0.0,0.0,0.0
small,qat,int4,DAB_Block_4.DAB_Module_4_0.ddconv1x3.conv,conv2d,spike,policy:transformer_decoder_internal_event_convs,20,"{""spike"": 20}","[[8, 1, 16, 50, 50]]","[[8, 1, 16, 50, 50]]",[8],8,6400000,800000.0,0.0,0.0,0,0.0,0.0,20,0.0,0.0,0.0,0.0,19200000.0,19200000.0,2400000.0,960000.0,960000.0,120000.0,0.0,0.0,0.0,0.0,0.0,0.0,0.0,0.0,0.0,0.0,0.0
small,qat,fp,DAB_Block_4.DAB_Module_4_0.ca22.conv,conv1d,dense,policy:eca_conv1d,20,"{""dense"": 20}","[[8, 1, 1, 16]]","[[8, 1, 1, 16]]",[8],8,2560,320.0,0.0,0.0,0,0.0,0.0,20,,,,0.0,7680.0,7680.0,960.0,384.0,384.0,48.0,7680.0,384.0,0.0,0.0,0.0,7680.0,384.0,0.0,0.0,7680.0,384.0
small,qat,int4,DAB_Block_4.DAB_Module_4_0.conv1x1.conv,conv2d,spike,policy:transformer_decoder_internal_event_convs,20,"{""spike"": 20}","[[8, 1, 16, 50, 50]]","[[8, 1, 32, 50, 50]]",[8],8,6400000,800000.0,0.0,0.0,0,0.0,0.0,20,0.0,0.0,0.0,0.0,204800000.0,204800000.0,25600000.0,10240000.0,10240000.0,1280000.0,0.0,0.0,0.0,0.0,0.0,0.0,0.0,0.0,0.0,0.0,0.0
small,qat,int4,upsample_1.conv,conv_transpose2d,spike,policy:upsample_event_convs,20,"{""spike"": 20}","[[8, 1, 32, 50, 50]]","[[8, 1, 32, 100, 100]]",[8],8,12800000,1600000.0,1252615.0,10020920.0,5728736,0.0,9.0,20,0.782884375,0.097860546875,0.097860546875,0.4475575,3686400000.0,3686400000.0,460800000.0,184320000.0,184320000.0,23040000.0,0.0,0.0,360753120.0,18037656.0,360753120.0,360753120.0,18037656.0,0.0,0.0,360753120.0,18037656.0
small,qat,int4,DAB_Block_5.DAB_Module_5_0.conv1x1_in.conv,conv2d,spike,policy:encoder_and_late_decoder_dab_convs,20,"{""spike"": 20}","[[8, 1, 32, 100, 100]]","[[8, 1, 16, 100, 100]]",[8],8,51200000,6400000.0,2582989.0,20663912.0,17740744,0.0,8.0,20,0.40359203125,0.05044900390625,0.05044900390625,0.34649890625,819200000.0,819200000.0,102400000.0,40960000.0,40960000.0,5120000.0,0.0,0.0,41327824.0,2066391.2,41327824.0,41327824.0,2066391.2,0.0,0.0,41327824.0,2066391.2
small,qat,int4,DAB_Block_5.DAB_Module_5_0.conv3x1.conv,conv2d,spike,policy:encoder_and_late_decoder_dab_convs,20,"{""spike"": 20}","[[8, 1, 16, 100, 100]]","[[8, 1, 16, 100, 100]]",[8],8,25600000,3200000.0,774730.0,6197840.0,5229872,0.0,6.0,20,0.242103125,0.030262890625,0.030262890625,0.204291875,1228800000.0,1228800000.0,153600000.0,61440000.0,61440000.0,7680000.0,0.0,0.0,37187040.0,1859352.0,37187040.0,37187040.0,1859352.0,0.0,0.0,37187040.0,1859352.0
small,qat,int4,DAB_Block_5.DAB_Module_5_0.conv1x3.conv,conv2d,spike,policy:encoder_and_late_decoder_dab_convs,20,"{""spike"": 20}","[[8, 1, 16, 100, 100]]","[[8, 1, 16, 100, 100]]",[8],8,25600000,3200000.0,595811.0,4766488.0,4219048,0.0,8.0,20,0.1861909375,0.0232738671875,0.0232738671875,0.1648065625,1228800000.0,1228800000.0,153600000.0,61440000.0,61440000.0,7680000.0,0.0,0.0,28598928.0,1429946.4,28598928.0,28598928.0,1429946.4,0.0,0.0,28598928.0,1429946.4
small,qat,int4,DAB_Block_5.DAB_Module_5_0.dconv3x1.conv,conv2d,spike,policy:encoder_and_late_decoder_dab_convs,20,"{""spike"": 20}","[[8, 1, 16, 100, 100]]","[[8, 1, 16, 100, 100]]",[8],8,25600000,3200000.0,604259.0,4834072.0,3810024,0.0,8.0,20,0.1888309375,0.0236038671875,0.0236038671875,0.1488290625,76800000.0,76800000.0,9600000.0,3840000.0,3840000.0,480000.0,0.0,0.0,1812777.0,90638.85,1812777.0,1812777.0,90638.85,0.0,0.0,1812777.0,90638.85
small,qat,int4,DAB_Block_5.DAB_Module_5_0.dconv1x3.conv,conv2d,spike,policy:encoder_and_late_decoder_dab_convs,20,"{""spike"": 20}","[[8, 1, 16, 100, 100]]","[[8, 1, 16, 100, 100]]",[8],8,25600000,3200000.0,0.0,0.0,0,0.0,0.0,20,0.0,0.0,0.0,0.0,76800000.0,76800000.0,9600000.0,3840000.0,3840000.0,480000.0,0.0,0.0,0.0,0.0,0.0,0.0,0.0,0.0,0.0,0.0,0.0
small,qat,fp,DAB_Block_5.DAB_Module_5_0.ca11.conv,conv1d,dense,policy:eca_conv1d,20,"{""dense"": 20}","[[8, 1, 1, 16]]","[[8, 1, 1, 16]]",[8],8,2560,320.0,0.0,0.0,0,0.0,0.0,20,,,,0.0,7680.0,7680.0,960.0,384.0,384.0,48.0,7680.0,384.0,0.0,0.0,0.0,7680.0,384.0,0.0,0.0,7680.0,384.0
small,qat,int4,DAB_Block_5.DAB_Module_5_0.ddconv3x1.conv,conv2d,spike,policy:encoder_and_late_decoder_dab_convs,20,"{""spike"": 20}","[[8, 1, 16, 100, 100]]","[[8, 1, 16, 100, 100]]",[8],8,25600000,3200000.0,604259.0,4834072.0,3810024,0.0,8.0,20,0.1888309375,0.0236038671875,0.0236038671875,0.1488290625,76800000.0,76800000.0,9600000.0,3840000.0,3840000.0,480000.0,0.0,0.0,1812777.0,90638.85,1812777.0,1812777.0,90638.85,0.0,0.0,1812777.0,90638.85
small,qat,int4,DAB_Block_5.DAB_Module_5_0.ddconv1x3.conv,conv2d,spike,policy:encoder_and_late_decoder_dab_convs,20,"{""spike"": 20}","[[8, 1, 16, 100, 100]]","[[8, 1, 16, 100, 100]]",[8],8,25600000,3200000.0,684572.0,5476576.0,3750232,0.0,8.0,20,0.21392875,0.02674109375,0.02674109375,0.1464934375,76800000.0,76800000.0,9600000.0,3840000.0,3840000.0,480000.0,0.0,0.0,2053716.0,102685.8,2053716.0,2053716.0,102685.8,0.0,0.0,2053716.0,102685.8
small,qat,fp,DAB_Block_5.DAB_Module_5_0.ca22.conv,conv1d,dense,policy:eca_conv1d,20,"{""dense"": 20}","[[8, 1, 1, 16]]","[[8, 1, 1, 16]]",[8],8,2560,320.0,178.20459461212158,1425.6367568969727,1120,0.0,4.964200019836426,0,,,,0.4375,7680.0,7680.0,960.0,384.0,384.0,48.0,7680.0,384.0,0.0,0.0,0.0,7680.0,384.0,0.0,0.0,7680.0,384.0
small,qat,int4,DAB_Block_5.DAB_Module_5_0.conv1x1.conv,conv2d,spike,policy:encoder_and_late_decoder_dab_convs,20,"{""spike"": 20}","[[8, 1, 16, 100, 100]]","[[8, 1, 32, 100, 100]]",[8],8,25600000,3200000.0,1684254.0,13474032.0,6643384,0.0,16.0,20,0.526329375,0.065791171875,0.065791171875,0.2595071875,819200000.0,819200000.0,102400000.0,40960000.0,40960000.0,5120000.0,0.0,0.0,53896128.0,2694806.4,53896128.0,53896128.0,2694806.4,0.0,0.0,53896128.0,2694806.4
small,qat,int4,upsample_2.conv,conv_transpose2d,spike,policy:upsample_event_convs,20,"{""spike"": 20}","[[8, 1, 32, 100, 100]]","[[8, 1, 32, 200, 200]]",[8],8,51200000,6400000.0,5474795.0,43798360.0,24593792,0.0,10.0,20,0.85543671875,0.10692958984375,0.10692958984375,0.4803475,14745600000.0,14745600000.0,1843200000.0,737280000.0,737280000.0,92160000.0,0.0,0.0,1576740960.0,78837048.0,1576740960.0,1576740960.0,78837048.0,0.0,0.0,1576740960.0,78837048.0
small,qat,int4,DAB_Block_6.DAB_Module_6_0.conv1x1_in.conv,conv2d,spike,policy:encoder_and_late_decoder_dab_convs,20,"{""spike"": 20}","[[8, 1, 32, 200, 200]]","[[8, 1, 16, 200, 200]]",[8],8,204800000,25600000.0,10235091.0,81880728.0,70256256,0.0,7.0,20,0.3998082421875,0.0499760302734375,0.0499760302734375,0.343048125,3276800000.0,3276800000.0,409600000.0,163840000.0,163840000.0,20480000.0,0.0,0.0,163761456.0,8188072.8,163761456.0,163761456.0,8188072.8,0.0,0.0,163761456.0,8188072.8
small,qat,int4,DAB_Block_6.DAB_Module_6_0.conv3x1.conv,conv2d,spike,policy:encoder_and_late_decoder_dab_convs,20,"{""spike"": 20}","[[8, 1, 16, 200, 200]]","[[8, 1, 16, 200, 200]]",[8],8,102400000,12800000.0,4831245.0,38649960.0,32563256,0.0,5.0,20,0.377441015625,0.047180126953125,0.047180126953125,0.318000546875,4915200000.0,4915200000.0,614400000.0,245760000.0,245760000.0,30720000.0,0.0,0.0,231899760.0,11594988.0,231899760.0,231899760.0,11594988.0,0.0,0.0,231899760.0,11594988.0
small,qat,int4,DAB_Block_6.DAB_Module_6_0.conv1x3.conv,conv2d,spike,policy:encoder_and_late_decoder_dab_convs,20,"{""spike"": 20}","[[8, 1, 16, 200, 200]]","[[8, 1, 16, 200, 200]]",[8],8,102400000,12800000.0,4373519.0,34988152.0,28887096,0.0,6.0,20,0.341681171875,0.042710146484375,0.042710146484375,0.282100546875,4915200000.0,4915200000.0,614400000.0,245760000.0,245760000.0,30720000.0,0.0,0.0,209928912.0,10496445.6,209928912.0,209928912.0,10496445.6,0.0,0.0,209928912.0,10496445.6
small,qat,int4,DAB_Block_6.DAB_Module_6_0.dconv3x1.conv,conv2d,spike,policy:encoder_and_late_decoder_dab_convs,20,"{""spike"": 20}","[[8, 1, 16, 200, 200]]","[[8, 1, 16, 200, 200]]",[8],8,102400000,12800000.0,5108715.0,40869720.0,29679112,0.0,8.0,20,0.399118359375,0.049889794921875,0.049889794921875,0.289835078125,307200000.0,307200000.0,38400000.0,15360000.0,15360000.0,1920000.0,0.0,0.0,15326145.0,766307.25,15326145.0,15326145.0,766307.25,0.0,0.0,15326145.0,766307.25
small,qat,int4,DAB_Block_6.DAB_Module_6_0.dconv1x3.conv,conv2d,spike,policy:encoder_and_late_decoder_dab_convs,20,"{""spike"": 20}","[[8, 1, 16, 200, 200]]","[[8, 1, 16, 200, 200]]",[8],8,102400000,12800000.0,1685615.0,13484920.0,9294048,0.0,6.0,20,0.131688671875,0.016461083984375,0.016461083984375,0.0907621875,307200000.0,307200000.0,38400000.0,15360000.0,15360000.0,1920000.0,0.0,0.0,5056845.0,252842.25,5056845.0,5056845.0,252842.25,0.0,0.0,5056845.0,252842.25
small,qat,fp,DAB_Block_6.DAB_Module_6_0.ca11.conv,conv1d,dense,policy:eca_conv1d,20,"{""dense"": 20}","[[8, 1, 1, 16]]","[[8, 1, 1, 16]]",[8],8,2560,320.0,135.09444570541382,1080.7555656433105,800,0.0,4.497299671173096,0,,,,0.3125,7680.0,7680.0,960.0,384.0,384.0,48.0,7680.0,384.0,0.0,0.0,0.0,7680.0,384.0,0.0,0.0,7680.0,384.0
small,qat,int4,DAB_Block_6.DAB_Module_6_0.ddconv3x1.conv,conv2d,spike,policy:encoder_and_late_decoder_dab_convs,20,"{""spike"": 20}","[[8, 1, 16, 200, 200]]","[[8, 1, 16, 200, 200]]",[8],8,102400000,12800000.0,5108715.0,40869720.0,29679112,0.0,8.0,20,0.399118359375,0.049889794921875,0.049889794921875,0.289835078125,307200000.0,307200000.0,38400000.0,15360000.0,15360000.0,1920000.0,0.0,0.0,15326145.0,766307.25,15326145.0,15326145.0,766307.25,0.0,0.0,15326145.0,766307.25
small,qat,int4,DAB_Block_6.DAB_Module_6_0.ddconv1x3.conv,conv2d,spike,policy:encoder_and_late_decoder_dab_convs,20,"{""spike"": 20}","[[8, 1, 16, 200, 200]]","[[8, 1, 16, 200, 200]]",[8],8,102400000,12800000.0,2493557.0,19948456.0,12930656,0.0,8.0,20,0.194809140625,0.024351142578125,0.024351142578125,0.1262759375,307200000.0,307200000.0,38400000.0,15360000.0,15360000.0,1920000.0,0.0,0.0,7480671.0,374033.55,7480671.0,7480671.0,374033.55,0.0,0.0,7480671.0,374033.55
small,qat,fp,DAB_Block_6.DAB_Module_6_0.ca22.conv,conv1d,dense,policy:eca_conv1d,20,"{""dense"": 20}","[[8, 1, 1, 16]]","[[8, 1, 1, 16]]",[8],8,2560,320.0,261.4781913757324,2091.8255310058594,1280,0.0,6.055174827575684,0,,,,0.5,7680.0,7680.0,960.0,384.0,384.0,48.0,7680.0,384.0,0.0,0.0,0.0,7680.0,384.0,0.0,0.0,7680.0,384.0
small,qat,int4,DAB_Block_6.DAB_Module_6_0.conv1x1.conv,conv2d,spike,policy:encoder_and_late_decoder_dab_convs,20,"{""spike"": 20}","[[8, 1, 16, 200, 200]]","[[8, 1, 32, 200, 200]]",[8],8,102400000,12800000.0,14426345.0,115410760.0,49272544,0.0,16.0,20,1.127058203125,0.140882275390625,0.140882275390625,0.4811771875,3276800000.0,3276800000.0,409600000.0,163840000.0,163840000.0,20480000.0,0.0,0.0,461643040.0,23082152.0,461643040.0,461643040.0,23082152.0,0.0,0.0,461643040.0,23082152.0
small,qat,int4,upsample_3.conv,conv_transpose2d,spike,policy:upsample_event_convs,20,"{""spike"": 20}","[[8, 1, 32, 200, 200]]","[[8, 1, 32, 400, 400]]",[8],8,204800000,25600000.0,34764849.0,278118792.0,128647456,0.0,11.0,20,1.3580019140625,0.1697502392578125,0.1697502392578125,0.62816140625,58982400000.0,58982400000.0,7372800000.0,2949120000.0,2949120000.0,368640000.0,0.0,0.0,10012276512.0,500613825.6,10012276512.0,10012276512.0,500613825.6,0.0,0.0,10012276512.0,500613825.6
small,qat,int4,PA3.conv,conv2d,dense,policy:optional_pixel_attention,0,{},[],[],[],8,0,0.0,0.0,0.0,0,,,0,,,,,0.0,0.0,0.0,0.0,0.0,0.0,0.0,0.0,0.0,0.0,0.0,0.0,0.0,0.0,0.0,0.0,0.0
small,qat,int4,LC1.dconv3x1,conv2d,spike,policy:long_connection_event_entry,20,"{""spike"": 20}","[[8, 1, 64, 200, 200]]","[[8, 1, 32, 200, 200]]",[8],8,409600000,51200000.0,15019585.0,120156680.0,101538504,0.0,7.0,20,0.29335126953125,0.03666890869140625,0.03666890869140625,0.24789673828125,39321600000.0,39321600000.0,4915200000.0,1966080000.0,1966080000.0,245760000.0,0.0,0.0,1441880160.0,72094008.0,1441880160.0,1441880160.0,72094008.0,0.0,0.0,1441880160.0,72094008.0
small,qat,int4,LC1.dconv1x3,conv2d,dense,policy:long_connection_continuous_second_conv,20,"{""dense"": 20}","[[8, 1, 32, 200, 200]]","[[8, 1, 32, 200, 200]]",[8],8,204800000,25600000.0,9104355.125,72834841.0,204800000,-8.895482063293457,11.512639045715332,0,,,,1.0,19660800000.0,19660800000.0,2457600000.0,983040000.0,983040000.0,122880000.0,19660800000.0,983040000.0,0.0,0.0,0.0,19660800000.0,983040000.0,0.0,0.0,19660800000.0,983040000.0
small,qat,int4,LC2.dconv3x1,conv2d,spike,policy:long_connection_event_entry,20,"{""spike"": 20}","[[8, 1, 64, 100, 100]]","[[8, 1, 32, 100, 100]]",[8],8,102400000,12800000.0,2228057.0,17824456.0,15232392,0.0,8.0,20,0.174066953125,0.021758369140625,0.021758369140625,0.148753828125,9830400000.0,9830400000.0,1228800000.0,491520000.0,491520000.0,61440000.0,0.0,0.0,213893472.0,10694673.6,213893472.0,213893472.0,10694673.6,0.0,0.0,213893472.0,10694673.6
small,qat,int4,LC2.dconv1x3,conv2d,dense,policy:long_connection_continuous_second_conv,20,"{""dense"": 20}","[[8, 1, 32, 100, 100]]","[[8, 1, 32, 100, 100]]",[8],8,51200000,6400000.0,749421.994140625,5995375.953125,51200000,-4.623142719268799,3.992323637008667,0,,,,1.0,4915200000.0,4915200000.0,614400000.0,245760000.0,245760000.0,30720000.0,4915200000.0,245760000.0,0.0,0.0,0.0,4915200000.0,245760000.0,0.0,0.0,4915200000.0,245760000.0
small,qat,int4,LC3.dconv3x1,conv2d,spike,policy:long_connection_event_entry,20,"{""spike"": 20}","[[1, 1, 32, 50, 50]]","[[1, 1, 16, 50, 50]]",[1],8,1600000,1600000.0,459963.0,459963.0,373552,0.0,6.0,20,0.287476875,0.035934609375,0.287476875,0.23347,76800000.0,76800000.0,76800000.0,3840000.0,3840000.0,3840000.0,0.0,0.0,22078224.0,1103911.2,22078224.0,22078224.0,1103911.2,0.0,0.0,22078224.0,1103911.2
small,qat,int4,LC3.dconv1x3,conv2d,dense,policy:long_connection_continuous_second_conv,20,"{""dense"": 20}","[[1, 1, 16, 50, 50]]","[[1, 1, 32, 50, 50]]",[1],8,800000,800000.0,189891.3955078125,189891.3955078125,800000,-5.096462249755859,4.226487636566162,0,,,,1.0,76800000.0,76800000.0,76800000.0,3840000.0,3840000.0,3840000.0,76800000.0,3840000.0,0.0,0.0,0.0,76800000.0,3840000.0,0.0,0.0,76800000.0,3840000.0
small,qat,int4,final_conv,conv2d,spike,policy:final_event_conv,20,"{""spike"": 20}","[[8, 1, 32, 400, 400]]","[[8, 1, 32, 400, 400]]",[8],8,819200000,102400000.0,21841024.0,174728192.0,141717288,0.0,7.0,20,0.21329125,0.02666140625,0.02666140625,0.172994736328125,235929600000.0,235929600000.0,29491200000.0,11796480000.0,11796480000.0,1474560000.0,0.0,0.0,6290214912.0,314510745.6,6290214912.0,6290214912.0,314510745.6,0.0,0.0,6290214912.0,314510745.6
small,qat,int4,classifier.0.conv,conv2d,dense,policy:dense_classifier,20,"{""dense"": 20}","[[8, 1, 32, 400, 400]]","[[8, 1, 6, 400, 400]]",[8],8,819200000,102400000.0,45136363.25,361090906.0,819200000,-11.122851371765137,12.248364448547363,0,,,,1.0,4915200000.0,4915200000.0,614400000.0,245760000.0,245760000.0,30720000.0,4915200000.0,245760000.0,0.0,0.0,0.0,4915200000.0,245760000.0,0.0,0.0,4915200000.0,245760000.0
small,qat,fp,transformer1.atten.matmul,attention_matmul,dense,special:EffAttention,20,"{""dense"": 20}","[[1, 2500, 288]]","[[1, 2500, 288]]",[1],8,14400000,14400000.0,2259657.84375,2259657.84375,14399921,-3.985614776611328,7.736293792724609,0,,,,0.9999945138888889,9000000000.0,9000000000.0,9000000000.0,450000000.0,450000000.0,450000000.0,9000000000.0,450000000.0,0.0,0.0,0.0,9000000000.0,450000000.0,0.0,0.0,9000000000.0,450000000.0
middle,fp,fp,init_conv.0.conv,conv2d,dense,policy:raw_image_first_conv,20,"{""dense"": 20}","[[8, 1, 3, 400, 400]]","[[8, 1, 32, 400, 400]]",[8],8,76800000,9600000.0,7411175.6328125,59289405.0625,76800000,-2.1179039478302,2.640000104904175,0,,,,1.0,22118400000.0,22118400000.0,2764800000.0,1105920000.0,1105920000.0,138240000.0,22118400000.0,1105920000.0,0.0,0.0,0.0,22118400000.0,1105920000.0,0.0,0.0,22118400000.0,1105920000.0
middle,fp,fp,init_conv.1.conv,conv2d,spike,policy:later_init_convs,20,"{""spike"": 20}","[[8, 1, 32, 400, 400]]","[[8, 1, 64, 400, 400]]",[8],8,819200000,102400000.0,40290354.0,322322832.0,205133912,0.0,8.0,20,0.39346048828125,0.04918256103515625,0.04918256103515625,0.250407607421875,471859200000.0,471859200000.0,58982400000.0,23592960000.0,23592960000.0,2949120000.0,0.0,0.0,23207243904.0,1160362195.2,23207243904.0,23207243904.0,1160362195.2,0.0,0.0,23207243904.0,1160362195.2
middle,fp,fp,init_conv.2.conv,conv2d,spike,policy:later_init_convs,20,"{""spike"": 20}","[[8, 1, 64, 400, 400]]","[[8, 1, 64, 200, 200]]",[8],8,1638400000,204800000.0,44492375.0,355939000.0,303561456,0.0,8.0,20,0.2172479248046875,0.027155990600585937,0.027155990600585937,0.185279208984375,235929600000.0,235929600000.0,29491200000.0,11796480000.0,11796480000.0,1474560000.0,0.0,0.0,6406902000.0,320345100.0,6406902000.0,6406902000.0,320345100.0,0.0,0.0,6406902000.0,320345100.0
middle,fp,fp,downsample_1.conv3x3.conv,conv2d,dense,policy:small_middle_downsample_continuous_conv,20,"{""dense"": 20}","[[8, 1, 64, 200, 200]]","[[8, 1, 32, 100, 100]]",[8],8,409600000,51200000.0,12312264.1875,98498113.5,409600000,-6.466015815734863,6.470914363861084,0,,,,1.0,29491200000.0,29491200000.0,3686400000.0,1474560000.0,1474560000.0,184320000.0,29491200000.0,1474560000.0,0.0,0.0,0.0,29491200000.0,1474560000.0,0.0,0.0,29491200000.0,1474560000.0
middle,fp,fp,downsample_1.conv,conv2d,spike,policy:small_middle_downsample_event_conv,20,"{""spike"": 20}","[[8, 1, 64, 200, 200]]","[[8, 1, 64, 200, 200]]",[8],8,409600000,51200000.0,13153939.0,105231512.0,89602144,0.0,8.0,20,0.25691287109375,0.03211410888671875,0.03211410888671875,0.218755234375,235929600000.0,235929600000.0,29491200000.0,11796480000.0,11796480000.0,1474560000.0,0.0,0.0,7576668864.0,378833443.2,7576668864.0,7576668864.0,378833443.2,0.0,0.0,7576668864.0,378833443.2
middle,fp,fp,DAB_Block_1.DAB_Module_1_0.conv1x1_in.conv,conv2d,spike,policy:encoder_and_late_decoder_dab_convs,20,"{""spike"": 20}","[[8, 1, 96, 100, 100]]","[[8, 1, 48, 100, 100]]",[8],8,153600000,19200000.0,4270793.0,34166344.0,29234920,0.0,8.0,20,0.22243713541666665,0.02780464192708333,0.02780464192708333,0.19033151041666665,7372800000.0,7372800000.0,921600000.0,368640000.0,368640000.0,46080000.0,0.0,0.0,204998064.0,10249903.2,204998064.0,204998064.0,10249903.2,0.0,0.0,204998064.0,10249903.2
middle,fp,fp,DAB_Block_1.DAB_Module_1_0.conv3x1.conv,conv2d,spike,policy:encoder_and_late_decoder_dab_convs,20,"{""spike"": 20}","[[8, 1, 48, 100, 100]]","[[8, 1, 48, 100, 100]]",[8],8,76800000,9600000.0,4213592.0,33708736.0,26073712,0.0,7.0,20,0.43891583333333334,0.05486447916666667,0.05486447916666667,0.33950145833333334,11059200000.0,11059200000.0,1382400000.0,552960000.0,552960000.0,69120000.0,0.0,0.0,606757248.0,30337862.4,606757248.0,606757248.0,30337862.4,0.0,0.0,606757248.0,30337862.4
middle,fp,fp,DAB_Block_1.DAB_Module_1_0.conv1x3.conv,conv2d,spike,policy:encoder_and_late_decoder_dab_convs,20,"{""spike"": 20}","[[8, 1, 48, 100, 100]]","[[8, 1, 48, 100, 100]]",[8],8,76800000,9600000.0,2683058.0,21464464.0,19322880,0.0,5.0,20,0.27948520833333335,0.03493565104166667,0.03493565104166667,0.2516,11059200000.0,11059200000.0,1382400000.0,552960000.0,552960000.0,69120000.0,0.0,0.0,386360352.0,19318017.6,386360352.0,386360352.0,19318017.6,0.0,0.0,386360352.0,19318017.6
middle,fp,fp,DAB_Block_1.DAB_Module_1_0.dconv3x1.conv,conv2d,spike,policy:encoder_and_late_decoder_dab_convs,20,"{""spike"": 20}","[[8, 1, 48, 100, 100]]","[[8, 1, 48, 100, 100]]",[8],8,76800000,9600000.0,3487366.0,27898928.0,23922104,0.0,7.0,20,0.36326729166666666,0.04540841145833333,0.04540841145833333,0.31148572916666667,230400000.0,230400000.0,28800000.0,11520000.0,11520000.0,1440000.0,0.0,0.0,10462098.0,523104.9,10462098.0,10462098.0,523104.9,0.0,0.0,10462098.0,523104.9
middle,fp,fp,DAB_Block_1.DAB_Module_1_0.dconv1x3.conv,conv2d,spike,policy:encoder_and_late_decoder_dab_convs,20,"{""spike"": 20}","[[8, 1, 48, 100, 100]]","[[8, 1, 48, 100, 100]]",[8],8,76800000,9600000.0,1368750.0,10950000.0,7038704,0.0,8.0,20,0.142578125,0.017822265625,0.017822265625,0.09164979166666666,230400000.0,230400000.0,28800000.0,11520000.0,11520000.0,1440000.0,0.0,0.0,4106250.0,205312.5,4106250.0,4106250.0,205312.5,0.0,0.0,4106250.0,205312.5
middle,fp,fp,DAB_Block_1.DAB_Module_1_0.ca11.conv,conv1d,dense,policy:eca_conv1d,20,"{""dense"": 20}","[[8, 1, 1, 48]]","[[8, 1, 1, 48]]",[8],8,7680,960.0,119.1068959236145,952.855167388916,1920,0.0,1.9501999616622925,0,,,,0.25,23040.0,23040.0,2880.0,1152.0,1152.0,144.0,23040.0,1152.0,0.0,0.0,0.0,23040.0,1152.0,0.0,0.0,23040.0,1152.0
middle,fp,fp,DAB_Block_1.DAB_Module_1_0.ddconv3x1.conv,conv2d,spike,policy:encoder_and_late_decoder_dab_convs,20,"{""spike"": 20}","[[8, 1, 48, 100, 100]]","[[8, 1, 48, 100, 100]]",[8],8,76800000,9600000.0,3487366.0,27898928.0,23922104,0.0,7.0,20,0.36326729166666666,0.04540841145833333,0.04540841145833333,0.31148572916666667,230400000.0,230400000.0,28800000.0,11520000.0,11520000.0,1440000.0,0.0,0.0,10462098.0,523104.9,10462098.0,10462098.0,523104.9,0.0,0.0,10462098.0,523104.9
middle,fp,fp,DAB_Block_1.DAB_Module_1_0.ddconv1x3.conv,conv2d,spike,policy:encoder_and_late_decoder_dab_convs,20,"{""spike"": 20}","[[8, 1, 48, 100, 100]]","[[8, 1, 48, 100, 100]]",[8],8,76800000,9600000.0,2711813.0,21694504.0,14690232,0.0,8.0,20,0.28248052083333336,0.03531006510416667,0.03531006510416667,0.1912790625,230400000.0,230400000.0,28800000.0,11520000.0,11520000.0,1440000.0,0.0,0.0,8135439.0,406771.95,8135439.0,8135439.0,406771.95,0.0,0.0,8135439.0,406771.95
middle,fp,fp,DAB_Block_1.DAB_Module_1_0.ca22.conv,conv1d,dense,policy:eca_conv1d,20,"{""dense"": 20}","[[8, 1, 1, 48]]","[[8, 1, 1, 48]]",[8],8,7680,960.0,270.55469608306885,2164.437568664551,3840,0.0,2.797999858856201,0,,,,0.5,23040.0,23040.0,2880.0,1152.0,1152.0,144.0,23040.0,1152.0,0.0,0.0,0.0,23040.0,1152.0,0.0,0.0,23040.0,1152.0
middle,fp,fp,DAB_Block_1.DAB_Module_1_0.conv1x1.conv,conv2d,spike,policy:encoder_and_late_decoder_dab_convs,20,"{""spike"": 20}","[[8, 1, 48, 100, 100]]","[[8, 1, 96, 100, 100]]",[8],8,76800000,9600000.0,5638409.0,45107272.0,29978176,0.0,12.0,20,0.5873342708333333,0.07341678385416667,0.07341678385416667,0.39034083333333336,7372800000.0,7372800000.0,921600000.0,368640000.0,368640000.0,46080000.0,0.0,0.0,541287264.0,27064363.2,541287264.0,541287264.0,27064363.2,0.0,0.0,541287264.0,27064363.2
middle,fp,fp,downsample_2.conv3x3.conv,conv2d,dense,policy:small_middle_downsample_continuous_conv,20,"{""dense"": 20}","[[8, 1, 96, 100, 100]]","[[8, 1, 96, 50, 50]]",[8],8,153600000,19200000.0,4053911.78125,32431294.25,153600000,-8.432636260986328,8.713837623596191,0,,,,1.0,33177600000.0,33177600000.0,4147200000.0,1658880000.0,1658880000.0,207360000.0,33177600000.0,1658880000.0,0.0,0.0,0.0,33177600000.0,1658880000.0,0.0,0.0,33177600000.0,1658880000.0
middle,fp,fp,downsample_2.conv,conv2d,spike,policy:small_middle_downsample_event_conv,20,"{""spike"": 20}","[[8, 1, 96, 100, 100]]","[[8, 1, 96, 100, 100]]",[8],8,153600000,19200000.0,4979026.0,39832208.0,33698520,0.0,8.0,20,0.2593242708333333,0.032415533854166664,0.032415533854166664,0.21939140625,132710400000.0,132710400000.0,16588800000.0,6635520000.0,6635520000.0,829440000.0,0.0,0.0,4301878464.0,215093923.2,4301878464.0,4301878464.0,215093923.2,0.0,0.0,4301878464.0,215093923.2
middle,fp,fp,DAB_Block_2.DAB_Module_2_0.conv1x1_in.conv,conv2d,spike,policy:encoder_and_late_decoder_dab_convs,20,"{""spike"": 20}","[[8, 1, 96, 50, 50]]","[[8, 1, 48, 50, 50]]",[8],8,38400000,4800000.0,681593.0,5452744.0,4265416,0.0,7.0,20,0.14199854166666667,0.017749817708333334,0.017749817708333334,0.11107854166666667,1843200000.0,1843200000.0,230400000.0,92160000.0,92160000.0,11520000.0,0.0,0.0,32716464.0,1635823.2,32716464.0,32716464.0,1635823.2,0.0,0.0,32716464.0,1635823.2
middle,fp,fp,DAB_Block_2.DAB_Module_2_0.conv3x1.conv,conv2d,spike,policy:encoder_and_late_decoder_dab_convs,20,"{""spike"": 20}","[[8, 1, 48, 50, 50]]","[[8, 1, 48, 50, 50]]",[8],8,19200000,2400000.0,772581.0,6180648.0,5142168,0.0,8.0,20,0.32190875,0.04023859375,0.04023859375,0.26782125,2764800000.0,2764800000.0,345600000.0,138240000.0,138240000.0,17280000.0,0.0,0.0,111251664.0,5562583.2,111251664.0,111251664.0,5562583.2,0.0,0.0,111251664.0,5562583.2
middle,fp,fp,DAB_Block_2.DAB_Module_2_0.conv1x3.conv,conv2d,spike,policy:encoder_and_late_decoder_dab_convs,20,"{""spike"": 20}","[[8, 1, 48, 50, 50]]","[[8, 1, 48, 50, 50]]",[8],8,19200000,2400000.0,468940.0,3751520.0,3259680,0.0,7.0,20,0.19539166666666666,0.024423958333333332,0.024423958333333332,0.169775,2764800000.0,2764800000.0,345600000.0,138240000.0,138240000.0,17280000.0,0.0,0.0,67527360.0,3376368.0,67527360.0,67527360.0,3376368.0,0.0,0.0,67527360.0,3376368.0
middle,fp,fp,DAB_Block_2.DAB_Module_2_0.dconv3x1.conv,conv2d,spike,policy:encoder_and_late_decoder_dab_convs,20,"{""spike"": 20}","[[8, 1, 48, 50, 50]]","[[8, 1, 48, 50, 50]]",[8],8,19200000,2400000.0,294281.0,2354248.0,2117120,0.0,7.0,20,0.12261708333333333,0.015327135416666667,0.015327135416666667,0.11026666666666667,57600000.0,57600000.0,7200000.0,2880000.0,2880000.0,360000.0,0.0,0.0,882843.0,44142.15,882843.0,882843.0,44142.15,0.0,0.0,882843.0,44142.15
middle,fp,fp,DAB_Block_2.DAB_Module_2_0.dconv1x3.conv,conv2d,spike,policy:encoder_and_late_decoder_dab_convs,20,"{""spike"": 20}","[[8, 1, 48, 50, 50]]","[[8, 1, 48, 50, 50]]",[8],8,19200000,2400000.0,133330.0,1066640.0,857464,0.0,8.0,20,0.05555416666666667,0.0069442708333333335,0.0069442708333333335,0.044659583333333336,57600000.0,57600000.0,7200000.0,2880000.0,2880000.0,360000.0,0.0,0.0,399990.0,19999.5,399990.0,399990.0,19999.5,0.0,0.0,399990.0,19999.5
middle,fp,fp,DAB_Block_2.DAB_Module_2_0.ca11.conv,conv1d,dense,policy:eca_conv1d,20,"{""dense"": 20}","[[8, 1, 1, 48]]","[[8, 1, 1, 48]]",[8],8,7680,960.0,88.64039731025696,709.1231784820557,1600,0.0,1.208400011062622,0,,,,0.20833333333333334,23040.0,23040.0,2880.0,1152.0,1152.0,144.0,23040.0,1152.0,0.0,0.0,0.0,23040.0,1152.0,0.0,0.0,23040.0,1152.0
middle,fp,fp,DAB_Block_2.DAB_Module_2_0.ddconv3x1.conv,conv2d,spike,policy:encoder_and_late_decoder_dab_convs,20,"{""spike"": 20}","[[8, 1, 48, 50, 50]]","[[8, 1, 48, 50, 50]]",[8],8,19200000,2400000.0,294281.0,2354248.0,2117120,0.0,7.0,20,0.12261708333333333,0.015327135416666667,0.015327135416666667,0.11026666666666667,57600000.0,57600000.0,7200000.0,2880000.0,2880000.0,360000.0,0.0,0.0,882843.0,44142.15,882843.0,882843.0,44142.15,0.0,0.0,882843.0,44142.15
middle,fp,fp,DAB_Block_2.DAB_Module_2_0.ddconv1x3.conv,conv2d,spike,policy:encoder_and_late_decoder_dab_convs,20,"{""spike"": 20}","[[8, 1, 48, 50, 50]]","[[8, 1, 48, 50, 50]]",[8],8,19200000,2400000.0,33102.0,264816.0,206080,0.0,7.0,20,0.0137925,0.0017240625,0.0017240625,0.010733333333333333,57600000.0,57600000.0,7200000.0,2880000.0,2880000.0,360000.0,0.0,0.0,99306.0,4965.3,99306.0,99306.0,4965.3,0.0,0.0,99306.0,4965.3
middle,fp,fp,DAB_Block_2.DAB_Module_2_0.ca22.conv,conv1d,dense,policy:eca_conv1d,20,"{""dense"": 20}","[[8, 1, 1, 48]]","[[8, 1, 1, 48]]",[8],8,7680,960.0,25.669199466705322,205.35359573364258,640,0.0,1.1507999897003174,0,,,,0.08333333333333333,23040.0,23040.0,2880.0,1152.0,1152.0,144.0,23040.0,1152.0,0.0,0.0,0.0,23040.0,1152.0,0.0,0.0,23040.0,1152.0
middle,fp,fp,DAB_Block_2.DAB_Module_2_0.conv1x1.conv,conv2d,spike,policy:encoder_and_late_decoder_dab_convs,20,"{""spike"": 20}","[[8, 1, 48, 50, 50]]","[[8, 1, 96, 50, 50]]",[8],8,19200000,2400000.0,500475.0,4003800.0,2892192,0.0,11.0,20,0.20853125,0.02606640625,0.02606640625,0.150635,1843200000.0,1843200000.0,230400000.0,92160000.0,92160000.0,11520000.0,0.0,0.0,48045600.0,2402280.0,48045600.0,48045600.0,2402280.0,0.0,0.0,48045600.0,2402280.0
middle,fp,fp,downsample_3.conv3x3.conv,conv2d,dense,policy:small_middle_downsample_continuous_conv,20,"{""dense"": 20}","[[8, 1, 96, 50, 50]]","[[8, 1, 32, 25, 25]]",[8],8,38400000,4800000.0,483233.291015625,3865866.328125,38400000,-11.17524528503418,9.390989303588867,0,,,,1.0,2764800000.0,2764800000.0,345600000.0,138240000.0,138240000.0,17280000.0,2764800000.0,138240000.0,0.0,0.0,0.0,2764800000.0,138240000.0,0.0,0.0,2764800000.0,138240000.0
middle,fp,fp,downsample_3.conv,conv2d,spike,policy:small_middle_downsample_event_conv,20,"{""spike"": 20}","[[8, 1, 96, 50, 50]]","[[8, 1, 96, 50, 50]]",[8],8,38400000,4800000.0,515880.0,4127040.0,3285776,0.0,8.0,20,0.107475,0.013434375,0.013434375,0.08556708333333334,33177600000.0,33177600000.0,4147200000.0,1658880000.0,1658880000.0,207360000.0,0.0,0.0,445720320.0,22286016.0,445720320.0,445720320.0,22286016.0,0.0,0.0,445720320.0,22286016.0
middle,fp,fp,DAB_Block_3.DAB_Module_3_0.conv1x1_in.conv,conv2d,spike,policy:encoder_and_late_decoder_dab_convs,20,"{""spike"": 20}","[[8, 1, 32, 25, 25]]","[[8, 1, 16, 25, 25]]",[8],8,3200000,400000.0,143842.0,1150736.0,873496,0.0,8.0,20,0.359605,0.044950625,0.044950625,0.2729675,51200000.0,51200000.0,6400000.0,2560000.0,2560000.0,320000.0,0.0,0.0,2301472.0,115073.6,2301472.0,2301472.0,115073.6,0.0,0.0,2301472.0,115073.6
middle,fp,fp,DAB_Block_3.DAB_Module_3_0.conv3x1.conv,conv2d,spike,policy:encoder_and_late_decoder_dab_convs,20,"{""spike"": 20}","[[8, 1, 16, 25, 25]]","[[8, 1, 16, 25, 25]]",[8],8,1600000,200000.0,89733.0,717864.0,540632,0.0,8.0,20,0.448665,0.056083125,0.056083125,0.337895,76800000.0,76800000.0,9600000.0,3840000.0,3840000.0,480000.0,0.0,0.0,4307184.0,215359.2,4307184.0,4307184.0,215359.2,0.0,0.0,4307184.0,215359.2
middle,fp,fp,DAB_Block_3.DAB_Module_3_0.conv1x3.conv,conv2d,spike,policy:encoder_and_late_decoder_dab_convs,20,"{""spike"": 20}","[[8, 1, 16, 25, 25]]","[[8, 1, 16, 25, 25]]",[8],8,1600000,200000.0,76981.0,615848.0,528304,0.0,7.0,20,0.384905,0.048113125,0.048113125,0.33019,76800000.0,76800000.0,9600000.0,3840000.0,3840000.0,480000.0,0.0,0.0,3695088.0,184754.4,3695088.0,3695088.0,184754.4,0.0,0.0,3695088.0,184754.4
middle,fp,fp,DAB_Block_3.DAB_Module_3_0.dconv3x1.conv,conv2d,spike,policy:encoder_and_late_decoder_dab_convs,20,"{""spike"": 20}","[[8, 1, 16, 25, 25]]","[[8, 1, 16, 25, 25]]",[8],8,1600000,200000.0,55568.0,444544.0,371760,0.0,7.0,20,0.27784,0.03473,0.03473,0.23235,4800000.0,4800000.0,600000.0,240000.0,240000.0,30000.0,0.0,0.0,166704.0,8335.2,166704.0,166704.0,8335.2,0.0,0.0,166704.0,8335.2
middle,fp,fp,DAB_Block_3.DAB_Module_3_0.dconv1x3.conv,conv2d,spike,policy:encoder_and_late_decoder_dab_convs,20,"{""spike"": 20}","[[8, 1, 16, 25, 25]]","[[8, 1, 16, 25, 25]]",[8],8,1600000,200000.0,13033.0,104264.0,83272,0.0,6.0,20,0.065165,0.008145625,0.008145625,0.052045,4800000.0,4800000.0,600000.0,240000.0,240000.0,30000.0,0.0,0.0,39099.0,1954.95,39099.0,39099.0,1954.95,0.0,0.0,39099.0,1954.95
middle,fp,fp,DAB_Block_3.DAB_Module_3_0.ca11.conv,conv1d,dense,policy:eca_conv1d,20,"{""dense"": 20}","[[8, 1, 1, 16]]","[[8, 1, 1, 16]]",[8],8,2560,320.0,30.212799593806267,241.70239675045013,480,0.0,1.5424000024795532,0,,,,0.1875,7680.0,7680.0,960.0,384.0,384.0,48.0,7680.0,384.0,0.0,0.0,0.0,7680.0,384.0,0.0,0.0,7680.0,384.0
middle,fp,fp,DAB_Block_3.DAB_Module_3_0.ddconv3x1.conv,conv2d,spike,policy:encoder_and_late_decoder_dab_convs,20,"{""spike"": 20}","[[8, 1, 16, 25, 25]]","[[8, 1, 16, 25, 25]]",[8],8,1600000,200000.0,55568.0,444544.0,371760,0.0,7.0,20,0.27784,0.03473,0.03473,0.23235,4800000.0,4800000.0,600000.0,240000.0,240000.0,30000.0,0.0,0.0,166704.0,8335.2,166704.0,166704.0,8335.2,0.0,0.0,166704.0,8335.2
middle,fp,fp,DAB_Block_3.DAB_Module_3_0.ddconv1x3.conv,conv2d,spike,policy:encoder_and_late_decoder_dab_convs,20,"{""spike"": 20}","[[8, 1, 16, 25, 25]]","[[8, 1, 16, 25, 25]]",[8],8,1600000,200000.0,23129.0,185032.0,127216,0.0,8.0,20,0.115645,0.014455625,0.014455625,0.07951,4800000.0,4800000.0,600000.0,240000.0,240000.0,30000.0,0.0,0.0,69387.0,3469.35,69387.0,69387.0,3469.35,0.0,0.0,69387.0,3469.35
middle,fp,fp,DAB_Block_3.DAB_Module_3_0.ca22.conv,conv1d,dense,policy:eca_conv1d,20,"{""dense"": 20}","[[8, 1, 1, 16]]","[[8, 1, 1, 16]]",[8],8,2560,320.0,39.61279904842377,316.90239238739014,640,0.0,2.0271999835968018,0,,,,0.25,7680.0,7680.0,960.0,384.0,384.0,48.0,7680.0,384.0,0.0,0.0,0.0,7680.0,384.0,0.0,0.0,7680.0,384.0
middle,fp,fp,DAB_Block_3.DAB_Module_3_0.conv1x1.conv,conv2d,spike,policy:encoder_and_late_decoder_dab_convs,20,"{""spike"": 20}","[[8, 1, 16, 25, 25]]","[[8, 1, 32, 25, 25]]",[8],8,1600000,200000.0,87754.0,702032.0,467864,0.0,14.0,20,0.43877,0.05484625,0.05484625,0.292415,51200000.0,51200000.0,6400000.0,2560000.0,2560000.0,320000.0,0.0,0.0,2808128.0,140406.4,2808128.0,2808128.0,140406.4,0.0,0.0,2808128.0,140406.4
middle,fp,fp,transformer1.atten.reduce,linear,dense,policy:transformer_linears,20,"{""dense"": 20}","[[1, 625, 288]]","[[1, 625, 144]]",[1],8,3600000,3600000.0,188733.55419921875,188733.55419921875,3600000,-1.1955136060714722,9.562822341918945,0,,,,1.0,518400000.0,518400000.0,518400000.0,25920000.0,25920000.0,25920000.0,518400000.0,25920000.0,0.0,0.0,0.0,518400000.0,25920000.0,0.0,0.0,518400000.0,25920000.0
middle,fp,fp,transformer1.atten.qkv,linear,dense,policy:transformer_linears,20,"{""dense"": 20}","[[1, 625, 144]]","[[1, 625, 432]]",[1],8,1800000,1800000.0,225588.82373046875,225588.82373046875,1800000,-7.398427486419678,6.981346607208252,0,,,,1.0,777600000.0,777600000.0,777600000.0,38880000.0,38880000.0,38880000.0,777600000.0,38880000.0,0.0,0.0,0.0,777600000.0,38880000.0,0.0,0.0,777600000.0,38880000.0
middle,fp,fp,transformer1.atten.proj,linear,dense,policy:transformer_linears,20,"{""dense"": 20}","[[1, 625, 144]]","[[1, 625, 288]]",[1],8,1800000,1800000.0,126992.07055664062,126992.07055664062,1800000,-11.997922897338867,10.835997581481934,0,,,,1.0,518400000.0,518400000.0,518400000.0,25920000.0,25920000.0,25920000.0,518400000.0,25920000.0,0.0,0.0,0.0,518400000.0,25920000.0,0.0,0.0,518400000.0,25920000.0
middle,fp,fp,transformer1.mlp.fc1,linear,dense,policy:transformer_linears,20,"{""dense"": 20}","[[1, 625, 288]]","[[1, 625, 72]]",[1],8,3600000,3600000.0,1.1136342834694308e-34,1.1136342834694308e-34,3599982,-2.7928999432765064e-40,4.92538193330137e-40,20,,,,0.999995,259200000.0,259200000.0,259200000.0,12960000.0,12960000.0,12960000.0,259200000.0,12960000.0,0.0,0.0,0.0,259200000.0,12960000.0,0.0,0.0,259200000.0,12960000.0
middle,fp,fp,transformer1.mlp.fc2,linear,dense,policy:transformer_linears,20,"{""dense"": 20}","[[1, 625, 72]]","[[1, 625, 288]]",[1],8,900000,900000.0,6.899250933109518e-33,6.899250933109518e-33,50000,0.0,2.7576728693376606e-37,20,,,,0.05555555555555555,259200000.0,259200000.0,259200000.0,12960000.0,12960000.0,12960000.0,259200000.0,12960000.0,0.0,0.0,0.0,259200000.0,12960000.0,0.0,0.0,259200000.0,12960000.0
middle,fp,fp,DAB_Block_4.DAB_Module_4_0.conv1x1_in.conv,conv2d,dense,policy:transformer_decoder_entry,20,"{""dense"": 20}","[[8, 1, 32, 25, 25]]","[[8, 1, 16, 25, 25]]",[8],8,3200000,400000.0,1657232.203125,13257857.625,3200000,-24.635154724121094,72.51094818115234,0,,,,1.0,51200000.0,51200000.0,6400000.0,2560000.0,2560000.0,320000.0,51200000.0,2560000.0,0.0,0.0,0.0,51200000.0,2560000.0,0.0,0.0,51200000.0,2560000.0
middle,fp,fp,DAB_Block_4.DAB_Module_4_0.conv3x1.conv,conv2d,spike,policy:transformer_decoder_internal_event_convs,20,"{""spike"": 20}","[[8, 1, 16, 25, 25]]","[[8, 1, 16, 25, 25]]",[8],8,1600000,200000.0,0.0,0.0,0,0.0,0.0,20,0.0,0.0,0.0,0.0,76800000.0,76800000.0,9600000.0,3840000.0,3840000.0,480000.0,0.0,0.0,0.0,0.0,0.0,0.0,0.0,0.0,0.0,0.0,0.0
middle,fp,fp,DAB_Block_4.DAB_Module_4_0.conv1x3.conv,conv2d,spike,policy:transformer_decoder_internal_event_convs,20,"{""spike"": 20}","[[8, 1, 16, 25, 25]]","[[8, 1, 16, 25, 25]]",[8],8,1600000,200000.0,0.0,0.0,0,0.0,0.0,20,0.0,0.0,0.0,0.0,76800000.0,76800000.0,9600000.0,3840000.0,3840000.0,480000.0,0.0,0.0,0.0,0.0,0.0,0.0,0.0,0.0,0.0,0.0,0.0
middle,fp,fp,DAB_Block_4.DAB_Module_4_0.dconv3x1.conv,conv2d,spike,policy:transformer_decoder_internal_event_convs,20,"{""spike"": 20}","[[8, 1, 16, 25, 25]]","[[8, 1, 16, 25, 25]]",[8],8,1600000,200000.0,0.0,0.0,0,0.0,0.0,20,0.0,0.0,0.0,0.0,4800000.0,4800000.0,600000.0,240000.0,240000.0,30000.0,0.0,0.0,0.0,0.0,0.0,0.0,0.0,0.0,0.0,0.0,0.0
middle,fp,fp,DAB_Block_4.DAB_Module_4_0.dconv1x3.conv,conv2d,spike,policy:transformer_decoder_internal_event_convs,20,"{""spike"": 20}","[[8, 1, 16, 25, 25]]","[[8, 1, 16, 25, 25]]",[8],8,1600000,200000.0,0.0,0.0,0,0.0,0.0,20,0.0,0.0,0.0,0.0,4800000.0,4800000.0,600000.0,240000.0,240000.0,30000.0,0.0,0.0,0.0,0.0,0.0,0.0,0.0,0.0,0.0,0.0,0.0
middle,fp,fp,DAB_Block_4.DAB_Module_4_0.ca11.conv,conv1d,dense,policy:eca_conv1d,20,"{""dense"": 20}","[[8, 1, 1, 16]]","[[8, 1, 1, 16]]",[8],8,2560,320.0,0.0,0.0,0,0.0,0.0,20,,,,0.0,7680.0,7680.0,960.0,384.0,384.0,48.0,7680.0,384.0,0.0,0.0,0.0,7680.0,384.0,0.0,0.0,7680.0,384.0
middle,fp,fp,DAB_Block_4.DAB_Module_4_0.ddconv3x1.conv,conv2d,spike,policy:transformer_decoder_internal_event_convs,20,"{""spike"": 20}","[[8, 1, 16, 25, 25]]","[[8, 1, 16, 25, 25]]",[8],8,1600000,200000.0,0.0,0.0,0,0.0,0.0,20,0.0,0.0,0.0,0.0,4800000.0,4800000.0,600000.0,240000.0,240000.0,30000.0,0.0,0.0,0.0,0.0,0.0,0.0,0.0,0.0,0.0,0.0,0.0
middle,fp,fp,DAB_Block_4.DAB_Module_4_0.ddconv1x3.conv,conv2d,spike,policy:transformer_decoder_internal_event_convs,20,"{""spike"": 20}","[[8, 1, 16, 25, 25]]","[[8, 1, 16, 25, 25]]",[8],8,1600000,200000.0,0.0,0.0,0,0.0,0.0,20,0.0,0.0,0.0,0.0,4800000.0,4800000.0,600000.0,240000.0,240000.0,30000.0,0.0,0.0,0.0,0.0,0.0,0.0,0.0,0.0,0.0,0.0,0.0
middle,fp,fp,DAB_Block_4.DAB_Module_4_0.ca22.conv,conv1d,dense,policy:eca_conv1d,20,"{""dense"": 20}","[[8, 1, 1, 16]]","[[8, 1, 1, 16]]",[8],8,2560,320.0,0.0,0.0,0,0.0,0.0,20,,,,0.0,7680.0,7680.0,960.0,384.0,384.0,48.0,7680.0,384.0,0.0,0.0,0.0,7680.0,384.0,0.0,0.0,7680.0,384.0
middle,fp,fp,DAB_Block_4.DAB_Module_4_0.conv1x1.conv,conv2d,spike,policy:transformer_decoder_internal_event_convs,20,"{""spike"": 20}","[[8, 1, 16, 25, 25]]","[[8, 1, 32, 25, 25]]",[8],8,1600000,200000.0,0.0,0.0,0,0.0,0.0,20,0.0,0.0,0.0,0.0,51200000.0,51200000.0,6400000.0,2560000.0,2560000.0,320000.0,0.0,0.0,0.0,0.0,0.0,0.0,0.0,0.0,0.0,0.0,0.0
middle,fp,fp,upsample_1.conv,conv_transpose2d,spike,policy:upsample_event_convs,20,"{""spike"": 20}","[[8, 1, 32, 25, 25]]","[[8, 1, 32, 50, 50]]",[8],8,3200000,400000.0,257333.0,2058664.0,1384888,0.0,9.0,20,0.6433325,0.0804165625,0.0804165625,0.4327775,921600000.0,921600000.0,115200000.0,46080000.0,46080000.0,5760000.0,0.0,0.0,74111904.0,3705595.2,74111904.0,74111904.0,3705595.2,0.0,0.0,74111904.0,3705595.2
middle,fp,fp,DAB_Block_5.DAB_Module_5_0.conv1x1_in.conv,conv2d,spike,policy:encoder_and_late_decoder_dab_convs,20,"{""spike"": 20}","[[8, 1, 32, 50, 50]]","[[8, 1, 16, 50, 50]]",[8],8,12800000,1600000.0,560477.0,4483816.0,3618160,0.0,8.0,20,0.350298125,0.043787265625,0.043787265625,0.28266875,204800000.0,204800000.0,25600000.0,10240000.0,10240000.0,1280000.0,0.0,0.0,8967632.0,448381.6,8967632.0,8967632.0,448381.6,0.0,0.0,8967632.0,448381.6
middle,fp,fp,DAB_Block_5.DAB_Module_5_0.conv3x1.conv,conv2d,spike,policy:encoder_and_late_decoder_dab_convs,20,"{""spike"": 20}","[[8, 1, 16, 50, 50]]","[[8, 1, 16, 50, 50]]",[8],8,6400000,800000.0,389976.0,3119808.0,2327112,0.0,8.0,20,0.48747,0.06093375,0.06093375,0.36361125,307200000.0,307200000.0,38400000.0,15360000.0,15360000.0,1920000.0,0.0,0.0,18718848.0,935942.4,18718848.0,18718848.0,935942.4,0.0,0.0,18718848.0,935942.4
middle,fp,fp,DAB_Block_5.DAB_Module_5_0.conv1x3.conv,conv2d,spike,policy:encoder_and_late_decoder_dab_convs,20,"{""spike"": 20}","[[8, 1, 16, 50, 50]]","[[8, 1, 16, 50, 50]]",[8],8,6400000,800000.0,258295.0,2066360.0,1763600,0.0,7.0,20,0.32286875,0.04035859375,0.04035859375,0.2755625,307200000.0,307200000.0,38400000.0,15360000.0,15360000.0,1920000.0,0.0,0.0,12398160.0,619908.0,12398160.0,12398160.0,619908.0,0.0,0.0,12398160.0,619908.0
middle,fp,fp,DAB_Block_5.DAB_Module_5_0.dconv3x1.conv,conv2d,spike,policy:encoder_and_late_decoder_dab_convs,20,"{""spike"": 20}","[[8, 1, 16, 50, 50]]","[[8, 1, 16, 50, 50]]",[8],8,6400000,800000.0,179227.0,1433816.0,1183392,0.0,8.0,20,0.22403375,0.02800421875,0.02800421875,0.184905,19200000.0,19200000.0,2400000.0,960000.0,960000.0,120000.0,0.0,0.0,537681.0,26884.05,537681.0,537681.0,26884.05,0.0,0.0,537681.0,26884.05
middle,fp,fp,DAB_Block_5.DAB_Module_5_0.dconv1x3.conv,conv2d,spike,policy:encoder_and_late_decoder_dab_convs,20,"{""spike"": 20}","[[8, 1, 16, 50, 50]]","[[8, 1, 16, 50, 50]]",[8],8,6400000,800000.0,184030.0,1472240.0,995736,0.0,8.0,20,0.2300375,0.0287546875,0.0287546875,0.15558375,19200000.0,19200000.0,2400000.0,960000.0,960000.0,120000.0,0.0,0.0,552090.0,27604.5,552090.0,552090.0,27604.5,0.0,0.0,552090.0,27604.5
middle,fp,fp,DAB_Block_5.DAB_Module_5_0.ca11.conv,conv1d,dense,policy:eca_conv1d,20,"{""dense"": 20}","[[8, 1, 1, 16]]","[[8, 1, 1, 16]]",[8],8,2560,320.0,50.36439949274063,402.91519594192505,800,0.0,2.0248000621795654,0,,,,0.3125,7680.0,7680.0,960.0,384.0,384.0,48.0,7680.0,384.0,0.0,0.0,0.0,7680.0,384.0,0.0,0.0,7680.0,384.0
middle,fp,fp,DAB_Block_5.DAB_Module_5_0.ddconv3x1.conv,conv2d,spike,policy:encoder_and_late_decoder_dab_convs,20,"{""spike"": 20}","[[8, 1, 16, 50, 50]]","[[8, 1, 16, 50, 50]]",[8],8,6400000,800000.0,179227.0,1433816.0,1183392,0.0,8.0,20,0.22403375,0.02800421875,0.02800421875,0.184905,19200000.0,19200000.0,2400000.0,960000.0,960000.0,120000.0,0.0,0.0,537681.0,26884.05,537681.0,537681.0,26884.05,0.0,0.0,537681.0,26884.05
middle,fp,fp,DAB_Block_5.DAB_Module_5_0.ddconv1x3.conv,conv2d,spike,policy:encoder_and_late_decoder_dab_convs,20,"{""spike"": 20}","[[8, 1, 16, 50, 50]]","[[8, 1, 16, 50, 50]]",[8],8,6400000,800000.0,39479.0,315832.0,180336,0.0,8.0,20,0.04934875,0.00616859375,0.00616859375,0.0281775,19200000.0,19200000.0,2400000.0,960000.0,960000.0,120000.0,0.0,0.0,118437.0,5921.85,118437.0,118437.0,5921.85,0.0,0.0,118437.0,5921.85
middle,fp,fp,DAB_Block_5.DAB_Module_5_0.ca22.conv,conv1d,dense,policy:eca_conv1d,20,"{""dense"": 20}","[[8, 1, 1, 16]]","[[8, 1, 1, 16]]",[8],8,2560,320.0,16.46199956536293,131.69599652290344,160,0.0,1.8032000064849854,0,,,,0.0625,7680.0,7680.0,960.0,384.0,384.0,48.0,7680.0,384.0,0.0,0.0,0.0,7680.0,384.0,0.0,0.0,7680.0,384.0
middle,fp,fp,DAB_Block_5.DAB_Module_5_0.conv1x1.conv,conv2d,spike,policy:encoder_and_late_decoder_dab_convs,20,"{""spike"": 20}","[[8, 1, 16, 50, 50]]","[[8, 1, 32, 50, 50]]",[8],8,6400000,800000.0,300051.0,2400408.0,1552096,0.0,12.0,20,0.37506375,0.04688296875,0.04688296875,0.242515,204800000.0,204800000.0,25600000.0,10240000.0,10240000.0,1280000.0,0.0,0.0,9601632.0,480081.6,9601632.0,9601632.0,480081.6,0.0,0.0,9601632.0,480081.6
middle,fp,fp,upsample_2.conv,conv_transpose2d,spike,policy:upsample_event_convs,20,"{""spike"": 20}","[[8, 1, 32, 50, 50]]","[[8, 1, 32, 100, 100]]",[8],8,12800000,1600000.0,1055245.0,8441960.0,5482920,0.0,11.0,20,0.659528125,0.082441015625,0.082441015625,0.428353125,3686400000.0,3686400000.0,460800000.0,184320000.0,184320000.0,23040000.0,0.0,0.0,303910560.0,15195528.0,303910560.0,303910560.0,15195528.0,0.0,0.0,303910560.0,15195528.0
middle,fp,fp,DAB_Block_6.DAB_Module_6_0.conv1x1_in.conv,conv2d,spike,policy:encoder_and_late_decoder_dab_convs,20,"{""spike"": 20}","[[8, 1, 32, 100, 100]]","[[8, 1, 16, 100, 100]]",[8],8,51200000,6400000.0,2901396.0,23211168.0,16933184,0.0,8.0,20,0.453343125,0.056667890625,0.056667890625,0.33072625,819200000.0,819200000.0,102400000.0,40960000.0,40960000.0,5120000.0,0.0,0.0,46422336.0,2321116.8,46422336.0,46422336.0,2321116.8,0.0,0.0,46422336.0,2321116.8
middle,fp,fp,DAB_Block_6.DAB_Module_6_0.conv3x1.conv,conv2d,spike,policy:encoder_and_late_decoder_dab_convs,20,"{""spike"": 20}","[[8, 1, 16, 100, 100]]","[[8, 1, 16, 100, 100]]",[8],8,25600000,3200000.0,1462911.0,11703288.0,8423592,0.0,8.0,20,0.4571596875,0.0571449609375,0.0571449609375,0.3290465625,1228800000.0,1228800000.0,153600000.0,61440000.0,61440000.0,7680000.0,0.0,0.0,70219728.0,3510986.4,70219728.0,70219728.0,3510986.4,0.0,0.0,70219728.0,3510986.4
middle,fp,fp,DAB_Block_6.DAB_Module_6_0.conv1x3.conv,conv2d,spike,policy:encoder_and_late_decoder_dab_convs,20,"{""spike"": 20}","[[8, 1, 16, 100, 100]]","[[8, 1, 16, 100, 100]]",[8],8,25600000,3200000.0,1192669.0,9541352.0,7604304,0.0,8.0,20,0.3727090625,0.0465886328125,0.0465886328125,0.297043125,1228800000.0,1228800000.0,153600000.0,61440000.0,61440000.0,7680000.0,0.0,0.0,57248112.0,2862405.6,57248112.0,57248112.0,2862405.6,0.0,0.0,57248112.0,2862405.6
middle,fp,fp,DAB_Block_6.DAB_Module_6_0.dconv3x1.conv,conv2d,spike,policy:encoder_and_late_decoder_dab_convs,20,"{""spike"": 20}","[[8, 1, 16, 100, 100]]","[[8, 1, 16, 100, 100]]",[8],8,25600000,3200000.0,816639.0,6533112.0,4999992,0.0,8.0,20,0.2551996875,0.0318999609375,0.0318999609375,0.1953121875,76800000.0,76800000.0,9600000.0,3840000.0,3840000.0,480000.0,0.0,0.0,2449917.0,122495.85,2449917.0,2449917.0,122495.85,0.0,0.0,2449917.0,122495.85
middle,fp,fp,DAB_Block_6.DAB_Module_6_0.dconv1x3.conv,conv2d,spike,policy:encoder_and_late_decoder_dab_convs,20,"{""spike"": 20}","[[8, 1, 16, 100, 100]]","[[8, 1, 16, 100, 100]]",[8],8,25600000,3200000.0,0.0,0.0,0,0.0,0.0,20,0.0,0.0,0.0,0.0,76800000.0,76800000.0,9600000.0,3840000.0,3840000.0,480000.0,0.0,0.0,0.0,0.0,0.0,0.0,0.0,0.0,0.0,0.0,0.0
middle,fp,fp,DAB_Block_6.DAB_Module_6_0.ca11.conv,conv1d,dense,policy:eca_conv1d,20,"{""dense"": 20}","[[8, 1, 1, 16]]","[[8, 1, 1, 16]]",[8],8,2560,320.0,0.0,0.0,0,0.0,0.0,20,,,,0.0,7680.0,7680.0,960.0,384.0,384.0,48.0,7680.0,384.0,0.0,0.0,0.0,7680.0,384.0,0.0,0.0,7680.0,384.0
middle,fp,fp,DAB_Block_6.DAB_Module_6_0.ddconv3x1.conv,conv2d,spike,policy:encoder_and_late_decoder_dab_convs,20,"{""spike"": 20}","[[8, 1, 16, 100, 100]]","[[8, 1, 16, 100, 100]]",[8],8,25600000,3200000.0,816639.0,6533112.0,4999992,0.0,8.0,20,0.2551996875,0.0318999609375,0.0318999609375,0.1953121875,76800000.0,76800000.0,9600000.0,3840000.0,3840000.0,480000.0,0.0,0.0,2449917.0,122495.85,2449917.0,2449917.0,122495.85,0.0,0.0,2449917.0,122495.85
middle,fp,fp,DAB_Block_6.DAB_Module_6_0.ddconv1x3.conv,conv2d,spike,policy:encoder_and_late_decoder_dab_convs,20,"{""spike"": 20}","[[8, 1, 16, 100, 100]]","[[8, 1, 16, 100, 100]]",[8],8,25600000,3200000.0,628645.0,5029160.0,3295128,0.0,8.0,20,0.1964515625,0.0245564453125,0.0245564453125,0.1287159375,76800000.0,76800000.0,9600000.0,3840000.0,3840000.0,480000.0,0.0,0.0,1885935.0,94296.75,1885935.0,1885935.0,94296.75,0.0,0.0,1885935.0,94296.75
middle,fp,fp,DAB_Block_6.DAB_Module_6_0.ca22.conv,conv1d,dense,policy:eca_conv1d,20,"{""dense"": 20}","[[8, 1, 1, 16]]","[[8, 1, 1, 16]]",[8],8,2560,320.0,58.502498626708984,468.0199890136719,640,0.0,2.192199945449829,0,,,,0.25,7680.0,7680.0,960.0,384.0,384.0,48.0,7680.0,384.0,0.0,0.0,0.0,7680.0,384.0,0.0,0.0,7680.0,384.0
middle,fp,fp,DAB_Block_6.DAB_Module_6_0.conv1x1.conv,conv2d,spike,policy:encoder_and_late_decoder_dab_convs,20,"{""spike"": 20}","[[8, 1, 16, 100, 100]]","[[8, 1, 32, 100, 100]]",[8],8,25600000,3200000.0,1331243.0,10649944.0,5660760,0.0,12.0,20,0.4160134375,0.0520016796875,0.0520016796875,0.2211234375,819200000.0,819200000.0,102400000.0,40960000.0,40960000.0,5120000.0,0.0,0.0,42599776.0,2129988.8,42599776.0,42599776.0,2129988.8,0.0,0.0,42599776.0,2129988.8
middle,fp,fp,upsample_3.conv,conv_transpose2d,spike,policy:upsample_event_convs,20,"{""spike"": 20}","[[8, 1, 32, 100, 100]]","[[8, 1, 32, 200, 200]]",[8],8,51200000,6400000.0,5684971.0,45479768.0,26868648,0.0,10.0,20,0.88827671875,0.11103458984375,0.11103458984375,0.52477828125,14745600000.0,14745600000.0,1843200000.0,737280000.0,737280000.0,92160000.0,0.0,0.0,1637271648.0,81863582.4,1637271648.0,1637271648.0,81863582.4,0.0,0.0,1637271648.0,81863582.4
middle,fp,fp,PA3.conv,conv2d,dense,policy:optional_pixel_attention,0,{},[],[],[],8,0,0.0,0.0,0.0,0,,,0,,,,,0.0,0.0,0.0,0.0,0.0,0.0,0.0,0.0,0.0,0.0,0.0,0.0,0.0,0.0,0.0,0.0,0.0
middle,fp,fp,LC1.dconv3x1,conv2d,spike,policy:long_connection_event_entry,20,"{""spike"": 20}","[[8, 1, 96, 100, 100]]","[[8, 1, 48, 100, 100]]",[8],8,153600000,19200000.0,4979026.0,39832208.0,33698520,0.0,8.0,20,0.2593242708333333,0.032415533854166664,0.032415533854166664,0.21939140625,22118400000.0,22118400000.0,2764800000.0,1105920000.0,1105920000.0,138240000.0,0.0,0.0,716979744.0,35848987.2,716979744.0,716979744.0,35848987.2,0.0,0.0,716979744.0,35848987.2
middle,fp,fp,LC1.dconv1x3,conv2d,dense,policy:long_connection_continuous_second_conv,20,"{""dense"": 20}","[[8, 1, 48, 100, 100]]","[[8, 1, 32, 100, 100]]",[8],8,76800000,9600000.0,970004.11328125,7760032.90625,76800000,-3.2415058612823486,3.2456674575805664,0,,,,1.0,7372800000.0,7372800000.0,921600000.0,368640000.0,368640000.0,46080000.0,7372800000.0,368640000.0,0.0,0.0,0.0,7372800000.0,368640000.0,0.0,0.0,7372800000.0,368640000.0
middle,fp,fp,LC2.dconv3x1,conv2d,spike,policy:long_connection_event_entry,20,"{""spike"": 20}","[[8, 1, 96, 50, 50]]","[[8, 1, 48, 50, 50]]",[8],8,38400000,4800000.0,515880.0,4127040.0,3285776,0.0,8.0,20,0.107475,0.013434375,0.013434375,0.08556708333333334,5529600000.0,5529600000.0,691200000.0,276480000.0,276480000.0,34560000.0,0.0,0.0,74286720.0,3714336.0,74286720.0,74286720.0,3714336.0,0.0,0.0,74286720.0,3714336.0
middle,fp,fp,LC2.dconv1x3,conv2d,dense,policy:long_connection_continuous_second_conv,20,"{""dense"": 20}","[[8, 1, 48, 50, 50]]","[[8, 1, 32, 50, 50]]",[8],8,19200000,2400000.0,159685.26025390625,1277482.08203125,19200000,-2.6563973426818848,3.040107250213623,0,,,,1.0,1843200000.0,1843200000.0,230400000.0,92160000.0,92160000.0,11520000.0,1843200000.0,92160000.0,0.0,0.0,0.0,1843200000.0,92160000.0,0.0,0.0,1843200000.0,92160000.0
middle,fp,fp,LC3.dconv3x1,conv2d,spike,policy:long_connection_event_entry,20,"{""spike"": 20}","[[1, 1, 32, 25, 25]]","[[1, 1, 16, 25, 25]]",[1],8,400000,400000.0,120544.0,120544.0,87659,0.0,8.0,20,0.30136,0.03767,0.30136,0.2191475,19200000.0,19200000.0,19200000.0,960000.0,960000.0,960000.0,0.0,0.0,5786112.0,289305.6,5786112.0,5786112.0,289305.6,0.0,0.0,5786112.0,289305.6
middle,fp,fp,LC3.dconv1x3,conv2d,dense,policy:long_connection_continuous_second_conv,20,"{""dense"": 20}","[[1, 1, 16, 25, 25]]","[[1, 1, 32, 25, 25]]",[1],8,200000,200000.0,29943.95654296875,29943.95654296875,200000,-2.797841787338257,2.4707884788513184,0,,,,1.0,19200000.0,19200000.0,19200000.0,960000.0,960000.0,960000.0,19200000.0,960000.0,0.0,0.0,0.0,19200000.0,960000.0,0.0,0.0,19200000.0,960000.0
middle,fp,fp,final_conv,conv2d,spike,policy:final_event_conv,20,"{""spike"": 20}","[[8, 1, 32, 200, 200]]","[[8, 1, 32, 200, 200]]",[8],8,204800000,25600000.0,13284128.0,106273024.0,76413968,0.0,8.0,20,0.51891125,0.06486390625,0.06486390625,0.373115078125,58982400000.0,58982400000.0,7372800000.0,2949120000.0,2949120000.0,368640000.0,0.0,0.0,3825828864.0,191291443.2,3825828864.0,3825828864.0,191291443.2,0.0,0.0,3825828864.0,191291443.2
middle,fp,fp,classifier.0.conv,conv2d,dense,policy:dense_classifier,20,"{""dense"": 20}","[[8, 1, 32, 400, 400]]","[[8, 1, 6, 400, 400]]",[8],8,819200000,102400000.0,25974527.5625,207796220.5,819200000,-17.033756256103516,14.462224960327148,0,,,,1.0,4915200000.0,4915200000.0,614400000.0,245760000.0,245760000.0,30720000.0,4915200000.0,245760000.0,0.0,0.0,0.0,4915200000.0,245760000.0,0.0,0.0,4915200000.0,245760000.0
middle,fp,fp,transformer1.atten.matmul,attention_matmul,dense,special:EffAttention,20,"{""dense"": 20}","[[1, 625, 288]]","[[1, 625, 288]]",[1],8,3600000,3600000.0,188733.55419921875,188733.55419921875,3600000,-1.1955136060714722,9.562822341918945,0,,,,1.0,560707200.0,560707200.0,560707200.0,28035360.0,28035360.0,28035360.0,560707200.0,28035360.0,0.0,0.0,0.0,560707200.0,28035360.0,0.0,0.0,560707200.0,28035360.0
middle,qat,int4,init_conv.0.conv,conv2d,dense,policy:raw_image_first_conv,20,"{""dense"": 20}","[[8, 1, 3, 400, 400]]","[[8, 1, 32, 400, 400]]",[8],8,76800000,9600000.0,7411175.6328125,59289405.0625,76800000,-2.1179039478302,2.640000104904175,0,,,,1.0,22118400000.0,22118400000.0,2764800000.0,1105920000.0,1105920000.0,138240000.0,22118400000.0,1105920000.0,0.0,0.0,0.0,22118400000.0,1105920000.0,0.0,0.0,22118400000.0,1105920000.0
middle,qat,int4,init_conv.1.conv,conv2d,spike,policy:later_init_convs,20,"{""spike"": 20}","[[8, 1, 32, 400, 400]]","[[8, 1, 64, 400, 400]]",[8],8,819200000,102400000.0,39776263.0,318210104.0,189653792,0.0,8.0,20,0.388440068359375,0.048555008544921875,0.048555008544921875,0.2315109765625,471859200000.0,471859200000.0,58982400000.0,23592960000.0,23592960000.0,2949120000.0,0.0,0.0,22911127488.0,1145556374.4,22911127488.0,22911127488.0,1145556374.4,0.0,0.0,22911127488.0,1145556374.4
middle,qat,int4,init_conv.2.conv,conv2d,spike,policy:later_init_convs,20,"{""spike"": 20}","[[8, 1, 64, 400, 400]]","[[8, 1, 64, 200, 200]]",[8],8,1638400000,204800000.0,42230784.0,337846272.0,278471344,0.0,8.0,20,0.206205,0.025775625,0.025775625,0.169965419921875,235929600000.0,235929600000.0,29491200000.0,11796480000.0,11796480000.0,1474560000.0,0.0,0.0,6081232896.0,304061644.8,6081232896.0,6081232896.0,304061644.8,0.0,0.0,6081232896.0,304061644.8
middle,qat,int4,downsample_1.conv3x3.conv,conv2d,dense,policy:small_middle_downsample_continuous_conv,20,"{""dense"": 20}","[[8, 1, 64, 200, 200]]","[[8, 1, 32, 100, 100]]",[8],8,409600000,51200000.0,30532537.125,244260297.0,409600000,-14.658675193786621,18.428207397460938,0,,,,1.0,29491200000.0,29491200000.0,3686400000.0,1474560000.0,1474560000.0,184320000.0,29491200000.0,1474560000.0,0.0,0.0,0.0,29491200000.0,1474560000.0,0.0,0.0,29491200000.0,1474560000.0
middle,qat,int4,downsample_1.conv,conv2d,spike,policy:small_middle_downsample_event_conv,20,"{""spike"": 20}","[[8, 1, 64, 200, 200]]","[[8, 1, 64, 200, 200]]",[8],8,409600000,51200000.0,14434327.0,115474616.0,95119792,0.0,8.0,20,0.28192044921875,0.03524005615234375,0.03524005615234375,0.2322260546875,235929600000.0,235929600000.0,29491200000.0,11796480000.0,11796480000.0,1474560000.0,0.0,0.0,8314172352.0,415708617.6,8314172352.0,8314172352.0,415708617.6,0.0,0.0,8314172352.0,415708617.6
middle,qat,int4,DAB_Block_1.DAB_Module_1_0.conv1x1_in.conv,conv2d,spike,policy:encoder_and_late_decoder_dab_convs,20,"{""spike"": 20}","[[8, 1, 96, 100, 100]]","[[8, 1, 48, 100, 100]]",[8],8,153600000,19200000.0,3682515.0,29460120.0,23105952,0.0,8.0,20,0.19179765625,0.02397470703125,0.02397470703125,0.150429375,7372800000.0,7372800000.0,921600000.0,368640000.0,368640000.0,46080000.0,0.0,0.0,176760720.0,8838036.0,176760720.0,176760720.0,8838036.0,0.0,0.0,176760720.0,8838036.0
middle,qat,int4,DAB_Block_1.DAB_Module_1_0.conv3x1.conv,conv2d,spike,policy:encoder_and_late_decoder_dab_convs,20,"{""spike"": 20}","[[8, 1, 48, 100, 100]]","[[8, 1, 48, 100, 100]]",[8],8,76800000,9600000.0,2907579.0,23260632.0,20272640,0.0,8.0,20,0.3028728125,0.0378591015625,0.0378591015625,0.2639666666666667,11059200000.0,11059200000.0,1382400000.0,552960000.0,552960000.0,69120000.0,0.0,0.0,418691376.0,20934568.8,418691376.0,418691376.0,20934568.8,0.0,0.0,418691376.0,20934568.8
middle,qat,int4,DAB_Block_1.DAB_Module_1_0.conv1x3.conv,conv2d,spike,policy:encoder_and_late_decoder_dab_convs,20,"{""spike"": 20}","[[8, 1, 48, 100, 100]]","[[8, 1, 48, 100, 100]]",[8],8,76800000,9600000.0,2041971.0,16335768.0,14805240,0.0,6.0,20,0.2127053125,0.0265881640625,0.0265881640625,0.1927765625,11059200000.0,11059200000.0,1382400000.0,552960000.0,552960000.0,69120000.0,0.0,0.0,294043824.0,14702191.2,294043824.0,294043824.0,14702191.2,0.0,0.0,294043824.0,14702191.2
middle,qat,int4,DAB_Block_1.DAB_Module_1_0.dconv3x1.conv,conv2d,spike,policy:encoder_and_late_decoder_dab_convs,20,"{""spike"": 20}","[[8, 1, 48, 100, 100]]","[[8, 1, 48, 100, 100]]",[8],8,76800000,9600000.0,3119010.0,24952080.0,20858408,0.0,8.0,20,0.324896875,0.040612109375,0.040612109375,0.27159385416666665,230400000.0,230400000.0,28800000.0,11520000.0,11520000.0,1440000.0,0.0,0.0,9357030.0,467851.5,9357030.0,9357030.0,467851.5,0.0,0.0,9357030.0,467851.5
middle,qat,int4,DAB_Block_1.DAB_Module_1_0.dconv1x3.conv,conv2d,spike,policy:encoder_and_late_decoder_dab_convs,20,"{""spike"": 20}","[[8, 1, 48, 100, 100]]","[[8, 1, 48, 100, 100]]",[8],8,76800000,9600000.0,741615.0,5932920.0,4356816,0.0,5.0,20,0.0772515625,0.0096564453125,0.0096564453125,0.056729375,230400000.0,230400000.0,28800000.0,11520000.0,11520000.0,1440000.0,0.0,0.0,2224845.0,111242.25,2224845.0,2224845.0,111242.25,0.0,0.0,2224845.0,111242.25
middle,qat,fp,DAB_Block_1.DAB_Module_1_0.ca11.conv,conv1d,dense,policy:eca_conv1d,20,"{""dense"": 20}","[[8, 1, 1, 48]]","[[8, 1, 1, 48]]",[8],8,7680,960.0,252.19269466400146,2017.5415573120117,2400,0.0,2.763700008392334,0,,,,0.3125,23040.0,23040.0,2880.0,1152.0,1152.0,144.0,23040.0,1152.0,0.0,0.0,0.0,23040.0,1152.0,0.0,0.0,23040.0,1152.0
middle,qat,int4,DAB_Block_1.DAB_Module_1_0.ddconv3x1.conv,conv2d,spike,policy:encoder_and_late_decoder_dab_convs,20,"{""spike"": 20}","[[8, 1, 48, 100, 100]]","[[8, 1, 48, 100, 100]]",[8],8,76800000,9600000.0,3119010.0,24952080.0,20858408,0.0,8.0,20,0.324896875,0.040612109375,0.040612109375,0.27159385416666665,230400000.0,230400000.0,28800000.0,11520000.0,11520000.0,1440000.0,0.0,0.0,9357030.0,467851.5,9357030.0,9357030.0,467851.5,0.0,0.0,9357030.0,467851.5
middle,qat,int4,DAB_Block_1.DAB_Module_1_0.ddconv1x3.conv,conv2d,spike,policy:encoder_and_late_decoder_dab_convs,20,"{""spike"": 20}","[[8, 1, 48, 100, 100]]","[[8, 1, 48, 100, 100]]",[8],8,76800000,9600000.0,1903199.0,15225592.0,11554776,0.0,6.0,20,0.19824989583333333,0.024781236979166666,0.024781236979166666,0.1504528125,230400000.0,230400000.0,28800000.0,11520000.0,11520000.0,1440000.0,0.0,0.0,5709597.0,285479.85,5709597.0,5709597.0,285479.85,0.0,0.0,5709597.0,285479.85
middle,qat,fp,DAB_Block_1.DAB_Module_1_0.ca22.conv,conv1d,dense,policy:eca_conv1d,20,"{""dense"": 20}","[[8, 1, 1, 48]]","[[8, 1, 1, 48]]",[8],8,7680,960.0,596.5586910247803,4772.469528198242,4152,0.0,3.661099910736084,0,,,,0.540625,23040.0,23040.0,2880.0,1152.0,1152.0,144.0,23040.0,1152.0,0.0,0.0,0.0,23040.0,1152.0,0.0,0.0,23040.0,1152.0
middle,qat,int4,DAB_Block_1.DAB_Module_1_0.conv1x1.conv,conv2d,spike,policy:encoder_and_late_decoder_dab_convs,20,"{""spike"": 20}","[[8, 1, 48, 100, 100]]","[[8, 1, 96, 100, 100]]",[8],8,76800000,9600000.0,8084169.0,64673352.0,34671496,0.0,12.0,20,0.8421009375,0.1052626171875,0.1052626171875,0.4514517708333333,7372800000.0,7372800000.0,921600000.0,368640000.0,368640000.0,46080000.0,0.0,0.0,776080224.0,38804011.2,776080224.0,776080224.0,38804011.2,0.0,0.0,776080224.0,38804011.2
middle,qat,int4,downsample_2.conv3x3.conv,conv2d,dense,policy:small_middle_downsample_continuous_conv,20,"{""dense"": 20}","[[8, 1, 96, 100, 100]]","[[8, 1, 96, 50, 50]]",[8],8,153600000,19200000.0,3257660.484375,26061283.875,153600000,-12.893392562866211,10.222188949584961,0,,,,1.0,33177600000.0,33177600000.0,4147200000.0,1658880000.0,1658880000.0,207360000.0,33177600000.0,1658880000.0,0.0,0.0,0.0,33177600000.0,1658880000.0,0.0,0.0,33177600000.0,1658880000.0
middle,qat,int4,downsample_2.conv,conv2d,spike,policy:small_middle_downsample_event_conv,20,"{""spike"": 20}","[[8, 1, 96, 100, 100]]","[[8, 1, 96, 100, 100]]",[8],8,153600000,19200000.0,4105902.0,32847216.0,28936864,0.0,8.0,20,0.2138490625,0.0267311328125,0.0267311328125,0.18839104166666668,132710400000.0,132710400000.0,16588800000.0,6635520000.0,6635520000.0,829440000.0,0.0,0.0,3547499328.0,177374966.4,3547499328.0,3547499328.0,177374966.4,0.0,0.0,3547499328.0,177374966.4
middle,qat,int4,DAB_Block_2.DAB_Module_2_0.conv1x1_in.conv,conv2d,spike,policy:encoder_and_late_decoder_dab_convs,20,"{""spike"": 20}","[[8, 1, 96, 50, 50]]","[[8, 1, 48, 50, 50]]",[8],8,38400000,4800000.0,390037.0,3120296.0,2501352,0.0,8.0,20,0.08125770833333333,0.010157213541666666,0.010157213541666666,0.065139375,1843200000.0,1843200000.0,230400000.0,92160000.0,92160000.0,11520000.0,0.0,0.0,18721776.0,936088.8,18721776.0,18721776.0,936088.8,0.0,0.0,18721776.0,936088.8
middle,qat,int4,DAB_Block_2.DAB_Module_2_0.conv3x1.conv,conv2d,spike,policy:encoder_and_late_decoder_dab_convs,20,"{""spike"": 20}","[[8, 1, 48, 50, 50]]","[[8, 1, 48, 50, 50]]",[8],8,19200000,2400000.0,377371.0,3018968.0,2655416,0.0,7.0,20,0.15723791666666667,0.019654739583333334,0.019654739583333334,0.13830291666666666,2764800000.0,2764800000.0,345600000.0,138240000.0,138240000.0,17280000.0,0.0,0.0,54341424.0,2717071.2,54341424.0,54341424.0,2717071.2,0.0,0.0,54341424.0,2717071.2
middle,qat,int4,DAB_Block_2.DAB_Module_2_0.conv1x3.conv,conv2d,spike,policy:encoder_and_late_decoder_dab_convs,20,"{""spike"": 20}","[[8, 1, 48, 50, 50]]","[[8, 1, 48, 50, 50]]",[8],8,19200000,2400000.0,315684.0,2525472.0,2233664,0.0,8.0,20,0.131535,0.016441875,0.016441875,0.11633666666666667,2764800000.0,2764800000.0,345600000.0,138240000.0,138240000.0,17280000.0,0.0,0.0,45458496.0,2272924.8,45458496.0,45458496.0,2272924.8,0.0,0.0,45458496.0,2272924.8
middle,qat,int4,DAB_Block_2.DAB_Module_2_0.dconv3x1.conv,conv2d,spike,policy:encoder_and_late_decoder_dab_convs,20,"{""spike"": 20}","[[8, 1, 48, 50, 50]]","[[8, 1, 48, 50, 50]]",[8],8,19200000,2400000.0,144448.0,1155584.0,1004472,0.0,7.0,20,0.060186666666666666,0.007523333333333333,0.007523333333333333,0.05231625,57600000.0,57600000.0,7200000.0,2880000.0,2880000.0,360000.0,0.0,0.0,433344.0,21667.2,433344.0,433344.0,21667.2,0.0,0.0,433344.0,21667.2
middle,qat,int4,DAB_Block_2.DAB_Module_2_0.dconv1x3.conv,conv2d,spike,policy:encoder_and_late_decoder_dab_convs,20,"{""spike"": 20}","[[8, 1, 48, 50, 50]]","[[8, 1, 48, 50, 50]]",[8],8,19200000,2400000.0,52786.0,422288.0,332816,0.0,8.0,20,0.021994166666666665,0.002749270833333333,0.002749270833333333,0.017334166666666668,57600000.0,57600000.0,7200000.0,2880000.0,2880000.0,360000.0,0.0,0.0,158358.0,7917.9,158358.0,158358.0,7917.9,0.0,0.0,158358.0,7917.9
middle,qat,fp,DAB_Block_2.DAB_Module_2_0.ca11.conv,conv1d,dense,policy:eca_conv1d,20,"{""dense"": 20}","[[8, 1, 1, 48]]","[[8, 1, 1, 48]]",[8],8,7680,960.0,46.28399884700775,370.271990776062,1584,0.0,0.9879999756813049,0,,,,0.20625,23040.0,23040.0,2880.0,1152.0,1152.0,144.0,23040.0,1152.0,0.0,0.0,0.0,23040.0,1152.0,0.0,0.0,23040.0,1152.0
middle,qat,int4,DAB_Block_2.DAB_Module_2_0.ddconv3x1.conv,conv2d,spike,policy:encoder_and_late_decoder_dab_convs,20,"{""spike"": 20}","[[8, 1, 48, 50, 50]]","[[8, 1, 48, 50, 50]]",[8],8,19200000,2400000.0,144448.0,1155584.0,1004472,0.0,7.0,20,0.060186666666666666,0.007523333333333333,0.007523333333333333,0.05231625,57600000.0,57600000.0,7200000.0,2880000.0,2880000.0,360000.0,0.0,0.0,433344.0,21667.2,433344.0,433344.0,21667.2,0.0,0.0,433344.0,21667.2
middle,qat,int4,DAB_Block_2.DAB_Module_2_0.ddconv1x3.conv,conv2d,spike,policy:encoder_and_late_decoder_dab_convs,20,"{""spike"": 20}","[[8, 1, 48, 50, 50]]","[[8, 1, 48, 50, 50]]",[8],8,19200000,2400000.0,13752.0,110016.0,83544,0.0,6.0,20,0.00573,0.00071625,0.00071625,0.00435125,57600000.0,57600000.0,7200000.0,2880000.0,2880000.0,360000.0,0.0,0.0,41256.0,2062.8,41256.0,41256.0,2062.8,0.0,0.0,41256.0,2062.8
middle,qat,fp,DAB_Block_2.DAB_Module_2_0.ca22.conv,conv1d,dense,policy:eca_conv1d,20,"{""dense"": 20}","[[8, 1, 1, 48]]","[[8, 1, 1, 48]]",[8],8,7680,960.0,13.596399575471878,108.77119660377502,624,0.0,0.9259999990463257,0,,,,0.08125,23040.0,23040.0,2880.0,1152.0,1152.0,144.0,23040.0,1152.0,0.0,0.0,0.0,23040.0,1152.0,0.0,0.0,23040.0,1152.0
middle,qat,int4,DAB_Block_2.DAB_Module_2_0.conv1x1.conv,conv2d,spike,policy:encoder_and_late_decoder_dab_convs,20,"{""spike"": 20}","[[8, 1, 48, 50, 50]]","[[8, 1, 96, 50, 50]]",[8],8,19200000,2400000.0,246646.0,1973168.0,1365488,0.0,12.0,20,0.10276916666666666,0.012846145833333333,0.012846145833333333,0.07111916666666666,1843200000.0,1843200000.0,230400000.0,92160000.0,92160000.0,11520000.0,0.0,0.0,23678016.0,1183900.8,23678016.0,23678016.0,1183900.8,0.0,0.0,23678016.0,1183900.8
middle,qat,int4,downsample_3.conv3x3.conv,conv2d,dense,policy:small_middle_downsample_continuous_conv,20,"{""dense"": 20}","[[8, 1, 96, 50, 50]]","[[8, 1, 32, 25, 25]]",[8],8,38400000,4800000.0,321050.8681640625,2568406.9453125,38400000,-12.070605278015137,6.8965678215026855,0,,,,1.0,2764800000.0,2764800000.0,345600000.0,138240000.0,138240000.0,17280000.0,2764800000.0,138240000.0,0.0,0.0,0.0,2764800000.0,138240000.0,0.0,0.0,2764800000.0,138240000.0
middle,qat,int4,downsample_3.conv,conv2d,spike,policy:small_middle_downsample_event_conv,20,"{""spike"": 20}","[[8, 1, 96, 50, 50]]","[[8, 1, 96, 50, 50]]",[8],8,38400000,4800000.0,352642.0,2821136.0,2484464,0.0,7.0,20,0.07346708333333334,0.009183385416666667,0.009183385416666667,0.06469958333333334,33177600000.0,33177600000.0,4147200000.0,1658880000.0,1658880000.0,207360000.0,0.0,0.0,304682688.0,15234134.4,304682688.0,304682688.0,15234134.4,0.0,0.0,304682688.0,15234134.4
middle,qat,int4,DAB_Block_3.DAB_Module_3_0.conv1x1_in.conv,conv2d,spike,policy:encoder_and_late_decoder_dab_convs,20,"{""spike"": 20}","[[8, 1, 32, 25, 25]]","[[8, 1, 16, 25, 25]]",[8],8,3200000,400000.0,66778.0,534224.0,334856,0.0,8.0,20,0.166945,0.020868125,0.020868125,0.1046425,51200000.0,51200000.0,6400000.0,2560000.0,2560000.0,320000.0,0.0,0.0,1068448.0,53422.4,1068448.0,1068448.0,53422.4,0.0,0.0,1068448.0,53422.4
middle,qat,int4,DAB_Block_3.DAB_Module_3_0.conv3x1.conv,conv2d,spike,policy:encoder_and_late_decoder_dab_convs,20,"{""spike"": 20}","[[8, 1, 16, 25, 25]]","[[8, 1, 16, 25, 25]]",[8],8,1600000,200000.0,52755.0,422040.0,361760,0.0,6.0,20,0.263775,0.032971875,0.032971875,0.2261,76800000.0,76800000.0,9600000.0,3840000.0,3840000.0,480000.0,0.0,0.0,2532240.0,126612.0,2532240.0,2532240.0,126612.0,0.0,0.0,2532240.0,126612.0
middle,qat,int4,DAB_Block_3.DAB_Module_3_0.conv1x3.conv,conv2d,spike,policy:encoder_and_late_decoder_dab_convs,20,"{""spike"": 20}","[[8, 1, 16, 25, 25]]","[[8, 1, 16, 25, 25]]",[8],8,1600000,200000.0,40602.0,324816.0,276264,0.0,8.0,20,0.20301,0.02537625,0.02537625,0.172665,76800000.0,76800000.0,9600000.0,3840000.0,3840000.0,480000.0,0.0,0.0,1948896.0,97444.8,1948896.0,1948896.0,97444.8,0.0,0.0,1948896.0,97444.8
middle,qat,int4,DAB_Block_3.DAB_Module_3_0.dconv3x1.conv,conv2d,spike,policy:encoder_and_late_decoder_dab_convs,20,"{""spike"": 20}","[[8, 1, 16, 25, 25]]","[[8, 1, 16, 25, 25]]",[8],8,1600000,200000.0,34879.0,279032.0,217000,0.0,8.0,20,0.174395,0.021799375,0.021799375,0.135625,4800000.0,4800000.0,600000.0,240000.0,240000.0,30000.0,0.0,0.0,104637.0,5231.85,104637.0,104637.0,5231.85,0.0,0.0,104637.0,5231.85
middle,qat,int4,DAB_Block_3.DAB_Module_3_0.dconv1x3.conv,conv2d,spike,policy:encoder_and_late_decoder_dab_convs,20,"{""spike"": 20}","[[8, 1, 16, 25, 25]]","[[8, 1, 16, 25, 25]]",[8],8,1600000,200000.0,8087.0,64696.0,54432,0.0,5.0,20,0.040435,0.005054375,0.005054375,0.03402,4800000.0,4800000.0,600000.0,240000.0,240000.0,30000.0,0.0,0.0,24261.0,1213.05,24261.0,24261.0,1213.05,0.0,0.0,24261.0,1213.05
middle,qat,fp,DAB_Block_3.DAB_Module_3_0.ca11.conv,conv1d,dense,policy:eca_conv1d,20,"{""dense"": 20}","[[8, 1, 1, 16]]","[[8, 1, 1, 16]]",[8],8,2560,320.0,30.697599321603775,245.5807945728302,480,0.0,1.806399941444397,0,,,,0.1875,7680.0,7680.0,960.0,384.0,384.0,48.0,7680.0,384.0,0.0,0.0,0.0,7680.0,384.0,0.0,0.0,7680.0,384.0
middle,qat,int4,DAB_Block_3.DAB_Module_3_0.ddconv3x1.conv,conv2d,spike,policy:encoder_and_late_decoder_dab_convs,20,"{""spike"": 20}","[[8, 1, 16, 25, 25]]","[[8, 1, 16, 25, 25]]",[8],8,1600000,200000.0,34879.0,279032.0,217000,0.0,8.0,20,0.174395,0.021799375,0.021799375,0.135625,4800000.0,4800000.0,600000.0,240000.0,240000.0,30000.0,0.0,0.0,104637.0,5231.85,104637.0,104637.0,5231.85,0.0,0.0,104637.0,5231.85
middle,qat,int4,DAB_Block_3.DAB_Module_3_0.ddconv1x3.conv,conv2d,spike,policy:encoder_and_late_decoder_dab_convs,20,"{""spike"": 20}","[[8, 1, 16, 25, 25]]","[[8, 1, 16, 25, 25]]",[8],8,1600000,200000.0,11968.0,95744.0,73336,0.0,8.0,20,0.05984,0.00748,0.00748,0.045835,4800000.0,4800000.0,600000.0,240000.0,240000.0,30000.0,0.0,0.0,35904.0,1795.2,35904.0,35904.0,1795.2,0.0,0.0,35904.0,1795.2
middle,qat,fp,DAB_Block_3.DAB_Module_3_0.ca22.conv,conv1d,dense,policy:eca_conv1d,20,"{""dense"": 20}","[[8, 1, 1, 16]]","[[8, 1, 1, 16]]",[8],8,2560,320.0,46.38399934768677,371.07199478149414,624,0.0,2.473599910736084,0,,,,0.24375,7680.0,7680.0,960.0,384.0,384.0,48.0,7680.0,384.0,0.0,0.0,0.0,7680.0,384.0,0.0,0.0,7680.0,384.0
middle,qat,int4,DAB_Block_3.DAB_Module_3_0.conv1x1.conv,conv2d,spike,policy:encoder_and_late_decoder_dab_convs,20,"{""spike"": 20}","[[8, 1, 16, 25, 25]]","[[8, 1, 32, 25, 25]]",[8],8,1600000,200000.0,70854.0,566832.0,313192,0.0,15.0,20,0.35427,0.04428375,0.04428375,0.195745,51200000.0,51200000.0,6400000.0,2560000.0,2560000.0,320000.0,0.0,0.0,2267328.0,113366.4,2267328.0,2267328.0,113366.4,0.0,0.0,2267328.0,113366.4
middle,qat,int4,transformer1.atten.reduce,linear,dense,policy:transformer_linears,20,"{""dense"": 20}","[[1, 625, 288]]","[[1, 625, 144]]",[1],8,3600000,3600000.0,179084.52099609375,179084.52099609375,3599997,-1.0257428884506226,7.983486652374268,0,,,,0.9999991666666667,518400000.0,518400000.0,518400000.0,25920000.0,25920000.0,25920000.0,518400000.0,25920000.0,0.0,0.0,0.0,518400000.0,25920000.0,0.0,0.0,518400000.0,25920000.0
middle,qat,int4,transformer1.atten.qkv,linear,dense,policy:transformer_linears,20,"{""dense"": 20}","[[1, 625, 144]]","[[1, 625, 432]]",[1],8,1800000,1800000.0,181343.65283203125,181343.65283203125,337499,-5.878302097320557,6.2128448486328125,0,,,,0.18749944444444444,777600000.0,777600000.0,777600000.0,38880000.0,38880000.0,38880000.0,777600000.0,38880000.0,0.0,0.0,0.0,777600000.0,38880000.0,0.0,0.0,777600000.0,38880000.0
middle,qat,int4,transformer1.atten.proj,linear,dense,policy:transformer_linears,20,"{""dense"": 20}","[[1, 625, 144]]","[[1, 625, 288]]",[1],8,1800000,1800000.0,105044.63027954102,105044.63027954102,99998,-10.515654563903809,9.46249008178711,0,,,,0.05555444444444444,518400000.0,518400000.0,518400000.0,25920000.0,25920000.0,25920000.0,518400000.0,25920000.0,0.0,0.0,0.0,518400000.0,25920000.0,0.0,0.0,518400000.0,25920000.0
middle,qat,int4,transformer1.mlp.fc1,linear,dense,policy:transformer_linears,20,"{""dense"": 20}","[[1, 625, 288]]","[[1, 625, 72]]",[1],8,3600000,3600000.0,1.079517289027015e-34,1.079517289027015e-34,3599985,-2.9402885157541907e-40,3.759123260397754e-40,20,,,,0.9999958333333333,259200000.0,259200000.0,259200000.0,12960000.0,12960000.0,12960000.0,259200000.0,12960000.0,0.0,0.0,0.0,259200000.0,12960000.0,0.0,0.0,259200000.0,12960000.0
middle,qat,int4,transformer1.mlp.fc2,linear,dense,policy:transformer_linears,20,"{""dense"": 20}","[[1, 625, 72]]","[[1, 625, 288]]",[1],8,900000,900000.0,8.422504419824313e-37,8.422504419824313e-37,25000,0.0,6.295473480825673e-41,20,,,,0.027777777777777776,259200000.0,259200000.0,259200000.0,12960000.0,12960000.0,12960000.0,259200000.0,12960000.0,0.0,0.0,0.0,259200000.0,12960000.0,0.0,0.0,259200000.0,12960000.0
middle,qat,int4,DAB_Block_4.DAB_Module_4_0.conv1x1_in.conv,conv2d,dense,policy:transformer_decoder_entry,20,"{""dense"": 20}","[[8, 1, 32, 25, 25]]","[[8, 1, 16, 25, 25]]",[8],8,3200000,400000.0,1165062.4296875,9320499.4375,3200000,-21.184961318969727,45.0,0,,,,1.0,51200000.0,51200000.0,6400000.0,2560000.0,2560000.0,320000.0,51200000.0,2560000.0,0.0,0.0,0.0,51200000.0,2560000.0,0.0,0.0,51200000.0,2560000.0
middle,qat,int4,DAB_Block_4.DAB_Module_4_0.conv3x1.conv,conv2d,spike,policy:transformer_decoder_internal_event_convs,20,"{""spike"": 20}","[[8, 1, 16, 25, 25]]","[[8, 1, 16, 25, 25]]",[8],8,1600000,200000.0,0.0,0.0,0,0.0,0.0,20,0.0,0.0,0.0,0.0,76800000.0,76800000.0,9600000.0,3840000.0,3840000.0,480000.0,0.0,0.0,0.0,0.0,0.0,0.0,0.0,0.0,0.0,0.0,0.0
middle,qat,int4,DAB_Block_4.DAB_Module_4_0.conv1x3.conv,conv2d,spike,policy:transformer_decoder_internal_event_convs,20,"{""spike"": 20}","[[8, 1, 16, 25, 25]]","[[8, 1, 16, 25, 25]]",[8],8,1600000,200000.0,0.0,0.0,0,0.0,0.0,20,0.0,0.0,0.0,0.0,76800000.0,76800000.0,9600000.0,3840000.0,3840000.0,480000.0,0.0,0.0,0.0,0.0,0.0,0.0,0.0,0.0,0.0,0.0,0.0
middle,qat,int4,DAB_Block_4.DAB_Module_4_0.dconv3x1.conv,conv2d,spike,policy:transformer_decoder_internal_event_convs,20,"{""spike"": 20}","[[8, 1, 16, 25, 25]]","[[8, 1, 16, 25, 25]]",[8],8,1600000,200000.0,0.0,0.0,0,0.0,0.0,20,0.0,0.0,0.0,0.0,4800000.0,4800000.0,600000.0,240000.0,240000.0,30000.0,0.0,0.0,0.0,0.0,0.0,0.0,0.0,0.0,0.0,0.0,0.0
middle,qat,int4,DAB_Block_4.DAB_Module_4_0.dconv1x3.conv,conv2d,spike,policy:transformer_decoder_internal_event_convs,20,"{""spike"": 20}","[[8, 1, 16, 25, 25]]","[[8, 1, 16, 25, 25]]",[8],8,1600000,200000.0,0.0,0.0,0,0.0,0.0,20,0.0,0.0,0.0,0.0,4800000.0,4800000.0,600000.0,240000.0,240000.0,30000.0,0.0,0.0,0.0,0.0,0.0,0.0,0.0,0.0,0.0,0.0,0.0
middle,qat,fp,DAB_Block_4.DAB_Module_4_0.ca11.conv,conv1d,dense,policy:eca_conv1d,20,"{""dense"": 20}","[[8, 1, 1, 16]]","[[8, 1, 1, 16]]",[8],8,2560,320.0,0.0,0.0,0,0.0,0.0,20,,,,0.0,7680.0,7680.0,960.0,384.0,384.0,48.0,7680.0,384.0,0.0,0.0,0.0,7680.0,384.0,0.0,0.0,7680.0,384.0
middle,qat,int4,DAB_Block_4.DAB_Module_4_0.ddconv3x1.conv,conv2d,spike,policy:transformer_decoder_internal_event_convs,20,"{""spike"": 20}","[[8, 1, 16, 25, 25]]","[[8, 1, 16, 25, 25]]",[8],8,1600000,200000.0,0.0,0.0,0,0.0,0.0,20,0.0,0.0,0.0,0.0,4800000.0,4800000.0,600000.0,240000.0,240000.0,30000.0,0.0,0.0,0.0,0.0,0.0,0.0,0.0,0.0,0.0,0.0,0.0
middle,qat,int4,DAB_Block_4.DAB_Module_4_0.ddconv1x3.conv,conv2d,spike,policy:transformer_decoder_internal_event_convs,20,"{""spike"": 20}","[[8, 1, 16, 25, 25]]","[[8, 1, 16, 25, 25]]",[8],8,1600000,200000.0,0.0,0.0,0,0.0,0.0,20,0.0,0.0,0.0,0.0,4800000.0,4800000.0,600000.0,240000.0,240000.0,30000.0,0.0,0.0,0.0,0.0,0.0,0.0,0.0,0.0,0.0,0.0,0.0
middle,qat,fp,DAB_Block_4.DAB_Module_4_0.ca22.conv,conv1d,dense,policy:eca_conv1d,20,"{""dense"": 20}","[[8, 1, 1, 16]]","[[8, 1, 1, 16]]",[8],8,2560,320.0,0.0,0.0,0,0.0,0.0,20,,,,0.0,7680.0,7680.0,960.0,384.0,384.0,48.0,7680.0,384.0,0.0,0.0,0.0,7680.0,384.0,0.0,0.0,7680.0,384.0
middle,qat,int4,DAB_Block_4.DAB_Module_4_0.conv1x1.conv,conv2d,spike,policy:transformer_decoder_internal_event_convs,20,"{""spike"": 20}","[[8, 1, 16, 25, 25]]","[[8, 1, 32, 25, 25]]",[8],8,1600000,200000.0,0.0,0.0,0,0.0,0.0,20,0.0,0.0,0.0,0.0,51200000.0,51200000.0,6400000.0,2560000.0,2560000.0,320000.0,0.0,0.0,0.0,0.0,0.0,0.0,0.0,0.0,0.0,0.0,0.0
middle,qat,int4,upsample_1.conv,conv_transpose2d,spike,policy:upsample_event_convs,20,"{""spike"": 20}","[[8, 1, 32, 25, 25]]","[[8, 1, 32, 50, 50]]",[8],8,3200000,400000.0,214166.0,1713328.0,980752,0.0,11.0,20,0.535415,0.066926875,0.066926875,0.306485,921600000.0,921600000.0,115200000.0,46080000.0,46080000.0,5760000.0,0.0,0.0,61679808.0,3083990.4,61679808.0,61679808.0,3083990.4,0.0,0.0,61679808.0,3083990.4
middle,qat,int4,DAB_Block_5.DAB_Module_5_0.conv1x1_in.conv,conv2d,spike,policy:encoder_and_late_decoder_dab_convs,20,"{""spike"": 20}","[[8, 1, 32, 50, 50]]","[[8, 1, 16, 50, 50]]",[8],8,12800000,1600000.0,432842.0,3462736.0,3096760,0.0,7.0,20,0.27052625,0.03381578125,0.03381578125,0.241934375,204800000.0,204800000.0,25600000.0,10240000.0,10240000.0,1280000.0,0.0,0.0,6925472.0,346273.6,6925472.0,6925472.0,346273.6,0.0,0.0,6925472.0,346273.6
middle,qat,int4,DAB_Block_5.DAB_Module_5_0.conv3x1.conv,conv2d,spike,policy:encoder_and_late_decoder_dab_convs,20,"{""spike"": 20}","[[8, 1, 16, 50, 50]]","[[8, 1, 16, 50, 50]]",[8],8,6400000,800000.0,160868.0,1286944.0,1131680,0.0,6.0,20,0.201085,0.025135625,0.025135625,0.176825,307200000.0,307200000.0,38400000.0,15360000.0,15360000.0,1920000.0,0.0,0.0,7721664.0,386083.2,7721664.0,7721664.0,386083.2,0.0,0.0,7721664.0,386083.2
middle,qat,int4,DAB_Block_5.DAB_Module_5_0.conv1x3.conv,conv2d,spike,policy:encoder_and_late_decoder_dab_convs,20,"{""spike"": 20}","[[8, 1, 16, 50, 50]]","[[8, 1, 16, 50, 50]]",[8],8,6400000,800000.0,126970.0,1015760.0,904880,0.0,5.0,20,0.1587125,0.0198390625,0.0198390625,0.1413875,307200000.0,307200000.0,38400000.0,15360000.0,15360000.0,1920000.0,0.0,0.0,6094560.0,304728.0,6094560.0,6094560.0,304728.0,0.0,0.0,6094560.0,304728.0
middle,qat,int4,DAB_Block_5.DAB_Module_5_0.dconv3x1.conv,conv2d,spike,policy:encoder_and_late_decoder_dab_convs,20,"{""spike"": 20}","[[8, 1, 16, 50, 50]]","[[8, 1, 16, 50, 50]]",[8],8,6400000,800000.0,144190.0,1153520.0,965904,0.0,8.0,20,0.1802375,0.0225296875,0.0225296875,0.1509225,19200000.0,19200000.0,2400000.0,960000.0,960000.0,120000.0,0.0,0.0,432570.0,21628.5,432570.0,432570.0,21628.5,0.0,0.0,432570.0,21628.5
middle,qat,int4,DAB_Block_5.DAB_Module_5_0.dconv1x3.conv,conv2d,spike,policy:encoder_and_late_decoder_dab_convs,20,"{""spike"": 20}","[[8, 1, 16, 50, 50]]","[[8, 1, 16, 50, 50]]",[8],8,6400000,800000.0,90096.0,720768.0,634848,0.0,7.0,20,0.11262,0.0140775,0.0140775,0.099195,19200000.0,19200000.0,2400000.0,960000.0,960000.0,120000.0,0.0,0.0,270288.0,13514.4,270288.0,270288.0,13514.4,0.0,0.0,270288.0,13514.4
middle,qat,fp,DAB_Block_5.DAB_Module_5_0.ca11.conv,conv1d,dense,policy:eca_conv1d,20,"{""dense"": 20}","[[8, 1, 1, 16]]","[[8, 1, 1, 16]]",[8],8,2560,320.0,79.36839866638184,634.9471893310547,792,0.0,4.461599826812744,0,,,,0.309375,7680.0,7680.0,960.0,384.0,384.0,48.0,7680.0,384.0,0.0,0.0,0.0,7680.0,384.0,0.0,0.0,7680.0,384.0
middle,qat,int4,DAB_Block_5.DAB_Module_5_0.ddconv3x1.conv,conv2d,spike,policy:encoder_and_late_decoder_dab_convs,20,"{""spike"": 20}","[[8, 1, 16, 50, 50]]","[[8, 1, 16, 50, 50]]",[8],8,6400000,800000.0,144190.0,1153520.0,965904,0.0,8.0,20,0.1802375,0.0225296875,0.0225296875,0.1509225,19200000.0,19200000.0,2400000.0,960000.0,960000.0,120000.0,0.0,0.0,432570.0,21628.5,432570.0,432570.0,21628.5,0.0,0.0,432570.0,21628.5
middle,qat,int4,DAB_Block_5.DAB_Module_5_0.ddconv1x3.conv,conv2d,spike,policy:encoder_and_late_decoder_dab_convs,20,"{""spike"": 20}","[[8, 1, 16, 50, 50]]","[[8, 1, 16, 50, 50]]",[8],8,6400000,800000.0,20307.0,162456.0,102384,0.0,6.0,20,0.02538375,0.00317296875,0.00317296875,0.0159975,19200000.0,19200000.0,2400000.0,960000.0,960000.0,120000.0,0.0,0.0,60921.0,3046.05,60921.0,60921.0,3046.05,0.0,0.0,60921.0,3046.05
middle,qat,fp,DAB_Block_5.DAB_Module_5_0.ca22.conv,conv1d,dense,policy:eca_conv1d,20,"{""dense"": 20}","[[8, 1, 1, 16]]","[[8, 1, 1, 16]]",[8],8,2560,320.0,19.49239950813353,155.93919606506824,160,0.0,4.397200107574463,0,,,,0.0625,7680.0,7680.0,960.0,384.0,384.0,48.0,7680.0,384.0,0.0,0.0,0.0,7680.0,384.0,0.0,0.0,7680.0,384.0
middle,qat,int4,DAB_Block_5.DAB_Module_5_0.conv1x1.conv,conv2d,spike,policy:encoder_and_late_decoder_dab_convs,20,"{""spike"": 20}","[[8, 1, 16, 50, 50]]","[[8, 1, 32, 50, 50]]",[8],8,6400000,800000.0,303921.0,2431368.0,1312312,0.0,15.0,20,0.37990125,0.04748765625,0.04748765625,0.20504875,204800000.0,204800000.0,25600000.0,10240000.0,10240000.0,1280000.0,0.0,0.0,9725472.0,486273.6,9725472.0,9725472.0,486273.6,0.0,0.0,9725472.0,486273.6
middle,qat,int4,upsample_2.conv,conv_transpose2d,spike,policy:upsample_event_convs,20,"{""spike"": 20}","[[8, 1, 32, 50, 50]]","[[8, 1, 32, 100, 100]]",[8],8,12800000,1600000.0,1421491.0,11371928.0,5822432,0.0,16.0,20,0.888431875,0.111053984375,0.111053984375,0.4548775,3686400000.0,3686400000.0,460800000.0,184320000.0,184320000.0,23040000.0,0.0,0.0,409389408.0,20469470.4,409389408.0,409389408.0,20469470.4,0.0,0.0,409389408.0,20469470.4
middle,qat,int4,DAB_Block_6.DAB_Module_6_0.conv1x1_in.conv,conv2d,spike,policy:encoder_and_late_decoder_dab_convs,20,"{""spike"": 20}","[[8, 1, 32, 100, 100]]","[[8, 1, 16, 100, 100]]",[8],8,51200000,6400000.0,3186153.0,25489224.0,22839912,0.0,6.0,20,0.49783640625,0.06222955078125,0.06222955078125,0.44609203125,819200000.0,819200000.0,102400000.0,40960000.0,40960000.0,5120000.0,0.0,0.0,50978448.0,2548922.4,50978448.0,50978448.0,2548922.4,0.0,0.0,50978448.0,2548922.4
middle,qat,int4,DAB_Block_6.DAB_Module_6_0.conv3x1.conv,conv2d,spike,policy:encoder_and_late_decoder_dab_convs,20,"{""spike"": 20}","[[8, 1, 16, 100, 100]]","[[8, 1, 16, 100, 100]]",[8],8,25600000,3200000.0,919927.0,7359416.0,5892048,0.0,6.0,20,0.2874771875,0.0359346484375,0.0359346484375,0.230158125,1228800000.0,1228800000.0,153600000.0,61440000.0,61440000.0,7680000.0,0.0,0.0,44156496.0,2207824.8,44156496.0,44156496.0,2207824.8,0.0,0.0,44156496.0,2207824.8
middle,qat,int4,DAB_Block_6.DAB_Module_6_0.conv1x3.conv,conv2d,spike,policy:encoder_and_late_decoder_dab_convs,20,"{""spike"": 20}","[[8, 1, 16, 100, 100]]","[[8, 1, 16, 100, 100]]",[8],8,25600000,3200000.0,911811.0,7294488.0,5687528,0.0,7.0,20,0.2849409375,0.0356176171875,0.0356176171875,0.2221690625,1228800000.0,1228800000.0,153600000.0,61440000.0,61440000.0,7680000.0,0.0,0.0,43766928.0,2188346.4,43766928.0,43766928.0,2188346.4,0.0,0.0,43766928.0,2188346.4
middle,qat,int4,DAB_Block_6.DAB_Module_6_0.dconv3x1.conv,conv2d,spike,policy:encoder_and_late_decoder_dab_convs,20,"{""spike"": 20}","[[8, 1, 16, 100, 100]]","[[8, 1, 16, 100, 100]]",[8],8,25600000,3200000.0,735805.0,5886440.0,3709056,0.0,8.0,20,0.2299390625,0.0287423828125,0.0287423828125,0.144885,76800000.0,76800000.0,9600000.0,3840000.0,3840000.0,480000.0,0.0,0.0,2207415.0,110370.75,2207415.0,2207415.0,110370.75,0.0,0.0,2207415.0,110370.75
middle,qat,int4,DAB_Block_6.DAB_Module_6_0.dconv1x3.conv,conv2d,spike,policy:encoder_and_late_decoder_dab_convs,20,"{""spike"": 20}","[[8, 1, 16, 100, 100]]","[[8, 1, 16, 100, 100]]",[8],8,25600000,3200000.0,0.0,0.0,0,0.0,0.0,20,0.0,0.0,0.0,0.0,76800000.0,76800000.0,9600000.0,3840000.0,3840000.0,480000.0,0.0,0.0,0.0,0.0,0.0,0.0,0.0,0.0,0.0,0.0,0.0
middle,qat,fp,DAB_Block_6.DAB_Module_6_0.ca11.conv,conv1d,dense,policy:eca_conv1d,20,"{""dense"": 20}","[[8, 1, 1, 16]]","[[8, 1, 1, 16]]",[8],8,2560,320.0,0.0,0.0,0,0.0,0.0,20,,,,0.0,7680.0,7680.0,960.0,384.0,384.0,48.0,7680.0,384.0,0.0,0.0,0.0,7680.0,384.0,0.0,0.0,7680.0,384.0
middle,qat,int4,DAB_Block_6.DAB_Module_6_0.ddconv3x1.conv,conv2d,spike,policy:encoder_and_late_decoder_dab_convs,20,"{""spike"": 20}","[[8, 1, 16, 100, 100]]","[[8, 1, 16, 100, 100]]",[8],8,25600000,3200000.0,735805.0,5886440.0,3709056,0.0,8.0,20,0.2299390625,0.0287423828125,0.0287423828125,0.144885,76800000.0,76800000.0,9600000.0,3840000.0,3840000.0,480000.0,0.0,0.0,2207415.0,110370.75,2207415.0,2207415.0,110370.75,0.0,0.0,2207415.0,110370.75
middle,qat,int4,DAB_Block_6.DAB_Module_6_0.ddconv1x3.conv,conv2d,spike,policy:encoder_and_late_decoder_dab_convs,20,"{""spike"": 20}","[[8, 1, 16, 100, 100]]","[[8, 1, 16, 100, 100]]",[8],8,25600000,3200000.0,404914.0,3239312.0,2308192,0.0,7.0,20,0.126535625,0.015816953125,0.015816953125,0.09016375,76800000.0,76800000.0,9600000.0,3840000.0,3840000.0,480000.0,0.0,0.0,1214742.0,60737.1,1214742.0,1214742.0,60737.1,0.0,0.0,1214742.0,60737.1
middle,qat,fp,DAB_Block_6.DAB_Module_6_0.ca22.conv,conv1d,dense,policy:eca_conv1d,20,"{""dense"": 20}","[[8, 1, 1, 16]]","[[8, 1, 1, 16]]",[8],8,2560,320.0,92.38479769229889,739.0783815383911,640,0.0,4.1153998374938965,0,,,,0.25,7680.0,7680.0,960.0,384.0,384.0,48.0,7680.0,384.0,0.0,0.0,0.0,7680.0,384.0,0.0,0.0,7680.0,384.0
middle,qat,int4,DAB_Block_6.DAB_Module_6_0.conv1x1.conv,conv2d,spike,policy:encoder_and_late_decoder_dab_convs,20,"{""spike"": 20}","[[8, 1, 16, 100, 100]]","[[8, 1, 32, 100, 100]]",[8],8,25600000,3200000.0,1591980.0,12735840.0,4694672,0.0,16.0,20,0.49749375,0.06218671875,0.06218671875,0.183385625,819200000.0,819200000.0,102400000.0,40960000.0,40960000.0,5120000.0,0.0,0.0,50943360.0,2547168.0,50943360.0,50943360.0,2547168.0,0.0,0.0,50943360.0,2547168.0
middle,qat,int4,upsample_3.conv,conv_transpose2d,spike,policy:upsample_event_convs,20,"{""spike"": 20}","[[8, 1, 32, 100, 100]]","[[8, 1, 32, 200, 200]]",[8],8,51200000,6400000.0,7984845.0,63878760.0,27911920,0.0,15.0,20,1.24763203125,0.15595400390625,0.15595400390625,0.5451546875,14745600000.0,14745600000.0,1843200000.0,737280000.0,737280000.0,92160000.0,0.0,0.0,2299635360.0,114981768.0,2299635360.0,2299635360.0,114981768.0,0.0,0.0,2299635360.0,114981768.0
middle,qat,int4,PA3.conv,conv2d,dense,policy:optional_pixel_attention,0,{},[],[],[],8,0,0.0,0.0,0.0,0,,,0,,,,,0.0,0.0,0.0,0.0,0.0,0.0,0.0,0.0,0.0,0.0,0.0,0.0,0.0,0.0,0.0,0.0,0.0
middle,qat,int4,LC1.dconv3x1,conv2d,spike,policy:long_connection_event_entry,20,"{""spike"": 20}","[[8, 1, 96, 100, 100]]","[[8, 1, 48, 100, 100]]",[8],8,153600000,19200000.0,4105902.0,32847216.0,28936864,0.0,8.0,20,0.2138490625,0.0267311328125,0.0267311328125,0.18839104166666668,22118400000.0,22118400000.0,2764800000.0,1105920000.0,1105920000.0,138240000.0,0.0,0.0,591249888.0,29562494.4,591249888.0,591249888.0,29562494.4,0.0,0.0,591249888.0,29562494.4
middle,qat,int4,LC1.dconv1x3,conv2d,dense,policy:long_connection_continuous_second_conv,20,"{""dense"": 20}","[[8, 1, 48, 100, 100]]","[[8, 1, 32, 100, 100]]",[8],8,76800000,9600000.0,2647743.8984375,21181951.1875,76800000,-9.651750564575195,9.070561408996582,0,,,,1.0,7372800000.0,7372800000.0,921600000.0,368640000.0,368640000.0,46080000.0,7372800000.0,368640000.0,0.0,0.0,0.0,7372800000.0,368640000.0,0.0,0.0,7372800000.0,368640000.0
middle,qat,int4,LC2.dconv3x1,conv2d,spike,policy:long_connection_event_entry,20,"{""spike"": 20}","[[8, 1, 96, 50, 50]]","[[8, 1, 48, 50, 50]]",[8],8,38400000,4800000.0,352642.0,2821136.0,2484464,0.0,7.0,20,0.07346708333333334,0.009183385416666667,0.009183385416666667,0.06469958333333334,5529600000.0,5529600000.0,691200000.0,276480000.0,276480000.0,34560000.0,0.0,0.0,50780448.0,2539022.4,50780448.0,50780448.0,2539022.4,0.0,0.0,50780448.0,2539022.4
middle,qat,int4,LC2.dconv1x3,conv2d,dense,policy:long_connection_continuous_second_conv,20,"{""dense"": 20}","[[8, 1, 48, 50, 50]]","[[8, 1, 32, 50, 50]]",[8],8,19200000,2400000.0,250219.2919921875,2001754.3359375,19200000,-4.686215400695801,3.3131039142608643,0,,,,1.0,1843200000.0,1843200000.0,230400000.0,92160000.0,92160000.0,11520000.0,1843200000.0,92160000.0,0.0,0.0,0.0,1843200000.0,92160000.0,0.0,0.0,1843200000.0,92160000.0
middle,qat,int4,LC3.dconv3x1,conv2d,spike,policy:long_connection_event_entry,20,"{""spike"": 20}","[[1, 1, 32, 25, 25]]","[[1, 1, 16, 25, 25]]",[1],8,400000,400000.0,94493.0,94493.0,82632,0.0,5.0,20,0.2362325,0.0295290625,0.2362325,0.20658,19200000.0,19200000.0,19200000.0,960000.0,960000.0,960000.0,0.0,0.0,4535664.0,226783.2,4535664.0,4535664.0,226783.2,0.0,0.0,4535664.0,226783.2
middle,qat,int4,LC3.dconv1x3,conv2d,dense,policy:long_connection_continuous_second_conv,20,"{""dense"": 20}","[[1, 1, 16, 25, 25]]","[[1, 1, 32, 25, 25]]",[1],8,200000,200000.0,37372.85223388672,37372.85223388672,200000,-2.6256299018859863,5.639853000640869,0,,,,1.0,19200000.0,19200000.0,19200000.0,960000.0,960000.0,960000.0,19200000.0,960000.0,0.0,0.0,0.0,19200000.0,960000.0,0.0,0.0,19200000.0,960000.0
middle,qat,int4,final_conv,conv2d,spike,policy:final_event_conv,20,"{""spike"": 20}","[[8, 1, 32, 200, 200]]","[[8, 1, 32, 200, 200]]",[8],8,204800000,25600000.0,5904370.0,47234960.0,38984368,0.0,7.0,20,0.230639453125,0.028829931640625,0.028829931640625,0.190353359375,58982400000.0,58982400000.0,7372800000.0,2949120000.0,2949120000.0,368640000.0,0.0,0.0,1700458560.0,85022928.0,1700458560.0,1700458560.0,85022928.0,0.0,0.0,1700458560.0,85022928.0
middle,qat,int4,classifier.0.conv,conv2d,dense,policy:dense_classifier,20,"{""dense"": 20}","[[8, 1, 32, 400, 400]]","[[8, 1, 6, 400, 400]]",[8],8,819200000,102400000.0,30559181.625,244473453.0,819200000,-12.08452033996582,10.442672729492188,0,,,,1.0,4915200000.0,4915200000.0,614400000.0,245760000.0,245760000.0,30720000.0,4915200000.0,245760000.0,0.0,0.0,0.0,4915200000.0,245760000.0,0.0,0.0,4915200000.0,245760000.0
middle,qat,fp,transformer1.atten.matmul,attention_matmul,dense,special:EffAttention,20,"{""dense"": 20}","[[1, 625, 288]]","[[1, 625, 288]]",[1],8,3600000,3600000.0,179084.52099609375,179084.52099609375,3599997,-1.0257428884506226,7.983486652374268,0,,,,0.9999991666666667,560707200.0,560707200.0,560707200.0,28035360.0,28035360.0,28035360.0,560707200.0,28035360.0,0.0,0.0,0.0,560707200.0,28035360.0,0.0,0.0,560707200.0,28035360.0
max,fp,fp,init_conv.0.conv,conv2d,dense,policy:raw_image_first_conv,20,"{""dense"": 20}","[[8, 1, 3, 400, 400]]","[[8, 1, 32, 400, 400]]",[8],8,76800000,9600000.0,7411175.6328125,59289405.0625,76800000,-2.1179039478302,2.640000104904175,0,,,,1.0,22118400000.0,22118400000.0,2764800000.0,1105920000.0,1105920000.0,138240000.0,22118400000.0,1105920000.0,0.0,0.0,0.0,22118400000.0,1105920000.0,0.0,0.0,22118400000.0,1105920000.0
max,fp,fp,init_conv.1.conv,conv2d,spike,policy:later_init_convs,20,"{""spike"": 20}","[[8, 1, 32, 400, 400]]","[[8, 1, 64, 400, 400]]",[8],8,819200000,102400000.0,28294630.0,226357040.0,164695208,0.0,8.0,20,0.27631474609375,0.03453934326171875,0.03453934326171875,0.201043955078125,471859200000.0,471859200000.0,58982400000.0,23592960000.0,23592960000.0,2949120000.0,0.0,0.0,16297706880.0,814885344.0,16297706880.0,16297706880.0,814885344.0,0.0,0.0,16297706880.0,814885344.0
max,fp,fp,init_conv.2.conv,conv2d,spike,policy:later_init_convs,20,"{""spike"": 20}","[[8, 1, 64, 400, 400]]","[[8, 1, 64, 200, 200]]",[8],8,1638400000,204800000.0,40188870.0,321510960.0,297851784,0.0,8.0,20,0.196234716796875,0.024529339599609373,0.024529339599609373,0.1817943017578125,235929600000.0,235929600000.0,29491200000.0,11796480000.0,11796480000.0,1474560000.0,0.0,0.0,5787197280.0,289359864.0,5787197280.0,5787197280.0,289359864.0,0.0,0.0,5787197280.0,289359864.0
max,fp,fp,downsample_1.conv3x3.conv,conv2d,spike,policy:max_downsample_event_conv,20,"{""spike"": 20}","[[8, 1, 64, 200, 200]]","[[8, 1, 64, 100, 100]]",[8],8,409600000,51200000.0,7446442.0,59571536.0,52158152,0.0,8.0,20,0.1454383203125,0.0181797900390625,0.0181797900390625,0.12733923828125,58982400000.0,58982400000.0,7372800000.0,2949120000.0,2949120000.0,368640000.0,0.0,0.0,1072287648.0,53614382.4,1072287648.0,1072287648.0,53614382.4,0.0,0.0,1072287648.0,53614382.4
max,fp,fp,DAB_Block_1.DAB_Module_1_0.conv1x1_in.conv,conv2d,spike,policy:encoder_and_late_decoder_dab_convs,20,"{""spike"": 20}","[[8, 1, 128, 100, 100]]","[[8, 1, 64, 100, 100]]",[8],8,204800000,25600000.0,3828993.0,30631944.0,26751224,0.0,8.0,20,0.1495700390625,0.0186962548828125,0.0186962548828125,0.1306212109375,13107200000.0,13107200000.0,1638400000.0,655360000.0,655360000.0,81920000.0,0.0,0.0,245055552.0,12252777.6,245055552.0,245055552.0,12252777.6,0.0,0.0,245055552.0,12252777.6
max,fp,fp,DAB_Block_1.DAB_Module_1_0.conv3x1.conv,conv2d,spike,policy:encoder_and_late_decoder_dab_convs,20,"{""spike"": 20}","[[8, 1, 64, 100, 100]]","[[8, 1, 64, 100, 100]]",[8],8,102400000,12800000.0,1822696.0,14581568.0,14048552,0.0,5.0,20,0.142398125,0.017799765625,0.017799765625,0.137192890625,19660800000.0,19660800000.0,2457600000.0,983040000.0,983040000.0,122880000.0,0.0,0.0,349957632.0,17497881.6,349957632.0,349957632.0,17497881.6,0.0,0.0,349957632.0,17497881.6
max,fp,fp,DAB_Block_1.DAB_Module_1_0.conv1x3.conv,conv2d,spike,policy:encoder_and_late_decoder_dab_convs,20,"{""spike"": 20}","[[8, 1, 64, 100, 100]]","[[8, 1, 64, 100, 100]]",[8],8,102400000,12800000.0,1793378.0,14347024.0,13784800,0.0,6.0,20,0.14010765625,0.01751345703125,0.01751345703125,0.1346171875,19660800000.0,19660800000.0,2457600000.0,983040000.0,983040000.0,122880000.0,0.0,0.0,344328576.0,17216428.8,344328576.0,344328576.0,17216428.8,0.0,0.0,344328576.0,17216428.8
max,fp,fp,DAB_Block_1.DAB_Module_1_0.dconv3x1.conv,conv2d,spike,policy:encoder_and_late_decoder_dab_convs,20,"{""spike"": 20}","[[8, 1, 64, 100, 100]]","[[8, 1, 64, 100, 100]]",[8],8,102400000,12800000.0,2842867.0,22742936.0,21924616,0.0,4.0,20,0.222098984375,0.027762373046875,0.027762373046875,0.214107578125,307200000.0,307200000.0,38400000.0,15360000.0,15360000.0,1920000.0,0.0,0.0,8528601.0,426430.05,8528601.0,8528601.0,426430.05,0.0,0.0,8528601.0,426430.05
max,fp,fp,DAB_Block_1.DAB_Module_1_0.dconv1x3.conv,conv2d,spike,policy:encoder_and_late_decoder_dab_convs,20,"{""spike"": 20}","[[8, 1, 64, 100, 100]]","[[8, 1, 64, 100, 100]]",[8],8,102400000,12800000.0,826606.0,6612848.0,6165640,0.0,5.0,20,0.06457859375,0.00807232421875,0.00807232421875,0.060211328125,307200000.0,307200000.0,38400000.0,15360000.0,15360000.0,1920000.0,0.0,0.0,2479818.0,123990.9,2479818.0,2479818.0,123990.9,0.0,0.0,2479818.0,123990.9
max,fp,fp,DAB_Block_1.DAB_Module_1_0.ca11.conv,conv1d,dense,policy:eca_conv1d,20,"{""dense"": 20}","[[8, 1, 1, 64]]","[[8, 1, 1, 64]]",[8],8,10240,1280.0,236.8177900314331,1894.5423202514648,1920,0.0,2.4293999671936035,0,,,,0.1875,30720.0,30720.0,3840.0,1536.0,1536.0,192.0,30720.0,1536.0,0.0,0.0,0.0,30720.0,1536.0,0.0,0.0,30720.0,1536.0
max,fp,fp,DAB_Block_1.DAB_Module_1_0.ddconv3x1.conv,conv2d,spike,policy:encoder_and_late_decoder_dab_convs,20,"{""spike"": 20}","[[8, 1, 64, 100, 100]]","[[8, 1, 64, 100, 100]]",[8],8,102400000,12800000.0,2842867.0,22742936.0,21924616,0.0,4.0,20,0.222098984375,0.027762373046875,0.027762373046875,0.214107578125,307200000.0,307200000.0,38400000.0,15360000.0,15360000.0,1920000.0,0.0,0.0,8528601.0,426430.05,8528601.0,8528601.0,426430.05,0.0,0.0,8528601.0,426430.05
max,fp,fp,DAB_Block_1.DAB_Module_1_0.ddconv1x3.conv,conv2d,spike,policy:encoder_and_late_decoder_dab_convs,20,"{""spike"": 20}","[[8, 1, 64, 100, 100]]","[[8, 1, 64, 100, 100]]",[8],8,102400000,12800000.0,671736.0,5373888.0,4571632,0.0,5.0,20,0.052479375,0.006559921875,0.006559921875,0.04464484375,307200000.0,307200000.0,38400000.0,15360000.0,15360000.0,1920000.0,0.0,0.0,2015208.0,100760.4,2015208.0,2015208.0,100760.4,0.0,0.0,2015208.0,100760.4
max,fp,fp,DAB_Block_1.DAB_Module_1_0.ca22.conv,conv1d,dense,policy:eca_conv1d,20,"{""dense"": 20}","[[8, 1, 1, 64]]","[[8, 1, 1, 64]]",[8],8,10240,1280.0,206.97419452667236,1655.793556213379,2560,0.0,2.2649998664855957,0,,,,0.25,30720.0,30720.0,3840.0,1536.0,1536.0,192.0,30720.0,1536.0,0.0,0.0,0.0,30720.0,1536.0,0.0,0.0,30720.0,1536.0
max,fp,fp,DAB_Block_1.DAB_Module_1_0.conv1x1.conv,conv2d,spike,policy:encoder_and_late_decoder_dab_convs,20,"{""spike"": 20}","[[8, 1, 64, 100, 100]]","[[8, 1, 128, 100, 100]]",[8],8,102400000,12800000.0,5167227.0,41337816.0,31715904,0.0,11.0,20,0.403689609375,0.050461201171875,0.050461201171875,0.309725625,13107200000.0,13107200000.0,1638400000.0,655360000.0,655360000.0,81920000.0,0.0,0.0,661405056.0,33070252.8,661405056.0,661405056.0,33070252.8,0.0,0.0,661405056.0,33070252.8
max,fp,fp,downsample_2.conv3x3.conv,conv2d,spike,policy:max_downsample_event_conv,20,"{""spike"": 20}","[[8, 1, 128, 100, 100]]","[[8, 1, 128, 50, 50]]",[8],8,204800000,25600000.0,6182806.0,49462448.0,43252376,0.0,8.0,20,0.241515859375,0.030189482421875,0.030189482421875,0.2111932421875,58982400000.0,58982400000.0,7372800000.0,2949120000.0,2949120000.0,368640000.0,0.0,0.0,1780648128.0,89032406.4,1780648128.0,1780648128.0,89032406.4,0.0,0.0,1780648128.0,89032406.4
max,fp,fp,DAB_Block_2.DAB_Module_2_0.conv1x1_in.conv,conv2d,spike,policy:encoder_and_late_decoder_dab_convs,20,"{""spike"": 20}","[[8, 1, 128, 50, 50]]","[[8, 1, 64, 50, 50]]",[8],8,51200000,6400000.0,607337.0,4858696.0,4338896,0.0,5.0,20,0.09489640625,0.01186205078125,0.01186205078125,0.0847440625,3276800000.0,3276800000.0,409600000.0,163840000.0,163840000.0,20480000.0,0.0,0.0,38869568.0,1943478.4,38869568.0,38869568.0,1943478.4,0.0,0.0,38869568.0,1943478.4
max,fp,fp,DAB_Block_2.DAB_Module_2_0.conv3x1.conv,conv2d,spike,policy:encoder_and_late_decoder_dab_convs,20,"{""spike"": 20}","[[8, 1, 64, 50, 50]]","[[8, 1, 64, 50, 50]]",[8],8,25600000,3200000.0,301921.0,2415368.0,2362360,0.0,4.0,20,0.0943503125,0.0117937890625,0.0117937890625,0.0922796875,4915200000.0,4915200000.0,614400000.0,245760000.0,245760000.0,30720000.0,0.0,0.0,57968832.0,2898441.6,57968832.0,57968832.0,2898441.6,0.0,0.0,57968832.0,2898441.6
max,fp,fp,DAB_Block_2.DAB_Module_2_0.conv1x3.conv,conv2d,spike,policy:encoder_and_late_decoder_dab_convs,20,"{""spike"": 20}","[[8, 1, 64, 50, 50]]","[[8, 1, 64, 50, 50]]",[8],8,25600000,3200000.0,281416.0,2251328.0,2137392,0.0,5.0,20,0.0879425,0.0109928125,0.0109928125,0.083491875,4915200000.0,4915200000.0,614400000.0,245760000.0,245760000.0,30720000.0,0.0,0.0,54031872.0,2701593.6,54031872.0,54031872.0,2701593.6,0.0,0.0,54031872.0,2701593.6
max,fp,fp,DAB_Block_2.DAB_Module_2_0.dconv3x1.conv,conv2d,spike,policy:encoder_and_late_decoder_dab_convs,20,"{""spike"": 20}","[[8, 1, 64, 50, 50]]","[[8, 1, 64, 50, 50]]",[8],8,25600000,3200000.0,216413.0,1731304.0,1662696,0.0,4.0,20,0.0676290625,0.0084536328125,0.0084536328125,0.0649490625,76800000.0,76800000.0,9600000.0,3840000.0,3840000.0,480000.0,0.0,0.0,649239.0,32461.95,649239.0,649239.0,32461.95,0.0,0.0,649239.0,32461.95
max,fp,fp,DAB_Block_2.DAB_Module_2_0.dconv1x3.conv,conv2d,spike,policy:encoder_and_late_decoder_dab_convs,20,"{""spike"": 20}","[[8, 1, 64, 50, 50]]","[[8, 1, 64, 50, 50]]",[8],8,25600000,3200000.0,16102.0,128816.0,127280,0.0,3.0,20,0.005031875,0.000628984375,0.000628984375,0.004971875,76800000.0,76800000.0,9600000.0,3840000.0,3840000.0,480000.0,0.0,0.0,48306.0,2415.3,48306.0,48306.0,2415.3,0.0,0.0,48306.0,2415.3
max,fp,fp,DAB_Block_2.DAB_Module_2_0.ca11.conv,conv1d,dense,policy:eca_conv1d,20,"{""dense"": 20}","[[8, 1, 1, 64]]","[[8, 1, 1, 64]]",[8],8,10240,1280.0,7.0639999359846115,56.51199948787689,960,0.0,0.24879999458789825,0,,,,0.09375,30720.0,30720.0,3840.0,1536.0,1536.0,192.0,30720.0,1536.0,0.0,0.0,0.0,30720.0,1536.0,0.0,0.0,30720.0,1536.0
max,fp,fp,DAB_Block_2.DAB_Module_2_0.ddconv3x1.conv,conv2d,spike,policy:encoder_and_late_decoder_dab_convs,20,"{""spike"": 20}","[[8, 1, 64, 50, 50]]","[[8, 1, 64, 50, 50]]",[8],8,25600000,3200000.0,216413.0,1731304.0,1662696,0.0,4.0,20,0.0676290625,0.0084536328125,0.0084536328125,0.0649490625,76800000.0,76800000.0,9600000.0,3840000.0,3840000.0,480000.0,0.0,0.0,649239.0,32461.95,649239.0,649239.0,32461.95,0.0,0.0,649239.0,32461.95
max,fp,fp,DAB_Block_2.DAB_Module_2_0.ddconv1x3.conv,conv2d,spike,policy:encoder_and_late_decoder_dab_convs,20,"{""spike"": 20}","[[8, 1, 64, 50, 50]]","[[8, 1, 64, 50, 50]]",[8],8,25600000,3200000.0,18971.0,151768.0,149968,0.0,3.0,20,0.0059284375,0.0007410546875,0.0007410546875,0.005858125,76800000.0,76800000.0,9600000.0,3840000.0,3840000.0,480000.0,0.0,0.0,56913.0,2845.65,56913.0,56913.0,2845.65,0.0,0.0,56913.0,2845.65
max,fp,fp,DAB_Block_2.DAB_Module_2_0.ca22.conv,conv1d,dense,policy:eca_conv1d,20,"{""dense"": 20}","[[8, 1, 1, 64]]","[[8, 1, 1, 64]]",[8],8,10240,1280.0,7.824399679899216,62.595197439193726,1256,0.0,0.3991999924182892,0,,,,0.12265625,30720.0,30720.0,3840.0,1536.0,1536.0,192.0,30720.0,1536.0,0.0,0.0,0.0,30720.0,1536.0,0.0,0.0,30720.0,1536.0
max,fp,fp,DAB_Block_2.DAB_Module_2_0.conv1x1.conv,conv2d,spike,policy:encoder_and_late_decoder_dab_convs,20,"{""spike"": 20}","[[8, 1, 64, 50, 50]]","[[8, 1, 128, 50, 50]]",[8],8,25600000,3200000.0,252313.0,2018504.0,1805888,0.0,5.0,20,0.0788478125,0.0098559765625,0.0098559765625,0.0705425,3276800000.0,3276800000.0,409600000.0,163840000.0,163840000.0,20480000.0,0.0,0.0,32296064.0,1614803.2,32296064.0,32296064.0,1614803.2,0.0,0.0,32296064.0,1614803.2
max,fp,fp,downsample_3.conv3x3.conv,conv2d,spike,policy:max_downsample_event_conv,20,"{""spike"": 20}","[[8, 1, 128, 50, 50]]","[[8, 1, 64, 25, 25]]",[8],8,51200000,6400000.0,782517.0,6260136.0,5257344,0.0,7.0,20,0.12226828125,0.01528353515625,0.01528353515625,0.1026825,7372800000.0,7372800000.0,921600000.0,368640000.0,368640000.0,46080000.0,0.0,0.0,112682448.0,5634122.4,112682448.0,112682448.0,5634122.4,0.0,0.0,112682448.0,5634122.4
max,fp,fp,DAB_Block_3.DAB_Module_3_0.conv1x1_in.conv,conv2d,spike,policy:encoder_and_late_decoder_dab_convs,20,"{""spike"": 20}","[[8, 1, 64, 25, 25]]","[[8, 1, 32, 25, 25]]",[8],8,6400000,800000.0,143041.0,1144328.0,1031696,0.0,5.0,20,0.17880125,0.02235015625,0.02235015625,0.1612025,204800000.0,204800000.0,25600000.0,10240000.0,10240000.0,1280000.0,0.0,0.0,4577312.0,228865.6,4577312.0,4577312.0,228865.6,0.0,0.0,4577312.0,228865.6
max,fp,fp,DAB_Block_3.DAB_Module_3_0.conv3x1.conv,conv2d,spike,policy:encoder_and_late_decoder_dab_convs,20,"{""spike"": 20}","[[8, 1, 32, 25, 25]]","[[8, 1, 32, 25, 25]]",[8],8,3200000,400000.0,83547.0,668376.0,633712,0.0,5.0,20,0.2088675,0.0261084375,0.0261084375,0.198035,307200000.0,307200000.0,38400000.0,15360000.0,15360000.0,1920000.0,0.0,0.0,8020512.0,401025.6,8020512.0,8020512.0,401025.6,0.0,0.0,8020512.0,401025.6
max,fp,fp,DAB_Block_3.DAB_Module_3_0.conv1x3.conv,conv2d,spike,policy:encoder_and_late_decoder_dab_convs,20,"{""spike"": 20}","[[8, 1, 32, 25, 25]]","[[8, 1, 32, 25, 25]]",[8],8,3200000,400000.0,69985.0,559880.0,511744,0.0,5.0,20,0.1749625,0.0218703125,0.0218703125,0.15992,307200000.0,307200000.0,38400000.0,15360000.0,15360000.0,1920000.0,0.0,0.0,6718560.0,335928.0,6718560.0,6718560.0,335928.0,0.0,0.0,6718560.0,335928.0
max,fp,fp,DAB_Block_3.DAB_Module_3_0.dconv3x1.conv,conv2d,spike,policy:encoder_and_late_decoder_dab_convs,20,"{""spike"": 20}","[[8, 1, 32, 25, 25]]","[[8, 1, 32, 25, 25]]",[8],8,3200000,400000.0,55016.0,440128.0,400184,0.0,6.0,20,0.13754,0.0171925,0.0171925,0.1250575,9600000.0,9600000.0,1200000.0,480000.0,480000.0,60000.0,0.0,0.0,165048.0,8252.4,165048.0,165048.0,8252.4,0.0,0.0,165048.0,8252.4
max,fp,fp,DAB_Block_3.DAB_Module_3_0.dconv1x3.conv,conv2d,spike,policy:encoder_and_late_decoder_dab_convs,20,"{""spike"": 20}","[[8, 1, 32, 25, 25]]","[[8, 1, 32, 25, 25]]",[8],8,3200000,400000.0,10666.0,85328.0,79928,0.0,4.0,20,0.026665,0.003333125,0.003333125,0.0249775,9600000.0,9600000.0,1200000.0,480000.0,480000.0,60000.0,0.0,0.0,31998.0,1599.9,31998.0,31998.0,1599.9,0.0,0.0,31998.0,1599.9
max,fp,fp,DAB_Block_3.DAB_Module_3_0.ca11.conv,conv1d,dense,policy:eca_conv1d,20,"{""dense"": 20}","[[8, 1, 1, 32]]","[[8, 1, 1, 32]]",[8],8,5120,640.0,26.47999942302704,211.8399953842163,800,0.0,1.58079993724823,0,,,,0.15625,15360.0,15360.0,1920.0,768.0,768.0,96.0,15360.0,768.0,0.0,0.0,0.0,15360.0,768.0,0.0,0.0,15360.0,768.0
max,fp,fp,DAB_Block_3.DAB_Module_3_0.ddconv3x1.conv,conv2d,spike,policy:encoder_and_late_decoder_dab_convs,20,"{""spike"": 20}","[[8, 1, 32, 25, 25]]","[[8, 1, 32, 25, 25]]",[8],8,3200000,400000.0,55016.0,440128.0,400184,0.0,6.0,20,0.13754,0.0171925,0.0171925,0.1250575,9600000.0,9600000.0,1200000.0,480000.0,480000.0,60000.0,0.0,0.0,165048.0,8252.4,165048.0,165048.0,8252.4,0.0,0.0,165048.0,8252.4
max,fp,fp,DAB_Block_3.DAB_Module_3_0.ddconv1x3.conv,conv2d,spike,policy:encoder_and_late_decoder_dab_convs,20,"{""spike"": 20}","[[8, 1, 32, 25, 25]]","[[8, 1, 32, 25, 25]]",[8],8,3200000,400000.0,6767.0,54136.0,47000,0.0,6.0,20,0.0169175,0.0021146875,0.0021146875,0.0146875,9600000.0,9600000.0,1200000.0,480000.0,480000.0,60000.0,0.0,0.0,20301.0,1015.05,20301.0,20301.0,1015.05,0.0,0.0,20301.0,1015.05
max,fp,fp,DAB_Block_3.DAB_Module_3_0.ca22.conv,conv1d,dense,policy:eca_conv1d,20,"{""dense"": 20}","[[8, 1, 1, 32]]","[[8, 1, 1, 32]]",[8],8,5120,640.0,18.670399397611618,149.36319518089294,800,0.0,0.9967999458312988,0,,,,0.15625,15360.0,15360.0,1920.0,768.0,768.0,96.0,15360.0,768.0,0.0,0.0,0.0,15360.0,768.0,0.0,0.0,15360.0,768.0
max,fp,fp,DAB_Block_3.DAB_Module_3_0.conv1x1.conv,conv2d,spike,policy:encoder_and_late_decoder_dab_convs,20,"{""spike"": 20}","[[8, 1, 32, 25, 25]]","[[8, 1, 64, 25, 25]]",[8],8,3200000,400000.0,75861.0,606888.0,483496,0.0,9.0,20,0.1896525,0.0237065625,0.0237065625,0.1510925,204800000.0,204800000.0,25600000.0,10240000.0,10240000.0,1280000.0,0.0,0.0,4855104.0,242755.2,4855104.0,4855104.0,242755.2,0.0,0.0,4855104.0,242755.2
max,fp,fp,transformer1.atten.reduce,linear,dense,policy:transformer_linears,20,"{""dense"": 20}","[[1, 625, 576]]","[[1, 625, 288]]",[1],8,7200000,7200000.0,258728.412109375,258728.412109375,7200000,-0.685391366481781,8.73540210723877,0,,,,1.0,2073600000.0,2073600000.0,2073600000.0,103680000.0,103680000.0,103680000.0,2073600000.0,103680000.0,0.0,0.0,0.0,2073600000.0,103680000.0,0.0,0.0,2073600000.0,103680000.0
max,fp,fp,transformer1.atten.qkv,linear,dense,policy:transformer_linears,20,"{""dense"": 20}","[[1, 625, 288]]","[[1, 625, 864]]",[1],8,3600000,3600000.0,202597.6357421875,202597.6357421875,3600000,-8.921098709106445,7.268383502960205,0,,,,1.0,3110400000.0,3110400000.0,3110400000.0,155520000.0,155520000.0,155520000.0,3110400000.0,155520000.0,0.0,0.0,0.0,3110400000.0,155520000.0,0.0,0.0,3110400000.0,155520000.0
max,fp,fp,transformer1.atten.proj,linear,dense,policy:transformer_linears,20,"{""dense"": 20}","[[1, 625, 288]]","[[1, 625, 576]]",[1],8,3600000,3600000.0,169378.42138671875,169378.42138671875,3600000,-8.10078239440918,7.340671062469482,0,,,,1.0,2073600000.0,2073600000.0,2073600000.0,103680000.0,103680000.0,103680000.0,2073600000.0,103680000.0,0.0,0.0,0.0,2073600000.0,103680000.0,0.0,0.0,2073600000.0,103680000.0
max,fp,fp,transformer1.mlp.fc1,linear,dense,policy:transformer_linears,20,"{""dense"": 20}","[[1, 625, 576]]","[[1, 625, 144]]",[1],8,7200000,7200000.0,2.231751516683814e-34,2.231751516683814e-34,7199976,-2.758722273731624e-40,6.127696015692063e-40,20,,,,0.9999966666666666,1036800000.0,1036800000.0,1036800000.0,51840000.0,51840000.0,51840000.0,1036800000.0,51840000.0,0.0,0.0,0.0,1036800000.0,51840000.0,0.0,0.0,1036800000.0,51840000.0
max,fp,fp,transformer1.mlp.fc2,linear,dense,policy:transformer_linears,20,"{""dense"": 20}","[[1, 625, 144]]","[[1, 625, 576]]",[1],8,1800000,1800000.0,0.12374874204397202,0.12374874204397202,125000,0.0,9.899300493998453e-06,20,,,,0.06944444444444445,1036800000.0,1036800000.0,1036800000.0,51840000.0,51840000.0,51840000.0,1036800000.0,51840000.0,0.0,0.0,0.0,1036800000.0,51840000.0,0.0,0.0,1036800000.0,51840000.0
max,fp,fp,DAB_Block_4.DAB_Module_4_0.conv1x1_in.conv,conv2d,dense,policy:transformer_decoder_entry,20,"{""dense"": 20}","[[8, 1, 64, 25, 25]]","[[8, 1, 32, 25, 25]]",[8],8,6400000,800000.0,1760704.265625,14085634.125,6400000,-14.66189956665039,71.65555572509766,0,,,,1.0,204800000.0,204800000.0,25600000.0,10240000.0,10240000.0,1280000.0,204800000.0,10240000.0,0.0,0.0,0.0,204800000.0,10240000.0,0.0,0.0,204800000.0,10240000.0
max,fp,fp,DAB_Block_4.DAB_Module_4_0.conv3x1.conv,conv2d,spike,policy:transformer_decoder_internal_event_convs,20,"{""spike"": 20}","[[8, 1, 32, 25, 25]]","[[8, 1, 32, 25, 25]]",[8],8,3200000,400000.0,0.0,0.0,0,0.0,0.0,20,0.0,0.0,0.0,0.0,307200000.0,307200000.0,38400000.0,15360000.0,15360000.0,1920000.0,0.0,0.0,0.0,0.0,0.0,0.0,0.0,0.0,0.0,0.0,0.0
max,fp,fp,DAB_Block_4.DAB_Module_4_0.conv1x3.conv,conv2d,spike,policy:transformer_decoder_internal_event_convs,20,"{""spike"": 20}","[[8, 1, 32, 25, 25]]","[[8, 1, 32, 25, 25]]",[8],8,3200000,400000.0,0.0,0.0,0,0.0,0.0,20,0.0,0.0,0.0,0.0,307200000.0,307200000.0,38400000.0,15360000.0,15360000.0,1920000.0,0.0,0.0,0.0,0.0,0.0,0.0,0.0,0.0,0.0,0.0,0.0
max,fp,fp,DAB_Block_4.DAB_Module_4_0.dconv3x1.conv,conv2d,spike,policy:transformer_decoder_internal_event_convs,20,"{""spike"": 20}","[[8, 1, 32, 25, 25]]","[[8, 1, 32, 25, 25]]",[8],8,3200000,400000.0,0.0,0.0,0,0.0,0.0,20,0.0,0.0,0.0,0.0,9600000.0,9600000.0,1200000.0,480000.0,480000.0,60000.0,0.0,0.0,0.0,0.0,0.0,0.0,0.0,0.0,0.0,0.0,0.0
max,fp,fp,DAB_Block_4.DAB_Module_4_0.dconv1x3.conv,conv2d,spike,policy:transformer_decoder_internal_event_convs,20,"{""spike"": 20}","[[8, 1, 32, 25, 25]]","[[8, 1, 32, 25, 25]]",[8],8,3200000,400000.0,0.0,0.0,0,0.0,0.0,20,0.0,0.0,0.0,0.0,9600000.0,9600000.0,1200000.0,480000.0,480000.0,60000.0,0.0,0.0,0.0,0.0,0.0,0.0,0.0,0.0,0.0,0.0,0.0
max,fp,fp,DAB_Block_4.DAB_Module_4_0.ca11.conv,conv1d,dense,policy:eca_conv1d,20,"{""dense"": 20}","[[8, 1, 1, 32]]","[[8, 1, 1, 32]]",[8],8,5120,640.0,0.0,0.0,0,0.0,0.0,20,,,,0.0,15360.0,15360.0,1920.0,768.0,768.0,96.0,15360.0,768.0,0.0,0.0,0.0,15360.0,768.0,0.0,0.0,15360.0,768.0
max,fp,fp,DAB_Block_4.DAB_Module_4_0.ddconv3x1.conv,conv2d,spike,policy:transformer_decoder_internal_event_convs,20,"{""spike"": 20}","[[8, 1, 32, 25, 25]]","[[8, 1, 32, 25, 25]]",[8],8,3200000,400000.0,0.0,0.0,0,0.0,0.0,20,0.0,0.0,0.0,0.0,9600000.0,9600000.0,1200000.0,480000.0,480000.0,60000.0,0.0,0.0,0.0,0.0,0.0,0.0,0.0,0.0,0.0,0.0,0.0
max,fp,fp,DAB_Block_4.DAB_Module_4_0.ddconv1x3.conv,conv2d,spike,policy:transformer_decoder_internal_event_convs,20,"{""spike"": 20}","[[8, 1, 32, 25, 25]]","[[8, 1, 32, 25, 25]]",[8],8,3200000,400000.0,0.0,0.0,0,0.0,0.0,20,0.0,0.0,0.0,0.0,9600000.0,9600000.0,1200000.0,480000.0,480000.0,60000.0,0.0,0.0,0.0,0.0,0.0,0.0,0.0,0.0,0.0,0.0,0.0
max,fp,fp,DAB_Block_4.DAB_Module_4_0.ca22.conv,conv1d,dense,policy:eca_conv1d,20,"{""dense"": 20}","[[8, 1, 1, 32]]","[[8, 1, 1, 32]]",[8],8,5120,640.0,0.0,0.0,0,0.0,0.0,20,,,,0.0,15360.0,15360.0,1920.0,768.0,768.0,96.0,15360.0,768.0,0.0,0.0,0.0,15360.0,768.0,0.0,0.0,15360.0,768.0
max,fp,fp,DAB_Block_4.DAB_Module_4_0.conv1x1.conv,conv2d,spike,policy:transformer_decoder_internal_event_convs,20,"{""spike"": 20}","[[8, 1, 32, 25, 25]]","[[8, 1, 64, 25, 25]]",[8],8,3200000,400000.0,0.0,0.0,0,0.0,0.0,20,0.0,0.0,0.0,0.0,204800000.0,204800000.0,25600000.0,10240000.0,10240000.0,1280000.0,0.0,0.0,0.0,0.0,0.0,0.0,0.0,0.0,0.0,0.0,0.0
max,fp,fp,upsample_1.conv,conv_transpose2d,spike,policy:upsample_event_convs,20,"{""spike"": 20}","[[8, 1, 64, 25, 25]]","[[8, 1, 32, 50, 50]]",[8],8,6400000,800000.0,279437.0,2235496.0,1790464,0.0,7.0,20,0.34929625,0.04366203125,0.04366203125,0.27976,1843200000.0,1843200000.0,230400000.0,92160000.0,92160000.0,11520000.0,0.0,0.0,80477856.0,4023892.8,80477856.0,80477856.0,4023892.8,0.0,0.0,80477856.0,4023892.8
max,fp,fp,DAB_Block_5.DAB_Module_5_0.conv1x1_in.conv,conv2d,spike,policy:encoder_and_late_decoder_dab_convs,20,"{""spike"": 20}","[[8, 1, 32, 50, 50]]","[[8, 1, 16, 50, 50]]",[8],8,12800000,1600000.0,443676.0,3549408.0,2777320,0.0,8.0,20,0.2772975,0.0346621875,0.0346621875,0.216978125,204800000.0,204800000.0,25600000.0,10240000.0,10240000.0,1280000.0,0.0,0.0,7098816.0,354940.8,7098816.0,7098816.0,354940.8,0.0,0.0,7098816.0,354940.8
max,fp,fp,DAB_Block_5.DAB_Module_5_0.conv3x1.conv,conv2d,spike,policy:encoder_and_late_decoder_dab_convs,20,"{""spike"": 20}","[[8, 1, 16, 50, 50]]","[[8, 1, 16, 50, 50]]",[8],8,6400000,800000.0,207039.0,1656312.0,1334208,0.0,7.0,20,0.25879875,0.03234984375,0.03234984375,0.20847,307200000.0,307200000.0,38400000.0,15360000.0,15360000.0,1920000.0,0.0,0.0,9937872.0,496893.6,9937872.0,9937872.0,496893.6,0.0,0.0,9937872.0,496893.6
max,fp,fp,DAB_Block_5.DAB_Module_5_0.conv1x3.conv,conv2d,spike,policy:encoder_and_late_decoder_dab_convs,20,"{""spike"": 20}","[[8, 1, 16, 50, 50]]","[[8, 1, 16, 50, 50]]",[8],8,6400000,800000.0,191986.0,1535888.0,1258280,0.0,8.0,20,0.2399825,0.0299978125,0.0299978125,0.19660625,307200000.0,307200000.0,38400000.0,15360000.0,15360000.0,1920000.0,0.0,0.0,9215328.0,460766.4,9215328.0,9215328.0,460766.4,0.0,0.0,9215328.0,460766.4
max,fp,fp,DAB_Block_5.DAB_Module_5_0.dconv3x1.conv,conv2d,spike,policy:encoder_and_late_decoder_dab_convs,20,"{""spike"": 20}","[[8, 1, 16, 50, 50]]","[[8, 1, 16, 50, 50]]",[8],8,6400000,800000.0,105110.0,840880.0,634496,0.0,8.0,20,0.1313875,0.0164234375,0.0164234375,0.09914,19200000.0,19200000.0,2400000.0,960000.0,960000.0,120000.0,0.0,0.0,315330.0,15766.5,315330.0,315330.0,15766.5,0.0,0.0,315330.0,15766.5
max,fp,fp,DAB_Block_5.DAB_Module_5_0.dconv1x3.conv,conv2d,spike,policy:encoder_and_late_decoder_dab_convs,20,"{""spike"": 20}","[[8, 1, 16, 50, 50]]","[[8, 1, 16, 50, 50]]",[8],8,6400000,800000.0,0.0,0.0,0,0.0,0.0,20,0.0,0.0,0.0,0.0,19200000.0,19200000.0,2400000.0,960000.0,960000.0,120000.0,0.0,0.0,0.0,0.0,0.0,0.0,0.0,0.0,0.0,0.0,0.0
max,fp,fp,DAB_Block_5.DAB_Module_5_0.ca11.conv,conv1d,dense,policy:eca_conv1d,20,"{""dense"": 20}","[[8, 1, 1, 16]]","[[8, 1, 1, 16]]",[8],8,2560,320.0,0.0,0.0,0,0.0,0.0,20,,,,0.0,7680.0,7680.0,960.0,384.0,384.0,48.0,7680.0,384.0,0.0,0.0,0.0,7680.0,384.0,0.0,0.0,7680.0,384.0
max,fp,fp,DAB_Block_5.DAB_Module_5_0.ddconv3x1.conv,conv2d,spike,policy:encoder_and_late_decoder_dab_convs,20,"{""spike"": 20}","[[8, 1, 16, 50, 50]]","[[8, 1, 16, 50, 50]]",[8],8,6400000,800000.0,105110.0,840880.0,634496,0.0,8.0,20,0.1313875,0.0164234375,0.0164234375,0.09914,19200000.0,19200000.0,2400000.0,960000.0,960000.0,120000.0,0.0,0.0,315330.0,15766.5,315330.0,315330.0,15766.5,0.0,0.0,315330.0,15766.5
max,fp,fp,DAB_Block_5.DAB_Module_5_0.ddconv1x3.conv,conv2d,spike,policy:encoder_and_late_decoder_dab_convs,20,"{""spike"": 20}","[[8, 1, 16, 50, 50]]","[[8, 1, 16, 50, 50]]",[8],8,6400000,800000.0,92030.0,736240.0,471776,0.0,8.0,20,0.1150375,0.0143796875,0.0143796875,0.073715,19200000.0,19200000.0,2400000.0,960000.0,960000.0,120000.0,0.0,0.0,276090.0,13804.5,276090.0,276090.0,13804.5,0.0,0.0,276090.0,13804.5
max,fp,fp,DAB_Block_5.DAB_Module_5_0.ca22.conv,conv1d,dense,policy:eca_conv1d,20,"{""dense"": 20}","[[8, 1, 1, 16]]","[[8, 1, 1, 16]]",[8],8,2560,320.0,77.04559850692749,616.3647880554199,800,0.0,2.8896000385284424,0,,,,0.3125,7680.0,7680.0,960.0,384.0,384.0,48.0,7680.0,384.0,0.0,0.0,0.0,7680.0,384.0,0.0,0.0,7680.0,384.0
max,fp,fp,DAB_Block_5.DAB_Module_5_0.conv1x1.conv,conv2d,spike,policy:encoder_and_late_decoder_dab_convs,20,"{""spike"": 20}","[[8, 1, 16, 50, 50]]","[[8, 1, 32, 50, 50]]",[8],8,6400000,800000.0,269899.0,2159192.0,972248,0.0,15.0,20,0.33737375,0.04217171875,0.04217171875,0.15191375,204800000.0,204800000.0,25600000.0,10240000.0,10240000.0,1280000.0,0.0,0.0,8636768.0,431838.4,8636768.0,8636768.0,431838.4,0.0,0.0,8636768.0,431838.4
max,fp,fp,upsample_2.conv,conv_transpose2d,spike,policy:upsample_event_convs,20,"{""spike"": 20}","[[8, 1, 32, 50, 50]]","[[8, 1, 32, 100, 100]]",[8],8,12800000,1600000.0,1017919.0,8143352.0,5155264,0.0,10.0,20,0.636199375,0.079524921875,0.079524921875,0.402755,3686400000.0,3686400000.0,460800000.0,184320000.0,184320000.0,23040000.0,0.0,0.0,293160672.0,14658033.6,293160672.0,293160672.0,14658033.6,0.0,0.0,293160672.0,14658033.6
max,fp,fp,DAB_Block_6.DAB_Module_6_0.conv1x1_in.conv,conv2d,spike,policy:encoder_and_late_decoder_dab_convs,20,"{""spike"": 20}","[[8, 1, 32, 100, 100]]","[[8, 1, 16, 100, 100]]",[8],8,51200000,6400000.0,2456200.0,19649600.0,13946896,0.0,8.0,20,0.38378125,0.04797265625,0.04797265625,0.2724003125,819200000.0,819200000.0,102400000.0,40960000.0,40960000.0,5120000.0,0.0,0.0,39299200.0,1964960.0,39299200.0,39299200.0,1964960.0,0.0,0.0,39299200.0,1964960.0
max,fp,fp,DAB_Block_6.DAB_Module_6_0.conv3x1.conv,conv2d,spike,policy:encoder_and_late_decoder_dab_convs,20,"{""spike"": 20}","[[8, 1, 16, 100, 100]]","[[8, 1, 16, 100, 100]]",[8],8,25600000,3200000.0,1121683.0,8973464.0,7487536,0.0,7.0,20,0.3505259375,0.0438157421875,0.0438157421875,0.292481875,1228800000.0,1228800000.0,153600000.0,61440000.0,61440000.0,7680000.0,0.0,0.0,53840784.0,2692039.2,53840784.0,53840784.0,2692039.2,0.0,0.0,53840784.0,2692039.2
max,fp,fp,DAB_Block_6.DAB_Module_6_0.conv1x3.conv,conv2d,spike,policy:encoder_and_late_decoder_dab_convs,20,"{""spike"": 20}","[[8, 1, 16, 100, 100]]","[[8, 1, 16, 100, 100]]",[8],8,25600000,3200000.0,996219.0,7969752.0,6712752,0.0,8.0,20,0.3113184375,0.0389148046875,0.0389148046875,0.262216875,1228800000.0,1228800000.0,153600000.0,61440000.0,61440000.0,7680000.0,0.0,0.0,47818512.0,2390925.6,47818512.0,47818512.0,2390925.6,0.0,0.0,47818512.0,2390925.6
max,fp,fp,DAB_Block_6.DAB_Module_6_0.dconv3x1.conv,conv2d,spike,policy:encoder_and_late_decoder_dab_convs,20,"{""spike"": 20}","[[8, 1, 16, 100, 100]]","[[8, 1, 16, 100, 100]]",[8],8,25600000,3200000.0,1093553.0,8748424.0,7302448,0.0,6.0,20,0.3417353125,0.0427169140625,0.0427169140625,0.285251875,76800000.0,76800000.0,9600000.0,3840000.0,3840000.0,480000.0,0.0,0.0,3280659.0,164032.95,3280659.0,3280659.0,164032.95,0.0,0.0,3280659.0,164032.95
max,fp,fp,DAB_Block_6.DAB_Module_6_0.dconv1x3.conv,conv2d,spike,policy:encoder_and_late_decoder_dab_convs,20,"{""spike"": 20}","[[8, 1, 16, 100, 100]]","[[8, 1, 16, 100, 100]]",[8],8,25600000,3200000.0,613849.0,4910792.0,3052040,0.0,7.0,20,0.1918278125,0.0239784765625,0.0239784765625,0.1192203125,76800000.0,76800000.0,9600000.0,3840000.0,3840000.0,480000.0,0.0,0.0,1841547.0,92077.35,1841547.0,1841547.0,92077.35,0.0,0.0,1841547.0,92077.35
max,fp,fp,DAB_Block_6.DAB_Module_6_0.ca11.conv,conv1d,dense,policy:eca_conv1d,20,"{""dense"": 20}","[[8, 1, 1, 16]]","[[8, 1, 1, 16]]",[8],8,2560,320.0,211.6364941596985,1693.091953277588,1120,0.0,4.594299793243408,0,,,,0.4375,7680.0,7680.0,960.0,384.0,384.0,48.0,7680.0,384.0,0.0,0.0,0.0,7680.0,384.0,0.0,0.0,7680.0,384.0
max,fp,fp,DAB_Block_6.DAB_Module_6_0.ddconv3x1.conv,conv2d,spike,policy:encoder_and_late_decoder_dab_convs,20,"{""spike"": 20}","[[8, 1, 16, 100, 100]]","[[8, 1, 16, 100, 100]]",[8],8,25600000,3200000.0,1093553.0,8748424.0,7302448,0.0,6.0,20,0.3417353125,0.0427169140625,0.0427169140625,0.285251875,76800000.0,76800000.0,9600000.0,3840000.0,3840000.0,480000.0,0.0,0.0,3280659.0,164032.95,3280659.0,3280659.0,164032.95,0.0,0.0,3280659.0,164032.95
max,fp,fp,DAB_Block_6.DAB_Module_6_0.ddconv1x3.conv,conv2d,spike,policy:encoder_and_late_decoder_dab_convs,20,"{""spike"": 20}","[[8, 1, 16, 100, 100]]","[[8, 1, 16, 100, 100]]",[8],8,25600000,3200000.0,371420.0,2971360.0,1897032,0.0,8.0,20,0.11606875,0.01450859375,0.01450859375,0.0741028125,76800000.0,76800000.0,9600000.0,3840000.0,3840000.0,480000.0,0.0,0.0,1114260.0,55713.0,1114260.0,1114260.0,55713.0,0.0,0.0,1114260.0,55713.0
max,fp,fp,DAB_Block_6.DAB_Module_6_0.ca22.conv,conv1d,dense,policy:eca_conv1d,20,"{""dense"": 20}","[[8, 1, 1, 16]]","[[8, 1, 1, 16]]",[8],8,2560,320.0,68.71699821949005,549.7359857559204,960,0.0,2.596799850463867,0,,,,0.375,7680.0,7680.0,960.0,384.0,384.0,48.0,7680.0,384.0,0.0,0.0,0.0,7680.0,384.0,0.0,0.0,7680.0,384.0
max,fp,fp,DAB_Block_6.DAB_Module_6_0.conv1x1.conv,conv2d,spike,policy:encoder_and_late_decoder_dab_convs,20,"{""spike"": 20}","[[8, 1, 16, 100, 100]]","[[8, 1, 32, 100, 100]]",[8],8,25600000,3200000.0,2083503.0,16668024.0,9270560,0.0,14.0,20,0.6510946875,0.0813868359375,0.0813868359375,0.36213125,819200000.0,819200000.0,102400000.0,40960000.0,40960000.0,5120000.0,0.0,0.0,66672096.0,3333604.8,66672096.0,66672096.0,3333604.8,0.0,0.0,66672096.0,3333604.8
max,fp,fp,upsample_3.conv,conv_transpose2d,spike,policy:upsample_event_convs,20,"{""spike"": 20}","[[8, 1, 32, 100, 100]]","[[8, 1, 32, 200, 200]]",[8],8,51200000,6400000.0,6298163.0,50385304.0,27687136,0.0,11.0,20,0.98408796875,0.12301099609375,0.12301099609375,0.540764375,14745600000.0,14745600000.0,1843200000.0,737280000.0,737280000.0,92160000.0,0.0,0.0,1813870944.0,90693547.2,1813870944.0,1813870944.0,90693547.2,0.0,0.0,1813870944.0,90693547.2
max,fp,fp,PA3.conv,conv2d,dense,policy:optional_pixel_attention,0,{},[],[],[],8,0,0.0,0.0,0.0,0,,,0,,,,,0.0,0.0,0.0,0.0,0.0,0.0,0.0,0.0,0.0,0.0,0.0,0.0,0.0,0.0,0.0,0.0,0.0
max,fp,fp,LC1.dconv3x1,conv2d,spike,policy:long_connection_event_entry,20,"{""spike"": 20}","[[8, 1, 128, 100, 100]]","[[8, 1, 64, 100, 100]]",[8],8,204800000,25600000.0,6182806.0,49462448.0,43252376,0.0,8.0,20,0.241515859375,0.030189482421875,0.030189482421875,0.2111932421875,39321600000.0,39321600000.0,4915200000.0,1966080000.0,1966080000.0,245760000.0,0.0,0.0,1187098752.0,59354937.6,1187098752.0,1187098752.0,59354937.6,0.0,0.0,1187098752.0,59354937.6
max,fp,fp,LC1.dconv1x3,conv2d,dense,policy:long_connection_continuous_second_conv,20,"{""dense"": 20}","[[8, 1, 64, 100, 100]]","[[8, 1, 32, 100, 100]]",[8],8,102400000,12800000.0,1308629.484375,10469035.875,102400000,-4.763454437255859,3.6942687034606934,0,,,,1.0,9830400000.0,9830400000.0,1228800000.0,491520000.0,491520000.0,61440000.0,9830400000.0,491520000.0,0.0,0.0,0.0,9830400000.0,491520000.0,0.0,0.0,9830400000.0,491520000.0
max,fp,fp,LC2.dconv3x1,conv2d,spike,policy:long_connection_event_entry,20,"{""spike"": 20}","[[8, 1, 128, 50, 50]]","[[8, 1, 64, 50, 50]]",[8],8,51200000,6400000.0,782517.0,6260136.0,5257344,0.0,7.0,20,0.12226828125,0.01528353515625,0.01528353515625,0.1026825,9830400000.0,9830400000.0,1228800000.0,491520000.0,491520000.0,61440000.0,0.0,0.0,150243264.0,7512163.2,150243264.0,150243264.0,7512163.2,0.0,0.0,150243264.0,7512163.2
max,fp,fp,LC2.dconv1x3,conv2d,dense,policy:long_connection_continuous_second_conv,20,"{""dense"": 20}","[[8, 1, 64, 50, 50]]","[[8, 1, 32, 50, 50]]",[8],8,25600000,3200000.0,235646.4208984375,1885171.3671875,25600000,-2.700171947479248,2.7487940788269043,0,,,,1.0,2457600000.0,2457600000.0,307200000.0,122880000.0,122880000.0,15360000.0,2457600000.0,122880000.0,0.0,0.0,0.0,2457600000.0,122880000.0,0.0,0.0,2457600000.0,122880000.0
max,fp,fp,LC3.dconv3x1,conv2d,spike,policy:long_connection_event_entry,20,"{""spike"": 20}","[[1, 1, 64, 25, 25]]","[[1, 1, 32, 25, 25]]",[1],8,800000,800000.0,180527.0,180527.0,148867,0.0,8.0,20,0.22565875,0.02820734375,0.22565875,0.18608375,76800000.0,76800000.0,76800000.0,3840000.0,3840000.0,3840000.0,0.0,0.0,17330592.0,866529.6,17330592.0,17330592.0,866529.6,0.0,0.0,17330592.0,866529.6
max,fp,fp,LC3.dconv1x3,conv2d,dense,policy:long_connection_continuous_second_conv,20,"{""dense"": 20}","[[1, 1, 32, 25, 25]]","[[1, 1, 64, 25, 25]]",[1],8,400000,400000.0,50632.520751953125,50632.520751953125,400000,-2.7035439014434814,2.686885118484497,0,,,,1.0,76800000.0,76800000.0,76800000.0,3840000.0,3840000.0,3840000.0,76800000.0,3840000.0,0.0,0.0,0.0,76800000.0,3840000.0,0.0,0.0,76800000.0,3840000.0
max,fp,fp,final_conv,conv2d,spike,policy:final_event_conv,20,"{""spike"": 20}","[[8, 1, 32, 200, 200]]","[[8, 1, 32, 200, 200]]",[8],8,204800000,25600000.0,12194787.0,97558296.0,68951760,0.0,8.0,20,0.4763588671875,0.0595448583984375,0.0595448583984375,0.336678515625,58982400000.0,58982400000.0,7372800000.0,2949120000.0,2949120000.0,368640000.0,0.0,0.0,3512098656.0,175604932.8,3512098656.0,3512098656.0,175604932.8,0.0,0.0,3512098656.0,175604932.8
max,fp,fp,classifier.0.conv,conv2d,dense,policy:dense_classifier,20,"{""dense"": 20}","[[8, 1, 32, 400, 400]]","[[8, 1, 6, 400, 400]]",[8],8,819200000,102400000.0,45783085.25,366264682.0,819199992,-12.974593162536621,18.345073699951172,0,,,,0.999999990234375,4915200000.0,4915200000.0,614400000.0,245760000.0,245760000.0,30720000.0,4915200000.0,245760000.0,0.0,0.0,0.0,4915200000.0,245760000.0,0.0,0.0,4915200000.0,245760000.0
max,fp,fp,transformer1.atten.matmul,attention_matmul,dense,special:EffAttention,20,"{""dense"": 20}","[[1, 625, 576]]","[[1, 625, 576]]",[1],8,7200000,7200000.0,258728.412109375,258728.412109375,7200000,-0.685391366481781,8.73540210723877,0,,,,1.0,1121414400.0,1121414400.0,1121414400.0,56070720.0,56070720.0,56070720.0,1121414400.0,56070720.0,0.0,0.0,0.0,1121414400.0,56070720.0,0.0,0.0,1121414400.0,56070720.0
max,qat,int4,init_conv.0.conv,conv2d,dense,policy:raw_image_first_conv,20,"{""dense"": 20}","[[8, 1, 3, 400, 400]]","[[8, 1, 32, 400, 400]]",[8],8,76800000,9600000.0,7411175.6328125,59289405.0625,76800000,-2.1179039478302,2.640000104904175,0,,,,1.0,22118400000.0,22118400000.0,2764800000.0,1105920000.0,1105920000.0,138240000.0,22118400000.0,1105920000.0,0.0,0.0,0.0,22118400000.0,1105920000.0,0.0,0.0,22118400000.0,1105920000.0
max,qat,int4,init_conv.1.conv,conv2d,spike,policy:later_init_convs,20,"{""spike"": 20}","[[8, 1, 32, 400, 400]]","[[8, 1, 64, 400, 400]]",[8],8,819200000,102400000.0,37759300.0,302074400.0,181912424,0.0,8.0,20,0.3687431640625,0.0460928955078125,0.0460928955078125,0.222061064453125,471859200000.0,471859200000.0,58982400000.0,23592960000.0,23592960000.0,2949120000.0,0.0,0.0,21749356800.0,1087467840.0,21749356800.0,21749356800.0,1087467840.0,0.0,0.0,21749356800.0,1087467840.0
max,qat,int4,init_conv.2.conv,conv2d,spike,policy:later_init_convs,20,"{""spike"": 20}","[[8, 1, 64, 400, 400]]","[[8, 1, 64, 200, 200]]",[8],8,1638400000,204800000.0,55833627.0,446669016.0,359454688,0.0,8.0,20,0.2726251318359375,0.03407814147949219,0.03407814147949219,0.21939373046875,235929600000.0,235929600000.0,29491200000.0,11796480000.0,11796480000.0,1474560000.0,0.0,0.0,8040042288.0,402002114.4,8040042288.0,8040042288.0,402002114.4,0.0,0.0,8040042288.0,402002114.4
max,qat,int4,downsample_1.conv3x3.conv,conv2d,spike,policy:max_downsample_event_conv,20,"{""spike"": 20}","[[8, 1, 64, 200, 200]]","[[8, 1, 64, 100, 100]]",[8],8,409600000,51200000.0,9780420.0,78243360.0,59007160,0.0,8.0,20,0.191023828125,0.023877978515625,0.023877978515625,0.14406044921875,58982400000.0,58982400000.0,7372800000.0,2949120000.0,2949120000.0,368640000.0,0.0,0.0,1408380480.0,70419024.0,1408380480.0,1408380480.0,70419024.0,0.0,0.0,1408380480.0,70419024.0
max,qat,int4,DAB_Block_1.DAB_Module_1_0.conv1x1_in.conv,conv2d,spike,policy:encoder_and_late_decoder_dab_convs,20,"{""spike"": 20}","[[8, 1, 128, 100, 100]]","[[8, 1, 64, 100, 100]]",[8],8,204800000,25600000.0,4951774.0,39614192.0,29401800,0.0,8.0,20,0.193428671875,0.024178583984375,0.024178583984375,0.1435634765625,13107200000.0,13107200000.0,1638400000.0,655360000.0,655360000.0,81920000.0,0.0,0.0,316913536.0,15845676.8,316913536.0,316913536.0,15845676.8,0.0,0.0,316913536.0,15845676.8
max,qat,int4,DAB_Block_1.DAB_Module_1_0.conv3x1.conv,conv2d,spike,policy:encoder_and_late_decoder_dab_convs,20,"{""spike"": 20}","[[8, 1, 64, 100, 100]]","[[8, 1, 64, 100, 100]]",[8],8,102400000,12800000.0,2010878.0,16087024.0,14305432,0.0,6.0,20,0.15709984375,0.01963748046875,0.01963748046875,0.139701484375,19660800000.0,19660800000.0,2457600000.0,983040000.0,983040000.0,122880000.0,0.0,0.0,386088576.0,19304428.8,386088576.0,386088576.0,19304428.8,0.0,0.0,386088576.0,19304428.8
max,qat,int4,DAB_Block_1.DAB_Module_1_0.conv1x3.conv,conv2d,spike,policy:encoder_and_late_decoder_dab_convs,20,"{""spike"": 20}","[[8, 1, 64, 100, 100]]","[[8, 1, 64, 100, 100]]",[8],8,102400000,12800000.0,2036064.0,16288512.0,14812544,0.0,7.0,20,0.1590675,0.0198834375,0.0198834375,0.14465375,19660800000.0,19660800000.0,2457600000.0,983040000.0,983040000.0,122880000.0,0.0,0.0,390924288.0,19546214.4,390924288.0,390924288.0,19546214.4,0.0,0.0,390924288.0,19546214.4
max,qat,int4,DAB_Block_1.DAB_Module_1_0.dconv3x1.conv,conv2d,spike,policy:encoder_and_late_decoder_dab_convs,20,"{""spike"": 20}","[[8, 1, 64, 100, 100]]","[[8, 1, 64, 100, 100]]",[8],8,102400000,12800000.0,4583540.0,36668320.0,29668896,0.0,6.0,20,0.3580890625,0.0447611328125,0.0447611328125,0.2897353125,307200000.0,307200000.0,38400000.0,15360000.0,15360000.0,1920000.0,0.0,0.0,13750620.0,687531.0,13750620.0,13750620.0,687531.0,0.0,0.0,13750620.0,687531.0
max,qat,int4,DAB_Block_1.DAB_Module_1_0.dconv1x3.conv,conv2d,spike,policy:encoder_and_late_decoder_dab_convs,20,"{""spike"": 20}","[[8, 1, 64, 100, 100]]","[[8, 1, 64, 100, 100]]",[8],8,102400000,12800000.0,1322107.0,10576856.0,8150032,0.0,8.0,20,0.103289609375,0.012911201171875,0.012911201171875,0.07959015625,307200000.0,307200000.0,38400000.0,15360000.0,15360000.0,1920000.0,0.0,0.0,3966321.0,198316.05,3966321.0,3966321.0,198316.05,0.0,0.0,3966321.0,198316.05
max,qat,fp,DAB_Block_1.DAB_Module_1_0.ca11.conv,conv1d,dense,policy:eca_conv1d,20,"{""dense"": 20}","[[8, 1, 1, 64]]","[[8, 1, 1, 64]]",[8],8,10240,1280.0,480.88088607788086,3847.047088623047,1920,0.0,3.9210000038146973,0,,,,0.1875,30720.0,30720.0,3840.0,1536.0,1536.0,192.0,30720.0,1536.0,0.0,0.0,0.0,30720.0,1536.0,0.0,0.0,30720.0,1536.0
max,qat,int4,DAB_Block_1.DAB_Module_1_0.ddconv3x1.conv,conv2d,spike,policy:encoder_and_late_decoder_dab_convs,20,"{""spike"": 20}","[[8, 1, 64, 100, 100]]","[[8, 1, 64, 100, 100]]",[8],8,102400000,12800000.0,4583540.0,36668320.0,29668896,0.0,6.0,20,0.3580890625,0.0447611328125,0.0447611328125,0.2897353125,307200000.0,307200000.0,38400000.0,15360000.0,15360000.0,1920000.0,0.0,0.0,13750620.0,687531.0,13750620.0,13750620.0,687531.0,0.0,0.0,13750620.0,687531.0
max,qat,int4,DAB_Block_1.DAB_Module_1_0.ddconv1x3.conv,conv2d,spike,policy:encoder_and_late_decoder_dab_convs,20,"{""spike"": 20}","[[8, 1, 64, 100, 100]]","[[8, 1, 64, 100, 100]]",[8],8,102400000,12800000.0,1240057.0,9920456.0,7661056,0.0,6.0,20,0.096879453125,0.012109931640625,0.012109931640625,0.074815,307200000.0,307200000.0,38400000.0,15360000.0,15360000.0,1920000.0,0.0,0.0,3720171.0,186008.55,3720171.0,3720171.0,186008.55,0.0,0.0,3720171.0,186008.55
max,qat,fp,DAB_Block_1.DAB_Module_1_0.ca22.conv,conv1d,dense,policy:eca_conv1d,20,"{""dense"": 20}","[[8, 1, 1, 64]]","[[8, 1, 1, 64]]",[8],8,10240,1280.0,351.70399284362793,2813.6319427490234,2720,0.0,3.3135998249053955,0,,,,0.265625,30720.0,30720.0,3840.0,1536.0,1536.0,192.0,30720.0,1536.0,0.0,0.0,0.0,30720.0,1536.0,0.0,0.0,30720.0,1536.0
max,qat,int4,DAB_Block_1.DAB_Module_1_0.conv1x1.conv,conv2d,spike,policy:encoder_and_late_decoder_dab_convs,20,"{""spike"": 20}","[[8, 1, 64, 100, 100]]","[[8, 1, 128, 100, 100]]",[8],8,102400000,12800000.0,9951518.0,79612144.0,41902640,0.0,12.0,20,0.77746234375,0.09718279296875,0.09718279296875,0.40920546875,13107200000.0,13107200000.0,1638400000.0,655360000.0,655360000.0,81920000.0,0.0,0.0,1273794304.0,63689715.2,1273794304.0,1273794304.0,63689715.2,0.0,0.0,1273794304.0,63689715.2
max,qat,int4,downsample_2.conv3x3.conv,conv2d,spike,policy:max_downsample_event_conv,20,"{""spike"": 20}","[[8, 1, 128, 100, 100]]","[[8, 1, 128, 50, 50]]",[8],8,204800000,25600000.0,4783303.0,38266424.0,32343504,0.0,8.0,20,0.1868477734375,0.0233559716796875,0.0233559716796875,0.157927265625,58982400000.0,58982400000.0,7372800000.0,2949120000.0,2949120000.0,368640000.0,0.0,0.0,1377591264.0,68879563.2,1377591264.0,1377591264.0,68879563.2,0.0,0.0,1377591264.0,68879563.2
max,qat,int4,DAB_Block_2.DAB_Module_2_0.conv1x1_in.conv,conv2d,spike,policy:encoder_and_late_decoder_dab_convs,20,"{""spike"": 20}","[[8, 1, 128, 50, 50]]","[[8, 1, 64, 50, 50]]",[8],8,51200000,6400000.0,675838.0,5406704.0,4302856,0.0,7.0,20,0.1055996875,0.0131999609375,0.0131999609375,0.08404015625,3276800000.0,3276800000.0,409600000.0,163840000.0,163840000.0,20480000.0,0.0,0.0,43253632.0,2162681.6,43253632.0,43253632.0,2162681.6,0.0,0.0,43253632.0,2162681.6
max,qat,int4,DAB_Block_2.DAB_Module_2_0.conv3x1.conv,conv2d,spike,policy:encoder_and_late_decoder_dab_convs,20,"{""spike"": 20}","[[8, 1, 64, 50, 50]]","[[8, 1, 64, 50, 50]]",[8],8,25600000,3200000.0,408671.0,3269368.0,3072624,0.0,5.0,20,0.1277096875,0.0159637109375,0.0159637109375,0.120024375,4915200000.0,4915200000.0,614400000.0,245760000.0,245760000.0,30720000.0,0.0,0.0,78464832.0,3923241.6,78464832.0,78464832.0,3923241.6,0.0,0.0,78464832.0,3923241.6
max,qat,int4,DAB_Block_2.DAB_Module_2_0.conv1x3.conv,conv2d,spike,policy:encoder_and_late_decoder_dab_convs,20,"{""spike"": 20}","[[8, 1, 64, 50, 50]]","[[8, 1, 64, 50, 50]]",[8],8,25600000,3200000.0,386937.0,3095496.0,2781048,0.0,7.0,20,0.1209178125,0.0151147265625,0.0151147265625,0.1086346875,4915200000.0,4915200000.0,614400000.0,245760000.0,245760000.0,30720000.0,0.0,0.0,74291904.0,3714595.2,74291904.0,74291904.0,3714595.2,0.0,0.0,74291904.0,3714595.2
max,qat,int4,DAB_Block_2.DAB_Module_2_0.dconv3x1.conv,conv2d,spike,policy:encoder_and_late_decoder_dab_convs,20,"{""spike"": 20}","[[8, 1, 64, 50, 50]]","[[8, 1, 64, 50, 50]]",[8],8,25600000,3200000.0,276279.0,2210232.0,1935040,0.0,8.0,20,0.0863371875,0.0107921484375,0.0107921484375,0.0755875,76800000.0,76800000.0,9600000.0,3840000.0,3840000.0,480000.0,0.0,0.0,828837.0,41441.85,828837.0,828837.0,41441.85,0.0,0.0,828837.0,41441.85
max,qat,int4,DAB_Block_2.DAB_Module_2_0.dconv1x3.conv,conv2d,spike,policy:encoder_and_late_decoder_dab_convs,20,"{""spike"": 20}","[[8, 1, 64, 50, 50]]","[[8, 1, 64, 50, 50]]",[8],8,25600000,3200000.0,39718.0,317744.0,267264,0.0,7.0,20,0.012411875,0.001551484375,0.001551484375,0.01044,76800000.0,76800000.0,9600000.0,3840000.0,3840000.0,480000.0,0.0,0.0,119154.0,5957.7,119154.0,119154.0,5957.7,0.0,0.0,119154.0,5957.7
max,qat,fp,DAB_Block_2.DAB_Module_2_0.ca11.conv,conv1d,dense,policy:eca_conv1d,20,"{""dense"": 20}","[[8, 1, 1, 64]]","[[8, 1, 1, 64]]",[8],8,10240,1280.0,31.11119955778122,248.88959646224976,1120,0.0,1.1759999990463257,0,,,,0.109375,30720.0,30720.0,3840.0,1536.0,1536.0,192.0,30720.0,1536.0,0.0,0.0,0.0,30720.0,1536.0,0.0,0.0,30720.0,1536.0
max,qat,int4,DAB_Block_2.DAB_Module_2_0.ddconv3x1.conv,conv2d,spike,policy:encoder_and_late_decoder_dab_convs,20,"{""spike"": 20}","[[8, 1, 64, 50, 50]]","[[8, 1, 64, 50, 50]]",[8],8,25600000,3200000.0,276279.0,2210232.0,1935040,0.0,8.0,20,0.0863371875,0.0107921484375,0.0107921484375,0.0755875,76800000.0,76800000.0,9600000.0,3840000.0,3840000.0,480000.0,0.0,0.0,828837.0,41441.85,828837.0,828837.0,41441.85,0.0,0.0,828837.0,41441.85
max,qat,int4,DAB_Block_2.DAB_Module_2_0.ddconv1x3.conv,conv2d,spike,policy:encoder_and_late_decoder_dab_convs,20,"{""spike"": 20}","[[8, 1, 64, 50, 50]]","[[8, 1, 64, 50, 50]]",[8],8,25600000,3200000.0,26434.0,211472.0,179400,0.0,5.0,20,0.008260625,0.001032578125,0.001032578125,0.0070078125,76800000.0,76800000.0,9600000.0,3840000.0,3840000.0,480000.0,0.0,0.0,79302.0,3965.1,79302.0,79302.0,3965.1,0.0,0.0,79302.0,3965.1
max,qat,fp,DAB_Block_2.DAB_Module_2_0.ca22.conv,conv1d,dense,policy:eca_conv1d,20,"{""dense"": 20}","[[8, 1, 1, 64]]","[[8, 1, 1, 64]]",[8],8,10240,1280.0,20.39199933409691,163.13599467277527,1256,0.0,0.6487999558448792,0,,,,0.12265625,30720.0,30720.0,3840.0,1536.0,1536.0,192.0,30720.0,1536.0,0.0,0.0,0.0,30720.0,1536.0,0.0,0.0,30720.0,1536.0
max,qat,int4,DAB_Block_2.DAB_Module_2_0.conv1x1.conv,conv2d,spike,policy:encoder_and_late_decoder_dab_convs,20,"{""spike"": 20}","[[8, 1, 64, 50, 50]]","[[8, 1, 128, 50, 50]]",[8],8,25600000,3200000.0,374442.0,2995536.0,2344064,0.0,9.0,20,0.117013125,0.014626640625,0.014626640625,0.091565,3276800000.0,3276800000.0,409600000.0,163840000.0,163840000.0,20480000.0,0.0,0.0,47928576.0,2396428.8,47928576.0,47928576.0,2396428.8,0.0,0.0,47928576.0,2396428.8
max,qat,int4,downsample_3.conv3x3.conv,conv2d,spike,policy:max_downsample_event_conv,20,"{""spike"": 20}","[[8, 1, 128, 50, 50]]","[[8, 1, 64, 25, 25]]",[8],8,51200000,6400000.0,553867.0,4430936.0,3794048,0.0,7.0,20,0.08654171875,0.01081771484375,0.01081771484375,0.0741025,7372800000.0,7372800000.0,921600000.0,368640000.0,368640000.0,46080000.0,0.0,0.0,79756848.0,3987842.4,79756848.0,79756848.0,3987842.4,0.0,0.0,79756848.0,3987842.4
max,qat,int4,DAB_Block_3.DAB_Module_3_0.conv1x1_in.conv,conv2d,spike,policy:encoder_and_late_decoder_dab_convs,20,"{""spike"": 20}","[[8, 1, 64, 25, 25]]","[[8, 1, 32, 25, 25]]",[8],8,6400000,800000.0,158108.0,1264864.0,991112,0.0,8.0,20,0.197635,0.024704375,0.024704375,0.15486125,204800000.0,204800000.0,25600000.0,10240000.0,10240000.0,1280000.0,0.0,0.0,5059456.0,252972.8,5059456.0,5059456.0,252972.8,0.0,0.0,5059456.0,252972.8
max,qat,int4,DAB_Block_3.DAB_Module_3_0.conv3x1.conv,conv2d,spike,policy:encoder_and_late_decoder_dab_convs,20,"{""spike"": 20}","[[8, 1, 32, 25, 25]]","[[8, 1, 32, 25, 25]]",[8],8,3200000,400000.0,93607.0,748856.0,661824,0.0,6.0,20,0.2340175,0.0292521875,0.0292521875,0.20682,307200000.0,307200000.0,38400000.0,15360000.0,15360000.0,1920000.0,0.0,0.0,8986272.0,449313.6,8986272.0,8986272.0,449313.6,0.0,0.0,8986272.0,449313.6
max,qat,int4,DAB_Block_3.DAB_Module_3_0.conv1x3.conv,conv2d,spike,policy:encoder_and_late_decoder_dab_convs,20,"{""spike"": 20}","[[8, 1, 32, 25, 25]]","[[8, 1, 32, 25, 25]]",[8],8,3200000,400000.0,71934.0,575472.0,494320,0.0,6.0,20,0.179835,0.022479375,0.022479375,0.154475,307200000.0,307200000.0,38400000.0,15360000.0,15360000.0,1920000.0,0.0,0.0,6905664.0,345283.2,6905664.0,6905664.0,345283.2,0.0,0.0,6905664.0,345283.2
max,qat,int4,DAB_Block_3.DAB_Module_3_0.dconv3x1.conv,conv2d,spike,policy:encoder_and_late_decoder_dab_convs,20,"{""spike"": 20}","[[8, 1, 32, 25, 25]]","[[8, 1, 32, 25, 25]]",[8],8,3200000,400000.0,50547.0,404376.0,333520,0.0,8.0,20,0.1263675,0.0157959375,0.0157959375,0.104225,9600000.0,9600000.0,1200000.0,480000.0,480000.0,60000.0,0.0,0.0,151641.0,7582.05,151641.0,151641.0,7582.05,0.0,0.0,151641.0,7582.05
max,qat,int4,DAB_Block_3.DAB_Module_3_0.dconv1x3.conv,conv2d,spike,policy:encoder_and_late_decoder_dab_convs,20,"{""spike"": 20}","[[8, 1, 32, 25, 25]]","[[8, 1, 32, 25, 25]]",[8],8,3200000,400000.0,17962.0,143696.0,100504,0.0,8.0,20,0.044905,0.005613125,0.005613125,0.0314075,9600000.0,9600000.0,1200000.0,480000.0,480000.0,60000.0,0.0,0.0,53886.0,2694.3,53886.0,53886.0,2694.3,0.0,0.0,53886.0,2694.3
max,qat,fp,DAB_Block_3.DAB_Module_3_0.ca11.conv,conv1d,dense,policy:eca_conv1d,20,"{""dense"": 20}","[[8, 1, 1, 32]]","[[8, 1, 1, 32]]",[8],8,5120,640.0,70.15679681301117,561.2543745040894,800,0.0,3.089599847793579,0,,,,0.15625,15360.0,15360.0,1920.0,768.0,768.0,96.0,15360.0,768.0,0.0,0.0,0.0,15360.0,768.0,0.0,0.0,15360.0,768.0
max,qat,int4,DAB_Block_3.DAB_Module_3_0.ddconv3x1.conv,conv2d,spike,policy:encoder_and_late_decoder_dab_convs,20,"{""spike"": 20}","[[8, 1, 32, 25, 25]]","[[8, 1, 32, 25, 25]]",[8],8,3200000,400000.0,50547.0,404376.0,333520,0.0,8.0,20,0.1263675,0.0157959375,0.0157959375,0.104225,9600000.0,9600000.0,1200000.0,480000.0,480000.0,60000.0,0.0,0.0,151641.0,7582.05,151641.0,151641.0,7582.05,0.0,0.0,151641.0,7582.05
max,qat,int4,DAB_Block_3.DAB_Module_3_0.ddconv1x3.conv,conv2d,spike,policy:encoder_and_late_decoder_dab_convs,20,"{""spike"": 20}","[[8, 1, 32, 25, 25]]","[[8, 1, 32, 25, 25]]",[8],8,3200000,400000.0,9293.0,74344.0,60184,0.0,8.0,20,0.0232325,0.0029040625,0.0029040625,0.0188075,9600000.0,9600000.0,1200000.0,480000.0,480000.0,60000.0,0.0,0.0,27879.0,1393.95,27879.0,27879.0,1393.95,0.0,0.0,27879.0,1393.95
max,qat,fp,DAB_Block_3.DAB_Module_3_0.ca22.conv,conv1d,dense,policy:eca_conv1d,20,"{""dense"": 20}","[[8, 1, 1, 32]]","[[8, 1, 1, 32]]",[8],8,5120,640.0,36.23839867115021,289.90718936920166,800,0.0,1.4271999597549438,0,,,,0.15625,15360.0,15360.0,1920.0,768.0,768.0,96.0,15360.0,768.0,0.0,0.0,0.0,15360.0,768.0,0.0,0.0,15360.0,768.0
max,qat,int4,DAB_Block_3.DAB_Module_3_0.conv1x1.conv,conv2d,spike,policy:encoder_and_late_decoder_dab_convs,20,"{""spike"": 20}","[[8, 1, 32, 25, 25]]","[[8, 1, 64, 25, 25]]",[8],8,3200000,400000.0,102567.0,820536.0,438976,0.0,13.0,20,0.2564175,0.0320521875,0.0320521875,0.13718,204800000.0,204800000.0,25600000.0,10240000.0,10240000.0,1280000.0,0.0,0.0,6564288.0,328214.4,6564288.0,6564288.0,328214.4,0.0,0.0,6564288.0,328214.4
max,qat,int4,transformer1.atten.reduce,linear,dense,policy:transformer_linears,20,"{""dense"": 20}","[[1, 625, 576]]","[[1, 625, 288]]",[1],8,7200000,7200000.0,331073.658203125,331073.658203125,7199999,-0.6054840683937073,12.426146507263184,0,,,,0.9999998611111112,2073600000.0,2073600000.0,2073600000.0,103680000.0,103680000.0,103680000.0,2073600000.0,103680000.0,0.0,0.0,0.0,2073600000.0,103680000.0,0.0,0.0,2073600000.0,103680000.0
max,qat,int4,transformer1.atten.qkv,linear,dense,policy:transformer_linears,20,"{""dense"": 20}","[[1, 625, 288]]","[[1, 625, 864]]",[1],8,3600000,3600000.0,258042.2109375,258042.2109375,272749,-9.733118057250977,9.866436004638672,0,,,,0.07576361111111111,3110400000.0,3110400000.0,3110400000.0,155520000.0,155520000.0,155520000.0,3110400000.0,155520000.0,0.0,0.0,0.0,3110400000.0,155520000.0,0.0,0.0,3110400000.0,155520000.0
max,qat,int4,transformer1.atten.proj,linear,dense,policy:transformer_linears,20,"{""dense"": 20}","[[1, 625, 288]]","[[1, 625, 576]]",[1],8,3600000,3600000.0,249334.3740234375,249334.3740234375,112500,-14.273835182189941,12.906529426574707,0,,,,0.03125,2073600000.0,2073600000.0,2073600000.0,103680000.0,103680000.0,103680000.0,2073600000.0,103680000.0,0.0,0.0,0.0,2073600000.0,103680000.0,0.0,0.0,2073600000.0,103680000.0
max,qat,int4,transformer1.mlp.fc1,linear,dense,policy:transformer_linears,20,"{""dense"": 20}","[[1, 625, 576]]","[[1, 625, 144]]",[1],8,7200000,7200000.0,2.2832275866438276e-34,2.2832275866438276e-34,7199966,-3.6469353053439094e-40,6.399772125525369e-40,20,,,,0.9999952777777777,1036800000.0,1036800000.0,1036800000.0,51840000.0,51840000.0,51840000.0,1036800000.0,51840000.0,0.0,0.0,0.0,1036800000.0,51840000.0,0.0,0.0,1036800000.0,51840000.0
max,qat,int4,transformer1.mlp.fc2,linear,dense,policy:transformer_linears,20,"{""dense"": 20}","[[1, 625, 144]]","[[1, 625, 576]]",[1],8,1800000,1800000.0,1.8588539365371233e-35,1.8588539365371233e-35,300000,0.0,6.305843089461677e-41,20,,,,0.16666666666666666,1036800000.0,1036800000.0,1036800000.0,51840000.0,51840000.0,51840000.0,1036800000.0,51840000.0,0.0,0.0,0.0,1036800000.0,51840000.0,0.0,0.0,1036800000.0,51840000.0
max,qat,int4,DAB_Block_4.DAB_Module_4_0.conv1x1_in.conv,conv2d,dense,policy:transformer_decoder_entry,20,"{""dense"": 20}","[[8, 1, 64, 25, 25]]","[[8, 1, 32, 25, 25]]",[8],8,6400000,800000.0,1379347.27734375,11034778.21875,6400000,-26.356050491333008,67.84868621826172,0,,,,1.0,204800000.0,204800000.0,25600000.0,10240000.0,10240000.0,1280000.0,204800000.0,10240000.0,0.0,0.0,0.0,204800000.0,10240000.0,0.0,0.0,204800000.0,10240000.0
max,qat,int4,DAB_Block_4.DAB_Module_4_0.conv3x1.conv,conv2d,spike,policy:transformer_decoder_internal_event_convs,20,"{""spike"": 20}","[[8, 1, 32, 25, 25]]","[[8, 1, 32, 25, 25]]",[8],8,3200000,400000.0,0.0,0.0,0,0.0,0.0,20,0.0,0.0,0.0,0.0,307200000.0,307200000.0,38400000.0,15360000.0,15360000.0,1920000.0,0.0,0.0,0.0,0.0,0.0,0.0,0.0,0.0,0.0,0.0,0.0
max,qat,int4,DAB_Block_4.DAB_Module_4_0.conv1x3.conv,conv2d,spike,policy:transformer_decoder_internal_event_convs,20,"{""spike"": 20}","[[8, 1, 32, 25, 25]]","[[8, 1, 32, 25, 25]]",[8],8,3200000,400000.0,0.0,0.0,0,0.0,0.0,20,0.0,0.0,0.0,0.0,307200000.0,307200000.0,38400000.0,15360000.0,15360000.0,1920000.0,0.0,0.0,0.0,0.0,0.0,0.0,0.0,0.0,0.0,0.0,0.0
max,qat,int4,DAB_Block_4.DAB_Module_4_0.dconv3x1.conv,conv2d,spike,policy:transformer_decoder_internal_event_convs,20,"{""spike"": 20}","[[8, 1, 32, 25, 25]]","[[8, 1, 32, 25, 25]]",[8],8,3200000,400000.0,0.0,0.0,0,0.0,0.0,20,0.0,0.0,0.0,0.0,9600000.0,9600000.0,1200000.0,480000.0,480000.0,60000.0,0.0,0.0,0.0,0.0,0.0,0.0,0.0,0.0,0.0,0.0,0.0
max,qat,int4,DAB_Block_4.DAB_Module_4_0.dconv1x3.conv,conv2d,spike,policy:transformer_decoder_internal_event_convs,20,"{""spike"": 20}","[[8, 1, 32, 25, 25]]","[[8, 1, 32, 25, 25]]",[8],8,3200000,400000.0,0.0,0.0,0,0.0,0.0,20,0.0,0.0,0.0,0.0,9600000.0,9600000.0,1200000.0,480000.0,480000.0,60000.0,0.0,0.0,0.0,0.0,0.0,0.0,0.0,0.0,0.0,0.0,0.0
max,qat,fp,DAB_Block_4.DAB_Module_4_0.ca11.conv,conv1d,dense,policy:eca_conv1d,20,"{""dense"": 20}","[[8, 1, 1, 32]]","[[8, 1, 1, 32]]",[8],8,5120,640.0,0.0,0.0,0,0.0,0.0,20,,,,0.0,15360.0,15360.0,1920.0,768.0,768.0,96.0,15360.0,768.0,0.0,0.0,0.0,15360.0,768.0,0.0,0.0,15360.0,768.0
max,qat,int4,DAB_Block_4.DAB_Module_4_0.ddconv3x1.conv,conv2d,spike,policy:transformer_decoder_internal_event_convs,20,"{""spike"": 20}","[[8, 1, 32, 25, 25]]","[[8, 1, 32, 25, 25]]",[8],8,3200000,400000.0,0.0,0.0,0,0.0,0.0,20,0.0,0.0,0.0,0.0,9600000.0,9600000.0,1200000.0,480000.0,480000.0,60000.0,0.0,0.0,0.0,0.0,0.0,0.0,0.0,0.0,0.0,0.0,0.0
max,qat,int4,DAB_Block_4.DAB_Module_4_0.ddconv1x3.conv,conv2d,spike,policy:transformer_decoder_internal_event_convs,20,"{""spike"": 20}","[[8, 1, 32, 25, 25]]","[[8, 1, 32, 25, 25]]",[8],8,3200000,400000.0,0.0,0.0,0,0.0,0.0,20,0.0,0.0,0.0,0.0,9600000.0,9600000.0,1200000.0,480000.0,480000.0,60000.0,0.0,0.0,0.0,0.0,0.0,0.0,0.0,0.0,0.0,0.0,0.0
max,qat,fp,DAB_Block_4.DAB_Module_4_0.ca22.conv,conv1d,dense,policy:eca_conv1d,20,"{""dense"": 20}","[[8, 1, 1, 32]]","[[8, 1, 1, 32]]",[8],8,5120,640.0,0.0,0.0,0,0.0,0.0,20,,,,0.0,15360.0,15360.0,1920.0,768.0,768.0,96.0,15360.0,768.0,0.0,0.0,0.0,15360.0,768.0,0.0,0.0,15360.0,768.0
max,qat,int4,DAB_Block_4.DAB_Module_4_0.conv1x1.conv,conv2d,spike,policy:transformer_decoder_internal_event_convs,20,"{""spike"": 20}","[[8, 1, 32, 25, 25]]","[[8, 1, 64, 25, 25]]",[8],8,3200000,400000.0,0.0,0.0,0,0.0,0.0,20,0.0,0.0,0.0,0.0,204800000.0,204800000.0,25600000.0,10240000.0,10240000.0,1280000.0,0.0,0.0,0.0,0.0,0.0,0.0,0.0,0.0,0.0,0.0,0.0
max,qat,int4,upsample_1.conv,conv_transpose2d,spike,policy:upsample_event_convs,20,"{""spike"": 20}","[[8, 1, 64, 25, 25]]","[[8, 1, 32, 50, 50]]",[8],8,6400000,800000.0,297422.0,2379376.0,1670080,0.0,11.0,20,0.3717775,0.0464721875,0.0464721875,0.26095,1843200000.0,1843200000.0,230400000.0,92160000.0,92160000.0,11520000.0,0.0,0.0,85657536.0,4282876.8,85657536.0,85657536.0,4282876.8,0.0,0.0,85657536.0,4282876.8
max,qat,int4,DAB_Block_5.DAB_Module_5_0.conv1x1_in.conv,conv2d,spike,policy:encoder_and_late_decoder_dab_convs,20,"{""spike"": 20}","[[8, 1, 32, 50, 50]]","[[8, 1, 16, 50, 50]]",[8],8,12800000,1600000.0,332235.0,2657880.0,2329800,0.0,7.0,20,0.207646875,0.025955859375,0.025955859375,0.182015625,204800000.0,204800000.0,25600000.0,10240000.0,10240000.0,1280000.0,0.0,0.0,5315760.0,265788.0,5315760.0,5315760.0,265788.0,0.0,0.0,5315760.0,265788.0
max,qat,int4,DAB_Block_5.DAB_Module_5_0.conv3x1.conv,conv2d,spike,policy:encoder_and_late_decoder_dab_convs,20,"{""spike"": 20}","[[8, 1, 16, 50, 50]]","[[8, 1, 16, 50, 50]]",[8],8,6400000,800000.0,139755.0,1118040.0,917792,0.0,7.0,20,0.17469375,0.02183671875,0.02183671875,0.143405,307200000.0,307200000.0,38400000.0,15360000.0,15360000.0,1920000.0,0.0,0.0,6708240.0,335412.0,6708240.0,6708240.0,335412.0,0.0,0.0,6708240.0,335412.0
max,qat,int4,DAB_Block_5.DAB_Module_5_0.conv1x3.conv,conv2d,spike,policy:encoder_and_late_decoder_dab_convs,20,"{""spike"": 20}","[[8, 1, 16, 50, 50]]","[[8, 1, 16, 50, 50]]",[8],8,6400000,800000.0,106378.0,851024.0,674416,0.0,8.0,20,0.1329725,0.0166215625,0.0166215625,0.1053775,307200000.0,307200000.0,38400000.0,15360000.0,15360000.0,1920000.0,0.0,0.0,5106144.0,255307.2,5106144.0,5106144.0,255307.2,0.0,0.0,5106144.0,255307.2
max,qat,int4,DAB_Block_5.DAB_Module_5_0.dconv3x1.conv,conv2d,spike,policy:encoder_and_late_decoder_dab_convs,20,"{""spike"": 20}","[[8, 1, 16, 50, 50]]","[[8, 1, 16, 50, 50]]",[8],8,6400000,800000.0,66421.0,531368.0,370112,0.0,8.0,20,0.08302625,0.01037828125,0.01037828125,0.05783,19200000.0,19200000.0,2400000.0,960000.0,960000.0,120000.0,0.0,0.0,199263.0,9963.15,199263.0,199263.0,9963.15,0.0,0.0,199263.0,9963.15
max,qat,int4,DAB_Block_5.DAB_Module_5_0.dconv1x3.conv,conv2d,spike,policy:encoder_and_late_decoder_dab_convs,20,"{""spike"": 20}","[[8, 1, 16, 50, 50]]","[[8, 1, 16, 50, 50]]",[8],8,6400000,800000.0,0.0,0.0,0,0.0,0.0,20,0.0,0.0,0.0,0.0,19200000.0,19200000.0,2400000.0,960000.0,960000.0,120000.0,0.0,0.0,0.0,0.0,0.0,0.0,0.0,0.0,0.0,0.0,0.0
max,qat,fp,DAB_Block_5.DAB_Module_5_0.ca11.conv,conv1d,dense,policy:eca_conv1d,20,"{""dense"": 20}","[[8, 1, 1, 16]]","[[8, 1, 1, 16]]",[8],8,2560,320.0,0.0,0.0,0,0.0,0.0,20,,,,0.0,7680.0,7680.0,960.0,384.0,384.0,48.0,7680.0,384.0,0.0,0.0,0.0,7680.0,384.0,0.0,0.0,7680.0,384.0
max,qat,int4,DAB_Block_5.DAB_Module_5_0.ddconv3x1.conv,conv2d,spike,policy:encoder_and_late_decoder_dab_convs,20,"{""spike"": 20}","[[8, 1, 16, 50, 50]]","[[8, 1, 16, 50, 50]]",[8],8,6400000,800000.0,66421.0,531368.0,370112,0.0,8.0,20,0.08302625,0.01037828125,0.01037828125,0.05783,19200000.0,19200000.0,2400000.0,960000.0,960000.0,120000.0,0.0,0.0,199263.0,9963.15,199263.0,199263.0,9963.15,0.0,0.0,199263.0,9963.15
max,qat,int4,DAB_Block_5.DAB_Module_5_0.ddconv1x3.conv,conv2d,spike,policy:encoder_and_late_decoder_dab_convs,20,"{""spike"": 20}","[[8, 1, 16, 50, 50]]","[[8, 1, 16, 50, 50]]",[8],8,6400000,800000.0,69649.0,557192.0,332136,0.0,8.0,20,0.08706125,0.01088265625,0.01088265625,0.05189625,19200000.0,19200000.0,2400000.0,960000.0,960000.0,120000.0,0.0,0.0,208947.0,10447.35,208947.0,208947.0,10447.35,0.0,0.0,208947.0,10447.35
max,qat,fp,DAB_Block_5.DAB_Module_5_0.ca22.conv,conv1d,dense,policy:eca_conv1d,20,"{""dense"": 20}","[[8, 1, 1, 16]]","[[8, 1, 1, 16]]",[8],8,2560,320.0,58.418398797512054,467.34719038009644,800,0.0,3.7283999919891357,0,,,,0.3125,7680.0,7680.0,960.0,384.0,384.0,48.0,7680.0,384.0,0.0,0.0,0.0,7680.0,384.0,0.0,0.0,7680.0,384.0
max,qat,int4,DAB_Block_5.DAB_Module_5_0.conv1x1.conv,conv2d,spike,policy:encoder_and_late_decoder_dab_convs,20,"{""spike"": 20}","[[8, 1, 16, 50, 50]]","[[8, 1, 32, 50, 50]]",[8],8,6400000,800000.0,194020.0,1552160.0,619968,0.0,16.0,20,0.242525,0.030315625,0.030315625,0.09687,204800000.0,204800000.0,25600000.0,10240000.0,10240000.0,1280000.0,0.0,0.0,6208640.0,310432.0,6208640.0,6208640.0,310432.0,0.0,0.0,6208640.0,310432.0
max,qat,int4,upsample_2.conv,conv_transpose2d,spike,policy:upsample_event_convs,20,"{""spike"": 20}","[[8, 1, 32, 50, 50]]","[[8, 1, 32, 100, 100]]",[8],8,12800000,1600000.0,980138.0,7841104.0,4096944,0.0,13.0,20,0.61258625,0.07657328125,0.07657328125,0.32007375,3686400000.0,3686400000.0,460800000.0,184320000.0,184320000.0,23040000.0,0.0,0.0,282279744.0,14113987.2,282279744.0,282279744.0,14113987.2,0.0,0.0,282279744.0,14113987.2
max,qat,int4,DAB_Block_6.DAB_Module_6_0.conv1x1_in.conv,conv2d,spike,policy:encoder_and_late_decoder_dab_convs,20,"{""spike"": 20}","[[8, 1, 32, 100, 100]]","[[8, 1, 16, 100, 100]]",[8],8,51200000,6400000.0,2294563.0,18356504.0,15364960,0.0,8.0,20,0.35852546875,0.04481568359375,0.04481568359375,0.300096875,819200000.0,819200000.0,102400000.0,40960000.0,40960000.0,5120000.0,0.0,0.0,36713008.0,1835650.4,36713008.0,36713008.0,1835650.4,0.0,0.0,36713008.0,1835650.4
max,qat,int4,DAB_Block_6.DAB_Module_6_0.conv3x1.conv,conv2d,spike,policy:encoder_and_late_decoder_dab_convs,20,"{""spike"": 20}","[[8, 1, 16, 100, 100]]","[[8, 1, 16, 100, 100]]",[8],8,25600000,3200000.0,1040115.0,8320920.0,6504824,0.0,7.0,20,0.3250359375,0.0406294921875,0.0406294921875,0.2540946875,1228800000.0,1228800000.0,153600000.0,61440000.0,61440000.0,7680000.0,0.0,0.0,49925520.0,2496276.0,49925520.0,49925520.0,2496276.0,0.0,0.0,49925520.0,2496276.0
max,qat,int4,DAB_Block_6.DAB_Module_6_0.conv1x3.conv,conv2d,spike,policy:encoder_and_late_decoder_dab_convs,20,"{""spike"": 20}","[[8, 1, 16, 100, 100]]","[[8, 1, 16, 100, 100]]",[8],8,25600000,3200000.0,910194.0,7281552.0,5805968,0.0,8.0,20,0.284435625,0.035554453125,0.035554453125,0.226795625,1228800000.0,1228800000.0,153600000.0,61440000.0,61440000.0,7680000.0,0.0,0.0,43689312.0,2184465.6,43689312.0,43689312.0,2184465.6,0.0,0.0,43689312.0,2184465.6
max,qat,int4,DAB_Block_6.DAB_Module_6_0.dconv3x1.conv,conv2d,spike,policy:encoder_and_late_decoder_dab_convs,20,"{""spike"": 20}","[[8, 1, 16, 100, 100]]","[[8, 1, 16, 100, 100]]",[8],8,25600000,3200000.0,1036520.0,8292160.0,6534560,0.0,7.0,20,0.3239125,0.0404890625,0.0404890625,0.25525625,76800000.0,76800000.0,9600000.0,3840000.0,3840000.0,480000.0,0.0,0.0,3109560.0,155478.0,3109560.0,3109560.0,155478.0,0.0,0.0,3109560.0,155478.0
max,qat,int4,DAB_Block_6.DAB_Module_6_0.dconv1x3.conv,conv2d,spike,policy:encoder_and_late_decoder_dab_convs,20,"{""spike"": 20}","[[8, 1, 16, 100, 100]]","[[8, 1, 16, 100, 100]]",[8],8,25600000,3200000.0,571010.0,4568080.0,2843064,0.0,6.0,20,0.178440625,0.022305078125,0.022305078125,0.1110571875,76800000.0,76800000.0,9600000.0,3840000.0,3840000.0,480000.0,0.0,0.0,1713030.0,85651.5,1713030.0,1713030.0,85651.5,0.0,0.0,1713030.0,85651.5
max,qat,fp,DAB_Block_6.DAB_Module_6_0.ca11.conv,conv1d,dense,policy:eca_conv1d,20,"{""dense"": 20}","[[8, 1, 1, 16]]","[[8, 1, 1, 16]]",[8],8,2560,320.0,349.696888923645,2797.57511138916,1280,0.0,5.483500003814697,0,,,,0.5,7680.0,7680.0,960.0,384.0,384.0,48.0,7680.0,384.0,0.0,0.0,0.0,7680.0,384.0,0.0,0.0,7680.0,384.0
max,qat,int4,DAB_Block_6.DAB_Module_6_0.ddconv3x1.conv,conv2d,spike,policy:encoder_and_late_decoder_dab_convs,20,"{""spike"": 20}","[[8, 1, 16, 100, 100]]","[[8, 1, 16, 100, 100]]",[8],8,25600000,3200000.0,1036520.0,8292160.0,6534560,0.0,7.0,20,0.3239125,0.0404890625,0.0404890625,0.25525625,76800000.0,76800000.0,9600000.0,3840000.0,3840000.0,480000.0,0.0,0.0,3109560.0,155478.0,3109560.0,3109560.0,155478.0,0.0,0.0,3109560.0,155478.0
max,qat,int4,DAB_Block_6.DAB_Module_6_0.ddconv1x3.conv,conv2d,spike,policy:encoder_and_late_decoder_dab_convs,20,"{""spike"": 20}","[[8, 1, 16, 100, 100]]","[[8, 1, 16, 100, 100]]",[8],8,25600000,3200000.0,294197.0,2353576.0,1207560,0.0,8.0,20,0.0919365625,0.0114920703125,0.0114920703125,0.0471703125,76800000.0,76800000.0,9600000.0,3840000.0,3840000.0,480000.0,0.0,0.0,882591.0,44129.55,882591.0,882591.0,44129.55,0.0,0.0,882591.0,44129.55
max,qat,fp,DAB_Block_6.DAB_Module_6_0.ca22.conv,conv1d,dense,policy:eca_conv1d,20,"{""dense"": 20}","[[8, 1, 1, 16]]","[[8, 1, 1, 16]]",[8],8,2560,320.0,57.869698986411095,462.95759189128876,944,0.0,5.290499687194824,0,,,,0.36875,7680.0,7680.0,960.0,384.0,384.0,48.0,7680.0,384.0,0.0,0.0,0.0,7680.0,384.0,0.0,0.0,7680.0,384.0
max,qat,int4,DAB_Block_6.DAB_Module_6_0.conv1x1.conv,conv2d,spike,policy:encoder_and_late_decoder_dab_convs,20,"{""spike"": 20}","[[8, 1, 16, 100, 100]]","[[8, 1, 32, 100, 100]]",[8],8,25600000,3200000.0,2533626.0,20269008.0,9301488,0.0,15.0,20,0.791758125,0.098969765625,0.098969765625,0.363339375,819200000.0,819200000.0,102400000.0,40960000.0,40960000.0,5120000.0,0.0,0.0,81076032.0,4053801.6,81076032.0,81076032.0,4053801.6,0.0,0.0,81076032.0,4053801.6
max,qat,int4,upsample_3.conv,conv_transpose2d,spike,policy:upsample_event_convs,20,"{""spike"": 20}","[[8, 1, 32, 100, 100]]","[[8, 1, 32, 200, 200]]",[8],8,51200000,6400000.0,7245537.0,57964296.0,27789184,0.0,14.0,20,1.13211515625,0.14151439453125,0.14151439453125,0.5427575,14745600000.0,14745600000.0,1843200000.0,737280000.0,737280000.0,92160000.0,0.0,0.0,2086714656.0,104335732.8,2086714656.0,2086714656.0,104335732.8,0.0,0.0,2086714656.0,104335732.8
max,qat,int4,PA3.conv,conv2d,dense,policy:optional_pixel_attention,0,{},[],[],[],8,0,0.0,0.0,0.0,0,,,0,,,,,0.0,0.0,0.0,0.0,0.0,0.0,0.0,0.0,0.0,0.0,0.0,0.0,0.0,0.0,0.0,0.0,0.0
max,qat,int4,LC1.dconv3x1,conv2d,spike,policy:long_connection_event_entry,20,"{""spike"": 20}","[[8, 1, 128, 100, 100]]","[[8, 1, 64, 100, 100]]",[8],8,204800000,25600000.0,4783303.0,38266424.0,32343504,0.0,8.0,20,0.1868477734375,0.0233559716796875,0.0233559716796875,0.157927265625,39321600000.0,39321600000.0,4915200000.0,1966080000.0,1966080000.0,245760000.0,0.0,0.0,918394176.0,45919708.8,918394176.0,918394176.0,45919708.8,0.0,0.0,918394176.0,45919708.8
max,qat,int4,LC1.dconv1x3,conv2d,dense,policy:long_connection_continuous_second_conv,20,"{""dense"": 20}","[[8, 1, 64, 100, 100]]","[[8, 1, 32, 100, 100]]",[8],8,102400000,12800000.0,2446271.875,19570175.0,102400000,-9.124398231506348,6.4561448097229,0,,,,1.0,9830400000.0,9830400000.0,1228800000.0,491520000.0,491520000.0,61440000.0,9830400000.0,491520000.0,0.0,0.0,0.0,9830400000.0,491520000.0,0.0,0.0,9830400000.0,491520000.0
max,qat,int4,LC2.dconv3x1,conv2d,spike,policy:long_connection_event_entry,20,"{""spike"": 20}","[[8, 1, 128, 50, 50]]","[[8, 1, 64, 50, 50]]",[8],8,51200000,6400000.0,553867.0,4430936.0,3794048,0.0,7.0,20,0.08654171875,0.01081771484375,0.01081771484375,0.0741025,9830400000.0,9830400000.0,1228800000.0,491520000.0,491520000.0,61440000.0,0.0,0.0,106342464.0,5317123.2,106342464.0,106342464.0,5317123.2,0.0,0.0,106342464.0,5317123.2
max,qat,int4,LC2.dconv1x3,conv2d,dense,policy:long_connection_continuous_second_conv,20,"{""dense"": 20}","[[8, 1, 64, 50, 50]]","[[8, 1, 32, 50, 50]]",[8],8,25600000,3200000.0,256519.0654296875,2052152.5234375,25600000,-4.749549865722656,5.916093349456787,0,,,,1.0,2457600000.0,2457600000.0,307200000.0,122880000.0,122880000.0,15360000.0,2457600000.0,122880000.0,0.0,0.0,0.0,2457600000.0,122880000.0,0.0,0.0,2457600000.0,122880000.0
max,qat,int4,LC3.dconv3x1,conv2d,spike,policy:long_connection_event_entry,20,"{""spike"": 20}","[[1, 1, 64, 25, 25]]","[[1, 1, 32, 25, 25]]",[1],8,800000,800000.0,133392.0,133392.0,103399,0.0,8.0,20,0.16674,0.0208425,0.16674,0.12924875,76800000.0,76800000.0,76800000.0,3840000.0,3840000.0,3840000.0,0.0,0.0,12805632.0,640281.6,12805632.0,12805632.0,640281.6,0.0,0.0,12805632.0,640281.6
max,qat,int4,LC3.dconv1x3,conv2d,dense,policy:long_connection_continuous_second_conv,20,"{""dense"": 20}","[[1, 1, 32, 25, 25]]","[[1, 1, 64, 25, 25]]",[1],8,400000,400000.0,98348.44653320312,98348.44653320312,400000,-6.349499225616455,8.174336433410645,0,,,,1.0,76800000.0,76800000.0,76800000.0,3840000.0,3840000.0,3840000.0,76800000.0,3840000.0,0.0,0.0,0.0,76800000.0,3840000.0,0.0,0.0,76800000.0,3840000.0
max,qat,int4,final_conv,conv2d,spike,policy:final_event_conv,20,"{""spike"": 20}","[[8, 1, 32, 200, 200]]","[[8, 1, 32, 200, 200]]",[8],8,204800000,25600000.0,3539301.0,28314408.0,25542880,0.0,5.0,20,0.1382539453125,0.0172817431640625,0.0172817431640625,0.12472109375,58982400000.0,58982400000.0,7372800000.0,2949120000.0,2949120000.0,368640000.0,0.0,0.0,1019318688.0,50965934.4,1019318688.0,1019318688.0,50965934.4,0.0,0.0,1019318688.0,50965934.4
max,qat,int4,classifier.0.conv,conv2d,dense,policy:dense_classifier,20,"{""dense"": 20}","[[8, 1, 32, 400, 400]]","[[8, 1, 6, 400, 400]]",[8],8,819200000,102400000.0,47049675.375,376397403.0,819200000,-10.574843406677246,13.330780029296875,0,,,,1.0,4915200000.0,4915200000.0,614400000.0,245760000.0,245760000.0,30720000.0,4915200000.0,245760000.0,0.0,0.0,0.0,4915200000.0,245760000.0,0.0,0.0,4915200000.0,245760000.0
max,qat,fp,transformer1.atten.matmul,attention_matmul,dense,special:EffAttention,20,"{""dense"": 20}","[[1, 625, 576]]","[[1, 625, 576]]",[1],8,7200000,7200000.0,331073.658203125,331073.658203125,7199999,-0.6054840683937073,12.426146507263184,0,,,,0.9999998611111112,1121414400.0,1121414400.0,1121414400.0,56070720.0,56070720.0,56070720.0,1121414400.0,56070720.0,0.0,0.0,0.0,1121414400.0,56070720.0,0.0,0.0,1121414400.0,56070720.0
