trial,phase,rel_time_s,wall_time_s,power_w,temperature_c,gpu_util_pct,sm_clock_mhz,mem_clock_mhz
1,fp32_idle_pre,0.0004600994288921356,1783794367.4616683,140.011,36,79,2257,12481
1,fp32_idle_pre,0.10824759304523468,1783794367.5646207,140.011,36,79,2257,12481
1,fp32_idle_pre,0.2085829470306635,1783794367.6649306,143.504,35,79,2257,12481
1,fp32_idle_pre,0.308808796107769,1783794367.7651565,143.549,34,0,2257,12481
1,fp32_idle_pre,0.40903046913444996,1783794367.8653781,138.092,33,0,2265,12481
1,fp32_idle_pre,0.509306475520134,1783794367.9656544,138.133,33,0,2265,12481
1,fp32_idle_pre,0.609536174684763,1783794368.0658834,138.09,33,0,2265,12481
1,fp32_idle_pre,0.7097564544528723,1783794368.166104,143.647,33,0,2272,12481
1,fp32_idle_pre,0.809954447671771,1783794368.2663019,138.182,33,0,2272,12481
1,fp32_idle_pre,0.9101785570383072,1783794368.366526,118.615,33,0,2265,12481
1,fp32_idle_pre,1.0103986226022243,1783794368.466746,96.131,33,0,2265,12481
1,fp32_idle_pre,1.1106202695518732,1783794368.5669677,96.131,33,0,2265,12481
1,fp32_idle_pre,1.2108409833163023,1783794368.6671882,96.131,33,0,2265,12481
1,fp32_idle_pre,1.3110620193183422,1783794368.767409,96.131,33,0,2265,12481
1,fp32_idle_pre,1.4112902469933033,1783794368.8676457,96.131,33,0,2265,12481
1,fp32_idle_pre,1.5115477666258812,1783794368.9679024,96.131,33,0,2265,12481
1,fp32_idle_pre,1.6118153110146523,1783794369.0681694,96.131,33,0,2265,12481
1,fp32_idle_pre,1.7122499290853739,1783794369.1686027,96.131,33,0,2265,12481
1,fp32_idle_pre,1.812482699751854,1783794369.2688317,96.131,33,0,2265,12481
1,fp32_idle_pre,1.9127049911767244,1783794369.3690526,96.131,33,0,2265,12481
1,fp32_idle_pre,2.0129262264817953,1783794369.469274,82.155,33,0,2265,12481
1,fp32_idle_pre,2.1132417991757393,1783794369.5695891,82.155,33,0,2265,12481
1,fp32_idle_pre,2.2134713754057884,1783794369.669819,82.155,33,0,2265,12481
1,fp32_idle_pre,2.3137705475091934,1783794369.77012,82.155,33,0,2265,12481
1,fp32_idle_pre,2.414030594751239,1783794369.870378,82.155,33,0,2265,12481
1,fp32_idle_pre,2.5142511799931526,1783794369.9705985,82.155,33,0,2265,12481
1,fp32_idle_pre,2.614530384540558,1783794370.0708792,82.155,33,0,2265,12481
1,fp32_idle_pre,2.7147601675242186,1783794370.1711113,82.155,33,0,2265,12481
1,fp32_idle_pre,2.814988436177373,1783794370.2713366,82.155,33,0,2265,12481
1,fp32_idle_pre,2.9152152724564075,1783794370.371563,82.155,33,0,2265,12481
1,fp32_idle_pre,3.0154347233474255,1783794370.471782,82.548,33,0,2265,12481
1,fp32_idle_pre,3.115656040608883,1783794370.5720038,82.548,33,0,2272,12481
1,fp32_idle_pre,3.2158624790608883,1783794370.6722097,82.548,33,0,2272,12481
1,fp32_idle_pre,3.316103767603636,1783794370.772451,82.548,33,0,2272,12481
1,fp32_idle_pre,3.416368246078491,1783794370.8727155,82.548,33,0,2272,12481
1,fp32_idle_pre,3.516588883474469,1783794370.9729362,82.548,33,0,2272,12481
1,fp32_idle_pre,3.6168775744736195,1783794371.073225,82.548,33,0,2272,12481
1,fp32_idle_pre,3.7170993853360415,1783794371.1734474,82.548,33,0,2272,12481
1,fp32_idle_pre,3.8173212334513664,1783794371.2736688,82.548,33,0,2272,12481
1,fp32_idle_pre,3.9175417236983776,1783794371.373889,82.548,33,0,2272,12481
1,fp32_idle_pre,4.017760606482625,1783794371.4741082,82.061,33,0,2272,12481
1,fp32_idle_pre,4.118005258962512,1783794371.5743527,82.061,33,0,2265,12481
1,fp32_idle_pre,4.218259323388338,1783794371.6746068,82.061,33,0,2265,12481
1,fp32_idle_pre,4.318592185154557,1783794371.7749376,82.061,33,0,2265,12481
1,fp32_idle_pre,4.418842064216733,1783794371.875191,82.061,33,0,2265,12481
1,fp32_idle_pre,4.519066186621785,1783794371.975413,82.061,33,0,2265,12481
1,fp32_idle_pre,4.619317911565304,1783794372.0756655,82.061,33,0,2265,12481
1,fp32_idle_pre,4.719537591561675,1783794372.1758842,82.061,33,0,2265,12481
1,fp32_idle_pre,4.81977029889822,1783794372.276123,82.061,33,0,2265,12481
1,fp32_idle_pre,4.92001904733479,1783794372.3763716,82.061,33,0,2265,12481
1,fp32_idle_pre,5.020256254822016,1783794372.4766076,82.037,33,0,2265,12481
1,fp32_idle_pre,5.120491623878479,1783794372.5768461,82.037,33,0,2272,12481
1,fp32_idle_pre,5.22071773186326,1783794372.6770678,82.037,33,0,2272,12481
1,fp32_idle_pre,5.320945346727967,1783794372.7772927,82.037,33,0,2272,12481
1,fp32_idle_pre,5.421172387897968,1783794372.8775241,82.037,33,0,2272,12481
1,fp32_idle_pre,5.521409874781966,1783794372.9777625,82.037,33,0,2272,12481
1,fp32_idle_pre,5.621647723019123,1783794373.077997,82.037,33,0,2272,12481
1,fp32_idle_pre,5.721852231770754,1783794373.1781988,82.037,33,0,2272,12481
1,fp32_idle_pre,5.822088439017534,1783794373.278436,82.037,33,0,2272,12481
1,fp32_idle_pre,5.9222950376570225,1783794373.3786423,82.037,33,0,2272,12481
1,fp32_idle_pre,6.022522063925862,1783794373.4788694,82.014,33,0,2272,12481
1,fp32_idle_pre,6.122748747467995,1783794373.5790966,82.014,33,0,2265,12481
1,fp32_idle_pre,6.223018242046237,1783794373.6793666,82.014,33,0,2265,12481
1,fp32_idle_pre,6.32324037887156,1783794373.7795873,82.014,33,0,2265,12481
1,fp32_idle_pre,6.423461578786373,1783794373.8798091,82.014,33,0,2265,12481
1,fp32_idle_pre,6.523685218766332,1783794373.9800324,82.014,33,0,2265,12481
1,fp32_idle_pre,6.623926427215338,1783794374.0802736,82.014,33,0,2265,12481
1,fp32_idle_pre,6.72414530813694,1783794374.1804929,82.014,33,0,2265,12481
1,fp32_idle_pre,6.82434550113976,1783794374.2806919,82.014,33,0,2265,12481
1,fp32_idle_pre,6.924608387053013,1783794374.380956,82.014,33,0,2265,12481
1,fp32_idle_pre,7.024827938526869,1783794374.4811752,82.014,33,0,2265,12481
1,fp32_idle_pre,7.125047517940402,1783794374.5813947,82.014,33,0,2265,12481
1,fp32_idle_pre,7.225243899971247,1783794374.6815886,82.014,33,0,2265,12481
1,fp32_idle_pre,7.325458707287908,1783794374.781806,82.014,33,0,2265,12481
1,fp32_idle_pre,7.425680551677942,1783794374.8820279,82.014,33,0,2265,12481
1,fp32_idle_pre,7.525901712477207,1783794374.982249,82.014,33,0,2265,12481
1,fp32_idle_pre,7.626128176227212,1783794375.0824769,82.014,33,0,2265,12481
1,fp32_idle_pre,7.7264742106199265,1783794375.182823,82.014,33,0,2265,12481
1,fp32_idle_pre,7.8267995454370975,1783794375.2831473,82.014,33,0,2265,12481
1,fp32_idle_pre,7.927019327878952,1783794375.3833666,82.061,33,0,2265,12481
1,fp32_idle_pre,8.027224553748965,1783794375.4835718,82.061,33,0,2272,12481
1,fp32_idle_pre,8.127430632710457,1783794375.5837781,82.061,33,0,2272,12481
1,fp32_idle_pre,8.227642234414816,1783794375.6839955,82.061,33,0,2272,12481
1,fp32_idle_pre,8.327851124107838,1783794375.784202,82.061,33,0,2272,12481
1,fp32_idle_pre,8.428083434700966,1783794375.8844373,82.061,33,0,2272,12481
1,fp32_idle_pre,8.52829311043024,1783794375.9846458,82.061,33,0,2272,12481
1,fp32_idle_pre,8.628502082079649,1783794376.0848508,82.061,33,0,2272,12481
1,fp32_idle_pre,8.728728093206882,1783794376.185076,82.061,33,0,2272,12481
1,fp32_idle_pre,8.828921919688582,1783794376.2852666,82.061,33,0,2272,12481
1,fp32_idle_pre,8.929213609546423,1783794376.3855608,82.304,33,0,2272,12481
1,fp32_idle_pre,9.029430396854877,1783794376.4857783,82.304,33,0,2272,12481
1,fp32_idle_pre,9.129641879349947,1783794376.5859876,82.304,33,0,2272,12481
1,fp32_idle_pre,9.229857623577118,1783794376.686205,82.304,33,0,2272,12481
1,fp32_idle_pre,9.330125074833632,1783794376.7864726,82.304,33,0,2272,12481
1,fp32_idle_pre,9.430340822786093,1783794376.8867111,82.304,33,0,2272,12481
1,fp32_idle_pre,9.530556943267584,1783794376.986901,82.304,33,0,2272,12481
1,fp32_idle_pre,9.630723383277655,1783794377.0870495,82.304,33,0,2272,12481
1,fp32_idle_pre,9.730920193716884,1783794377.1872678,82.304,33,0,2272,12481
1,fp32_idle_pre,9.831199487671256,1783794377.287547,82.304,33,0,2272,12481
1,fp32_idle_pre,9.93139199912548,1783794377.3877363,82.5,33,0,2272,12481
1,fp32_active,0.000395430251955986,1783794377.4584322,82.5,33,0,2272,12481
1,fp32_active,0.10073856636881828,1783794377.5587788,90.917,33,19,2265,12481
1,fp32_active,0.20096054673194885,1783794377.6590004,110.2,36,19,2265,12481
1,fp32_active,0.301177941262722,1783794377.759218,123.145,38,94,2265,12481
1,fp32_active,0.4014193844050169,1783794377.8594594,137.8,39,94,2242,12481
1,fp32_active,0.501710681244731,1783794377.9597507,147.435,39,94,2242,12481
1,fp32_active,0.6019331403076649,1783794378.059973,157.716,39,94,2242,12481
1,fp32_active,0.7021565530449152,1783794378.1601963,166.1,40,94,2242,12481
1,fp32_active,0.8023796007037163,1783794378.2604196,172.611,40,94,2242,12481
1,fp32_active,0.9026694651693106,1783794378.3607078,180.865,40,94,2250,12481
1,fp32_active,1.0028933621942997,1783794378.460933,289.51,40,94,2250,12481
1,fp32_active,1.103114191442728,1783794378.5611544,305.203,40,94,2250,12481
1,fp32_active,1.2033707443624735,1783794378.6614108,303.573,40,94,2250,12481
1,fp32_active,1.3035693131387234,1783794378.7616076,301.793,41,94,2250,12481
1,fp32_active,1.4037871658802032,1783794378.861827,305.2,41,94,2250,12481
1,fp32_active,1.5040164329111576,1783794378.9620564,301.008,41,94,2250,12481
1,fp32_active,1.6042582262307405,1783794379.0622983,305.86,41,94,2250,12481
1,fp32_active,1.7045154869556427,1783794379.162556,303.368,41,94,2250,12481
1,fp32_active,1.8047436103224754,1783794379.2627842,306.454,41,94,2250,12481
1,fp32_active,1.9050139021128416,1783794379.363054,306.643,41,94,2250,12481
1,fp32_active,2.005236141383648,1783794379.4632769,302.081,41,94,2250,12481
1,fp32_active,2.105465829372406,1783794379.5635073,302.351,41,94,2250,12481
1,fp32_active,2.2057443782687187,1783794379.663852,305.062,41,94,2250,12481
1,fp32_active,2.3060959819704294,1783794379.7641377,305.062,41,94,2250,12481
1,fp32_active,2.4063259065151215,1783794379.864366,303.148,41,94,2250,12481
1,fp32_active,2.5065498240292072,1783794379.9645915,306.289,42,94,2250,12481
1,fp32_active,2.6068140976130962,1783794380.0649114,303.568,42,94,2250,12481
1,fp32_active,2.707164444029331,1783794380.165208,302.774,42,94,2250,12481
1,fp32_active,2.807408858090639,1783794380.2654705,307.491,42,94,2250,12481
1,fp32_active,2.907650951296091,1783794380.3656828,304.527,42,94,2250,12481
1,fp32_active,3.0078139528632164,1783794380.4658551,303.185,42,94,2250,12481
1,fp32_active,3.1080475822091103,1783794380.5660937,308.563,42,94,2250,12481
1,fp32_active,3.2082834616303444,1783794380.6663244,303.003,42,94,2250,12481
1,fp32_active,3.3085245955735445,1783794380.7665637,303.758,42,94,2250,12481
1,fp32_active,3.408763090148568,1783794380.8668077,309.156,42,94,2250,12481
1,fp32_active,3.5089869275689125,1783794380.967027,307.019,42,94,2250,12481
1,fp32_active,3.6091677099466324,1783794381.0671868,303.858,42,94,2250,12481
1,fp32_active,3.7092858478426933,1783794381.1673036,308.818,42,94,2250,12481
1,fp32_active,3.8093956112861633,1783794381.2674127,305.849,42,94,2250,12481
1,fp32_active,3.909539768472314,1783794381.367579,304.891,42,94,2250,12481
1,fp32_active,4.009725129231811,1783794381.467748,311.842,42,94,2250,12481
1,fp32_active,4.109905494377017,1783794381.5679448,306.515,43,94,2250,12481
1,fp32_active,4.210082089528441,1783794381.6681018,308.034,43,94,2250,12481
1,fp32_active,4.31024806201458,1783794381.768288,310.554,43,94,2250,12481
1,fp32_active,4.410432377830148,1783794381.8684528,308.499,43,94,2250,12481
1,fp32_active,4.510553086176515,1783794381.9685698,306.498,43,94,2250,12481
1,fp32_active,4.610658321529627,1783794382.0686746,309.832,43,94,2250,12481
1,fp32_active,4.710756869986653,1783794382.168771,307.485,43,94,2250,12481
1,fp32_active,4.810960689559579,1783794382.2690012,307.008,43,94,2250,12481
1,fp32_active,4.911181129515171,1783794382.3692214,308.179,43,94,2250,12481
1,fp32_active,5.011397218331695,1783794382.4694386,307.345,43,94,2250,12481
1,fp32_active,5.111695896834135,1783794382.569736,307.148,43,94,2250,12481
1,fp32_active,5.211917893961072,1783794382.669958,311.872,43,94,2250,12481
1,fp32_active,5.31215313449502,1783794382.7701933,309.631,43,94,2250,12481
1,fp32_active,5.412368966266513,1783794382.8704085,308.894,43,94,2250,12481
1,fp32_active,5.512567250058055,1783794382.9706051,313.662,43,94,2250,12481
1,fp32_active,5.612760778516531,1783794383.0707796,311.359,43,94,2250,12481
1,fp32_active,5.712913066148758,1783794383.1709526,310.56,43,94,2250,12481
1,fp32_active,5.8131256476044655,1783794383.2711656,311.655,43,94,2250,12481
1,fp32_active,5.913311006501317,1783794383.3713317,307.688,43,94,2250,12481
1,fp32_active,6.013432981446385,1783794383.47145,309.26,43,94,2250,12481
1,fp32_active,6.113575920462608,1783794383.5716152,308.748,43,94,2250,12481
1,fp32_active,6.213790085166693,1783794383.671832,306.492,43,94,2250,12481
1,fp32_active,6.313970122486353,1783794383.7719872,307.504,43,94,2250,12481
1,fp32_active,6.4140793569386005,1783794383.8720956,307.203,44,94,2250,12481
1,fp32_active,6.514245280995965,1783794383.972284,305.355,44,94,2250,12481
1,fp32_active,6.614425398409367,1783794384.0724452,305.518,44,94,2250,12481
1,fp32_active,6.714601578190923,1783794384.1726408,306.924,44,94,2250,12481
1,fp32_active,6.814793119207025,1783794384.272817,303.878,44,94,2250,12481
1,fp32_active,6.914913574233651,1783794384.3729305,309.502,44,94,2250,12481
1,fp32_active,7.015018569305539,1783794384.4730356,310.136,44,94,2250,12481
1,fp32_active,7.115131689235568,1783794384.573148,306.789,44,94,2250,12481
1,fp32_active,7.215280417352915,1783794384.6733205,309.126,44,94,2250,12481
1,fp32_active,7.315501058474183,1783794384.7735412,310.897,44,94,2250,12481
1,fp32_active,7.415723018348217,1783794384.873763,308.231,44,94,2250,12481
1,fp32_active,7.515935691073537,1783794384.9739757,314.107,44,94,2250,12481
1,fp32_active,7.616157408803701,1783794385.0741987,312.247,44,94,2250,12481
1,fp32_active,7.7163840644061565,1783794385.1744244,308.757,44,94,2250,12481
1,fp32_active,7.816608086228371,1783794385.274648,314.727,44,94,2250,12481
1,fp32_active,7.916910901665688,1783794385.3749506,312.092,44,94,2250,12481
1,fp32_active,8.017122289165854,1783794385.4751618,309.864,44,94,2250,12481
1,fp32_active,8.117351757362485,1783794385.5753968,310.366,44,94,2250,12481
1,fp32_active,8.217612702399492,1783794385.6756523,307.947,44,94,2250,12481
1,fp32_active,8.31783589720726,1783794385.7758758,308.545,44,94,2250,12481
1,fp32_active,8.418057201430202,1783794385.8760972,314.096,44,94,2250,12481
1,fp32_active,8.5182831492275,1783794385.9763231,308.697,44,94,2250,12481
1,fp32_active,8.618505293503404,1783794386.076546,309.171,44,94,2250,12481
1,fp32_active,8.71873133443296,1783794386.1767719,312.686,44,94,2250,12481
1,fp32_active,8.81895343400538,1783794386.2769933,310.62,44,94,2250,12481
1,fp32_active,8.919195612892509,1783794386.3772354,309.908,45,94,2250,12481
1,fp32_active,9.019418450072408,1783794386.4774582,311.51,45,94,2250,12481
1,fp32_active,9.119651287794113,1783794386.5776963,307.904,45,94,2250,12481
1,fp32_active,9.219932103529572,1783794386.6779728,310.292,45,94,2250,12481
1,fp32_active,9.320146484300494,1783794386.7781868,313.548,45,94,2250,12481
1,fp32_active,9.42036697268486,1783794386.8784072,311.475,45,94,2250,12481
1,fp32_active,9.520590331405401,1783794386.97863,308.681,45,94,2250,12481
1,fp32_active,9.620829841122031,1783794387.0788696,312.622,45,94,2250,12481
1,fp32_active,9.721050847321749,1783794387.1790907,312.165,45,94,2257,12481
1,fp32_active,9.821276729926467,1783794387.2793167,310.765,44,94,2257,12481
1,fp32_active,9.921497317031026,1783794387.3795376,307.612,44,94,2415,12481
1,fp32_active,10.021723633632064,1783794387.4797637,306.789,44,94,2415,12481
1,fp32_active,10.121944842860103,1783794387.5799851,306.466,44,94,2415,12481
1,fp32_active,10.222166012972593,1783794387.680206,303.338,44,94,2415,12481
1,fp32_active,10.32238944992423,1783794387.7804296,299.681,44,94,2415,12481
1,fp32_active,10.422611773014069,1783794387.8806524,300.898,44,94,2415,12481
1,fp32_active,10.522837618365884,1783794387.9808788,295.818,44,94,2415,12481
1,fp32_active,10.623061269521713,1783794388.081102,294.732,44,94,2415,12481
1,fp32_active,10.723284002393484,1783794388.1813242,294.157,44,94,2415,12481
1,fp32_active,10.823484437540174,1783794388.2815235,290.339,44,94,2415,12481
1,fp32_active,10.923768285661936,1783794388.38185,294.768,44,94,2415,12481
1,fp32_active,11.024071222171187,1783794388.4821103,292.22,44,94,2415,12481
1,fp32_active,11.124291328713298,1783794388.5823314,291.783,44,94,2415,12481
1,fp32_active,11.224514424800873,1783794388.6825545,294.618,45,94,2415,12481
1,fp32_active,11.324737254530191,1783794388.7827773,296.086,45,94,2415,12481
1,fp32_active,11.424957562237978,1783794388.8829975,291.167,45,94,2415,12481
1,fp32_active,11.525222141295671,1783794388.9833167,294.102,45,94,2415,12481
1,fp32_active,11.625573737546802,1783794389.083614,297.377,45,94,2415,12481
1,fp32_active,11.725849065929651,1783794389.183936,292.466,45,94,2415,12481
1,fp32_active,11.826189126819372,1783794389.2842293,295.527,45,94,2415,12481
1,fp32_active,11.926411997526884,1783794389.3844523,293.744,45,94,2415,12481
1,fp32_active,12.0266227517277,1783794389.484662,291.494,45,94,2415,12481
1,fp32_active,12.126843925565481,1783794389.584884,295.195,45,94,2415,12481
1,fp32_active,12.227065166458488,1783794389.685105,293.019,45,94,2415,12481
1,fp32_active,12.327290281653404,1783794389.7853308,292.928,45,94,2415,12481
1,fp32_active,12.427519377321005,1783794389.885571,297.782,45,94,2415,12481
1,fp32_active,12.527753297239542,1783794389.9857934,292.736,45,94,2415,12481
1,fp32_active,12.627991391345859,1783794390.0860348,291.866,45,94,2415,12481
1,fp32_active,12.72822636179626,1783794390.1862667,294.062,45,94,2415,12481
1,fp32_active,12.828459978103638,1783794390.2865005,291.643,45,94,2415,12481
1,fp32_active,12.928727997466922,1783794390.386768,297.117,45,94,2415,12481
1,fp32_active,13.028942305594683,1783794390.4869823,296.501,45,94,2415,12481
1,fp32_active,13.129163391888142,1783794390.5872035,295.619,45,94,2415,12481
1,fp32_active,13.22938441298902,1783794390.6874242,295.132,45,94,2415,12481
1,fp32_active,13.329603945836425,1783794390.787644,296.282,45,94,2415,12481
1,fp32_active,13.429826945066452,1783794390.8878672,293.811,45,94,2415,12481
1,fp32_active,13.53005071170628,1783794390.9880912,297.367,45,94,2415,12481
1,fp32_active,13.630259461700916,1783794391.0883,295.171,45,94,2415,12481
1,fp32_active,13.730458019301295,1783794391.1884959,294.611,45,94,2415,12481
1,fp32_active,13.830634329468012,1783794391.2886531,296.221,45,94,2415,12481
1,fp32_active,13.930741149932146,1783794391.3887558,298.52,45,94,2415,12481
1,fp32_active,14.030838700011373,1783794391.4888551,297.275,45,94,2415,12481
1,fp32_active,14.130937637761235,1783794391.588952,297.357,45,94,2415,12481
1,fp32_active,14.231060404330492,1783794391.6890986,296.724,45,94,2415,12481
1,fp32_active,14.331277772784233,1783794391.7893174,297.786,46,94,2415,12481
1,fp32_active,14.431498978286982,1783794391.8895388,297.574,46,94,2415,12481
1,fp32_active,14.531727764755487,1783794391.9897668,297.739,46,94,2415,12481
1,fp32_active,14.631948107853532,1783794392.0899878,297.499,46,94,2415,12481
1,fp32_active,14.73214477673173,1783794392.1901832,297.632,46,94,2415,12481
1,fp32_active,14.832321973517537,1783794392.2903416,298.359,46,94,2415,12481
1,fp32_active,14.932460889220238,1783794392.3904986,296.542,46,94,2415,12481
1,fp32_active,15.032636838033795,1783794392.4906576,298.175,46,94,2415,12481
1,fp32_active,15.132772710174322,1783794392.5907896,298.428,46,94,2415,12481
1,fp32_active,15.232905987650156,1783794392.6909437,297.831,46,94,2415,12481
1,fp32_active,15.333099169656634,1783794392.7911367,297.483,46,94,2415,12481
1,fp32_active,15.433272944763303,1783794392.8912919,298.689,46,94,2415,12481
1,fp32_active,15.533385206013918,1783794392.9914017,298.644,46,94,2415,12481
1,fp32_active,15.63348688185215,1783794393.0915027,299.242,46,94,2415,12481
1,fp32_active,15.733585204929113,1783794393.1916008,298.592,46,94,2415,12481
1,fp32_active,15.833682745695114,1783794393.2916987,299.28,46,94,2415,12481
1,fp32_active,15.93378053791821,1783794393.3917959,299.522,46,94,2415,12481
1,fp32_active,16.033905755728483,1783794393.491944,299.57,46,94,2415,12481
1,fp32_active,16.13408551737666,1783794393.5921059,299.515,46,94,2415,12481
1,fp32_active,16.234209775924683,1783794393.6922276,300.293,46,94,2415,12481
1,fp32_active,16.3343056011945,1783794393.7923174,301.2,46,94,2415,12481
1,fp32_active,16.434388153254986,1783794393.8924048,299.743,46,94,2415,12481
1,fp32_active,16.534485209733248,1783794393.9925003,300.42,46,94,2415,12481
1,fp32_active,16.634581830352545,1783794394.0925984,300.072,46,94,2415,12481
1,fp32_active,16.734710030257702,1783794394.1927512,300.622,46,94,2415,12481
1,fp32_active,16.83493198826909,1783794394.2929728,301.412,46,94,2415,12481
1,fp32_active,16.93515134602785,1783794394.3931928,299.54,46,94,2415,12481
1,fp32_active,17.035372633486986,1783794394.493417,301.121,46,94,2415,12481
1,fp32_active,17.135620957240462,1783794394.593669,300.321,46,94,2415,12481
1,fp32_active,17.23584409430623,1783794394.6938906,300.101,46,94,2415,12481
1,fp32_active,17.336072511970997,1783794394.7941124,300.699,46,94,2415,12481
1,fp32_active,17.436268039047718,1783794394.894308,299.654,46,94,2415,12481
1,fp32_active,17.536435483023524,1783794394.9944477,299.451,46,94,2415,12481
1,fp32_active,17.636541796848178,1783794395.0945828,299.328,46,94,2415,12481
1,fp32_active,17.736735068261623,1783794395.194765,298.932,46,94,2415,12481
1,fp32_active,17.836900306865573,1783794395.2949386,300.065,46,94,2415,12481
1,fp32_active,17.93707458488643,1783794395.3950925,298.979,46,94,2415,12481
1,fp32_active,18.037190916016698,1783794395.4952085,298.727,46,94,2415,12481
1,fp32_active,18.137296371161938,1783794395.5953128,298.824,46,94,2415,12481
1,fp32_active,18.23742062970996,1783794395.695459,299.066,46,94,2415,12481
1,fp32_active,18.33759099431336,1783794395.795608,299.909,46,94,2415,12481
1,fp32_active,18.437696369364858,1783794395.8957117,298.047,46,94,2415,12481
1,fp32_active,18.537822535261512,1783794395.9958627,299.285,46,94,2415,12481
1,fp32_active,18.63802562840283,1783794396.0960674,299.364,46,94,2415,12481
1,fp32_active,18.738225189968944,1783794396.1962652,298.538,46,94,2415,12481
1,fp32_active,18.838408686220646,1783794396.2964313,298.854,47,94,2415,12481
1,fp32_active,18.938569443300366,1783794396.3966012,298.777,47,94,2415,12481
1,fp32_active,19.038729045540094,1783794396.49675,299.086,47,94,2415,12481
1,fp32_active,19.13891126215458,1783794396.5969532,299.137,47,94,2415,12481
1,fp32_active,19.23914342559874,1783794396.697183,299.506,47,94,2415,12481
1,fp32_active,19.339312929660082,1783794396.79733,299.657,47,94,2415,12481
1,fp32_active,19.43957037292421,1783794396.8976097,300.052,47,94,2415,12481
1,fp32_active,19.53979280218482,1783794396.997833,300.7,47,94,2415,12481
1,fp32_active,19.640021845698357,1783794397.0980616,299.789,47,94,2415,12481
1,fp32_active,19.7402427457273,1783794397.1982853,299.833,47,94,2415,12481
1,fp32_active,19.84049154073,1783794397.2985337,301.211,47,94,2415,12481
1,fp32_active,19.940715124830604,1783794397.3987565,299.806,47,94,2415,12481
1,fp32_active,20.040908962488174,1783794397.4989386,301.975,47,94,2415,12481
1,fp32_active,20.141081783920527,1783794397.5991223,300.561,47,94,2415,12481
1,fp32_active,20.24130243808031,1783794397.6993444,300.924,47,94,2415,12481
1,fp32_active,20.34152585454285,1783794397.799566,299.89,47,94,2415,12481
1,fp32_active,20.44179131835699,1783794397.8998332,300.438,47,94,2415,12481
1,fp32_active,20.542019678279757,1783794398.0000596,301.151,47,94,2415,12481
1,fp32_active,20.642257740721107,1783794398.1002975,300.478,47,94,2415,12481
1,fp32_active,20.7424773350358,1783794398.2005174,301.219,47,94,2415,12481
1,fp32_active,20.842696918174624,1783794398.3007367,300.289,47,94,2415,12481
1,fp32_active,20.943025305867195,1783794398.4010649,300.749,47,94,2415,12481
1,fp32_active,21.04324789159,1783794398.501289,300.72,47,94,2415,12481
1,fp32_active,21.14347268640995,1783794398.6015127,300.489,47,94,2415,12481
1,fp32_active,21.24369307793677,1783794398.701733,300.702,47,94,2415,12481
1,fp32_active,21.344032000750303,1783794398.8021076,300.114,47,94,2415,12481
1,fp32_active,21.44433469697833,1783794398.9023747,300.439,47,94,2415,12481
1,fp32_active,21.544554008170962,1783794399.0025935,300.711,47,94,2415,12481
1,fp32_active,21.64477299898863,1783794399.1028125,299.947,47,94,2415,12481
1,fp32_active,21.74510109052062,1783794399.203141,300.954,47,94,2415,12481
1,fp32_active,21.845321672037244,1783794399.3033617,300.809,47,94,2415,12481
1,fp32_active,21.945599788799882,1783794399.4036396,300.949,47,94,2415,12481
1,fp32_active,22.04588075913489,1783794399.5039742,301.273,47,94,2415,12481
1,fp32_active,22.146226353943348,1783794399.6042657,299.526,47,94,2415,12481
1,fp32_active,22.24644478969276,1783794399.7044847,301.141,47,94,2415,12481
1,fp32_active,22.34669104591012,1783794399.8047702,300.556,47,94,2415,12481
1,fp32_active,22.446957532316446,1783794399.9049766,300.869,47,94,2415,12481
1,fp32_active,22.547076178714633,1783794400.0050938,301.062,47,94,2415,12481
1,fp32_active,22.6471892837435,1783794400.105206,300.565,47,94,2415,12481
1,fp32_active,22.747291408479214,1783794400.2053058,301.289,47,94,2415,12481
1,fp32_active,22.847387129440904,1783794400.3054018,300.717,47,94,2415,12481
1,fp32_active,22.947485012933612,1783794400.405501,300.573,47,94,2415,12481
1,fp32_active,23.0476131811738,1783794400.5056522,301.028,47,94,2415,12481
1,fp32_active,23.14779151044786,1783794400.6058242,300.98,47,94,2415,12481
1,fp32_active,23.247918289154768,1783794400.7059345,301.076,47,94,2415,12481
1,fp32_active,23.348067183047533,1783794400.806107,300.633,47,94,2415,12481
1,fp32_active,23.448294166475534,1783794400.9063363,300.874,47,94,2415,12481
1,fp32_active,23.548494340851903,1783794401.0065308,300.865,47,94,2415,12481
1,fp32_active,23.648713503032923,1783794401.1067543,301.609,47,94,2415,12481
1,fp32_active,23.748928513377905,1783794401.2069693,301.551,48,94,2415,12481
1,fp32_active,23.84914441779256,1783794401.307183,300.711,47,94,2415,12481
1,fp32_active,23.9493179731071,1783794401.4073353,302.126,48,94,2415,12481
1,fp32_active,24.04942904226482,1783794401.5074444,301.213,48,94,2415,12481
1,fp32_active,24.149536522105336,1783794401.6075575,302.037,48,94,2415,12481
1,fp32_active,24.2496472671628,1783794401.7076657,301.1,48,94,2415,12481
1,fp32_active,24.34976204112172,1783794401.8077767,300.801,48,94,2415,12481
1,fp32_active,24.449863221496344,1783794401.907879,302.811,48,94,2415,12481
1,fp32_active,24.550001297146082,1783794402.0080397,301.128,48,94,2415,12481
1,fp32_active,24.650175651535392,1783794402.1081924,301.854,48,94,2415,12481
1,fp32_active,24.750284733250737,1783794402.2083006,301.225,48,94,2415,12481
1,fp32_active,24.85038591735065,1783794402.3084006,301.327,48,94,2415,12481
1,fp32_active,24.95048214122653,1783794402.4084964,301.949,48,94,2415,12481
1,fp32_active,25.05057816579938,1783794402.5085943,301.882,48,94,2415,12481
1,fp32_active,25.15067470446229,1783794402.6086888,302.495,48,94,2415,12481
1,fp32_active,25.25076936557889,1783794402.7087831,301.928,48,94,2415,12481
1,fp32_active,25.350905193015933,1783794402.8089445,302.01,48,94,2415,12481
1,fp32_active,25.451117914170027,1783794402.909157,301.841,48,94,2415,12481
1,fp32_active,25.551371006295085,1783794403.0094101,301.744,48,94,2415,12481
1,fp32_active,25.651592692360282,1783794403.1096327,302.3,48,94,2415,12481
1,fp32_active,25.751830533146858,1783794403.2098691,300.842,48,94,2415,12481
1,fp32_active,25.852040426805615,1783794403.3100798,300.856,48,94,2415,12481
1,fp32_active,25.952220933511853,1783794403.4102423,300.991,48,94,2415,12481
1,fp32_active,26.05234295502305,1783794403.5103588,299.939,48,94,2415,12481
1,fp32_active,26.152453249320388,1783794403.6104677,300.817,48,94,2415,12481
1,fp32_active,26.252590453252196,1783794403.7106295,300.543,48,94,2415,12481
1,fp32_active,26.352810809388757,1783794403.8108296,300.652,48,94,2415,12481
1,fp32_active,26.45292904227972,1783794403.9109466,301.526,48,94,2415,12481
1,fp32_active,26.55303943902254,1783794404.0110598,300.113,48,94,2415,12481
1,fp32_active,26.65315007790923,1783794404.111166,301.395,48,94,2415,12481
1,fp32_active,26.753285041078925,1783794404.2113268,301.279,48,94,2415,12481
1,fp32_active,26.85348683781922,1783794404.3115096,300.264,48,94,2415,12481
1,fp32_active,26.95361727103591,1783794404.4116335,301.157,48,94,2415,12481
1,fp32_active,27.053721081465483,1783794404.5117366,299.506,48,94,2415,12481
1,fp32_active,27.153853567317128,1783794404.6118736,300.488,48,94,2415,12481
1,fp32_active,27.253995491191745,1783794404.712034,301.342,48,94,2415,12481
1,fp32_active,27.354169938713312,1783794404.812187,300.643,48,94,2415,12481
1,fp32_active,27.454318406060338,1783794404.9123573,300.451,48,94,2415,12481
1,fp32_active,27.55452254600823,1783794405.0125449,300.194,48,94,2415,12481
1,fp32_active,27.654696771875024,1783794405.1127431,301.175,48,94,2415,12481
1,fp32_active,27.75493573397398,1783794405.2129784,301.889,48,94,2415,12481
1,fp32_active,27.855162549763918,1783794405.3132017,302.104,48,94,2415,12481
1,fp32_active,27.95537082105875,1783794405.4134095,303.049,48,94,2415,12481
1,fp32_active,28.05554890073836,1783794405.5135674,302.78,48,94,2415,12481
1,fp32_active,28.15569879114628,1783794405.613737,303.199,48,94,2415,12481
1,fp32_active,28.25587281025946,1783794405.7138896,302.925,48,94,2415,12481
1,fp32_active,28.356018597260118,1783794405.814057,301.916,48,94,2415,12481
1,fp32_active,28.456232143566012,1783794405.9142716,303.07,48,94,2415,12481
1,fp32_active,28.556408505886793,1783794406.0144255,303.504,48,94,2415,12481
1,fp32_active,28.656543472781777,1783794406.114582,302.75,48,94,2415,12481
1,fp32_active,28.75675355270505,1783794406.2147925,303.071,48,94,2415,12481
1,fp32_active,28.856928545981646,1783794406.3149452,303.245,48,94,2415,12481
1,fp32_active,28.95703809708357,1783794406.4150543,302.975,48,94,2415,12481
1,fp32_active,29.057141365483403,1783794406.5151572,303.349,48,94,2415,12481
1,fp32_active,29.1572376023978,1783794406.615252,303.109,48,94,2415,12481
1,fp32_active,29.257333615794778,1783794406.715349,303.637,48,94,2415,12481
1,fp32_active,29.357428098097444,1783794406.8154428,302.77,48,94,2415,12481
1,fp32_active,29.457564713433385,1783794406.9156032,303.101,48,94,2415,12481
1,fp32_active,29.55774310976267,1783794407.0157619,301.687,48,94,2415,12481
1,fp32_active,29.65791082009673,1783794407.1159508,301.634,48,94,2415,12481
1,fp32_active,29.758095985278487,1783794407.2161171,303.119,48,94,2415,12481
1,fp32_active,29.858236650004983,1783794407.316256,301.02,48,94,2415,12481
1,fp32_active,29.9583678022027,1783794407.416385,302.39,48,94,2415,12481
1,fp32_active,30.0584767870605,1783794407.5164928,300.848,48,94,2415,12481
1,fp32_active,30.158576626330614,1783794407.6165915,301.222,48,94,2415,12481
1,fp32_active,30.25867118500173,1783794407.7166882,302.012,49,94,2415,12481
1,fp32_active,30.358777487650514,1783794407.8167944,301.046,49,94,2415,12481
1,fp32_active,30.45892451144755,1783794407.9169645,302.471,49,94,2415,12481
1,fp32_active,30.559203853830695,1783794408.0172448,302.663,49,94,2415,12481
1,fp32_active,30.659391408786178,1783794408.1174176,302.924,49,94,2415,12481
1,fp32_active,30.75954313389957,1783794408.217564,302.373,49,94,2415,12481
1,fp32_active,30.859706742689013,1783794408.3177452,301.519,49,94,2415,12481
1,fp32_active,30.959884010255337,1783794408.4179008,302.613,49,94,2415,12481
1,fp32_active,31.05999529361725,1783794408.5180116,301.703,49,94,2415,12481
1,fp32_active,31.16009538434446,1783794408.61811,302.503,49,94,2415,12481
1,fp32_active,31.260193614289165,1783794408.71821,302.324,49,94,2415,12481
1,fp32_active,31.36029678583145,1783794408.8183124,301.431,49,94,2415,12481
1,fp32_active,31.46044290624559,1783794408.9184835,302.697,49,94,2415,12481
1,fp32_active,31.560655342414975,1783794409.0187078,302.113,49,94,2415,12481
1,fp32_active,31.660899814218283,1783794409.1189392,302.646,49,94,2415,12481
1,fp32_active,31.761128805577755,1783794409.2191684,303.278,49,94,2415,12481
1,fp32_active,31.861341325566173,1783794409.31938,302.576,49,94,2415,12481
1,fp32_active,31.961541704833508,1783794409.419567,303.826,49,94,2415,12481
1,fp32_active,32.06170044094324,1783794409.5197399,302.955,49,94,2415,12481
1,fp32_active,32.16191311366856,1783794409.619953,303.845,49,94,2415,12481
1,fp32_active,32.26220088079572,1783794409.720241,303.943,49,94,2415,12481
1,fp32_active,32.362429320812225,1783794409.820469,303.972,49,94,2415,12481
1,fp32_active,32.46265419386327,1783794409.920697,303.875,49,94,2415,12481
1,fp32_active,32.562849598005414,1783794410.020874,304.068,49,94,2415,12481
1,fp32_active,32.66300129331648,1783794410.1210396,303.516,49,94,2415,12481
1,fp32_active,32.76318840496242,1783794410.2212274,303.903,49,94,2415,12481
1,fp32_active,32.86336538568139,1783794410.3213902,302.893,49,94,2415,12481
1,fp32_active,32.96354603394866,1783794410.4215918,303.939,49,94,2415,12481
1,fp32_active,33.06376984342933,1783794410.521817,303.662,49,94,2415,12481
1,fp32_active,33.16401032358408,1783794410.622052,303.525,49,94,2415,12481
1,fp32_active,33.26423607952893,1783794410.7222822,303.971,49,94,2415,12481
1,fp32_active,33.36445761844516,1783794410.822495,302.399,49,94,2415,12481
1,fp32_active,33.464683109894395,1783794410.9227295,303.215,49,94,2415,12481
1,fp32_active,33.56489434093237,1783794411.0229366,303.576,49,94,2415,12481
1,fp32_active,33.66511930897832,1783794411.1231594,303.698,49,94,2415,12481
1,fp32_active,33.76536897756159,1783794411.2234087,303.543,49,94,2415,12481
1,fp32_active,33.86558929271996,1783794411.3236306,302.479,49,94,2415,12481
1,fp32_active,33.96581376157701,1783794411.4238548,303.157,49,94,2415,12481
1,fp32_active,34.06603615358472,1783794411.524077,303.997,49,94,2415,12481
1,fp32_active,34.16628056205809,1783794411.62432,302.978,49,94,2415,12481
1,fp32_active,34.266500214114785,1783794411.7245402,303.206,49,94,2415,12481
1,fp32_active,34.36671167239547,1783794411.824751,303.785,49,94,2415,12481
1,fp32_active,34.4669295810163,1783794411.9249697,303.936,49,94,2415,12481
1,fp32_active,34.56716367788613,1783794412.0252042,303.636,49,94,2415,12481
1,fp32_active,34.667390033602715,1783794412.1254294,303.07,49,94,2415,12481
1,fp32_active,34.767664359882474,1783794412.2257457,303.001,49,94,2415,12481
1,fp32_active,34.86797399446368,1783794412.326014,303.098,49,94,2415,12481
1,fp32_active,34.96815604530275,1783794412.4261801,303.399,49,94,2415,12481
1,fp32_active,35.06831748224795,1783794412.5263584,303.671,49,94,2415,12481
1,fp32_active,35.16853846795857,1783794412.6265783,303.792,49,94,2415,12481
1,fp32_active,35.26873800903559,1783794412.7267756,304.628,49,94,2415,12481
1,fp32_active,35.36891929619014,1783794412.8269484,303.28,49,94,2415,12481
1,fp32_active,35.46904773451388,1783794412.927063,303.872,49,94,2415,12481
1,fp32_active,35.569163613021374,1783794413.0272024,303.261,49,94,2415,12481
1,fp32_active,35.66938901692629,1783794413.1274686,303.454,49,94,2415,12481
1,fp32_active,35.76966019719839,1783794413.2276793,304.302,49,94,2415,12481
1,fp32_active,35.86979001387954,1783794413.3278284,303.791,49,94,2415,12481
1,fp32_active,35.96998364105821,1783794413.4280212,304.178,49,94,2415,12481
1,fp32_active,36.070227125659585,1783794413.5283043,304.081,49,94,2415,12481
1,fp32_active,36.17050424590707,1783794413.6285448,303.23,49,94,2415,12481
1,fp32_active,36.27072733268142,1783794413.7287674,303.531,49,94,2415,12481
1,fp32_active,36.370940973982215,1783794413.8289804,302.976,49,94,2415,12481
1,fp32_active,36.47115996107459,1783794413.9291995,303.978,49,94,2415,12481
1,fp32_active,36.571377797052264,1783794414.0294173,304.294,49,94,2415,12481
1,fp32_active,36.6715967617929,1783794414.1296363,303.575,49,94,2415,12481
1,fp32_active,36.771815510466695,1783794414.2298548,303.618,50,94,2415,12481
1,fp32_active,36.872034542262554,1783794414.3300738,303.6,50,94,2415,12481
1,fp32_active,36.97225257009268,1783794414.4302921,303.626,50,94,2415,12481
1,fp32_active,37.072470884770155,1783794414.5305104,304.546,50,94,2415,12481
1,fp32_active,37.17273377627134,1783794414.630773,303.168,50,94,2415,12481
1,fp32_active,37.27293167449534,1783794414.7309692,304.494,50,94,2415,12481
1,fp32_active,37.37317662872374,1783794414.831216,304.457,50,94,2415,12481
1,fp32_active,37.47339520603418,1783794414.9314349,304.099,50,94,2415,12481
1,fp32_active,37.573613757267594,1783794415.0316598,304.002,50,94,2415,12481
1,fp32_active,37.67384813353419,1783794415.1318946,303.115,50,94,2415,12481
1,fp32_active,37.77408358082175,1783794415.232124,304.547,50,94,2415,12481
1,fp32_active,37.87437414936721,1783794415.3324165,303.609,50,94,2415,12481
1,fp32_active,37.97459961846471,1783794415.432641,303.495,50,94,2415,12481
1,fp32_active,38.07483045011759,1783794415.5328715,303.436,50,94,2415,12481
1,fp32_active,38.175058195367455,1783794415.633098,303.388,50,94,2415,12481
1,fp32_active,38.2752782702446,1783794415.7333179,303.513,50,94,2415,12481
1,fp32_active,38.375555869191885,1783794415.8336005,303.3,50,94,2415,12481
1,fp32_active,38.475816667079926,1783794415.9338562,304.113,50,94,2415,12481
1,fp32_active,38.576035778969526,1783794416.034076,304.568,50,94,2415,12481
1,fp32_active,38.676254972815514,1783794416.1342938,304.295,50,94,2415,12481
1,fp32_active,38.77647285722196,1783794416.2345123,304.997,50,94,2415,12481
1,fp32_active,38.876709058880806,1783794416.3347487,303.919,50,94,2415,12481
1,fp32_active,38.97692872211337,1783794416.4349682,304.248,50,94,2415,12481
1,fp32_active,39.0772077459842,1783794416.535247,303.736,50,94,2415,12481
1,fp32_active,39.17741885781288,1783794416.6354578,303.197,50,94,2415,12481
1,fp32_active,39.27763754874468,1783794416.735677,304.839,50,94,2415,12481
1,fp32_active,39.37785502523184,1783794416.8358943,303.162,50,94,2415,12481
1,fp32_active,39.478081153705716,1783794416.936121,304.05,50,94,2415,12481
1,fp32_active,39.57828852534294,1783794417.0363271,303.689,50,94,2415,12481
1,fp32_active,39.67850913107395,1783794417.1365492,303.842,50,94,2415,12481
1,fp32_active,39.77872934192419,1783794417.236769,304.893,50,94,2415,12481
1,fp32_active,39.878975842148066,1783794417.3370156,303.216,50,94,2415,12481
1,fp32_active,39.97919511049986,1783794417.4372346,304.692,50,94,2415,12481
1,fp32_active,40.0794144179672,1783794417.5374544,304.551,50,94,2415,12481
1,fp32_active,40.17963596992195,1783794417.637676,304.819,50,94,2415,12481
1,fp32_active,40.27984728291631,1783794417.7378874,305.781,50,94,2415,12481
1,fp32_active,40.38006481342018,1783794417.8381035,305.389,50,94,2415,12481
1,fp32_active,40.480272429063916,1783794417.938311,305.486,50,94,2415,12481
1,fp32_active,40.580481108278036,1783794418.0385206,305.39,50,94,2415,12481
1,fp32_active,40.68073318898678,1783794418.1387725,305.553,50,94,2415,12481
1,fp32_active,40.781003817915916,1783794418.239043,305.992,50,94,2415,12481
1,fp32_active,40.88121590949595,1783794418.3392556,305.668,50,94,2415,12481
1,fp32_active,40.98143702931702,1783794418.4394763,305.938,50,94,2415,12481
1,fp32_active,41.08165818452835,1783794418.5396972,305.533,50,94,2415,12481
1,fp32_active,41.181854613125324,1783794418.6398988,305.788,50,94,2415,12481
1,fp32_idle_post,0.0003521610051393509,1783794418.6933491,305.788,50,94,2415,12481
1,fp32_idle_post,0.10066544450819492,1783794418.7935693,306.153,50,94,2415,12481
1,fp32_idle_post,0.20087096095085144,1783794418.8937743,285.496,46,94,2415,12481
1,fp32_idle_post,0.3010911587625742,1783794418.9939952,263.455,45,0,2415,12481
1,fp32_idle_post,0.40131791681051254,1783794419.094222,247.548,45,0,2415,12481
1,fp32_idle_post,0.5015398655086756,1783794419.1944435,228.188,44,0,2422,12481
1,fp32_idle_post,0.6017641443759203,1783794419.294668,197.986,44,0,2422,12481
1,fp32_idle_post,0.7021256405860186,1783794419.3950295,188.078,44,0,2430,12481
1,fp32_idle_post,0.8023447766900063,1783794419.4952486,154.45,44,0,2430,12481
1,fp32_idle_post,0.902566147968173,1783794419.5954702,133.159,44,0,2430,12481
1,fp32_idle_post,1.002811934798956,1783794419.6957154,111.511,44,0,2430,12481
1,fp32_idle_post,1.1030865665525198,1783794419.7959905,109.609,44,0,2430,12481
1,fp32_idle_post,1.2033082712441683,1783794419.8962116,109.609,44,0,2430,12481
1,fp32_idle_post,1.3035424929112196,1783794419.9964466,109.609,44,0,2430,12481
1,fp32_idle_post,1.4038571305572987,1783794420.096763,109.609,44,0,2430,12481
1,fp32_idle_post,1.504088120535016,1783794420.1969922,109.609,44,0,2430,12481
1,fp32_idle_post,1.6043057143688202,1783794420.2972093,109.609,44,0,2430,12481
1,fp32_idle_post,1.7045553103089333,1783794420.397459,109.609,44,0,2430,12481
1,fp32_idle_post,1.8047742284834385,1783794420.4976778,109.609,44,0,2430,12481
1,fp32_idle_post,1.9049638528376818,1783794420.5978646,109.609,44,0,2430,12481
1,fp32_idle_post,2.0051795337349176,1783794420.6980834,109.609,43,0,2430,12481
1,fp32_idle_post,2.1054121889173985,1783794420.7983158,89.547,43,0,2257,12481
1,fp32_idle_post,2.2056319508701563,1783794420.8985372,89.547,43,0,2257,12481
1,fp32_idle_post,2.3060038965195417,1783794420.9989085,89.547,43,0,2257,12481
1,fp32_idle_post,2.4062530249357224,1783794421.0991585,89.547,43,0,2257,12481
1,fp32_idle_post,2.5064639803022146,1783794421.1993678,89.547,43,0,2257,12481
1,fp32_idle_post,2.606680389493704,1783794421.2995837,89.547,43,0,2257,12481
1,fp32_idle_post,2.706995904445648,1783794421.3999002,89.547,43,0,2257,12481
1,fp32_idle_post,2.8072123490273952,1783794421.5001159,89.547,43,0,2257,12481
1,fp32_idle_post,2.907519208267331,1783794421.6004233,89.547,43,0,2257,12481
1,fp32_idle_post,3.007738584652543,1783794421.700642,88.972,42,0,2265,12481
1,fp32_idle_post,3.107992360368371,1783794421.8008962,88.972,42,0,2265,12481
1,fp32_idle_post,3.2082125041633844,1783794421.9011164,88.972,42,0,2265,12481
1,fp32_idle_post,3.308458376675844,1783794422.0013623,88.972,42,0,2265,12481
1,fp32_idle_post,3.4086775444447994,1783794422.1015813,88.972,42,0,2265,12481
1,fp32_idle_post,3.5089382268488407,1783794422.2018418,88.972,42,0,2265,12481
1,fp32_idle_post,3.609229041263461,1783794422.3021333,88.972,42,0,2265,12481
1,fp32_idle_post,3.709471756592393,1783794422.4023755,88.972,42,0,2265,12481
1,fp32_idle_post,3.809690909460187,1783794422.5025947,88.972,42,0,2265,12481
1,fp32_idle_post,3.9099570885300636,1783794422.6028612,88.972,42,0,2265,12481
1,fp32_idle_post,4.010225348174572,1783794422.7031288,88.492,42,0,2265,12481
1,fp32_idle_post,4.110558519139886,1783794422.803462,88.492,42,0,2265,12481
1,fp32_idle_post,4.2107798010110855,1783794422.9036837,88.492,42,0,2265,12481
1,fp32_idle_post,4.311023749411106,1783794423.0039275,88.492,42,0,2265,12481
1,fp32_idle_post,4.411247294396162,1783794423.1041517,88.492,42,0,2265,12481
1,fp32_idle_post,4.511563716456294,1783794423.2044683,88.492,42,0,2265,12481
1,fp32_idle_post,4.611818812787533,1783794423.3047225,88.492,42,0,2265,12481
1,fp32_idle_post,4.7120213359594345,1783794423.4049242,88.492,42,0,2265,12481
1,fp32_idle_post,4.812240485101938,1783794423.5051444,88.492,42,0,2265,12481
1,fp32_idle_post,4.912620700895786,1783794423.6055245,88.492,42,0,2265,12481
1,fp32_idle_post,5.012942787259817,1783794423.7058465,88.489,42,0,2265,12481
1,fp32_idle_post,5.1131638661026955,1783794423.806068,88.489,42,0,2265,12481
1,fp32_idle_post,5.213389104232192,1783794423.9062932,88.489,42,0,2265,12481
1,fp32_idle_post,5.313623348250985,1783794424.0065272,88.489,42,0,2265,12481
1,fp32_idle_post,5.413844445720315,1783794424.106748,88.489,42,0,2265,12481
1,fp32_idle_post,5.514085777103901,1783794424.2069898,88.489,42,0,2265,12481
1,fp32_idle_post,5.614320667460561,1783794424.3072245,88.489,42,0,2265,12481
1,fp32_idle_post,5.714541148394346,1783794424.407445,88.489,42,0,2265,12481
1,fp32_idle_post,5.814762901514769,1783794424.5076666,88.489,42,0,2265,12481
1,fp32_idle_post,5.914984412491322,1783794424.6078875,88.489,41,0,2265,12481
1,fp32_idle_post,6.015207776799798,1783794424.7081115,88.486,41,0,2257,12481
1,fp32_idle_post,6.115448458120227,1783794424.8083525,88.486,41,0,2257,12481
1,fp32_idle_post,6.215683713555336,1783794424.9085877,88.486,41,0,2257,12481
1,fp32_idle_post,6.315954929217696,1783794425.008859,88.486,41,0,2257,12481
1,fp32_idle_post,6.416223049163818,1783794425.1091282,88.486,41,0,2257,12481
1,fp32_idle_post,6.516471408307552,1783794425.2093754,88.486,41,0,2257,12481
1,fp32_idle_post,6.616693144664168,1783794425.3095973,88.486,41,0,2257,12481
1,fp32_idle_post,6.716911381110549,1783794425.4098155,88.486,41,0,2257,12481
1,fp32_idle_post,6.817136563360691,1783794425.5100403,88.486,41,0,2257,12481
1,fp32_idle_post,6.917357116937637,1783794425.6102614,88.486,41,0,2257,12481
1,fp32_idle_post,7.017577562481165,1783794425.7104814,88.486,41,0,2265,12481
1,fp32_idle_post,7.117859797552228,1783794425.810769,88.486,41,0,2265,12481
1,fp32_idle_post,7.218084316700697,1783794425.9109929,88.486,41,0,2265,12481
1,fp32_idle_post,7.318506898358464,1783794426.0114133,88.486,41,0,2265,12481
1,fp32_idle_post,7.41873375326395,1783794426.11164,88.486,41,0,2265,12481
1,fp32_idle_post,7.518958136439323,1783794426.2118645,88.486,41,0,2265,12481
1,fp32_idle_post,7.619182642549276,1783794426.3120878,88.486,41,0,2265,12481
1,fp32_idle_post,7.719455672428012,1783794426.412362,88.486,41,0,2265,12481
1,fp32_idle_post,7.819656724110246,1783794426.5125623,88.486,41,0,2265,12481
1,fp32_idle_post,7.91988805308938,1783794426.612796,88.486,41,0,2265,12481
1,fp32_idle_post,8.020120045170188,1783794426.7130265,87.512,41,0,2265,12481
1,fp32_idle_post,8.120361261069775,1783794426.8132648,87.512,41,0,2265,12481
1,fp32_idle_post,8.220579463988543,1783794426.9134836,87.512,41,0,2265,12481
1,fp32_idle_post,8.320799868553877,1783794427.0137038,87.512,41,0,2265,12481
1,fp32_idle_post,8.421018153429031,1783794427.1139233,87.512,41,0,2265,12481
1,fp32_idle_post,8.52126462571323,1783794427.2141702,87.512,41,0,2265,12481
1,fp32_idle_post,8.621490268036723,1783794427.3143992,87.512,41,0,2265,12481
1,fp32_idle_post,8.721834663301706,1783794427.4147394,87.512,41,0,2265,12481
1,fp32_idle_post,8.822053777053952,1783794427.5149567,87.512,41,0,2265,12481
1,fp32_idle_post,8.922274181619287,1783794427.61518,87.512,40,0,2265,12481
1,fp32_idle_post,9.02250099554658,1783794427.7154078,87.512,40,0,2265,12481
1,fp32_idle_post,9.122751593589783,1783794427.8156574,87.512,40,0,2265,12481
1,fp32_idle_post,9.22293333336711,1783794427.915818,87.512,40,0,2265,12481
1,fp32_idle_post,9.323084941133857,1783794428.015989,87.512,40,0,2265,12481
1,fp32_idle_post,9.423307657241821,1783794428.1162136,87.512,40,0,2265,12481
1,fp32_idle_post,9.523663204163313,1783794428.2165735,87.512,40,0,2265,12481
1,fp32_idle_post,9.623894788324833,1783794428.316799,87.512,40,0,2265,12481
1,fp32_idle_post,9.724116701632738,1783794428.417022,87.512,40,0,2265,12481
1,fp32_idle_post,9.824342912063003,1783794428.5172503,87.512,40,0,2265,12481
1,fp32_idle_post,9.924593960866332,1783794428.6174977,87.512,40,0,2265,12481
2,int8_idle_pre,0.00028019770979881287,1783794428.701827,87.512,40,0,2265,12481
2,int8_idle_pre,0.10061399638652802,1783794428.8021276,87.512,40,0,2265,12481
2,int8_idle_pre,0.2008380889892578,1783794428.9023523,87.512,40,0,2265,12481
2,int8_idle_pre,0.3010638039559126,1783794429.0025792,87.512,40,0,2265,12481
2,int8_idle_pre,0.40131990425288677,1783794429.1028342,87.512,40,0,2265,12481
2,int8_idle_pre,0.5015498641878366,1783794429.2030663,87.512,40,0,2265,12481
2,int8_idle_pre,0.6018115673214197,1783794429.3033283,87.512,40,0,2265,12481
2,int8_idle_pre,0.7020398080348969,1783794429.4035542,87.512,40,0,2265,12481
2,int8_idle_pre,0.8022651467472315,1783794429.503779,87.512,40,0,2265,12481
2,int8_idle_pre,0.9024911317974329,1783794429.6040053,87.512,40,0,2265,12481
2,int8_idle_pre,1.0027167592197657,1783794429.7042313,87.268,40,0,2265,12481
2,int8_idle_pre,1.102943615987897,1783794429.8044567,87.268,40,0,2265,12481
2,int8_idle_pre,1.2031665872782469,1783794429.9046807,87.268,40,0,2265,12481
2,int8_idle_pre,1.3033986911177635,1783794430.0049112,87.268,40,0,2265,12481
2,int8_idle_pre,1.403624527156353,1783794430.1051393,87.268,40,0,2265,12481
2,int8_idle_pre,1.503878727555275,1783794430.2053955,87.268,40,0,2265,12481
2,int8_idle_pre,1.6041263360530138,1783794430.3056405,87.268,40,0,2265,12481
2,int8_idle_pre,1.704374011605978,1783794430.4058862,87.268,40,0,2265,12481
2,int8_idle_pre,1.8045965190976858,1783794430.5061111,87.268,40,0,2265,12481
2,int8_idle_pre,1.9048425052314997,1783794430.6063561,87.268,40,0,2265,12481
2,int8_idle_pre,2.0051237512379885,1783794430.7066379,87.0,40,0,2257,12481
2,int8_idle_pre,2.1054238844662905,1783794430.8069375,87.0,40,0,2257,12481
2,int8_idle_pre,2.205723440274596,1783794430.9072394,87.0,40,0,2257,12481
2,int8_idle_pre,2.3059169724583626,1783794431.0074153,87.0,40,0,2257,12481
2,int8_idle_pre,2.4061483442783356,1783794431.1076624,87.0,40,0,2257,12481
2,int8_idle_pre,2.5063741747289896,1783794431.2078888,87.0,40,0,2257,12481
2,int8_idle_pre,2.6066037882119417,1783794431.3081188,87.0,40,0,2257,12481
2,int8_idle_pre,2.7068372070789337,1783794431.4083514,87.0,40,0,2257,12481
2,int8_idle_pre,2.807060683146119,1783794431.5085735,87.0,40,0,2257,12481
2,int8_idle_pre,2.9073239397257566,1783794431.6088367,87.0,39,0,2257,12481
2,int8_idle_pre,3.007581979036331,1783794431.7090948,87.025,39,0,2265,12481
2,int8_idle_pre,3.107806108891964,1783794431.8093195,87.025,39,0,2265,12481
2,int8_idle_pre,3.2080305945128202,1783794431.9095457,87.025,39,0,2265,12481
2,int8_idle_pre,3.308261776342988,1783794432.0097766,87.025,39,0,2265,12481
2,int8_idle_pre,3.408492047339678,1783794432.1100059,87.025,39,0,2265,12481
2,int8_idle_pre,3.5087984818965197,1783794432.210311,87.025,39,0,2265,12481
2,int8_idle_pre,3.6090489998459816,1783794432.3105645,87.025,39,0,2265,12481
2,int8_idle_pre,3.7093185763806105,1783794432.4108324,87.025,39,0,2265,12481
2,int8_idle_pre,3.8095556553453207,1783794432.5110679,87.025,39,0,2265,12481
2,int8_idle_pre,3.9097790718078613,1783794432.6112921,87.025,39,0,2265,12481
2,int8_idle_pre,4.010053155943751,1783794432.7115657,86.541,39,0,2265,12481
2,int8_idle_pre,4.110294591635466,1783794432.8118088,86.541,39,0,2265,12481
2,int8_idle_pre,4.210520004853606,1783794432.9120333,86.541,39,0,2265,12481
2,int8_idle_pre,4.310750517994165,1783794433.012264,86.541,39,0,2265,12481
2,int8_idle_pre,4.410975519567728,1783794433.112489,86.541,39,0,2265,12481
2,int8_idle_pre,4.511249030008912,1783794433.212761,86.541,39,0,2265,12481
2,int8_idle_pre,4.611509652808309,1783794433.3130245,86.541,39,0,2265,12481
2,int8_idle_pre,4.711737306788564,1783794433.4132535,86.541,39,0,2265,12481
2,int8_idle_pre,4.811946591362357,1783794433.5134614,86.541,39,0,2265,12481
2,int8_idle_pre,4.912172343581915,1783794433.6136856,86.541,39,0,2265,12481
2,int8_idle_pre,5.012394651770592,1783794433.713907,86.052,39,0,2265,12481
2,int8_idle_pre,5.112617038190365,1783794433.8141305,86.052,39,0,2265,12481
2,int8_idle_pre,5.212842447683215,1783794433.914357,86.052,39,0,2265,12481
2,int8_idle_pre,5.31307328119874,1783794434.014588,86.052,39,0,2265,12481
2,int8_idle_pre,5.413371464237571,1783794434.1148858,86.052,39,0,2265,12481
2,int8_idle_pre,5.513599835336208,1783794434.2151134,86.052,39,0,2265,12481
2,int8_idle_pre,5.613825595006347,1783794434.3153377,86.052,39,0,2265,12481
2,int8_idle_pre,5.714047295972705,1783794434.4155602,86.052,39,0,2265,12481
2,int8_idle_pre,5.814267795532942,1783794434.515782,86.052,39,0,2265,12481
2,int8_idle_pre,5.914532231166959,1783794434.6160445,86.052,39,0,2265,12481
2,int8_idle_pre,6.014754135161638,1783794434.716268,86.494,39,0,2257,12481
2,int8_idle_pre,6.11497968621552,1783794434.8164926,86.494,39,0,2257,12481
2,int8_idle_pre,6.215298991650343,1783794434.9168112,86.494,39,0,2257,12481
2,int8_idle_pre,6.315522702410817,1783794435.0170362,86.494,39,0,2257,12481
2,int8_idle_pre,6.4157918356359005,1783794435.11731,86.494,39,0,2257,12481
2,int8_idle_pre,6.516032366082072,1783794435.2175472,86.494,39,0,2257,12481
2,int8_idle_pre,6.616358768194914,1783794435.3178737,86.494,39,0,2257,12481
2,int8_idle_pre,6.71659860946238,1783794435.4181137,86.494,39,0,2257,12481
2,int8_idle_pre,6.816832991316915,1783794435.518348,86.494,39,0,2257,12481
2,int8_idle_pre,6.917060563340783,1783794435.6185749,86.494,39,0,2257,12481
2,int8_idle_pre,7.017376439645886,1783794435.718889,86.516,39,0,2265,12481
2,int8_idle_pre,7.117600051686168,1783794435.8191147,86.516,39,0,2265,12481
2,int8_idle_pre,7.2178301718086,1783794435.919344,86.516,39,0,2265,12481
2,int8_idle_pre,7.31807035766542,1783794436.0195684,86.516,39,0,2265,12481
2,int8_idle_pre,7.418300688266754,1783794436.1198142,86.516,39,0,2265,12481
2,int8_idle_pre,7.518528671935201,1783794436.2200432,86.516,39,0,2265,12481
2,int8_idle_pre,7.618759363889694,1783794436.3202736,86.516,39,0,2265,12481
2,int8_idle_pre,7.718994235619903,1783794436.4205155,86.516,39,0,2265,12481
2,int8_idle_pre,7.819239646196365,1783794436.520759,86.516,39,0,2265,12481
2,int8_idle_pre,7.9194786082953215,1783794436.6209934,86.516,38,0,2265,12481
2,int8_idle_pre,8.01970455609262,1783794436.7212167,86.058,38,0,2265,12481
2,int8_idle_pre,8.11992454342544,1783794436.8214371,86.058,38,0,2265,12481
2,int8_idle_pre,8.220200715586543,1783794436.921713,86.058,38,0,2265,12481
2,int8_idle_pre,8.320441227406263,1783794437.0219533,86.058,38,0,2265,12481
2,int8_idle_pre,8.420663194730878,1783794437.1221757,86.058,38,0,2265,12481
2,int8_idle_pre,8.520927958190441,1783794437.2224402,86.058,38,0,2265,12481
2,int8_idle_pre,8.62115684710443,1783794437.3226697,86.058,38,0,2265,12481
2,int8_idle_pre,8.721487374976277,1783794437.423,86.058,38,0,2265,12481
2,int8_idle_pre,8.821711802855134,1783794437.523225,86.058,38,0,2265,12481
2,int8_idle_pre,8.921937858685851,1783794437.6234503,86.058,38,0,2265,12481
2,int8_idle_pre,9.022158613428473,1783794437.723671,86.539,38,0,2265,12481
2,int8_idle_pre,9.122381566092372,1783794437.8238938,86.539,38,0,2265,12481
2,int8_idle_pre,9.222603119909763,1783794437.9241154,86.539,38,0,2265,12481
2,int8_idle_pre,9.3228277284652,1783794438.02434,86.539,38,0,2265,12481
2,int8_idle_pre,9.42305026203394,1783794438.124563,86.539,38,0,2265,12481
2,int8_idle_pre,9.52325550839305,1783794438.2247534,86.539,38,0,2265,12481
2,int8_idle_pre,9.62342388369143,1783794438.3249362,86.539,38,0,2265,12481
2,int8_idle_pre,9.723763784393668,1783794438.4252765,86.539,38,0,2265,12481
2,int8_idle_pre,9.82406348362565,1783794438.5255759,86.539,38,0,2265,12481
2,int8_idle_pre,9.924353506416082,1783794438.6258655,86.539,38,0,2265,12481
2,int8_active,0.0003830641508102417,1783794438.7032158,86.539,38,0,2265,12481
2,int8_active,0.10059082321822643,1783794438.803433,86.052,38,0,2257,12481
2,int8_active,0.2008397839963436,1783794438.9036813,96.233,40,0,2257,12481
2,int8_active,0.3011191077530384,1783794439.0039608,105.132,41,94,2257,12481
2,int8_active,0.4013602677732706,1783794439.1042025,112.218,41,94,2257,12481
2,int8_active,0.5017260834574699,1783794439.2045615,118.186,41,94,2257,12481
2,int8_active,0.6019456516951323,1783794439.3047812,123.672,41,94,2257,12481
2,int8_active,0.7021671626716852,1783794439.4050024,128.65,42,94,2257,12481
2,int8_active,0.8023930191993713,1783794439.5052314,132.894,42,94,2257,12481
2,int8_active,0.9026415180414915,1783794439.6054776,136.326,42,94,2257,12481
2,int8_active,1.0028685946017504,1783794439.705704,139.456,42,94,2257,12481
2,int8_active,1.1031684465706348,1783794439.8060086,199.56,42,94,2257,12481
2,int8_active,1.2034601550549269,1783794439.9062955,199.886,42,94,2257,12481
2,int8_active,1.3036893028765917,1783794440.0065255,198.62,42,94,2257,12481
2,int8_active,1.4039128590375185,1783794440.1067498,199.448,42,94,2257,12481
2,int8_active,1.5041463077068329,1783794440.2069814,199.666,42,94,2257,12481
2,int8_active,1.6043674908578396,1783794440.3072028,199.669,42,94,2257,12481
2,int8_active,1.7045879755169153,1783794440.4074235,199.978,42,94,2257,12481
2,int8_active,1.8048085030168295,1783794440.507644,199.766,42,94,2257,12481
2,int8_active,1.9051013309508562,1783794440.6079366,199.668,42,94,2257,12481
2,int8_active,2.0052917432039976,1783794440.7081158,199.989,42,94,2257,12481
2,int8_active,2.1055383384227753,1783794440.8083735,200.307,42,94,2257,12481
2,int8_active,2.2057574577629566,1783794440.908593,200.123,42,94,2257,12481
2,int8_active,2.3060772847384214,1783794441.0089135,199.803,42,94,2257,12481
2,int8_active,2.4063016306608915,1783794441.1091378,200.586,42,94,2257,12481
2,int8_active,2.5065287966281176,1783794441.2093642,200.655,42,94,2257,12481
2,int8_active,2.6067669186741114,1783794441.3096023,200.665,42,94,2257,12481
2,int8_active,2.706956874579191,1783794441.409785,199.684,42,94,2257,12481
2,int8_active,2.807154208421707,1783794441.5099902,199.572,42,94,2257,12481
2,int8_active,2.9073750879615545,1783794441.6102111,200.682,42,94,2257,12481
2,int8_active,3.007596306502819,1783794441.7104316,201.214,42,94,2257,12481
2,int8_active,3.1078451070934534,1783794441.8106995,199.936,42,94,2257,12481
2,int8_active,3.208085088059306,1783794441.9109256,199.546,42,94,2257,12481
2,int8_active,3.3083521276712418,1783794442.0111878,200.405,42,94,2257,12481
2,int8_active,3.4085732605308294,1783794442.1114087,200.671,42,94,2257,12481
2,int8_active,3.5088001023977995,1783794442.2116413,200.8,42,94,2257,12481
2,int8_active,3.6090362798422575,1783794442.3118753,199.841,42,94,2257,12481
2,int8_active,3.7092726975679398,1783794442.4121134,200.595,42,94,2257,12481
2,int8_active,3.809513730928302,1783794442.512354,200.935,42,94,2257,12481
2,int8_active,3.9097483716905117,1783794442.6125875,200.146,42,94,2257,12481
2,int8_active,4.009951772168279,1783794442.7127845,199.756,42,94,2257,12481
2,int8_active,4.110148690640926,1783794442.8129835,200.122,42,94,2257,12481
2,int8_active,4.210365738719702,1783794442.9132009,201.598,42,94,2257,12481
2,int8_active,4.310584306716919,1783794443.01342,201.334,42,94,2257,12481
2,int8_active,4.410817693918943,1783794443.1136527,200.565,42,94,2257,12481
2,int8_active,4.511037411168218,1783794443.2138727,200.192,43,94,2257,12481
2,int8_active,4.611264780163765,1783794443.3141,201.344,42,94,2257,12481
2,int8_active,4.711485279724002,1783794443.4143534,201.189,42,94,2257,12481
2,int8_active,4.811793686822057,1783794443.514629,200.084,42,94,2257,12481
2,int8_active,4.912034500390291,1783794443.6148705,200.595,42,94,2257,12481
2,int8_active,5.012243447825313,1783794443.715078,200.488,43,93,2257,12481
2,int8_active,5.112471016123891,1783794443.8153062,201.047,43,93,2257,12481
2,int8_active,5.212690316140652,1783794443.9155252,200.794,43,94,2257,12481
2,int8_active,5.31291051581502,1783794444.0157452,200.55,43,94,2257,12481
2,int8_active,5.413130834698677,1783794444.1159658,200.596,43,94,2257,12481
2,int8_active,5.513349823653698,1783794444.2161856,200.7,43,94,2257,12481
2,int8_active,5.613572292029858,1783794444.3164082,200.331,43,94,2257,12481
2,int8_active,5.71379198692739,1783794444.4166274,200.677,43,94,2257,12481
2,int8_active,5.814021995291114,1783794444.5168571,200.512,43,94,2257,12481
2,int8_active,5.914336267858744,1783794444.617176,201.009,43,94,2257,12481
2,int8_active,6.014571983367205,1783794444.7174027,201.436,43,94,2257,12481
2,int8_active,6.114777373149991,1783794444.8176188,201.144,43,94,2257,12481
2,int8_active,6.215005213394761,1783794444.9178407,200.151,43,94,2257,12481
2,int8_active,6.315224254503846,1783794445.01806,200.298,43,94,2257,12481
2,int8_active,6.415447795763612,1783794445.1182845,200.878,43,94,2257,12481
2,int8_active,6.515674026682973,1783794445.2185097,201.464,43,94,2257,12481
2,int8_active,6.615914039313793,1783794445.3187492,200.526,43,94,2257,12481
2,int8_active,6.716134391725063,1783794445.4189699,200.129,43,94,2257,12481
2,int8_active,6.816353479400277,1783794445.5191886,200.869,43,94,2257,12481
2,int8_active,6.9166416469961405,1783794445.6194808,201.046,43,94,2257,12481
2,int8_active,7.016880983486772,1783794445.7197218,200.113,43,94,2257,12481
2,int8_active,7.117124343290925,1783794445.8199644,199.941,43,94,2257,12481
2,int8_active,7.217360207810998,1783794445.9202113,200.853,43,94,2257,12481
2,int8_active,7.317615715786815,1783794446.0204515,201.362,43,94,2257,12481
2,int8_active,7.417836906388402,1783794446.1206732,200.924,43,94,2257,12481
2,int8_active,7.518162406980991,1783794446.2209976,200.727,43,94,2257,12481
2,int8_active,7.61838199198246,1783794446.3212173,200.995,43,94,2257,12481
2,int8_active,7.718614039942622,1783794446.4214494,202.026,43,94,2257,12481
2,int8_active,7.818833351135254,1783794446.521669,201.167,43,94,2257,12481
2,int8_active,7.919086975976825,1783794446.621923,200.996,43,94,2257,12481
2,int8_active,8.019280973821878,1783794446.7221112,201.195,43,94,2257,12481
2,int8_active,8.119485791772604,1783794446.8223212,202.423,43,94,2257,12481
2,int8_active,8.219712547957897,1783794446.9225483,201.819,43,94,2257,12481
2,int8_active,8.319932727143168,1783794447.0227678,201.343,43,94,2257,12481
2,int8_active,8.420152891427279,1783794447.1229885,201.099,43,94,2257,12481
2,int8_active,8.520372936502099,1783794447.2232082,201.51,43,94,2257,12481
2,int8_active,8.620606444776058,1783794447.323442,201.633,43,94,2257,12481
2,int8_active,8.720826257020235,1783794447.423672,200.773,43,94,2257,12481
2,int8_active,8.821057856082916,1783794447.5238929,200.966,43,94,2257,12481
2,int8_active,8.921268766745925,1783794447.624104,201.61,43,94,2257,12481
2,int8_active,9.021502522751689,1783794447.7243695,201.786,43,94,2257,12481
2,int8_active,9.121763803064823,1783794447.8246043,201.014,43,94,2257,12481
2,int8_active,9.222001027315855,1783794447.9248405,201.153,43,94,2257,12481
2,int8_active,9.322249447926879,1783794448.025086,201.932,43,94,2257,12481
2,int8_active,9.422478541731834,1783794448.125316,202.123,43,94,2257,12481
2,int8_active,9.52276837080717,1783794448.2256072,201.639,43,94,2257,12481
2,int8_active,9.622996382415295,1783794448.3258317,200.708,43,94,2257,12481
2,int8_active,9.723264647647738,1783794448.4260998,201.06,43,94,2257,12481
2,int8_active,9.823483878746629,1783794448.526319,201.318,43,94,2257,12481
2,int8_active,9.923712357878685,1783794448.6265483,201.209,43,94,2257,12481
2,int8_active,10.023914657533169,1783794448.7267482,200.228,43,94,2257,12481
2,int8_active,10.124132568016648,1783794448.8269696,199.913,43,94,2257,12481
2,int8_active,10.224367147311568,1783794448.9272022,200.85,43,94,2257,12481
2,int8_active,10.32464687153697,1783794449.0274823,200.862,43,94,2257,12481
2,int8_active,10.4249113406986,1783794449.127749,199.599,43,94,2257,12481
2,int8_active,10.525218859314919,1783794449.2280567,199.717,43,94,2257,12481
2,int8_active,10.625448102131486,1783794449.328286,200.253,43,94,2257,12481
2,int8_active,10.725674835965037,1783794449.4285104,201.103,43,94,2257,12481
2,int8_active,10.825938193127513,1783794449.5288112,200.971,43,94,2257,12481
2,int8_active,10.926264487206936,1783794449.6291006,200.328,43,94,2257,12481
2,int8_active,11.026488695293665,1783794449.7293274,200.339,43,94,2257,12481
2,int8_active,11.12673451937735,1783794449.8295727,201.934,43,94,2257,12481
2,int8_active,11.226982574909925,1783794449.92982,201.585,43,94,2257,12481
2,int8_active,11.327232779935002,1783794450.0300713,200.987,43,94,2257,12481
2,int8_active,11.42747574672103,1783794450.1303492,201.144,43,94,2257,12481
2,int8_active,11.527770943939686,1783794450.2306082,202.221,43,94,2257,12481
2,int8_active,11.628031047061086,1783794450.3308682,202.4,43,94,2257,12481
2,int8_active,11.728258589282632,1783794450.4310935,201.19,43,94,2257,12481
2,int8_active,11.828513629734516,1783794450.5313504,201.939,43,94,2257,12481
2,int8_active,11.928737735375762,1783794450.631575,202.779,43,94,2257,12481
2,int8_active,12.028942633420229,1783794450.731817,202.706,43,94,2257,12481
2,int8_active,12.129247998818755,1783794450.8320842,201.836,43,94,2257,12481
2,int8_active,12.229474427178502,1783794450.932311,201.374,43,94,2257,12481
2,int8_active,12.329714227467775,1783794451.0325537,201.76,43,94,2257,12481
2,int8_active,12.430072652176023,1783794451.1329362,202.279,43,94,2257,12481
2,int8_active,12.530363783240318,1783794451.2332,201.112,43,94,2257,12481
2,int8_active,12.630594439804554,1783794451.3334305,200.808,43,94,2257,12481
2,int8_active,12.730816751718521,1783794451.4336526,201.755,43,94,2257,12481
2,int8_active,12.831040984019637,1783794451.5338778,199.153,43,84,2257,12481
2,int8_active,12.931330224499106,1783794451.634208,198.637,43,84,2257,12481
2,int8_active,13.031641146168113,1783794451.7344775,198.071,43,94,2257,12481
2,int8_active,13.131899170577526,1783794451.8347363,199.212,43,94,2257,12481
2,int8_active,13.23212993517518,1783794451.9349658,199.386,43,94,2257,12481
2,int8_active,13.332354087382555,1783794452.0351915,198.082,43,94,2257,12481
2,int8_active,13.432582119479775,1783794452.1354194,198.05,43,94,2257,12481
2,int8_active,13.532814480364323,1783794452.23565,198.602,43,94,2257,12481
2,int8_active,13.633034674450755,1783794452.3358698,199.086,43,94,2257,12481
2,int8_active,13.733261859044433,1783794452.4360974,199.272,43,94,2257,12481
2,int8_active,13.83348130248487,1783794452.5363166,198.423,43,94,2257,12481
2,int8_active,13.933732651174068,1783794452.6365685,201.267,43,94,2257,12481
2,int8_active,14.033905424177647,1783794452.7367215,201.528,43,94,2257,12481
2,int8_active,14.134055484086275,1783794452.8368917,201.695,43,94,2257,12481
2,int8_active,14.234274493530393,1783794452.9371414,201.315,43,94,2257,12481
2,int8_active,14.334541235119104,1783794453.0373764,200.99,43,94,2257,12481
2,int8_active,14.434852683916688,1783794453.1376882,202.104,43,94,2257,12481
2,int8_active,14.5350720025599,1783794453.2379074,202.565,43,94,2257,12481
2,int8_active,14.635291507467628,1783794453.338127,202.588,43,94,2257,12481
2,int8_active,14.735511507838964,1783794453.4383771,201.661,43,94,2257,12481
2,int8_active,14.835767252370715,1783794453.538603,201.309,43,94,2257,12481
2,int8_active,14.936134843155742,1783794453.638971,201.981,43,94,2257,12481
2,int8_active,15.03635705448687,1783794453.7391927,202.41,43,94,2257,12481
2,int8_active,15.136617414653301,1783794453.8394535,201.885,43,94,2257,12481
2,int8_active,15.236855417490005,1783794453.9396918,201.297,43,94,2257,12481
2,int8_active,15.337087243795395,1783794454.0399227,201.074,43,94,2257,12481
2,int8_active,15.437310026958585,1783794454.1401463,201.64,43,94,2257,12481
2,int8_active,15.537532433867455,1783794454.2403677,201.097,43,94,2257,12481
2,int8_active,15.637762568891048,1783794454.3406277,200.615,43,94,2257,12481
2,int8_active,15.7380595151335,1783794454.440895,201.231,43,94,2257,12481
2,int8_active,15.838280748575926,1783794454.5411165,201.706,43,94,2257,12481
2,int8_active,15.93850226700306,1783794454.641338,201.777,43,94,2257,12481
2,int8_active,16.038726549595594,1783794454.7415621,201.102,43,94,2257,12481
2,int8_active,16.13894704915583,1783794454.8417826,200.938,43,94,2257,12481
2,int8_active,16.239168375730515,1783794454.942004,201.745,43,94,2257,12481
2,int8_active,16.339392149820924,1783794455.0422544,202.34,43,94,2257,12481
2,int8_active,16.439651368185878,1783794455.142488,202.227,43,94,2257,12481
2,int8_active,16.53989669121802,1783794455.242733,201.293,43,94,2257,12481
2,int8_active,16.64017959497869,1783794455.343015,201.729,43,94,2257,12481
2,int8_active,16.74040129594505,1783794455.4432368,202.08,43,94,2257,12481
2,int8_active,16.840697607025504,1783794455.5435333,201.911,43,94,2257,12481
2,int8_active,16.94095780327916,1783794455.643793,201.464,43,94,2257,12481
2,int8_active,17.041178243234754,1783794455.7440138,202.247,43,94,2257,12481
2,int8_active,17.141399800777435,1783794455.8442354,202.013,43,94,2257,12481
2,int8_active,17.24163344502449,1783794455.9444695,202.197,43,94,2257,12481
2,int8_active,17.34185741841793,1783794456.0447242,202.001,43,94,2257,12481
2,int8_active,17.442114355042577,1783794456.1449497,201.904,43,94,2257,12481
2,int8_active,17.542339988052845,1783794456.245176,201.808,43,94,2257,12481
2,int8_active,17.64256127923727,1783794456.345397,201.491,43,94,2257,12481
2,int8_active,17.742879951372743,1783794456.4457154,201.346,43,94,2257,12481
2,int8_active,17.843179013580084,1783794456.5460148,201.811,43,94,2257,12481
2,int8_active,17.943398538976908,1783794456.6462343,201.314,43,94,2257,12481
2,int8_active,18.0436195358634,1783794456.7464552,201.212,43,94,2257,12481
2,int8_active,18.143834052607417,1783794456.8466706,201.348,43,94,2257,12481
2,int8_active,18.244074745103717,1783794456.9469104,201.59,43,94,2257,12481
2,int8_active,18.34430298395455,1783794457.0471385,201.328,43,94,2257,12481
2,int8_active,18.44454071484506,1783794457.1473758,200.469,43,94,2257,12481
2,int8_active,18.544762639328837,1783794457.2475984,200.924,43,94,2257,12481
2,int8_active,18.644987355917692,1783794457.347823,202.361,43,94,2257,12481
2,int8_active,18.74521617218852,1783794457.4480786,202.569,43,94,2257,12481
2,int8_active,18.845466827973723,1783794457.5483027,201.321,43,94,2257,12481
2,int8_active,18.945694459602237,1783794457.64853,201.089,44,94,2257,12481
2,int8_active,19.045933535322547,1783794457.748769,201.412,43,94,2257,12481
2,int8_active,19.146154530346394,1783794457.8489902,202.526,43,94,2257,12481
2,int8_active,19.246381483972073,1783794457.9492173,202.217,43,94,2257,12481
2,int8_active,19.34665139950812,1783794458.0494876,201.765,43,94,2257,12481
2,int8_active,19.446888398379087,1783794458.1497242,202.666,44,94,2257,12481
2,int8_active,19.54714835062623,1783794458.249984,202.711,43,94,2257,12481
2,int8_active,19.647379161790013,1783794458.3502147,202.652,43,94,2257,12481
2,int8_active,19.747600419446826,1783794458.450436,202.203,43,94,2257,12481
2,int8_active,19.847824059426785,1783794458.5506597,202.6,44,94,2257,12481
2,int8_active,19.948064606636763,1783794458.6509004,202.871,44,94,2257,12481
2,int8_active,20.048287447541952,1783794458.7511234,203.23,44,94,2257,12481
2,int8_active,20.14852077141404,1783794458.8513565,202.432,44,94,2257,12481
2,int8_active,20.24874239601195,1783794458.9515781,202.09,44,94,2257,12481
2,int8_active,20.34896730259061,1783794459.0518374,202.548,44,94,2257,12481
2,int8_active,20.44923677481711,1783794459.1520724,202.913,44,94,2257,12481
2,int8_active,20.549458710476756,1783794459.252294,203.274,44,94,2257,12481
2,int8_active,20.64968555048108,1783794459.3525217,202.781,44,94,2257,12481
2,int8_active,20.74991117976606,1783794459.4527488,202.01,44,94,2257,12481
2,int8_active,20.850136851891875,1783794459.5529735,202.259,44,94,2257,12481
2,int8_active,20.950369583442807,1783794459.6532059,202.987,44,94,2257,12481
2,int8_active,21.05059939995408,1783794459.753435,202.758,44,94,2257,12481
2,int8_active,21.15085386298597,1783794459.85369,202.069,44,94,2257,12481
2,int8_active,21.25107477977872,1783794459.9539218,202.136,44,94,2257,12481
2,int8_active,21.351346535608172,1783794460.054183,202.569,44,94,2257,12481
2,int8_active,21.451587015762925,1783794460.154423,202.538,44,94,2257,12481
2,int8_active,21.551813015714288,1783794460.2546487,200.959,44,94,2257,12481
2,int8_active,21.65206390991807,1783794460.3548994,200.911,44,94,2257,12481
2,int8_active,21.752286015078425,1783794460.4551215,201.315,44,94,2257,12481
2,int8_active,21.852506674826145,1783794460.5553424,202.0,44,94,2257,12481
2,int8_active,21.95272719115019,1783794460.6555626,200.908,44,94,2257,12481
2,int8_active,22.052950395271182,1783794460.755786,200.532,44,94,2257,12481
2,int8_active,22.153170796111226,1783794460.8560064,201.036,44,94,2257,12481
2,int8_active,22.253423001617193,1783794460.9562585,201.984,44,94,2257,12481
2,int8_active,22.35364422760904,1783794461.0565116,201.388,44,94,2257,12481
2,int8_active,22.453903913497925,1783794461.15674,200.707,44,94,2257,12481
2,int8_active,22.554126244038343,1783794461.256962,201.198,44,94,2257,12481
2,int8_active,22.65435185097158,1783794461.3571894,202.203,44,94,2257,12481
2,int8_active,22.754559703171253,1783794461.4573944,201.981,44,94,2257,12481
2,int8_active,22.85478193499148,1783794461.5576177,201.46,44,94,2257,12481
2,int8_active,22.955005573108792,1783794461.657841,201.076,44,94,2257,12481
2,int8_active,23.055285776033998,1783794461.7581217,201.892,44,94,2257,12481
2,int8_active,23.155507380142808,1783794461.8583431,202.651,44,94,2257,12481
2,int8_active,23.2557730153203,1783794461.9586084,201.802,44,94,2257,12481
2,int8_active,23.356022575870156,1783794462.058859,202.047,44,94,2257,12481
2,int8_active,23.456292217597365,1783794462.1591284,202.371,44,94,2257,12481
2,int8_active,23.55652063526213,1783794462.2593565,203.135,44,94,2257,12481
2,int8_active,23.65675923600793,1783794462.359595,202.583,44,94,2257,12481
2,int8_active,23.756980223581195,1783794462.459816,202.062,44,94,2257,12481
2,int8_active,23.857216672971845,1783794462.5600522,202.695,44,94,2257,12481
2,int8_active,23.957465371116996,1783794462.660301,203.082,44,94,2257,12481
2,int8_active,24.05768639780581,1783794462.7605217,203.342,44,94,2257,12481
2,int8_active,24.15791267901659,1783794462.8607485,202.537,44,94,2257,12481
2,int8_active,24.25816197693348,1783794462.9609973,201.723,44,94,2257,12481
2,int8_active,24.35839043930173,1783794463.0612261,202.509,44,94,2257,12481
2,int8_active,24.458612134680152,1783794463.161448,202.877,44,94,2257,12481
2,int8_active,24.55884858034551,1783794463.2616844,201.969,44,94,2257,12481
2,int8_active,24.65906946361065,1783794463.361905,201.441,44,94,2257,12481
2,int8_active,24.759294683113694,1783794463.46213,201.067,44,94,2257,12481
2,int8_active,24.859516136348248,1783794463.5623517,201.928,44,94,2257,12481
2,int8_active,24.95973794348538,1783794463.6625736,201.915,44,94,2257,12481
2,int8_active,25.059960566461086,1783794463.7627964,201.579,44,94,2257,12481
2,int8_active,25.160160465165973,1783794463.8629935,201.618,44,94,2257,12481
2,int8_active,25.2603871319443,1783794463.9632232,201.615,44,94,2257,12481
2,int8_active,25.360610023140907,1783794464.0634456,201.891,44,94,2257,12481
2,int8_active,25.460834987461567,1783794464.1636717,201.499,44,94,2257,12481
2,int8_active,25.561064407229424,1783794464.263902,201.706,44,94,2257,12481
2,int8_active,25.661295091733336,1783794464.3641346,202.348,44,94,2257,12481
2,int8_active,25.761535715311766,1783794464.464376,202.19,44,94,2257,12481
2,int8_active,25.86177251301706,1783794464.5646443,201.925,44,94,2257,12481
2,int8_active,25.962043315172195,1783794464.6648831,202.381,44,94,2257,12481
2,int8_active,26.062287852168083,1783794464.765124,202.445,44,94,2257,12481
2,int8_active,26.162487763911486,1783794464.8653214,202.504,44,94,2257,12481
2,int8_active,26.262711411342025,1783794464.9655476,202.517,44,94,2257,12481
2,int8_active,26.36293813586235,1783794465.0657773,202.611,44,94,2257,12481
2,int8_active,26.463173791766167,1783794465.166012,202.449,44,94,2257,12481
2,int8_active,26.563402792438865,1783794465.2662413,202.084,44,94,2257,12481
2,int8_active,26.663651291280985,1783794465.3664882,201.698,44,94,2257,12481
2,int8_active,26.7639264408499,1783794465.466763,201.982,44,94,2257,12481
2,int8_active,26.86415228806436,1783794465.5669878,202.784,44,94,2257,12481
2,int8_active,26.964378567412496,1783794465.6672149,202.718,44,94,2257,12481
2,int8_active,27.06460801884532,1783794465.767446,201.7,44,94,2257,12481
2,int8_active,27.164857560768723,1783794465.8676963,201.339,44,94,2257,12481
2,int8_active,27.265088446438313,1783794465.9679334,202.191,44,94,2257,12481
2,int8_active,27.365322871133685,1783794466.068163,202.984,44,94,2257,12481
2,int8_active,27.465557171031833,1783794466.1683984,202.398,44,94,2257,12481
2,int8_active,27.56580362468958,1783794466.2686431,202.011,44,94,2257,12481
2,int8_active,27.666035247966647,1783794466.368874,202.593,44,94,2257,12481
2,int8_active,27.766301427036524,1783794466.4691408,202.944,44,94,2257,12481
2,int8_active,27.866540083661675,1783794466.5693808,202.601,44,94,2257,12481
2,int8_active,27.966775342822075,1783794466.669612,201.114,44,94,2257,12481
2,int8_active,28.066999040544033,1783794466.7698345,201.368,44,94,2257,12481
2,int8_active,28.167233675718307,1783794466.8700695,202.701,44,94,2257,12481
2,int8_active,28.26746404543519,1783794466.9703019,202.284,44,94,2257,12481
2,int8_active,28.36769269220531,1783794467.0705295,201.16,44,94,2257,12481
2,int8_active,28.467931462451816,1783794467.170767,201.398,44,94,2257,12481
2,int8_active,28.56816046871245,1783794467.2710013,201.917,44,94,2257,12481
2,int8_active,28.668416185304523,1783794467.3712535,202.358,44,94,2257,12481
2,int8_active,28.768649533391,1783794467.4714859,201.171,44,94,2257,12481
2,int8_active,28.86887640878558,1783794467.5717142,201.549,44,94,2257,12481
2,int8_active,28.96910540945828,1783794467.6719434,201.972,44,94,2257,12481
2,int8_active,29.069332972168922,1783794467.7721686,202.896,44,94,2257,12481
2,int8_active,29.169601783156395,1783794467.8724377,202.373,44,94,2257,12481
2,int8_active,29.269836025312543,1783794467.9726715,201.784,44,94,2257,12481
2,int8_active,29.370110034942627,1783794468.0729458,201.801,44,94,2257,12481
2,int8_active,29.470331141725183,1783794468.1731663,201.863,44,94,2257,12481
2,int8_active,29.57055151090026,1783794468.2734172,202.257,44,94,2257,12481
2,int8_active,29.67085773125291,1783794468.3736937,202.288,44,94,2257,12481
2,int8_active,29.7710903827101,1783794468.473926,201.852,44,94,2257,12481
2,int8_active,29.871314646676183,1783794468.5741506,202.158,44,94,2257,12481
2,int8_active,29.97153701260686,1783794468.6743731,202.205,44,94,2257,12481
2,int8_active,30.071762070059776,1783794468.774598,202.24,44,94,2257,12481
2,int8_active,30.17199511639774,1783794468.874831,202.099,44,94,2257,12481
2,int8_active,30.27222202345729,1783794468.9750578,202.174,44,94,2257,12481
2,int8_active,30.372478671371937,1783794469.0753138,202.842,44,94,2257,12481
2,int8_active,30.47269976325333,1783794469.1755357,203.049,44,94,2257,12481
2,int8_active,30.572920382022858,1783794469.275756,203.303,44,94,2257,12481
2,int8_active,30.67314412817359,1783794469.3759797,202.455,44,94,2257,12481
2,int8_active,30.77337042801082,1783794469.4762087,202.173,44,94,2257,12481
2,int8_active,30.87360322289169,1783794469.576441,202.53,44,94,2257,12481
2,int8_active,30.973831510171294,1783794469.6766682,202.952,44,94,2257,12481
2,int8_active,31.074062136933208,1783794469.7768984,202.464,44,94,2257,12481
2,int8_active,31.174275558441877,1783794469.8771098,201.803,44,94,2257,12481
2,int8_active,31.274508118629456,1783794469.9773436,202.134,44,94,2257,12481
2,int8_active,31.374730799347162,1783794470.0775669,202.492,44,94,2257,12481
2,int8_active,31.47499562241137,1783794470.1778321,202.416,44,94,2257,12481
2,int8_active,31.575198397040367,1783794470.2780335,201.664,44,94,2257,12481
2,int8_active,31.675424467772245,1783794470.3782613,202.033,44,94,2257,12481
2,int8_active,31.775638919323683,1783794470.4784753,202.445,44,94,2257,12481
2,int8_active,31.875868387520313,1783794470.5787218,203.141,44,94,2257,12481
2,int8_active,31.976108014583588,1783794470.6789432,202.292,44,94,2257,12481
2,int8_active,32.076329519972205,1783794470.7791653,201.865,44,94,2257,12481
2,int8_active,32.176549918949604,1783794470.8793852,202.347,44,94,2257,12481
2,int8_active,32.27677342668176,1783794470.9796093,203.481,44,94,2257,12481
2,int8_active,32.37702091038227,1783794471.0798573,203.112,44,94,2257,12481
2,int8_active,32.47723804414272,1783794471.180076,202.533,44,94,2257,12481
2,int8_active,32.577479396015406,1783794471.2803154,202.88,44,94,2257,12481
2,int8_active,32.6777007188648,1783794471.3805366,203.077,44,94,2257,12481
2,int8_active,32.77792279981077,1783794471.4807591,202.812,44,94,2257,12481
2,int8_active,32.87818478792906,1783794471.5810199,201.95,44,94,2257,12481
2,int8_active,32.97840572707355,1783794471.681241,202.493,44,94,2257,12481
2,int8_active,33.07862733118236,1783794471.7814631,202.698,44,94,2257,12481
2,int8_active,33.17885007523,1783794471.881717,203.25,44,94,2257,12481
2,int8_active,33.279117519035935,1783794471.9819527,202.616,44,94,2257,12481
2,int8_active,33.37933939509094,1783794472.0821753,202.24,44,94,2257,12481
2,int8_active,33.479561204090714,1783794472.1823971,201.707,44,94,2257,12481
2,int8_active,33.579783886671066,1783794472.2826197,202.161,44,94,2257,12481
2,int8_active,33.68002658709884,1783794472.382897,202.737,44,94,2257,12481
2,int8_active,33.78035178408027,1783794472.4832263,202.69,44,94,2257,12481
2,int8_active,33.88066166639328,1783794472.583497,203.005,44,94,2257,12481
2,int8_active,33.980884870514274,1783794472.6837204,202.347,44,94,2257,12481
2,int8_active,34.08111381158233,1783794472.7839496,202.437,44,94,2257,12481
2,int8_active,34.181335715577006,1783794472.8841712,202.216,44,94,2257,12481
2,int8_active,34.28161084651947,1783794472.984447,202.258,44,94,2257,12481
2,int8_active,34.38183473609388,1783794473.0847023,201.475,44,94,2257,12481
2,int8_active,34.48209276236594,1783794473.1849284,202.015,44,94,2257,12481
2,int8_active,34.58231366239488,1783794473.2851806,203.061,44,94,2257,12481
2,int8_active,34.682569148018956,1783794473.3854046,202.321,44,94,2257,12481
2,int8_active,34.78280302323401,1783794473.4856384,201.435,44,94,2257,12481
2,int8_active,34.88302403874695,1783794473.5858595,201.583,44,94,2257,12481
2,int8_active,34.9832445718348,1783794473.6860802,202.747,44,94,2257,12481
2,int8_active,35.08346515148878,1783794473.7863002,202.908,44,94,2257,12481
2,int8_active,35.18370233103633,1783794473.8865392,201.994,44,94,2257,12481
2,int8_active,35.28393117710948,1783794473.9867783,201.88,44,94,2257,12481
2,int8_active,35.38422114402056,1783794474.0871112,202.068,44,94,2257,12481
2,int8_active,35.48453092761338,1783794474.1873462,202.798,44,94,2257,12481
2,int8_active,35.5846485607326,1783794474.28746,202.023,44,94,2257,12481
2,int8_active,35.684749126434326,1783794474.3875594,201.589,44,94,2257,12481
2,int8_active,35.78484672307968,1783794474.4876566,202.094,44,94,2257,12481
2,int8_active,35.884941186755896,1783794474.5877512,202.966,44,94,2257,12481
2,int8_active,35.985083382576704,1783794474.6879385,202.662,44,94,2257,12481
2,int8_active,36.08527409285307,1783794474.7880843,201.788,44,94,2257,12481
2,int8_active,36.18537454679608,1783794474.8881865,201.419,44,94,2257,12481
2,int8_active,36.285476207733154,1783794474.988288,202.24,44,94,2257,12481
2,int8_active,36.38557844609022,1783794475.0883906,202.58,44,94,2257,12481
2,int8_active,36.485675966367126,1783794475.1884859,202.118,44,94,2257,12481
2,int8_active,36.58576947450638,1783794475.28858,201.552,44,94,2257,12481
2,int8_active,36.6858727466315,1783794475.3886847,201.861,44,94,2257,12481
2,int8_active,36.78597107902169,1783794475.488781,202.468,44,94,2257,12481
2,int8_active,36.886066403239965,1783794475.5888762,202.371,44,94,2257,12481
2,int8_active,36.98616072721779,1783794475.6889706,201.806,44,94,2257,12481
2,int8_active,37.086253771558404,1783794475.7890637,201.937,44,94,2257,12481
2,int8_active,37.186350559815764,1783794475.889162,202.518,44,94,2257,12481
2,int8_active,37.28644963167608,1783794475.9892612,202.651,44,94,2257,12481
2,int8_active,37.3865600656718,1783794476.0893703,202.665,44,94,2257,12481
2,int8_active,37.48665894381702,1783794476.1894715,201.453,44,94,2257,12481
2,int8_active,37.58675797469914,1783794476.2895691,201.023,44,94,2257,12481
2,int8_active,37.686855329200625,1783794476.389667,201.828,44,94,2257,12481
2,int8_active,37.78697860613465,1783794476.4898117,202.315,44,94,2257,12481
2,int8_active,37.887151619419456,1783794476.5899649,201.675,44,94,2257,12481
2,int8_active,37.98726839385927,1783794476.6900814,200.695,44,94,2257,12481
2,int8_active,38.08736994676292,1783794476.7901804,201.733,44,94,2257,12481
2,int8_active,38.187464931979775,1783794476.8902748,202.228,44,94,2257,12481
2,int8_active,38.28756235726178,1783794476.9903738,202.093,44,94,2257,12481
2,int8_active,38.38766489923,1783794477.0904768,200.906,44,94,2257,12481
2,int8_active,38.48776907660067,1783794477.1905808,201.658,44,94,2257,12481
2,int8_active,38.58786799572408,1783794477.2906914,202.127,44,94,2257,12481
2,int8_active,38.687981652095914,1783794477.390795,203.105,44,94,2257,12481
2,int8_active,38.78808357194066,1783794477.4908948,202.609,44,94,2257,12481
2,int8_active,38.88818229921162,1783794477.5909934,202.168,44,94,2257,12481
2,int8_active,38.98827861249447,1783794477.6910892,202.764,44,94,2257,12481
2,int8_active,39.08837233111262,1783794477.7911828,203.402,44,94,2257,12481
2,int8_active,39.188465328887105,1783794477.891276,202.407,44,94,2257,12481
2,int8_active,39.2885605879128,1783794477.991372,202.432,44,94,2257,12481
2,int8_active,39.38866135291755,1783794478.091473,202.863,44,94,2257,12481
2,int8_active,39.48876101151109,1783794478.1915712,203.748,44,94,2257,12481
2,int8_active,39.58885483071208,1783794478.2916656,203.38,44,94,2257,12481
2,int8_idle_post,0.0003513731062412262,1783794478.3362613,202.398,44,94,2257,12481
2,int8_idle_post,0.10077091678977013,1783794478.4365854,191.926,42,94,2257,12481
2,int8_idle_post,0.20099340751767159,1783794478.536808,180.606,41,0,2257,12481
2,int8_idle_post,0.30121476016938686,1783794478.6370294,168.899,41,0,2257,12481
2,int8_idle_post,0.40143726021051407,1783794478.737252,161.59,41,0,2257,12481
2,int8_idle_post,0.501706276088953,1783794478.8375206,146.413,41,0,2265,12481
2,int8_idle_post,0.6019961647689342,1783794478.9378104,135.035,41,0,2265,12481
2,int8_idle_post,0.7022172324359417,1783794479.0380318,123.111,40,0,2257,12481
2,int8_idle_post,0.8024528175592422,1783794479.1382678,111.345,40,0,2257,12481
2,int8_idle_post,0.9026748165488243,1783794479.238489,99.971,40,0,2257,12481
2,int8_idle_post,1.0029115807265043,1783794479.3387263,89.145,40,0,2265,12481
2,int8_idle_post,1.1032000239938498,1783794479.4390142,89.145,40,0,2265,12481
2,int8_idle_post,1.2034701704978943,1783794479.5392847,89.145,40,0,2265,12481
2,int8_idle_post,1.3037039805203676,1783794479.6395187,89.145,40,0,2265,12481
2,int8_idle_post,1.4039994981139898,1783794479.7398148,89.145,40,0,2265,12481
2,int8_idle_post,1.504229560494423,1783794479.840045,89.145,40,0,2265,12481
2,int8_idle_post,1.6044545210897923,1783794479.9402695,89.145,40,0,2265,12481
2,int8_idle_post,1.7047275323420763,1783794480.0405426,89.145,40,0,2265,12481
2,int8_idle_post,1.8050090726464987,1783794480.1408262,89.145,40,0,2265,12481
2,int8_idle_post,1.905242184177041,1783794480.2410626,89.145,40,0,2265,12481
2,int8_idle_post,2.0055084694176912,1783794480.3413284,87.512,40,0,2265,12481
2,int8_idle_post,2.105868935585022,1783794480.4416869,87.512,40,0,2265,12481
2,int8_idle_post,2.206101443618536,1783794480.5419211,87.512,40,0,2265,12481
2,int8_idle_post,2.306417169049382,1783794480.6422365,87.512,40,0,2265,12481
2,int8_idle_post,2.40667911618948,1783794480.7425,87.512,40,0,2265,12481
2,int8_idle_post,2.506993254646659,1783794480.8428173,87.512,40,0,2265,12481
2,int8_idle_post,2.6072512324899435,1783794480.9430752,87.512,40,0,2265,12481
2,int8_idle_post,2.7075616382062435,1783794481.043385,87.512,40,0,2265,12481
2,int8_idle_post,2.807800689712167,1783794481.1436186,87.512,40,0,2265,12481
2,int8_idle_post,2.908031152561307,1783794481.2438548,87.512,40,0,2265,12481
2,int8_idle_post,3.0083558168262243,1783794481.3441727,87.243,39,0,2257,12481
2,int8_idle_post,3.108611421659589,1783794481.4444282,87.243,39,0,2257,12481
2,int8_idle_post,3.2088218573480844,1783794481.5446393,87.243,39,0,2257,12481
2,int8_idle_post,3.3090829644352198,1783794481.6448987,87.243,39,0,2257,12481
2,int8_idle_post,3.4093123730272055,1783794481.74513,87.243,39,0,2257,12481
2,int8_idle_post,3.509590635076165,1783794481.8454084,87.243,39,0,2257,12481
2,int8_idle_post,3.6098212767392397,1783794481.9456372,87.243,39,0,2257,12481
2,int8_idle_post,3.71004731208086,1783794482.045865,87.243,39,0,2257,12481
2,int8_idle_post,3.810278596356511,1783794482.1460974,87.243,39,0,2257,12481
2,int8_idle_post,3.9105116333812475,1783794482.2463293,87.243,39,0,2257,12481
2,int8_idle_post,4.010742489248514,1783794482.346557,86.975,39,0,2257,12481
2,int8_idle_post,4.111086864024401,1783794482.4469035,86.975,39,0,2257,12481
2,int8_idle_post,4.211315408349037,1783794482.5471313,86.975,39,0,2257,12481
2,int8_idle_post,4.311543619260192,1783794482.6473622,86.975,39,0,2257,12481
2,int8_idle_post,4.41177711635828,1783794482.7475944,86.975,39,0,2257,12481
2,int8_idle_post,4.512007709592581,1783794482.8478243,86.975,39,0,2257,12481
2,int8_idle_post,4.6122382413595915,1783794482.9480553,86.975,39,0,2257,12481
2,int8_idle_post,4.712468940764666,1783794483.048286,86.975,39,0,2257,12481
2,int8_idle_post,4.812693774700165,1783794483.1485083,86.975,39,0,2257,12481
2,int8_idle_post,4.9129195641726255,1783794483.248736,86.975,39,0,2257,12481
2,int8_idle_post,5.0131455566734076,1783794483.3489602,86.052,39,0,2265,12481
2,int8_idle_post,5.113368472084403,1783794483.449183,86.052,39,0,2265,12481
2,int8_idle_post,5.213640060275793,1783794483.5494552,86.052,39,0,2265,12481
2,int8_idle_post,5.3139196671545506,1783794483.6497343,86.052,39,0,2265,12481
2,int8_idle_post,5.41414176300168,1783794483.749956,86.052,39,0,2265,12481
2,int8_idle_post,5.514377232640982,1783794483.8501914,86.052,39,0,2265,12481
2,int8_idle_post,5.614597700536251,1783794483.9504123,86.052,39,0,2265,12481
2,int8_idle_post,5.714818952605128,1783794484.0506332,86.052,39,0,2265,12481
2,int8_idle_post,5.8150724321603775,1783794484.1508868,86.052,39,0,2265,12481
2,int8_idle_post,5.915354300290346,1783794484.2511692,86.052,39,0,2265,12481
2,int8_idle_post,6.015575356781483,1783794484.3513894,86.027,39,0,2265,12481
2,int8_idle_post,6.1157933082431555,1783794484.4516082,86.027,39,0,2265,12481
2,int8_idle_post,6.216016788035631,1783794484.5518312,86.027,39,0,2265,12481
2,int8_idle_post,6.31628885678947,1783794484.6521041,86.027,39,0,2265,12481
2,int8_idle_post,6.416510760784149,1783794484.752325,86.027,39,0,2265,12481
2,int8_idle_post,6.516755556687713,1783794484.8525698,86.027,39,0,2265,12481
2,int8_idle_post,6.616975389420986,1783794484.9527893,86.027,39,0,2265,12481
2,int8_idle_post,6.717202996835113,1783794485.0530179,86.027,39,0,2265,12481
2,int8_idle_post,6.817425714805722,1783794485.1532419,86.027,39,0,2265,12481
2,int8_idle_post,6.917652690783143,1783794485.2534666,86.027,39,0,2265,12481
2,int8_idle_post,7.017899269238114,1783794485.3537138,86.539,38,0,2257,12481
2,int8_idle_post,7.118137249723077,1783794485.4539516,86.539,38,0,2257,12481
2,int8_idle_post,7.2183569725602865,1783794485.5541713,86.539,38,0,2257,12481
2,int8_idle_post,7.318584671244025,1783794485.6543987,86.539,38,0,2257,12481
2,int8_idle_post,7.418804995715618,1783794485.7546194,86.539,38,0,2257,12481
2,int8_idle_post,7.519133530557156,1783794485.8549476,86.539,38,0,2257,12481
2,int8_idle_post,7.619353162124753,1783794485.9551673,86.539,38,0,2257,12481
2,int8_idle_post,7.71957434900105,1783794486.0553887,86.539,38,0,2257,12481
2,int8_idle_post,7.819861032068729,1783794486.1556754,86.539,38,0,2257,12481
2,int8_idle_post,7.9201301615685225,1783794486.2559445,86.539,38,0,2257,12481
2,int8_idle_post,8.020349944010377,1783794486.356164,86.058,38,0,2257,12481
2,int8_idle_post,8.120571115985513,1783794486.4563859,86.058,38,0,2257,12481
2,int8_idle_post,8.220791596919298,1783794486.556606,86.058,38,0,2257,12481
2,int8_idle_post,8.321188868954778,1783794486.6570034,86.058,38,0,2257,12481
2,int8_idle_post,8.421468988060951,1783794486.7572837,86.058,38,0,2257,12481
2,int8_idle_post,8.521689984947443,1783794486.8575044,86.058,38,0,2257,12481
2,int8_idle_post,8.62190960533917,1783794486.9577236,86.058,38,0,2257,12481
2,int8_idle_post,8.722205128520727,1783794487.0580194,86.058,38,0,2257,12481
2,int8_idle_post,8.822515713050961,1783794487.15833,86.058,38,0,2257,12481
2,int8_idle_post,8.922735856845975,1783794487.2585497,86.058,38,0,2257,12481
2,int8_idle_post,9.023003812879324,1783794487.358818,86.052,38,0,2265,12481
2,int8_idle_post,9.123314656317234,1783794487.459129,86.052,38,0,2265,12481
2,int8_idle_post,9.223536608740687,1783794487.5593507,86.052,38,0,2265,12481
2,int8_idle_post,9.3237617444247,1783794487.6595757,86.052,38,0,2265,12481
2,int8_idle_post,9.424051878973842,1783794487.7598655,86.052,38,0,2265,12481
2,int8_idle_post,9.52429068647325,1783794487.860106,86.052,38,0,2265,12481
2,int8_idle_post,9.624714992940426,1783794487.960529,86.052,38,0,2265,12481
2,int8_idle_post,9.724951203912497,1783794488.0607655,86.052,38,0,2265,12481
2,int8_idle_post,9.825170485302806,1783794488.1609845,86.052,38,0,2265,12481
2,int8_idle_post,9.925419764593244,1783794488.2612336,86.052,38,0,2265,12481
3,fp32_idle_pre,0.0002680402249097824,1783794488.3481836,86.055,38,0,2265,12481
3,fp32_idle_pre,0.10046245530247688,1783794488.448379,86.055,38,0,2265,12481
3,fp32_idle_pre,0.20069392584264278,1783794488.548612,86.055,38,0,2265,12481
3,fp32_idle_pre,0.3009106330573559,1783794488.6488285,86.055,38,0,2265,12481
3,fp32_idle_pre,0.4011286161839962,1783794488.7490468,86.055,38,0,2265,12481
3,fp32_idle_pre,0.5014145821332932,1783794488.8493326,86.055,38,0,2265,12481
3,fp32_idle_pre,0.6016350239515305,1783794488.9495525,86.055,38,0,2265,12481
3,fp32_idle_pre,0.7018957287073135,1783794489.0498142,86.055,38,0,2265,12481
3,fp32_idle_pre,0.8021167833358049,1783794489.150035,86.055,38,0,2265,12481
3,fp32_idle_pre,0.9024041891098022,1783794489.2503223,86.055,38,0,2265,12481
3,fp32_idle_pre,1.0026709642261267,1783794489.3505893,86.055,38,0,2265,12481
3,fp32_idle_pre,1.1030368134379387,1783794489.4509552,86.055,38,0,2265,12481
3,fp32_idle_pre,1.2032458409667015,1783794489.551164,86.055,38,0,2265,12481
3,fp32_idle_pre,1.3034549374133348,1783794489.6513731,86.055,38,0,2265,12481
3,fp32_idle_pre,1.4036645330488682,1783794489.7515829,86.055,38,0,2265,12481
3,fp32_idle_pre,1.5038845110684633,1783794489.8518028,86.055,38,0,2265,12481
3,fp32_idle_pre,1.6041018646210432,1783794489.95202,86.055,38,0,2265,12481
3,fp32_idle_pre,1.7044072803109884,1783794490.052307,86.055,38,0,2265,12481
3,fp32_idle_pre,1.8045550361275673,1783794490.1524758,86.055,38,0,2265,12481
3,fp32_idle_pre,1.9047820009291172,1783794490.2526999,86.055,38,0,2265,12481
3,fp32_idle_pre,2.0050023924559355,1783794490.35292,86.058,37,0,2257,12481
3,fp32_idle_pre,2.1052230037748814,1783794490.4531403,86.058,37,0,2257,12481
3,fp32_idle_pre,2.2054425571113825,1783794490.5533605,86.058,37,0,2257,12481
3,fp32_idle_pre,2.3056624494493008,1783794490.6535797,86.058,37,0,2257,12481
3,fp32_idle_pre,2.4058822076767683,1783794490.7538,86.058,37,0,2257,12481
3,fp32_idle_pre,2.506106400862336,1783794490.854027,86.058,37,0,2257,12481
3,fp32_idle_pre,2.6063340045511723,1783794490.954252,86.058,37,0,2257,12481
3,fp32_idle_pre,2.70657292380929,1783794491.0544908,86.058,37,0,2257,12481
3,fp32_idle_pre,2.806977117434144,1783794491.154895,86.058,37,0,2257,12481
3,fp32_idle_pre,2.9071874897927046,1783794491.2551055,86.058,37,0,2257,12481
3,fp32_idle_pre,3.0074441246688366,1783794491.3553615,85.565,37,0,2257,12481
3,fp32_idle_pre,3.10767281986773,1783794491.4555907,85.565,37,0,2257,12481
3,fp32_idle_pre,3.2079414781183004,1783794491.5558589,85.565,37,0,2257,12481
3,fp32_idle_pre,3.3081616684794426,1783794491.6560793,85.565,37,0,2257,12481
3,fp32_idle_pre,3.408381588757038,1783794491.7562993,85.565,37,0,2257,12481
3,fp32_idle_pre,3.5086167957633734,1783794491.8565342,85.565,37,0,2257,12481
3,fp32_idle_pre,3.6088358778506517,1783794491.9567535,85.565,37,0,2257,12481
3,fp32_idle_pre,3.709116343408823,1783794492.057034,85.565,37,0,2257,12481
3,fp32_idle_pre,3.8093369249254465,1783794492.1572547,85.565,37,0,2257,12481
3,fp32_idle_pre,3.9095575250685215,1783794492.2574754,85.565,37,0,2257,12481
3,fp32_idle_pre,4.009894048795104,1783794492.357812,85.297,37,0,2265,12481
3,fp32_idle_pre,4.110116947442293,1783794492.4580348,85.297,37,0,2265,12481
3,fp32_idle_pre,4.21035229600966,1783794492.5582702,85.297,37,0,2265,12481
3,fp32_idle_pre,4.310573372989893,1783794492.658491,85.297,37,0,2265,12481
3,fp32_idle_pre,4.410815969109535,1783794492.7587342,85.297,37,0,2265,12481
3,fp32_idle_pre,4.51114091090858,1783794492.8590584,85.297,37,0,2265,12481
3,fp32_idle_pre,4.611362500116229,1783794492.9592807,85.297,37,0,2265,12481
3,fp32_idle_pre,4.711583198979497,1783794493.0595012,85.297,37,0,2265,12481
3,fp32_idle_pre,4.811803946271539,1783794493.1597216,85.297,37,0,2265,12481
3,fp32_idle_pre,4.9121166206896305,1783794493.2600346,85.297,37,0,2265,12481
3,fp32_idle_pre,5.012337692081928,1783794493.3602552,84.495,37,0,2265,12481
3,fp32_idle_pre,5.112614955753088,1783794493.460533,84.495,37,0,2265,12481
3,fp32_idle_pre,5.212836559861898,1783794493.5607548,84.495,37,0,2265,12481
3,fp32_idle_pre,5.313068304210901,1783794493.660986,84.495,37,0,2265,12481
3,fp32_idle_pre,5.413290172815323,1783794493.7612078,84.495,37,0,2265,12481
3,fp32_idle_pre,5.513510797172785,1783794493.8614285,84.495,37,0,2265,12481
3,fp32_idle_pre,5.613788681104779,1783794493.9617062,84.495,37,0,2265,12481
3,fp32_idle_pre,5.714008525013924,1783794494.0619261,84.495,37,0,2265,12481
3,fp32_idle_pre,5.8142285123467445,1783794494.162146,84.495,37,0,2265,12481
3,fp32_idle_pre,5.914448857307434,1783794494.2623665,84.495,37,0,2265,12481
3,fp32_idle_pre,6.0147744957357645,1783794494.3627424,84.713,37,0,2265,12481
3,fp32_idle_pre,6.11503417417407,1783794494.462952,84.713,37,0,2265,12481
3,fp32_idle_pre,6.21525314450264,1783794494.5631707,84.713,37,0,2265,12481
3,fp32_idle_pre,6.3154747281223536,1783794494.6633923,84.713,37,0,2265,12481
3,fp32_idle_pre,6.415762504562736,1783794494.763681,84.713,37,0,2265,12481
3,fp32_idle_pre,6.515985768288374,1783794494.8639033,84.713,37,0,2265,12481
3,fp32_idle_pre,6.616210116073489,1783794494.9641306,84.713,37,0,2265,12481
3,fp32_idle_pre,6.716433864086866,1783794495.0643528,84.713,37,0,2265,12481
3,fp32_idle_pre,6.816747864708304,1783794495.164666,84.713,37,0,2265,12481
3,fp32_idle_pre,6.917016880586743,1783794495.2649343,84.713,37,0,2265,12481
3,fp32_idle_pre,7.017298301681876,1783794495.3652172,85.079,37,0,2257,12481
3,fp32_idle_pre,7.1175260078161955,1783794495.465446,85.079,37,0,2257,12481
3,fp32_idle_pre,7.217795992270112,1783794495.5657146,85.079,37,0,2257,12481
3,fp32_idle_pre,7.318053465336561,1783794495.6659715,85.079,37,0,2257,12481
3,fp32_idle_pre,7.418297439813614,1783794495.76622,85.079,37,0,2257,12481
3,fp32_idle_pre,7.518531756475568,1783794495.8664513,85.079,37,0,2257,12481
3,fp32_idle_pre,7.618864476680756,1783794495.9667828,85.079,37,0,2257,12481
3,fp32_idle_pre,7.719146404415369,1783794496.0670674,85.079,37,0,2257,12481
3,fp32_idle_pre,7.819517696276307,1783794496.1674395,85.079,37,0,2257,12481
3,fp32_idle_pre,7.919750893488526,1783794496.2676706,85.079,37,0,2257,12481
3,fp32_idle_pre,8.019977807998657,1783794496.3679006,84.982,37,0,2265,12481
3,fp32_idle_pre,8.120211016386747,1783794496.4681306,84.982,37,0,2265,12481
3,fp32_idle_pre,8.220437336713076,1783794496.5683575,84.982,37,0,2265,12481
3,fp32_idle_pre,8.320664128288627,1783794496.668583,84.982,37,0,2265,12481
3,fp32_idle_pre,8.42093002051115,1783794496.768851,84.982,37,0,2265,12481
3,fp32_idle_pre,8.52117752097547,1783794496.8690956,84.982,37,0,2265,12481
3,fp32_idle_pre,8.6214007306844,1783794496.9693205,84.982,37,0,2265,12481
3,fp32_idle_pre,8.721624875441194,1783794497.0695472,84.982,37,0,2265,12481
3,fp32_idle_pre,8.821856588125229,1783794497.169777,84.982,37,0,2265,12481
3,fp32_idle_pre,8.922085558995605,1783794497.2700055,84.982,37,0,2265,12481
3,fp32_idle_pre,9.022312359884381,1783794497.3702333,85.03,37,0,2265,12481
3,fp32_idle_pre,9.122631324455142,1783794497.4705493,85.03,37,0,2265,12481
3,fp32_idle_pre,9.222869766876101,1783794497.5707877,85.03,37,0,2265,12481
3,fp32_idle_pre,9.323079025372863,1783794497.6709971,85.03,37,0,2265,12481
3,fp32_idle_pre,9.423300828784704,1783794497.7712204,85.03,37,0,2265,12481
3,fp32_idle_pre,9.52352842502296,1783794497.8714483,85.03,37,0,2265,12481
3,fp32_idle_pre,9.623759012669325,1783794497.9716809,85.03,37,0,2265,12481
3,fp32_idle_pre,9.723988136276603,1783794498.0719078,85.03,37,0,2265,12481
3,fp32_idle_pre,9.824214730411768,1783794498.1721342,85.03,37,0,2265,12481
3,fp32_idle_pre,9.924440352246165,1783794498.2723594,85.03,37,0,2265,12481
3,fp32_active,0.0004393868148326874,1783794498.3496363,84.932,36,0,2265,12481
3,fp32_active,0.10070177540183067,1783794498.4499016,102.248,40,0,2265,12481
3,fp32_active,0.2009324450045824,1783794498.5501328,117.863,42,94,2250,12481
3,fp32_active,0.3011618349701166,1783794498.650362,131.275,42,94,2250,12481
3,fp32_active,0.4014221001416445,1783794498.750606,145.282,43,94,2250,12481
3,fp32_active,0.5016065500676632,1783794498.8508132,154.354,43,94,2242,12481
3,fp32_active,0.6019065026193857,1783794498.9511049,165.573,43,94,2242,12481
3,fp32_active,0.7021872028708458,1783794499.051387,172.615,43,94,2250,12481
3,fp32_active,0.8024161234498024,1783794499.1516147,181.6,43,94,2250,12481
3,fp32_active,0.9027244858443737,1783794499.2519226,186.874,43,94,2250,12481
3,fp32_active,1.002948123961687,1783794499.3521464,300.584,44,94,2250,12481
3,fp32_active,1.1031709276139736,1783794499.4523692,300.753,44,94,2250,12481
3,fp32_active,1.2033925633877516,1783794499.5525916,303.645,44,94,2250,12481
3,fp32_active,1.3036830071359873,1783794499.652883,305.001,44,94,2250,12481
3,fp32_active,1.4039123598486185,1783794499.7531111,304.875,44,94,2250,12481
3,fp32_active,1.5041891392320395,1783794499.8533876,306.575,44,94,2250,12481
3,fp32_active,1.6044111158698797,1783794499.9536092,301.875,44,94,2250,12481
3,fp32_active,1.704686975106597,1783794500.0538855,307.436,44,94,2250,12481
3,fp32_active,1.8049229867756367,1783794500.1541228,305.463,44,94,2250,12481
3,fp32_active,1.9051498118788004,1783794500.254348,308.414,44,94,2250,12481
3,fp32_active,2.0053727757185698,1783794500.3545716,306.391,44,94,2250,12481
3,fp32_active,2.1056323796510696,1783794500.4548304,309.525,44,94,2250,12481
3,fp32_active,2.205837046727538,1783794500.5550346,307.713,44,94,2250,12481
3,fp32_active,2.306034678593278,1783794500.6552322,311.432,45,94,2250,12481
3,fp32_active,2.406257975846529,1783794500.7554567,311.412,45,94,2250,12481
3,fp32_active,2.506486279889941,1783794500.8556845,312.712,44,94,2250,12481
3,fp32_active,2.6067098323255777,1783794500.9559085,310.325,44,94,2250,12481
3,fp32_active,2.7069348227232695,1783794501.056134,311.455,44,94,2415,12481
3,fp32_active,2.807169871404767,1783794501.1563697,306.335,44,94,2415,12481
3,fp32_active,2.907396614551544,1783794501.256595,304.468,44,94,2415,12481
3,fp32_active,3.0076808091253042,1783794501.356879,303.345,44,94,2415,12481
3,fp32_active,3.1079040728509426,1783794501.4571075,305.066,44,94,2415,12481
3,fp32_active,3.2081753201782703,1783794501.5573738,300.507,44,94,2415,12481
3,fp32_active,3.3084075953811407,1783794501.657606,302.311,44,94,2415,12481
3,fp32_active,3.4086308665573597,1783794501.7578292,295.919,44,94,2415,12481
3,fp32_active,3.5088550839573145,1783794501.858054,298.158,44,94,2415,12481
3,fp32_active,3.6090784203261137,1783794501.9582772,292.576,44,94,2415,12481
3,fp32_active,3.709301682189107,1783794502.0585,295.292,44,94,2415,12481
3,fp32_active,3.8095418699085712,1783794502.1587398,294.159,45,94,2415,12481
3,fp32_active,3.9097631443291903,1783794502.2589614,298.977,45,94,2415,12481
3,fp32_active,4.00998736359179,1783794502.3591857,295.713,45,94,2415,12481
3,fp32_active,4.110211307182908,1783794502.4594095,296.446,45,94,2415,12481
3,fp32_active,4.210485210642219,1783794502.5596833,295.593,45,94,2415,12481
3,fp32_active,4.3107142597436905,1783794502.659912,298.779,45,94,2415,12481
3,fp32_active,4.410938825458288,1783794502.7601395,296.579,45,94,2415,12481
3,fp32_active,4.511168358847499,1783794502.8603687,295.649,45,94,2415,12481
3,fp32_active,4.611409563571215,1783794502.9606087,297.472,45,94,2415,12481
3,fp32_active,4.711628058925271,1783794503.0608258,297.033,45,94,2415,12481
3,fp32_active,4.811834499239922,1783794503.1610327,298.183,45,94,2415,12481
3,fp32_active,4.912126142531633,1783794503.2613251,295.048,45,94,2415,12481
3,fp32_active,5.012349523603916,1783794503.3615477,294.321,45,94,2415,12481
3,fp32_active,5.1125733107328415,1783794503.4617712,296.908,45,94,2415,12481
3,fp32_active,5.212804526090622,1783794503.5620036,294.405,45,94,2415,12481
3,fp32_active,5.313008014112711,1783794503.662207,295.286,45,94,2415,12481
3,fp32_active,5.413232060149312,1783794503.7624426,294.616,45,94,2415,12481
3,fp32_active,5.513470150530338,1783794503.8626685,294.921,45,94,2415,12481
3,fp32_active,5.613712815567851,1783794503.9629111,295.051,45,94,2415,12481
3,fp32_active,5.713935408741236,1783794504.0631335,295.521,45,94,2415,12481
3,fp32_active,5.8141576163470745,1783794504.1633554,295.666,45,94,2415,12481
3,fp32_active,5.914383063092828,1783794504.2635813,292.725,45,94,2415,12481
3,fp32_active,6.014611076563597,1783794504.3638096,295.73,45,94,2415,12481
3,fp32_active,6.11485974304378,1783794504.464058,294.465,45,94,2415,12481
3,fp32_active,6.21508920006454,1783794504.5642874,294.112,45,94,2415,12481
3,fp32_active,6.315340504050255,1783794504.6645372,294.007,45,94,2415,12481
3,fp32_active,6.415562519803643,1783794504.7647605,294.446,45,94,2415,12481
3,fp32_active,6.515786912292242,1783794504.864985,294.009,45,94,2415,12481
3,fp32_active,6.616008223965764,1783794504.9652064,295.382,45,94,2415,12481
3,fp32_active,6.716233471408486,1783794505.065444,295.103,45,94,2415,12481
3,fp32_active,6.816471515223384,1783794505.1656697,293.639,45,94,2415,12481
3,fp32_active,6.916693637147546,1783794505.2658923,294.184,46,94,2415,12481
3,fp32_active,7.016909226775169,1783794505.3661072,295.205,46,94,2415,12481
3,fp32_active,7.117177566513419,1783794505.466387,298.832,46,94,2415,12481
3,fp32_active,7.21741227991879,1783794505.566611,295.597,46,94,2415,12481
3,fp32_active,7.31764329969883,1783794505.6668417,298.387,46,94,2415,12481
3,fp32_active,7.417854165658355,1783794505.7670522,295.439,46,94,2415,12481
3,fp32_active,7.518075712025166,1783794505.8672853,297.385,46,94,2415,12481
3,fp32_active,7.618310987949371,1783794505.9675093,293.96,46,94,2415,12481
3,fp32_active,7.718534944579005,1783794506.0677333,295.295,46,94,2415,12481
3,fp32_active,7.8187584187835455,1783794506.1679573,294.478,46,94,2415,12481
3,fp32_active,7.91895998083055,1783794506.2681584,294.748,46,94,2415,12481
3,fp32_active,8.01919075474143,1783794506.3683891,295.807,46,94,2415,12481
3,fp32_active,8.119413632899523,1783794506.468612,296.396,46,94,2415,12481
3,fp32_active,8.219636468216777,1783794506.5688345,296.948,46,94,2415,12481
3,fp32_active,8.319901110604405,1783794506.6690996,296.301,46,94,2415,12481
3,fp32_active,8.420123655349016,1783794506.7693222,296.329,46,94,2415,12481
3,fp32_active,8.52034811861813,1783794506.869546,295.727,46,94,2415,12481
3,fp32_active,8.620553962886333,1783794506.9697511,294.612,46,94,2415,12481
3,fp32_active,8.720768719911575,1783794507.0699668,296.399,46,94,2415,12481
3,fp32_active,8.820994248613715,1783794507.1701927,296.02,46,94,2415,12481
3,fp32_active,8.921198423951864,1783794507.2703974,298.178,46,94,2415,12481
3,fp32_active,9.021431157365441,1783794507.3706295,298.391,46,95,2415,12481
3,fp32_active,9.121679998934269,1783794507.4708781,298.846,46,95,2415,12481
3,fp32_active,9.221903832629323,1783794507.5711024,299.368,46,94,2415,12481
3,fp32_active,9.32212995737791,1783794507.6713285,299.006,46,94,2415,12481
3,fp32_active,9.42235441505909,1783794507.7715528,298.656,46,94,2415,12481
3,fp32_active,9.522577283903956,1783794507.8717756,299.589,46,94,2415,12481
3,fp32_active,9.622843608260155,1783794507.9720414,299.589,46,94,2415,12481
3,fp32_active,9.723066303879023,1783794508.072265,299.376,46,94,2415,12481
3,fp32_active,9.823290271684527,1783794508.1724885,299.328,46,95,2415,12481
3,fp32_active,9.9234952442348,1783794508.272694,299.884,46,95,2415,12481
3,fp32_active,10.023727083578706,1783794508.3729253,299.038,46,94,2415,12481
3,fp32_active,10.123950622975826,1783794508.4731493,299.902,46,94,2415,12481
3,fp32_active,10.224184300750494,1783794508.5733824,299.813,46,94,2415,12481
3,fp32_active,10.324387887492776,1783794508.673586,300.226,46,94,2415,12481
3,fp32_active,10.424610819667578,1783794508.7738092,300.859,47,94,2415,12481
3,fp32_active,10.524839758872986,1783794508.874038,303.398,47,94,2415,12481
3,fp32_active,10.62504355236888,1783794508.974242,302.622,47,94,2415,12481
3,fp32_active,10.725270772352815,1783794509.0744693,302.578,47,94,2415,12481
3,fp32_active,10.825499296188354,1783794509.174721,301.917,47,94,2415,12481
3,fp32_active,10.925738774240017,1783794509.2749429,300.955,47,94,2415,12481
3,fp32_active,11.0259766317904,1783794509.375179,299.125,47,94,2415,12481
3,fp32_active,11.126217279583216,1783794509.4754221,298.698,47,94,2415,12481
3,fp32_active,11.226446434855461,1783794509.5756457,296.902,47,94,2415,12481
3,fp32_active,11.326710876077414,1783794509.675909,297.503,47,94,2415,12481
3,fp32_active,11.426933975890279,1783794509.7761326,297.0,47,94,2415,12481
3,fp32_active,11.527157794684172,1783794509.8763566,297.943,47,94,2415,12481
3,fp32_active,11.627386096864939,1783794509.976585,298.293,47,94,2415,12481
3,fp32_active,11.727617470547557,1783794510.0768187,300.461,47,94,2415,12481
3,fp32_active,11.827926943078637,1783794510.1771262,301.265,47,94,2415,12481
3,fp32_active,11.928153399378061,1783794510.2773519,302.221,47,94,2415,12481
3,fp32_active,12.0283829793334,1783794510.3775814,302.967,47,94,2415,12481
3,fp32_active,12.128606548532844,1783794510.4778051,303.869,47,94,2415,12481
3,fp32_active,12.228830451145768,1783794510.5780292,302.774,47,94,2415,12481
3,fp32_active,12.32906167767942,1783794510.6782598,302.488,47,94,2415,12481
3,fp32_active,12.4292858466506,1783794510.778484,302.387,47,94,2415,12481
3,fp32_active,12.529526306316257,1783794510.8787365,302.034,47,94,2415,12481
3,fp32_active,12.629765754565597,1783794510.9789646,301.811,47,94,2415,12481
3,fp32_active,12.729995645582676,1783794511.0791972,301.555,47,94,2415,12481
3,fp32_active,12.83023301139474,1783794511.1794314,301.578,47,94,2415,12481
3,fp32_active,12.930459812283516,1783794511.2796588,302.21,47,94,2415,12481
3,fp32_active,13.030685931444168,1783794511.379888,302.755,47,95,2415,12481
3,fp32_active,13.130950478836894,1783794511.4801514,303.848,47,95,2415,12481
3,fp32_active,13.231178916990757,1783794511.5803776,304.668,47,94,2415,12481
3,fp32_active,13.33141720853746,1783794511.680616,303.413,47,94,2415,12481
3,fp32_active,13.431644931435585,1783794511.7808437,303.019,47,95,2415,12481
3,fp32_active,13.531870575621724,1783794511.8810704,301.93,47,95,2415,12481
3,fp32_active,13.632102435454726,1783794511.9813035,299.685,47,94,2415,12481
3,fp32_active,13.732330817729235,1783794512.0815291,299.206,47,94,2415,12481
3,fp32_active,13.832554349675775,1783794512.1817544,298.478,47,94,2415,12481
3,fp32_active,13.932782582938671,1783794512.2819822,297.115,47,94,2415,12481
3,fp32_active,14.033079043030739,1783794512.3822799,297.184,47,94,2415,12481
3,fp32_active,14.133324475958943,1783794512.4825265,298.044,47,94,2415,12481
3,fp32_active,14.233564900234342,1783794512.5827682,298.963,47,95,2415,12481
3,fp32_active,14.33381394855678,1783794512.6830227,300.604,47,95,2415,12481
3,fp32_active,14.434073999524117,1783794512.7832823,302.264,47,94,2415,12481
3,fp32_active,14.534326987341046,1783794512.8835356,302.369,47,94,2415,12481
3,fp32_active,14.63457965478301,1783794512.9837854,304.611,47,94,2415,12481
3,fp32_active,14.734826663509011,1783794513.0840316,304.351,47,94,2415,12481
3,fp32_active,14.83506547100842,1783794513.1842656,303.733,48,94,2415,12481
3,fp32_active,14.935302255675197,1783794513.2845042,302.651,48,94,2415,12481
3,fp32_active,15.035540608689189,1783794513.3847415,301.693,48,94,2415,12481
3,fp32_active,15.13574661500752,1783794513.484948,301.473,48,94,2415,12481
3,fp32_active,15.236024184152484,1783794513.5852313,300.777,48,94,2415,12481
3,fp32_active,15.336331874132156,1783794513.6855378,301.077,48,94,2415,12481
3,fp32_active,15.436631744727492,1783794513.785835,301.965,48,94,2415,12481
3,fp32_active,15.536842616274953,1783794513.8860452,301.675,48,94,2415,12481
3,fp32_active,15.637100271880627,1783794513.9863062,302.071,48,94,2415,12481
3,fp32_active,15.737349351868033,1783794514.086553,301.815,48,94,2415,12481
3,fp32_active,15.837607186287642,1783794514.186811,303.539,48,94,2415,12481
3,fp32_active,15.937866220250726,1783794514.287069,303.828,48,94,2415,12481
3,fp32_active,16.038101207464933,1783794514.3873036,303.52,48,94,2415,12481
3,fp32_active,16.13833466358483,1783794514.4875402,302.302,48,94,2415,12481
3,fp32_active,16.238575039431453,1783794514.5877757,301.2,48,94,2415,12481
3,fp32_active,16.338804498314857,1783794514.6880062,301.568,48,94,2415,12481
3,fp32_active,16.439036650583148,1783794514.7882352,300.08,48,94,2415,12481
3,fp32_active,16.53926886431873,1783794514.8884683,300.876,48,94,2415,12481
3,fp32_active,16.639504997059703,1783794514.9887044,301.131,48,94,2415,12481
3,fp32_active,16.7397379912436,1783794515.0889485,301.579,48,94,2415,12481
3,fp32_active,16.84000713378191,1783794515.1892095,302.194,48,94,2415,12481
3,fp32_active,16.940251918509603,1783794515.2894542,303.203,48,94,2415,12481
3,fp32_active,17.040488047525287,1783794515.389691,303.704,48,94,2415,12481
3,fp32_active,17.140704726800323,1783794515.4899082,302.799,48,94,2415,12481
3,fp32_active,17.240951783955097,1783794515.5901525,302.669,48,94,2415,12481
3,fp32_active,17.34118376299739,1783794515.6903841,302.301,48,94,2415,12481
3,fp32_active,17.44141636788845,1783794515.790617,301.242,48,94,2415,12481
3,fp32_active,17.541689487174153,1783794515.890888,300.497,48,94,2415,12481
3,fp32_active,17.64191437140107,1783794515.9911141,301.123,48,94,2415,12481
3,fp32_active,17.74215885065496,1783794516.0913653,299.86,48,94,2415,12481
3,fp32_active,17.84241866134107,1783794516.191625,300.771,48,94,2415,12481
3,fp32_active,17.942677330225706,1783794516.291884,301.14,48,94,2415,12481
3,fp32_active,18.04292744025588,1783794516.392134,301.579,48,94,2415,12481
3,fp32_active,18.14316387474537,1783794516.492386,302.589,48,94,2415,12481
3,fp32_active,18.24341817572713,1783794516.5926197,303.617,48,95,2415,12481
3,fp32_active,18.34364722855389,1783794516.6928465,304.555,48,95,2415,12481
3,fp32_active,18.443877443671227,1783794516.7930777,305.143,48,94,2415,12481
3,fp32_active,18.544234558939934,1783794516.8934352,305.143,48,94,2415,12481
3,fp32_active,18.644467351958156,1783794516.993669,304.275,48,94,2415,12481
3,fp32_active,18.74470204487443,1783794517.0939045,302.948,48,94,2415,12481
3,fp32_active,18.844936311244965,1783794517.1941378,302.447,48,94,2415,12481
3,fp32_active,18.945176549255848,1783794517.294378,301.22,48,94,2415,12481
3,fp32_active,19.045410428196192,1783794517.3946111,301.911,48,94,2415,12481
3,fp32_active,19.14569392427802,1783794517.4948962,302.035,48,94,2415,12481
3,fp32_active,19.24593122676015,1783794517.5951307,302.14,48,94,2415,12481
3,fp32_active,19.34616149775684,1783794517.6953628,303.155,48,94,2415,12481
3,fp32_active,19.446400387212634,1783794517.7956028,303.24,48,95,2415,12481
3,fp32_active,19.54663468338549,1783794517.8958366,303.855,48,95,2415,12481
3,fp32_active,19.64686837606132,1783794517.9960706,305.367,48,94,2415,12481
3,fp32_active,19.74710545130074,1783794518.096307,305.995,48,94,2415,12481
3,fp32_active,19.84732852317393,1783794518.1965337,305.117,48,94,2415,12481
3,fp32_active,19.94759022258222,1783794518.2967937,303.823,48,94,2415,12481
3,fp32_active,20.047830991446972,1783794518.397033,302.866,48,94,2415,12481
3,fp32_active,20.148068264126778,1783794518.4972699,302.218,48,94,2415,12481
3,fp32_active,20.24830251932144,1783794518.5975056,302.819,48,94,2415,12481
3,fp32_active,20.348553685471416,1783794518.6977568,302.643,48,94,2415,12481
3,fp32_active,20.44878983683884,1783794518.7979915,302.686,49,94,2415,12481
3,fp32_active,20.54906983114779,1783794518.8982723,303.146,49,94,2415,12481
3,fp32_active,20.64927113428712,1783794518.9984577,303.671,49,94,2415,12481
3,fp32_active,20.749449707567692,1783794519.0986516,303.653,49,94,2415,12481
3,fp32_active,20.84970524907112,1783794519.1989062,303.671,49,94,2415,12481
3,fp32_active,20.9499374628067,1783794519.2991397,304.039,49,94,2415,12481
3,fp32_active,21.050171891227365,1783794519.3993752,304.402,49,94,2415,12481
3,fp32_active,21.15037234686315,1783794519.499556,303.39,49,94,2415,12481
3,fp32_active,21.25054793059826,1783794519.599752,302.701,49,94,2415,12481
3,fp32_active,21.35079319216311,1783794519.7000027,301.976,49,94,2415,12481
3,fp32_active,21.451055373996496,1783794519.8002586,301.435,49,94,2415,12481
3,fp32_active,21.551290687173605,1783794519.9004939,302.134,49,94,2415,12481
3,fp32_active,21.651593865826726,1783794520.0007956,302.027,49,94,2415,12481
3,fp32_active,21.751907063648105,1783794520.1011105,302.276,49,94,2415,12481
3,fp32_active,21.85213889554143,1783794520.2013412,303.0,49,95,2415,12481
3,fp32_active,21.952373031526804,1783794520.301574,302.905,49,95,2415,12481
3,fp32_active,22.052619222551584,1783794520.4018183,303.344,49,94,2415,12481
3,fp32_active,22.15284833498299,1783794520.5020468,303.58,49,94,2415,12481
3,fp32_active,22.253038389608264,1783794520.602223,303.888,49,95,2415,12481
3,fp32_active,22.35322449542582,1783794520.702426,303.107,49,95,2415,12481
3,fp32_active,22.45345675945282,1783794520.8026583,301.483,49,94,2415,12481
3,fp32_active,22.553669314831495,1783794520.9028518,300.043,49,94,2415,12481
3,fp32_active,22.6538272369653,1783794521.0030262,298.835,49,94,2415,12481
3,fp32_active,22.75401569902897,1783794521.1031995,298.033,49,94,2415,12481
3,fp32_active,22.854186380282044,1783794521.2033932,298.706,49,94,2415,12481
3,fp32_active,22.954421335831285,1783794521.3036203,299.05,49,94,2415,12481
3,fp32_active,23.054722858592868,1783794521.403922,300.006,49,94,2415,12481
3,fp32_active,23.15494946576655,1783794521.5041494,301.765,49,94,2415,12481
3,fp32_active,23.25517755188048,1783794521.6043766,303.155,49,94,2415,12481
3,fp32_active,23.35540692321956,1783794521.7046053,304.286,49,94,2415,12481
3,fp32_active,23.45567693002522,1783794521.8049142,304.136,49,94,2415,12481
3,fp32_active,23.555971834808588,1783794521.9051702,304.399,49,94,2415,12481
3,fp32_active,23.656207215040922,1783794522.0054057,304.818,49,94,2415,12481
3,fp32_active,23.75644377619028,1783794522.1056423,304.269,49,94,2415,12481
3,fp32_active,23.856672666966915,1783794522.2058697,304.103,49,94,2415,12481
3,fp32_active,23.9568958748132,1783794522.3060942,303.91,49,94,2415,12481
3,fp32_active,24.057120652869344,1783794522.406319,303.495,49,94,2415,12481
3,fp32_active,24.157360339537263,1783794522.5065587,304.2,49,94,2415,12481
3,fp32_active,24.257602877914906,1783794522.6068015,304.324,49,94,2415,12481
3,fp32_active,24.357852403074503,1783794522.7070508,304.588,49,94,2415,12481
3,fp32_active,24.458075208589435,1783794522.8072731,305.431,49,94,2415,12481
3,fp32_active,24.558296218514442,1783794522.9074943,306.348,49,94,2415,12481
3,fp32_active,24.65853414312005,1783794523.0077326,305.968,49,94,2415,12481
3,fp32_active,24.758757449686527,1783794523.107956,306.686,49,94,2415,12481
3,fp32_active,24.858979547396302,1783794523.2081892,305.827,49,94,2415,12481
3,fp32_active,24.959212992340326,1783794523.3084114,304.222,49,94,2415,12481
3,fp32_active,25.059436827898026,1783794523.4086351,303.639,49,94,2415,12481
3,fp32_active,25.159660587087274,1783794523.50886,302.962,49,94,2415,12481
3,fp32_active,25.25988400541246,1783794523.6090822,302.68,49,94,2415,12481
3,fp32_active,25.36010800488293,1783794523.7093074,301.263,49,94,2415,12481
3,fp32_active,25.460333805531263,1783794523.809574,302.241,49,94,2415,12481
3,fp32_active,25.560644634068012,1783794523.9098442,302.486,49,94,2415,12481
3,fp32_active,25.660882461816072,1783794524.0100825,303.331,49,95,2415,12481
3,fp32_active,25.761103991419077,1783794524.1103032,303.989,49,95,2415,12481
3,fp32_active,25.86132893897593,1783794524.2105396,304.91,49,94,2415,12481
3,fp32_active,25.961567755788565,1783794524.310766,307.135,49,94,2415,12481
3,fp32_active,26.061849739402533,1783794524.4110677,306.875,49,94,2415,12481
3,fp32_active,26.162131754681468,1783794524.5113375,305.804,49,94,2415,12481
3,fp32_active,26.26237483508885,1783794524.6115851,304.317,49,94,2415,12481
3,fp32_active,26.362616946920753,1783794524.711815,303.286,49,94,2415,12481
3,fp32_active,26.46284152381122,1783794524.812041,301.117,49,94,2415,12481
3,fp32_active,26.563069181516767,1783794524.9122698,300.904,49,94,2415,12481
3,fp32_active,26.663275320082903,1783794525.0124745,299.252,49,94,2415,12481
3,fp32_active,26.763502513989806,1783794525.1127043,300.079,49,94,2415,12481
3,fp32_active,26.86373158171773,1783794525.212931,299.698,49,94,2415,12481
3,fp32_active,26.96400527469814,1783794525.3132443,300.975,49,94,2415,12481
3,fp32_active,27.06432363949716,1783794525.413522,301.846,49,94,2415,12481
3,fp32_active,27.16455197148025,1783794525.5137522,303.092,49,94,2415,12481
3,fp32_active,27.264780143275857,1783794525.6139786,304.961,49,94,2415,12481
3,fp32_active,27.36502400226891,1783794525.7142231,305.397,49,94,2415,12481
3,fp32_active,27.465251876041293,1783794525.8144503,305.378,49,94,2415,12481
3,fp32_active,27.565474051982164,1783794525.9146724,305.378,49,94,2415,12481
3,fp32_active,27.66572718322277,1783794526.0149238,305.78,49,94,2415,12481
3,fp32_active,27.765948306769133,1783794526.1151474,305.769,50,94,2415,12481
3,fp32_active,27.866178071126342,1783794526.215376,305.813,49,94,2415,12481
3,fp32_active,27.966399982571602,1783794526.3155982,305.688,49,94,2415,12481
3,fp32_active,28.066635550931096,1783794526.4158332,305.882,50,94,2415,12481
3,fp32_active,28.166857056319714,1783794526.5160553,306.289,50,94,2415,12481
3,fp32_active,28.26708124950528,1783794526.6162796,306.44,50,94,2415,12481
3,fp32_active,28.367320405319333,1783794526.7165186,307.592,50,94,2415,12481
3,fp32_active,28.467548554763198,1783794526.8167467,306.729,50,94,2415,12481
3,fp32_active,28.567770259454846,1783794526.916969,307.476,50,94,2415,12481
3,fp32_active,28.668037803843617,1783794527.0172362,306.21,50,94,2415,12481
3,fp32_active,28.76826016791165,1783794527.1174586,305.903,50,94,2415,12481
3,fp32_active,28.868484530597925,1783794527.2176826,305.768,50,95,2415,12481
3,fp32_active,28.968735625967383,1783794527.3179336,305.07,50,95,2415,12481
3,fp32_active,29.06895788758993,1783794527.4181566,304.732,50,94,2415,12481
3,fp32_active,29.169179743155837,1783794527.5183778,305.508,50,94,2415,12481
3,fp32_active,29.26940082386136,1783794527.6185994,305.34,50,94,2415,12481
3,fp32_active,29.369647370651364,1783794527.7188456,305.885,50,94,2415,12481
3,fp32_active,29.469876036047935,1783794527.819076,307.33,50,95,2415,12481
3,fp32_active,29.57010241597891,1783794527.9193003,306.992,50,95,2415,12481
3,fp32_active,29.670323023572564,1783794528.0195215,307.037,50,95,2415,12481
3,fp32_active,29.770545072853565,1783794528.1197436,307.215,50,95,2415,12481
3,fp32_active,29.870770677924156,1783794528.219969,305.949,50,94,2415,12481
3,fp32_active,29.970992721617222,1783794528.3201907,305.71,50,94,2415,12481
3,fp32_active,30.071217752993107,1783794528.4204164,304.901,50,94,2415,12481
3,fp32_active,30.17143983580172,1783794528.520638,303.649,50,94,2415,12481
3,fp32_active,30.27166456915438,1783794528.620863,304.252,50,94,2415,12481
3,fp32_active,30.371893422678113,1783794528.721092,303.419,50,94,2415,12481
3,fp32_active,30.47217269614339,1783794528.8213823,304.2,50,94,2415,12481
3,fp32_active,30.572407150641084,1783794528.9216053,304.627,50,94,2415,12481
3,fp32_active,30.67262986674905,1783794529.0218284,306.536,50,94,2415,12481
3,fp32_active,30.772851526737213,1783794529.12205,306.533,50,94,2415,12481
3,fp32_active,30.87312895618379,1783794529.2223272,307.368,50,94,2415,12481
3,fp32_active,30.97336807101965,1783794529.3225665,307.63,50,94,2415,12481
3,fp32_active,31.073596203699708,1783794529.4227948,307.878,50,94,2415,12481
3,fp32_active,31.17381877452135,1783794529.523017,306.682,50,94,2415,12481
3,fp32_active,31.274054685607553,1783794529.623253,305.531,50,94,2415,12481
3,fp32_active,31.374278131872416,1783794529.7234764,304.331,50,94,2415,12481
3,fp32_active,31.474510956555605,1783794529.8237097,303.703,50,94,2415,12481
3,fp32_active,31.57471120543778,1783794529.9239066,304.302,50,94,2415,12481
3,fp32_active,31.674929603934288,1783794530.024128,304.25,50,94,2415,12481
3,fp32_active,31.775157310068607,1783794530.1243687,303.845,50,94,2415,12481
3,fp32_active,31.875397691503167,1783794530.2245958,304.85,50,94,2415,12481
3,fp32_active,31.97566309571266,1783794530.3248615,306.368,50,94,2415,12481
3,fp32_active,32.07588458620012,1783794530.4250832,306.23,50,94,2415,12481
3,fp32_active,32.17608848400414,1783794530.5252872,307.236,50,94,2415,12481
3,fp32_active,32.27629227936268,1783794530.625491,306.126,50,94,2415,12481
3,fp32_active,32.376507772132754,1783794530.7257066,306.55,50,94,2415,12481
3,fp32_active,32.476728819310665,1783794530.8259275,306.502,50,94,2415,12481
3,fp32_active,32.576931063085794,1783794530.926129,306.356,50,94,2415,12481
3,fp32_active,32.677129078656435,1783794531.0263255,306.889,50,94,2415,12481
3,fp32_active,32.77735773101449,1783794531.1265562,307.047,50,94,2415,12481
3,fp32_active,32.87755921296775,1783794531.226758,307.046,50,94,2415,12481
3,fp32_active,32.977757869288325,1783794531.326956,307.091,50,94,2415,12481
3,fp32_active,33.07795883342624,1783794531.4271564,306.194,50,94,2415,12481
3,fp32_active,33.17815483920276,1783794531.527353,306.019,50,94,2415,12481
3,fp32_active,33.278353083878756,1783794531.6275518,306.877,50,94,2415,12481
3,fp32_active,33.3785561081022,1783794531.727755,305.948,50,94,2415,12481
3,fp32_active,33.47876990772784,1783794531.827969,305.668,50,94,2415,12481
3,fp32_active,33.57897548750043,1783794531.928174,304.298,50,94,2415,12481
3,fp32_active,33.67918098717928,1783794532.02838,304.147,50,94,2415,12481
3,fp32_active,33.77938648685813,1783794532.1285849,303.427,50,94,2415,12481
3,fp32_active,33.87958722934127,1783794532.2287858,301.863,50,94,2415,12481
3,fp32_active,33.97978699579835,1783794532.3289855,301.544,50,94,2415,12481
3,fp32_active,34.07999045215547,1783794532.4291885,302.502,50,94,2415,12481
3,fp32_active,34.18018764257431,1783794532.5293853,303.604,50,94,2415,12481
3,fp32_active,34.2803846206516,1783794532.629583,305.286,50,94,2415,12481
3,fp32_active,34.38055700622499,1783794532.7297359,306.754,50,94,2415,12481
3,fp32_active,34.4806876629591,1783794532.829886,306.775,50,94,2415,12481
3,fp32_active,34.58089138753712,1783794532.9300902,308.675,50,94,2415,12481
3,fp32_active,34.681090051308274,1783794533.0302875,308.124,50,94,2415,12481
3,fp32_active,34.78130065090954,1783794533.130499,307.197,50,94,2415,12481
3,fp32_active,34.88150027580559,1783794533.230711,306.143,50,94,2415,12481
3,fp32_active,34.981715343892574,1783794533.3309143,305.64,50,94,2415,12481
3,fp32_active,35.08191708289087,1783794533.431116,306.106,50,94,2415,12481
3,fp32_active,35.1821156591177,1783794533.5313127,305.39,50,94,2415,12481
3,fp32_active,35.2823149561882,1783794533.631515,306.3,50,94,2415,12481
3,fp32_active,35.38252400420606,1783794533.7317224,305.99,50,94,2415,12481
3,fp32_active,35.482724187895656,1783794533.831924,306.607,50,94,2415,12481
3,fp32_active,35.5829300750047,1783794533.9321313,306.739,50,94,2415,12481
3,fp32_active,35.683136792853475,1783794534.0323372,306.871,50,94,2415,12481
3,fp32_active,35.783337807282805,1783794534.132548,306.871,50,94,2415,12481
3,fp32_active,35.883553536608815,1783794534.232754,306.933,50,94,2415,12481
3,fp32_active,35.98375646956265,1783794534.3329582,307.17,50,94,2415,12481
3,fp32_active,36.08397709950805,1783794534.4331765,306.404,50,95,2415,12481
3,fp32_active,36.18420405499637,1783794534.5334072,305.969,50,95,2415,12481
3,fp32_active,36.284420013427734,1783794534.6336215,305.603,50,94,2415,12481
3,fp32_active,36.38462873920798,1783794534.733838,306.292,50,94,2415,12481
3,fp32_active,36.484849743545055,1783794534.8340554,305.671,50,94,2415,12481
3,fp32_active,36.585087141022086,1783794534.9342966,306.406,50,94,2415,12481
3,fp32_active,36.68531136587262,1783794535.034517,306.889,50,94,2415,12481
3,fp32_active,36.78555887192488,1783794535.134767,308.56,50,94,2415,12481
3,fp32_active,36.88580164127052,1783794535.2350116,309.641,50,94,2415,12481
3,fp32_active,36.986035492271185,1783794535.3352416,309.486,50,94,2415,12481
3,fp32_active,37.08625654876232,1783794535.4354615,308.171,50,94,2415,12481
3,fp32_active,37.18650016374886,1783794535.5356991,307.538,50,94,2415,12481
3,fp32_active,37.28672926686704,1783794535.6359293,307.063,50,94,2415,12481
3,fp32_active,37.38696765899658,1783794535.7361677,306.092,50,94,2415,12481
3,fp32_active,37.48722822032869,1783794535.8364275,305.601,50,94,2415,12481
3,fp32_active,37.58745903894305,1783794535.9366643,306.228,50,94,2415,12481
3,fp32_active,37.6876731608063,1783794536.0368745,305.525,50,94,2415,12481
3,fp32_active,37.78789129294455,1783794536.13709,306.379,51,94,2415,12481
3,fp32_active,37.88809569552541,1783794536.2372978,305.834,50,94,2415,12481
3,fp32_active,37.98830870166421,1783794536.337509,306.095,50,94,2415,12481
3,fp32_active,38.088526871055365,1783794536.4377265,306.211,51,94,2415,12481
3,fp32_active,38.18873478099704,1783794536.5379367,305.166,50,94,2415,12481
3,fp32_active,38.2889472078532,1783794536.6381588,304.992,51,94,2415,12481
3,fp32_active,38.38916861079633,1783794536.7383707,304.201,51,94,2415,12481
3,fp32_active,38.48938254825771,1783794536.838586,303.366,51,94,2415,12481
3,fp32_active,38.58956970833242,1783794536.9387672,301.756,51,94,2415,12481
3,fp32_active,38.68977037630975,1783794537.0389714,302.575,51,94,2415,12481
3,fp32_active,38.789979888126254,1783794537.1391792,302.305,51,94,2415,12481
3,fp32_active,38.89019242487848,1783794537.2393963,302.069,51,94,2415,12481
3,fp32_active,38.99055743217468,1783794537.339756,303.212,51,94,2415,12481
3,fp32_active,39.09077970311046,1783794537.439978,304.999,51,94,2415,12481
3,fp32_active,39.19105967320502,1783794537.540258,305.531,51,94,2415,12481
3,fp32_active,39.29127005301416,1783794537.640469,307.433,51,94,2415,12481
3,fp32_active,39.39149935543537,1783794537.7406976,308.109,51,94,2415,12481
3,fp32_active,39.49172541871667,1783794537.8409238,307.945,51,94,2415,12481
3,fp32_active,39.591964706778526,1783794537.9411633,307.23,51,94,2415,12481
3,fp32_active,39.6921874396503,1783794538.0413861,306.563,51,94,2415,12481
3,fp32_active,39.79241245612502,1783794538.1416109,306.369,51,94,2415,12481
3,fp32_active,39.8926347643137,1783794538.2418332,306.901,51,94,2415,12481
3,fp32_active,39.9928721152246,1783794538.3420703,306.788,51,94,2415,12481
3,fp32_active,40.093129221349955,1783794538.4423275,306.858,51,94,2415,12481
3,fp32_active,40.19333329796791,1783794538.542562,306.727,51,94,2415,12481
3,fp32_active,40.29358848743141,1783794538.6427867,307.604,51,94,2415,12481
3,fp32_active,40.393810864537954,1783794538.7430089,308.989,51,94,2415,12481
3,fp32_active,40.49400837533176,1783794538.8432064,310.197,51,94,2415,12481
3,fp32_active,40.59421053528786,1783794538.943409,310.457,51,94,2415,12481
3,fp32_idle_post,0.0003464687615633011,1783794538.9862523,310.245,51,95,2415,12481
3,fp32_idle_post,0.10067269392311573,1783794539.0864825,308.948,51,95,2415,12481
3,fp32_idle_post,0.20091907307505608,1783794539.1867294,289.063,46,1,2415,12481
3,fp32_idle_post,0.3012012206017971,1783794539.2870107,264.354,46,1,2415,12481
3,fp32_idle_post,0.4014702159911394,1783794539.3872795,241.725,45,0,2422,12481
3,fp32_idle_post,0.5017807893455029,1783794539.4875898,218.964,45,0,2422,12481
3,fp32_idle_post,0.6020024362951517,1783794539.587812,196.185,45,0,2430,12481
3,fp32_idle_post,0.7022238243371248,1783794539.6880338,186.49,45,0,2430,12481
3,fp32_idle_post,0.8024877235293388,1783794539.788297,166.4,45,0,2430,12481
3,fp32_idle_post,0.9027360808104277,1783794539.8885455,146.363,45,0,2422,12481
3,fp32_idle_post,1.0029955450445414,1783794539.9888048,109.792,44,0,2422,12481
3,fp32_idle_post,1.1032187286764383,1783794540.0890298,89.12,44,0,2422,12481
3,fp32_idle_post,1.203517897054553,1783794540.1893291,89.12,44,0,2422,12481
3,fp32_idle_post,1.303753698244691,1783794540.289563,89.12,44,0,2422,12481
3,fp32_idle_post,1.404003320261836,1783794540.3898127,89.12,44,0,2422,12481
3,fp32_idle_post,1.504226392135024,1783794540.490036,89.12,44,0,2422,12481
3,fp32_idle_post,1.6044906508177519,1783794540.5903003,89.12,44,0,2422,12481
3,fp32_idle_post,1.7047143932431936,1783794540.690524,89.12,44,0,2422,12481
3,fp32_idle_post,1.8050091974437237,1783794540.7908185,89.12,44,0,2422,12481
3,fp32_idle_post,1.9052579011768103,1783794540.891067,89.12,44,0,2422,12481
3,fp32_idle_post,2.005518389865756,1783794540.9913278,89.12,44,0,2422,12481
3,fp32_idle_post,2.105799861252308,1783794541.0916092,88.44,44,0,2430,12481
3,fp32_idle_post,2.2060476690530777,1783794541.1918576,88.44,44,0,2430,12481
3,fp32_idle_post,2.306271595880389,1783794541.292081,88.44,44,0,2430,12481
3,fp32_idle_post,2.4064944367855787,1783794541.392304,88.44,44,0,2430,12481
3,fp32_idle_post,2.506707040593028,1783794541.4925063,88.44,44,0,2430,12481
3,fp32_idle_post,2.606893116608262,1783794541.5927024,88.44,44,0,2430,12481
3,fp32_idle_post,2.7071163039654493,1783794541.692926,88.44,44,0,2430,12481
3,fp32_idle_post,2.8073383290320635,1783794541.7931478,88.44,44,0,2430,12481
3,fp32_idle_post,2.9075587652623653,1783794541.8933682,88.44,44,0,2430,12481
3,fp32_idle_post,3.0077900383621454,1783794541.9935994,88.44,43,0,2430,12481
3,fp32_idle_post,3.1080652736127377,1783794542.0938747,89.165,43,0,2265,12481
3,fp32_idle_post,3.208288997411728,1783794542.1940982,89.165,43,0,2265,12481
3,fp32_idle_post,3.308536956086755,1783794542.2943463,89.165,43,0,2265,12481
3,fp32_idle_post,3.4087600763887167,1783794542.3945694,89.165,43,0,2265,12481
3,fp32_idle_post,3.509020460769534,1783794542.4948297,89.165,43,0,2265,12481
3,fp32_idle_post,3.6092429161071777,1783794542.5950522,89.165,43,0,2265,12481
3,fp32_idle_post,3.7095391508191824,1783794542.6953485,89.165,43,0,2265,12481
3,fp32_idle_post,3.809757087379694,1783794542.7955668,89.165,43,0,2265,12481
3,fp32_idle_post,3.909980086609721,1783794542.8957896,89.165,43,0,2265,12481
3,fp32_idle_post,4.010225536301732,1783794542.996035,89.165,43,0,2265,12481
3,fp32_idle_post,4.110473925247788,1783794543.096283,89.892,43,0,2265,12481
3,fp32_idle_post,4.210743388161063,1783794543.1965532,89.892,43,0,2265,12481
3,fp32_idle_post,4.311022609472275,1783794543.2968323,89.892,43,0,2265,12481
3,fp32_idle_post,4.411250373348594,1783794543.3970551,89.892,43,0,2265,12481
3,fp32_idle_post,4.511455148458481,1783794543.4972649,89.892,43,0,2265,12481
3,fp32_idle_post,4.611678048968315,1783794543.5974877,89.892,43,0,2265,12481
3,fp32_idle_post,4.71190026588738,1783794543.69771,89.892,43,0,2265,12481
3,fp32_idle_post,4.812124025076628,1783794543.7979333,89.892,43,0,2265,12481
3,fp32_idle_post,4.912345552816987,1783794543.898155,89.892,43,0,2265,12481
3,fp32_idle_post,5.012573305517435,1783794543.9983833,89.892,43,0,2265,12481
3,fp32_idle_post,5.112803282216191,1783794544.098614,89.432,43,0,2257,12481
3,fp32_idle_post,5.213079525157809,1783794544.19889,89.432,43,0,2257,12481
3,fp32_idle_post,5.313339561223984,1783794544.2991486,89.432,43,0,2257,12481
3,fp32_idle_post,5.4135646522045135,1783794544.3993754,89.432,43,0,2257,12481
3,fp32_idle_post,5.513800101354718,1783794544.4996104,89.432,43,0,2257,12481
3,fp32_idle_post,5.614086821675301,1783794544.5998964,89.432,43,0,2257,12481
3,fp32_idle_post,5.714309226721525,1783794544.700119,89.432,43,0,2257,12481
3,fp32_idle_post,5.814531026408076,1783794544.8003407,89.432,43,0,2257,12481
3,fp32_idle_post,5.914752932265401,1783794544.9005625,89.432,43,0,2257,12481
3,fp32_idle_post,6.014974741265178,1783794545.000784,89.432,42,0,2257,12481
3,fp32_idle_post,6.115233017131686,1783794545.1010447,88.978,42,0,2265,12481
3,fp32_idle_post,6.215462448075414,1783794545.2012722,88.978,42,0,2265,12481
3,fp32_idle_post,6.31568706408143,1783794545.3014967,88.978,42,0,2265,12481
3,fp32_idle_post,6.415956592187285,1783794545.4017658,88.978,42,0,2265,12481
3,fp32_idle_post,6.516181152313948,1783794545.5019906,88.978,42,0,2265,12481
3,fp32_idle_post,6.616415137425065,1783794545.6022243,88.978,42,0,2265,12481
3,fp32_idle_post,6.71664285287261,1783794545.7024524,88.978,42,0,2265,12481
3,fp32_idle_post,6.81686539016664,1783794545.802697,88.978,42,0,2265,12481
3,fp32_idle_post,6.917182611301541,1783794545.9029915,88.978,42,0,2265,12481
3,fp32_idle_post,7.017454003915191,1783794546.0032654,88.978,42,0,2265,12481
3,fp32_idle_post,7.1176892295479774,1783794546.1035063,88.975,42,0,2265,12481
3,fp32_idle_post,7.217992816120386,1783794546.2038052,88.975,42,0,2265,12481
3,fp32_idle_post,7.318220641463995,1783794546.3040307,88.975,42,0,2265,12481
3,fp32_idle_post,7.418459987267852,1783794546.4042704,88.975,42,0,2265,12481
3,fp32_idle_post,7.5186843406409025,1783794546.5044944,88.975,42,0,2265,12481
3,fp32_idle_post,7.618997521698475,1783794546.6048071,88.975,42,0,2265,12481
3,fp32_idle_post,7.7192260809242725,1783794546.7050352,88.975,42,0,2265,12481
3,fp32_idle_post,7.819475032389164,1783794546.8052843,88.975,42,0,2265,12481
3,fp32_idle_post,7.919696504250169,1783794546.905506,88.975,42,0,2265,12481
3,fp32_idle_post,8.01993365213275,1783794547.0057433,88.975,42,0,2265,12481
3,fp32_idle_post,8.120166689157486,1783794547.1059763,88.972,42,0,2265,12481
3,fp32_idle_post,8.220482863485813,1783794547.2062926,88.972,42,0,2265,12481
3,fp32_idle_post,8.320705857127905,1783794547.3065152,88.972,42,0,2265,12481
3,fp32_idle_post,8.421053124591708,1783794547.4068625,88.972,42,0,2265,12481
3,fp32_idle_post,8.52132223919034,1783794547.5071318,88.972,42,0,2265,12481
3,fp32_idle_post,8.621545977890491,1783794547.6073554,88.972,42,0,2265,12481
3,fp32_idle_post,8.721777165308595,1783794547.7075868,88.972,42,0,2265,12481
3,fp32_idle_post,8.822099316865206,1783794547.807909,88.972,42,0,2265,12481
3,fp32_idle_post,8.92232203297317,1783794547.9081314,88.972,42,0,2265,12481
3,fp32_idle_post,9.022544216364622,1783794548.0083537,88.972,41,0,2265,12481
3,fp32_idle_post,9.122766179963946,1783794548.108576,87.999,41,0,2257,12481
3,fp32_idle_post,9.223032286390662,1783794548.2088425,87.999,41,0,2257,12481
3,fp32_idle_post,9.323264429345727,1783794548.3090749,87.999,41,0,2257,12481
3,fp32_idle_post,9.423491787165403,1783794548.4093013,87.999,41,0,2257,12481
3,fp32_idle_post,9.523742375895381,1783794548.5095522,87.999,41,0,2257,12481
3,fp32_idle_post,9.623967064544559,1783794548.609777,87.999,41,0,2257,12481
3,fp32_idle_post,9.724187333136797,1783794548.7099967,87.999,41,0,2257,12481
3,fp32_idle_post,9.824409078806639,1783794548.8102186,87.999,41,0,2257,12481
3,fp32_idle_post,9.924634773284197,1783794548.910444,87.999,41,0,2257,12481
4,int8_idle_pre,0.00026548467576503754,1783794549.0003183,87.999,41,0,2257,12481
4,int8_idle_pre,0.10055088438093662,1783794549.1006072,88.002,41,0,2265,12481
4,int8_idle_pre,0.20086371339857578,1783794549.200922,88.002,41,0,2265,12481
4,int8_idle_pre,0.3010904733091593,1783794549.3011482,88.002,41,0,2265,12481
4,int8_idle_pre,0.40135125257074833,1783794549.4014082,88.002,41,0,2265,12481
4,int8_idle_pre,0.5015757456421852,1783794549.5016336,88.002,41,0,2265,12481
4,int8_idle_pre,0.6018015407025814,1783794549.601859,88.002,41,0,2265,12481
4,int8_idle_pre,0.7020197957754135,1783794549.7020774,88.002,41,0,2265,12481
4,int8_idle_pre,0.8022447358816862,1783794549.8023024,88.002,41,0,2265,12481
4,int8_idle_pre,0.9024717267602682,1783794549.9025297,88.002,41,0,2265,12481
4,int8_idle_pre,1.0027064699679613,1783794550.0027628,88.002,41,0,2265,12481
4,int8_idle_pre,1.1029333341866732,1783794550.1029916,88.005,41,0,2265,12481
4,int8_idle_pre,1.2031632009893656,1783794550.2032235,88.005,41,0,2265,12481
4,int8_idle_pre,1.3033952992409468,1783794550.3034523,88.005,41,0,2265,12481
4,int8_idle_pre,1.4036215040832758,1783794550.4036808,88.005,41,0,2265,12481
4,int8_idle_pre,1.503887316212058,1783794550.5039349,88.005,41,0,2265,12481
4,int8_idle_pre,1.6041193883866072,1783794550.6041777,88.005,41,0,2265,12481
4,int8_idle_pre,1.7043496519327164,1783794550.7044075,88.005,41,0,2265,12481
4,int8_idle_pre,1.8045376800000668,1783794550.8045793,88.005,41,0,2265,12481
4,int8_idle_pre,1.90471182577312,1783794550.9047701,88.005,41,0,2265,12481
4,int8_idle_pre,2.0050263963639736,1783794551.005085,88.005,41,0,2265,12481
4,int8_idle_pre,2.1052546314895153,1783794551.1053138,88.005,41,0,2265,12481
4,int8_idle_pre,2.2055099923163652,1783794551.2055695,88.005,41,0,2265,12481
4,int8_idle_pre,2.3057966716587543,1783794551.305855,88.005,41,0,2265,12481
4,int8_idle_pre,2.406023846939206,1783794551.406083,88.005,41,0,2265,12481
4,int8_idle_pre,2.5063162837177515,1783794551.5063746,88.005,41,0,2265,12481
4,int8_idle_pre,2.606543527916074,1783794551.6066024,88.005,41,0,2265,12481
4,int8_idle_pre,2.706760900095105,1783794551.706815,88.005,41,0,2265,12481
4,int8_idle_pre,2.807075148448348,1783794551.8071332,88.005,41,0,2265,12481
4,int8_idle_pre,2.9073750842362642,1783794551.9074314,88.005,41,0,2265,12481
4,int8_idle_pre,3.0076103396713734,1783794552.0076668,88.005,40,0,2265,12481
4,int8_idle_pre,3.1078013088554144,1783794552.107856,87.999,40,0,2265,12481
4,int8_idle_pre,3.208022192120552,1783794552.2080796,87.999,40,0,2265,12481
4,int8_idle_pre,3.3082476165145636,1783794552.3083036,87.999,40,0,2265,12481
4,int8_idle_pre,3.4084386862814426,1783794552.4084933,87.999,40,0,2265,12481
4,int8_idle_pre,3.508657831698656,1783794552.5087152,87.999,40,0,2265,12481
4,int8_idle_pre,3.608879843726754,1783794552.6089375,87.999,40,0,2265,12481
4,int8_idle_pre,3.709149867296219,1783794552.7092068,87.999,40,0,2265,12481
4,int8_idle_pre,3.8093423787504435,1783794552.8093977,87.999,40,0,2265,12481
4,int8_idle_pre,3.90956955216825,1783794552.9096248,87.999,40,0,2265,12481
4,int8_idle_pre,4.009787889197469,1783794553.0098438,87.999,40,0,2265,12481
4,int8_idle_pre,4.109992276877165,1783794553.1100473,87.487,40,0,2265,12481
4,int8_idle_pre,4.210263755172491,1783794553.2103193,87.487,40,0,2265,12481
4,int8_idle_pre,4.310484701767564,1783794553.3105402,87.487,40,0,2265,12481
4,int8_idle_pre,4.410774385556579,1783794553.4108303,87.487,40,0,2265,12481
4,int8_idle_pre,4.5110531039536,1783794553.5111086,87.487,40,0,2265,12481
4,int8_idle_pre,4.611272104084492,1783794553.6113274,87.487,40,0,2265,12481
4,int8_idle_pre,4.7114919647574425,1783794553.7115476,87.487,40,0,2265,12481
4,int8_idle_pre,4.811702996492386,1783794553.8117578,87.487,40,0,2265,12481
4,int8_idle_pre,4.911922240629792,1783794553.9119775,87.487,40,0,2265,12481
4,int8_idle_pre,5.012140901759267,1783794554.0121965,87.487,40,0,2265,12481
4,int8_idle_pre,5.11235243268311,1783794554.112407,87.999,40,0,2257,12481
4,int8_idle_pre,5.212569376453757,1783794554.2126248,87.999,40,0,2257,12481
4,int8_idle_pre,5.3127906154841185,1783794554.3128464,87.999,40,0,2257,12481
4,int8_idle_pre,5.41301123984158,1783794554.4130669,87.999,40,0,2257,12481
4,int8_idle_pre,5.513288393616676,1783794554.5133452,87.999,40,0,2257,12481
4,int8_idle_pre,5.613519983366132,1783794554.6135757,87.999,40,0,2257,12481
4,int8_idle_pre,5.713739907369018,1783794554.7137954,87.999,40,0,2257,12481
4,int8_idle_pre,5.813959741964936,1783794554.8140156,87.999,40,0,2257,12481
4,int8_idle_pre,5.914180403575301,1783794554.9142358,87.999,40,0,2257,12481
4,int8_idle_pre,6.0143904238939285,1783794555.0144455,87.999,40,0,2257,12481
4,int8_idle_pre,6.114703243598342,1783794555.114761,87.512,40,0,2265,12481
4,int8_idle_pre,6.214971221983433,1783794555.2150276,87.512,40,0,2265,12481
4,int8_idle_pre,6.3151926174759865,1783794555.3152485,87.512,40,0,2265,12481
4,int8_idle_pre,6.415405696257949,1783794555.415461,87.512,40,0,2265,12481
4,int8_idle_pre,6.5156181287020445,1783794555.5156736,87.512,40,0,2265,12481
4,int8_idle_pre,6.615836689248681,1783794555.6158922,87.512,40,0,2265,12481
4,int8_idle_pre,6.716065915301442,1783794555.7161217,87.512,40,0,2265,12481
4,int8_idle_pre,6.816300978884101,1783794555.816357,87.512,40,0,2265,12481
4,int8_idle_pre,6.916530711576343,1783794555.9165864,87.512,40,0,2265,12481
4,int8_idle_pre,7.016790451481938,1783794556.016844,87.512,39,0,2265,12481
4,int8_idle_pre,7.11707909591496,1783794556.1171353,87.268,39,0,2265,12481
4,int8_idle_pre,7.21729970164597,1783794556.2173555,87.268,39,0,2265,12481
4,int8_idle_pre,7.317496292293072,1783794556.3175504,87.268,39,0,2265,12481
4,int8_idle_pre,7.417697634547949,1783794556.4177518,87.268,39,0,2265,12481
4,int8_idle_pre,7.517943495884538,1783794556.518005,87.268,39,0,2265,12481
4,int8_idle_pre,7.618192980065942,1783794556.618249,87.268,39,0,2265,12481
4,int8_idle_pre,7.7183946166187525,1783794556.7184486,87.268,39,0,2265,12481
4,int8_idle_pre,7.818614512681961,1783794556.8186965,87.268,39,0,2265,12481
4,int8_idle_pre,7.918985690921545,1783794556.9190433,87.268,39,0,2265,12481
4,int8_idle_pre,8.019208727404475,1783794557.0192647,87.268,39,0,2265,12481
4,int8_idle_pre,8.119458012282848,1783794557.1195145,87.025,39,0,2265,12481
4,int8_idle_pre,8.21972887031734,1783794557.2197852,87.025,39,0,2265,12481
4,int8_idle_pre,8.319926964119077,1783794557.3199823,87.025,39,0,2265,12481
4,int8_idle_pre,8.420146476477385,1783794557.420203,87.025,39,0,2265,12481
4,int8_idle_pre,8.520370023325086,1783794557.5204265,87.025,39,0,2265,12481
4,int8_idle_pre,8.620670376345515,1783794557.620726,87.025,39,0,2265,12481
4,int8_idle_pre,8.720970584079623,1783794557.7210264,87.025,39,0,2265,12481
4,int8_idle_pre,8.821239782497287,1783794557.8212962,87.025,39,0,2265,12481
4,int8_idle_pre,8.921589184552431,1783794557.9216456,87.025,39,0,2265,12481
4,int8_idle_pre,9.021832179278135,1783794558.0218878,87.025,39,0,2265,12481
4,int8_idle_pre,9.12205021828413,1783794558.122106,87.025,39,0,2257,12481
4,int8_idle_pre,9.222271023318172,1783794558.222327,87.025,39,0,2257,12481
4,int8_idle_pre,9.32258060388267,1783794558.3226364,87.025,39,0,2257,12481
4,int8_idle_pre,9.422807604074478,1783794558.422863,87.025,39,0,2257,12481
4,int8_idle_pre,9.523019593209028,1783794558.5230756,87.025,39,0,2257,12481
4,int8_idle_pre,9.623240184038877,1783794558.623296,87.025,39,0,2257,12481
4,int8_idle_pre,9.72344845160842,1783794558.723504,87.025,39,0,2257,12481
4,int8_idle_pre,9.823668958619237,1783794558.8237245,87.025,39,0,2257,12481
4,int8_idle_pre,9.924002999439836,1783794558.9240587,87.025,39,0,2257,12481
4,int8_active,0.0003714803606271744,1783794559.0017986,87.025,39,0,2257,12481
4,int8_active,0.10069816745817661,1783794559.1021297,86.008,39,0,2257,12481
4,int8_active,0.20096896961331367,1783794559.2023995,96.809,41,72,2257,12481
4,int8_active,0.30118882469832897,1783794559.3026197,104.841,42,72,2257,12481
4,int8_active,0.4015178419649601,1783794559.4029484,112.284,42,94,2257,12481
4,int8_active,0.5017356649041176,1783794559.5031662,118.813,42,94,2257,12481
4,int8_active,0.6019542645663023,1783794559.6033902,123.952,42,94,2257,12481
4,int8_active,0.7021842375397682,1783794559.7036145,128.79,42,94,2257,12481
4,int8_active,0.8024033606052399,1783794559.803834,133.33,42,94,2257,12481
4,int8_active,0.9026238396763802,1783794559.9040546,136.747,42,94,2257,12481
4,int8_active,1.0029396768659353,1783794560.00437,140.141,42,94,2257,12481
4,int8_active,1.1031600274145603,1783794560.1045916,143.417,43,94,2257,12481
4,int8_active,1.2033979762345552,1783794560.2048287,200.447,43,94,2257,12481
4,int8_active,1.303617576137185,1783794560.3050482,200.944,43,94,2257,12481
4,int8_active,1.403851656243205,1783794560.4052827,201.366,43,94,2257,12481
4,int8_active,1.5040720254182816,1783794560.5055027,201.046,43,94,2257,12481
4,int8_active,1.6042939685285091,1783794560.6057248,200.685,43,94,2257,12481
4,int8_active,1.7045201398432255,1783794560.7059505,200.954,43,94,2257,12481
4,int8_active,1.804741308093071,1783794560.806172,200.663,43,94,2257,12481
4,int8_active,1.9049603715538979,1783794560.9063914,200.564,43,94,2257,12481
4,int8_active,2.0051839035004377,1783794561.0066144,200.696,43,94,2257,12481
4,int8_active,2.1054333597421646,1783794561.1068616,200.703,43,94,2257,12481
4,int8_active,2.2056553680449724,1783794561.2070863,200.527,43,93,2257,12481
4,int8_active,2.305875089019537,1783794561.3073056,200.443,43,93,2257,12481
4,int8_active,2.4060949087142944,1783794561.4075253,200.337,43,94,2257,12481
4,int8_active,2.506315080448985,1783794561.5077457,200.007,43,94,2257,12481
4,int8_active,2.606534020975232,1783794561.6079645,200.35,43,93,2257,12481
4,int8_active,2.7067571487277746,1783794561.7081873,201.355,43,93,2257,12481
4,int8_active,2.8069753125309944,1783794561.8084316,200.462,43,94,2257,12481
4,int8_active,2.9072232265025377,1783794561.9086535,200.438,43,94,2257,12481
4,int8_active,3.0074431356042624,1783794562.0088737,201.598,43,94,2257,12481
4,int8_active,3.1076633129268885,1783794562.109094,200.902,43,94,2257,12481
4,int8_active,3.2078839633613825,1783794562.2093146,200.728,43,93,2257,12481
4,int8_active,3.3081045392900705,1783794562.3095355,201.648,43,93,2257,12481
4,int8_active,3.4083255045115948,1783794562.4097562,200.973,43,94,2257,12481
4,int8_active,3.5085447933524847,1783794562.5099792,201.251,43,94,2257,12481
4,int8_active,3.608776492998004,1783794562.6102073,201.326,43,94,2257,12481
4,int8_active,3.7089969478547573,1783794562.7104278,200.723,43,94,2257,12481
4,int8_active,3.809217132627964,1783794562.810648,200.602,43,94,2257,12481
4,int8_active,3.909458363428712,1783794562.9108887,201.46,43,94,2257,12481
4,int8_active,4.009678687900305,1783794563.0111089,200.488,43,93,2257,12481
4,int8_active,4.109906814992428,1783794563.111337,200.899,43,93,2257,12481
4,int8_active,4.210126055404544,1783794563.2115562,201.025,43,94,2257,12481
4,int8_active,4.310351835563779,1783794563.3117824,200.15,43,94,2257,12481
4,int8_active,4.41057169996202,1783794563.412002,200.611,43,94,2257,12481
4,int8_active,4.5107922703027725,1783794563.512223,201.316,43,94,2257,12481
4,int8_active,4.611012648791075,1783794563.6124432,201.016,43,93,2257,12481
4,int8_active,4.711247915402055,1783794563.712679,201.71,43,93,2257,12481
4,int8_active,4.811466176062822,1783794563.812897,201.821,43,94,2257,12481
4,int8_active,4.911685965955257,1783794563.9131243,201.005,43,94,2257,12481
4,int8_active,5.011925872415304,1783794564.0133564,201.516,43,94,2257,12481
4,int8_active,5.1121147982776165,1783794564.113531,201.454,43,94,2257,12481
4,int8_active,5.212282072752714,1783794564.2137125,200.841,43,94,2257,12481
4,int8_active,5.312478447332978,1783794564.3139079,201.029,43,94,2257,12481
4,int8_active,5.4126964677125216,1783794564.4141273,201.63,43,94,2257,12481
4,int8_active,5.512941589578986,1783794564.514372,201.196,43,94,2257,12481
4,int8_active,5.613161528483033,1783794564.6145935,201.429,43,94,2257,12481
4,int8_active,5.7133758924901485,1783794564.714796,201.786,43,94,2257,12481
4,int8_active,5.813559260219336,1783794564.81499,201.122,43,94,2257,12481
4,int8_active,5.913787504658103,1783794564.9152186,201.328,43,94,2257,12481
4,int8_active,6.013992819935083,1783794565.0154226,201.377,43,94,2257,12481
4,int8_active,6.114193016663194,1783794565.1156244,200.779,43,94,2257,12481
4,int8_active,6.214420216158032,1783794565.2158535,200.972,43,94,2257,12481
4,int8_active,6.3146488182246685,1783794565.3160791,201.424,43,94,2257,12481
4,int8_active,6.4148875921964645,1783794565.416318,200.424,43,94,2257,12481
4,int8_active,6.515088675543666,1783794565.5165215,200.587,43,94,2257,12481
4,int8_active,6.615317003801465,1783794565.6167483,201.503,43,93,2257,12481
4,int8_active,6.715541787445545,1783794565.7169735,200.644,43,93,2257,12481
4,int8_active,6.815766468644142,1783794565.817199,200.564,43,94,2257,12481
4,int8_active,6.91599028557539,1783794565.917421,201.161,43,94,2257,12481
4,int8_active,7.016196567565203,1783794566.0176284,201.514,43,94,2257,12481
4,int8_active,7.116469632834196,1783794566.1179042,201.564,43,94,2257,12481
4,int8_active,7.216702867299318,1783794566.2181506,202.039,43,94,2257,12481
4,int8_active,7.317008612677455,1783794566.318441,201.497,43,94,2257,12481
4,int8_active,7.4172256756573915,1783794566.418657,201.252,43,94,2257,12481
4,int8_active,7.517495879903436,1783794566.5189264,202.246,43,94,2257,12481
4,int8_active,7.617833834141493,1783794566.6192691,201.471,43,93,2257,12481
4,int8_active,7.718065325170755,1783794566.719497,201.616,43,93,2257,12481
4,int8_active,7.8182883486151695,1783794566.8197193,202.624,43,94,2257,12481
4,int8_active,7.918509611859918,1783794566.919972,202.045,43,94,2257,12481
4,int8_active,8.018763748928905,1783794567.0201962,202.03,43,94,2257,12481
4,int8_active,8.118969224393368,1783794567.1203995,201.629,43,94,2257,12481
4,int8_active,8.219249404966831,1783794567.2206824,201.64,43,94,2257,12481
4,int8_active,8.319476479664445,1783794567.3209078,201.97,43,94,2257,12481
4,int8_active,8.419702431187034,1783794567.4211385,201.813,43,94,2257,12481
4,int8_active,8.519939575344324,1783794567.5213754,201.991,43,94,2257,12481
4,int8_active,8.620174787938595,1783794567.6216087,202.364,43,94,2257,12481
4,int8_active,8.720404220744967,1783794567.721838,201.635,43,94,2257,12481
4,int8_active,8.82069138251245,1783794567.8221362,201.818,43,94,2257,12481
4,int8_active,8.920961558818817,1783794567.9223936,202.484,43,94,2257,12481
4,int8_active,9.021192356944084,1783794568.022636,202.105,43,94,2257,12481
4,int8_active,9.121451349928975,1783794568.1228845,202.115,44,94,2257,12481
4,int8_active,9.221661308780313,1783794568.2230942,202.781,44,94,2257,12481
4,int8_active,9.321906900033355,1783794568.3233383,202.355,43,94,2257,12481
4,int8_active,9.422125991433859,1783794568.4235587,201.946,44,94,2257,12481
4,int8_active,9.522357860580087,1783794568.52379,202.621,43,94,2257,12481
4,int8_active,9.622603736817837,1783794568.6240356,202.246,44,93,2257,12481
4,int8_active,9.722820928320289,1783794568.724252,202.009,44,93,2257,12481
4,int8_active,9.823041435331106,1783794568.824472,202.206,44,93,2257,12481
4,int8_active,9.923262337222695,1783794568.9246926,202.325,44,93,2257,12481
4,int8_active,10.023486029356718,1783794569.0249164,201.792,44,94,2257,12481
4,int8_active,10.123705545440316,1783794569.1251361,202.303,44,94,2257,12481
4,int8_active,10.223925724625587,1783794569.225356,201.773,44,93,2257,12481
4,int8_active,10.324145276099443,1783794569.3255758,201.54,44,93,2257,12481
4,int8_active,10.424365291371942,1783794569.4257958,201.911,44,94,2257,12481
4,int8_active,10.524568496271968,1783794569.5259979,201.492,44,94,2257,12481
4,int8_active,10.624786028638482,1783794569.6262484,201.335,44,94,2257,12481
4,int8_active,10.725041512399912,1783794569.726472,202.246,44,94,2257,12481
4,int8_active,10.825260542333126,1783794569.8267097,201.507,44,93,2257,12481
4,int8_active,10.92551582492888,1783794569.9269457,201.194,44,93,2257,12481
4,int8_active,11.02571683190763,1783794570.0271502,201.828,44,94,2257,12481
4,int8_active,11.125926619395614,1783794570.12736,202.057,44,94,2257,12481
4,int8_active,11.226114502176642,1783794570.2275236,201.593,44,94,2257,12481
4,int8_active,11.326267767697573,1783794570.3277032,201.978,44,94,2257,12481
4,int8_active,11.42649207264185,1783794570.427927,201.966,44,94,2257,12481
4,int8_active,11.526723857969046,1783794570.5281549,201.901,44,94,2257,12481
4,int8_active,11.626940671354532,1783794570.6283712,202.599,44,94,2257,12481
4,int8_active,11.727158896625042,1783794570.728589,202.034,44,94,2257,12481
4,int8_active,11.827378062531352,1783794570.8288093,202.279,44,93,2257,12481
4,int8_active,11.927636541426182,1783794570.929068,202.67,44,93,2257,12481
4,int8_active,12.027864087373018,1783794571.0292947,201.661,44,94,2257,12481
4,int8_active,12.128084994852543,1783794571.1295161,201.855,44,94,2257,12481
4,int8_active,12.228282721713185,1783794571.2297132,202.388,44,94,2257,12481
4,int8_active,12.328501084819436,1783794571.3299317,201.719,44,94,2257,12481
4,int8_active,12.428720753639936,1783794571.4301515,201.674,44,94,2257,12481
4,int8_active,12.528927301988006,1783794571.5303586,202.443,44,94,2257,12481
4,int8_active,12.6291433442384,1783794571.6305737,201.848,44,94,2257,12481
4,int8_active,12.729365078732371,1783794571.7308028,201.873,44,94,2257,12481
4,int8_active,12.829590436071157,1783794571.8310208,202.334,44,94,2257,12481
4,int8_active,12.929825495928526,1783794571.931256,201.317,44,94,2257,12481
4,int8_active,13.030053082853556,1783794572.0314834,201.0,44,94,2257,12481
4,int8_active,13.13026674836874,1783794572.1316972,202.164,44,94,2257,12481
4,int8_active,13.230480847880244,1783794572.2319114,202.014,44,94,2257,12481
4,int8_active,13.330695964396,1783794572.332127,201.298,44,94,2257,12481
4,int8_active,13.430915419012308,1783794572.432346,201.862,44,94,2257,12481
4,int8_active,13.531136123463511,1783794572.5325668,201.686,44,94,2257,12481
4,int8_active,13.631356332451105,1783794572.6327865,201.686,44,94,2257,12481
4,int8_active,13.731575848534703,1783794572.733007,201.88,44,94,2257,12481
4,int8_active,13.831806771457195,1783794572.8332374,201.903,44,94,2257,12481
4,int8_active,13.932017115876079,1783794572.933448,201.658,44,94,2257,12481
4,int8_active,14.032236898317933,1783794573.0336673,201.662,44,94,2257,12481
4,int8_active,14.132482955232263,1783794573.1339135,202.459,44,94,2257,12481
4,int8_active,14.232709437608719,1783794573.2341397,201.854,44,94,2257,12481
4,int8_active,14.332929475232959,1783794573.33436,201.667,44,94,2257,12481
4,int8_active,14.433148162439466,1783794573.4345787,202.135,44,94,2257,12481
4,int8_active,14.533334612846375,1783794573.5347636,201.644,44,94,2257,12481
4,int8_active,14.633543211966753,1783794573.6349738,201.609,44,94,2257,12481
4,int8_active,14.733800567686558,1783794573.7352421,202.59,44,94,2257,12481
4,int8_active,14.834022274240851,1783794573.8354523,202.291,44,94,2257,12481
4,int8_active,14.93425769917667,1783794573.9356883,201.839,44,94,2257,12481
4,int8_active,15.034476732835174,1783794574.0359073,202.811,44,93,2257,12481
4,int8_active,15.134746411815286,1783794574.1361766,201.972,44,93,2257,12481
4,int8_active,15.234964860603213,1783794574.2363954,201.664,44,94,2257,12481
4,int8_active,15.33518480323255,1783794574.336615,202.649,44,94,2257,12481
4,int8_active,15.435405096039176,1783794574.436842,201.751,44,94,2257,12481
4,int8_active,15.53563211672008,1783794574.5370626,201.979,44,94,2257,12481
4,int8_active,15.635852059349418,1783794574.6372821,202.785,44,94,2257,12481
4,int8_active,15.73605060391128,1783794574.7374814,201.68,44,94,2257,12481
4,int8_active,15.836268119513988,1783794574.837698,202.106,44,94,2257,12481
4,int8_active,15.93648567982018,1783794574.9379158,202.494,44,94,2257,12481
4,int8_active,16.03671522065997,1783794575.038148,201.412,44,94,2257,12481
4,int8_active,16.136944824829698,1783794575.1383753,201.595,44,94,2257,12481
4,int8_active,16.237160144373775,1783794575.2385912,202.991,44,94,2257,12481
4,int8_active,16.337381107732654,1783794575.3388114,202.367,44,94,2257,12481
4,int8_active,16.437618544325233,1783794575.4390488,201.983,44,94,2257,12481
4,int8_active,16.537816872820258,1783794575.5392466,202.336,44,94,2257,12481
4,int8_active,16.63804030045867,1783794575.6394706,202.055,44,94,2257,12481
4,int8_active,16.738252859562635,1783794575.7396839,202.3,44,94,2257,12481
4,int8_active,16.83852036856115,1783794575.8399506,202.701,44,94,2257,12481
4,int8_active,16.938727874308825,1783794575.940159,202.611,44,94,2257,12481
4,int8_active,17.03894203528762,1783794576.0403738,202.519,44,94,2257,12481
4,int8_active,17.139157699421048,1783794576.1405883,202.733,44,94,2257,12481
4,int8_active,17.239358216524124,1783794576.2407885,202.854,44,94,2257,12481
4,int8_active,17.339581260457635,1783794576.3410122,202.398,44,94,2257,12481
4,int8_active,17.439872696995735,1783794576.441303,202.811,44,94,2257,12481
4,int8_active,17.540091468021274,1783794576.5415223,203.143,44,94,2257,12481
4,int8_active,17.64031158387661,1783794576.641742,202.227,44,94,2257,12481
4,int8_active,17.740530468523502,1783794576.741961,201.598,44,94,2257,12481
4,int8_active,17.840748723596334,1783794576.842179,202.291,44,94,2257,12481
4,int8_active,17.94096797145903,1783794576.9423985,202.081,44,94,2257,12481
4,int8_active,18.041187308728695,1783794577.042618,201.551,44,94,2257,12481
4,int8_active,18.141442611813545,1783794577.1428733,201.915,44,94,2257,12481
4,int8_active,18.241650629788637,1783794577.2430816,202.068,44,94,2257,12481
4,int8_active,18.34186966344714,1783794577.3433,201.298,44,94,2257,12481
4,int8_active,18.442090194672346,1783794577.4435208,201.9,44,94,2257,12481
4,int8_active,18.542305037379265,1783794577.543766,201.653,44,94,2257,12481
4,int8_active,18.642557492479682,1783794577.643988,201.305,44,94,2257,12481
4,int8_active,18.742791963741183,1783794577.7442224,202.502,44,94,2257,12481
4,int8_active,18.84302152879536,1783794577.8444521,202.308,44,94,2257,12481
4,int8_active,18.943240251392126,1783794577.9446704,201.757,44,94,2257,12481
4,int8_active,19.04342946782708,1783794578.0448477,201.857,44,93,2257,12481
4,int8_active,19.14359841682017,1783794578.145033,202.709,44,93,2257,12481
4,int8_active,19.243824196979403,1783794578.245255,201.678,44,94,2257,12481
4,int8_active,19.344037735834718,1783794578.3454688,202.477,44,94,2257,12481
4,int8_active,19.444255992770195,1783794578.4456866,202.795,44,94,2257,12481
4,int8_active,19.54451222717762,1783794578.5459425,202.031,44,94,2257,12481
4,int8_active,19.644769439473748,1783794578.6461997,202.478,44,94,2257,12481
4,int8_active,19.744994044303894,1783794578.7464247,202.659,44,94,2257,12481
4,int8_active,19.84518624469638,1783794578.846606,201.945,44,94,2257,12481
4,int8_active,19.945366136729717,1783794578.9467967,201.945,44,94,2257,12481
4,int8_active,20.045583087950945,1783794579.0470152,202.501,44,93,2257,12481
4,int8_active,20.145805180072784,1783794579.1472497,202.021,44,93,2257,12481
4,int8_active,20.24604105949402,1783794579.2474737,202.443,44,94,2257,12481
4,int8_active,20.346261305734515,1783794579.3476925,202.873,44,94,2257,12481
4,int8_active,20.446485029533505,1783794579.447916,201.934,44,94,2257,12481
4,int8_active,20.5467022433877,1783794579.5481331,202.322,44,94,2257,12481
4,int8_active,20.646927079185843,1783794579.6483579,202.851,44,94,2257,12481
4,int8_active,20.7471390273422,1783794579.7485693,202.442,44,94,2257,12481
4,int8_active,20.847325399518013,1783794579.8487444,201.948,44,94,2257,12481
4,int8_active,20.947492096573114,1783794579.9489229,202.883,44,94,2257,12481
4,int8_active,21.047713758423924,1783794580.0491445,202.143,44,93,2257,12481
4,int8_active,21.147910991683602,1783794580.1493402,202.786,44,93,2257,12481
4,int8_active,21.248129496350884,1783794580.2495599,203.185,44,94,2257,12481
4,int8_active,21.34835074841976,1783794580.3497822,201.888,44,94,2257,12481
4,int8_active,21.448577454313636,1783794580.4500084,202.177,44,94,2257,12481
4,int8_active,21.548853335902095,1783794580.5503225,202.531,44,94,2257,12481
4,int8_active,21.649140713736415,1783794580.6505725,202.007,44,94,2257,12481
4,int8_active,21.749365359544754,1783794580.750796,201.539,44,94,2257,12481
4,int8_active,21.849624993279576,1783794580.851056,202.223,44,94,2257,12481
4,int8_active,21.94984744489193,1783794580.9512815,202.353,44,94,2257,12481
4,int8_active,22.05007617548108,1783794581.0515084,201.712,44,94,2257,12481
4,int8_active,22.15030210837722,1783794581.1517644,202.032,44,94,2257,12481
4,int8_active,22.250571751967072,1783794581.2520034,201.954,44,94,2257,12481
4,int8_active,22.350817531347275,1783794581.3522499,201.524,44,94,2257,12481
4,int8_active,22.451064232736826,1783794581.452497,202.437,44,94,2257,12481
4,int8_active,22.551292097195983,1783794581.5527244,202.734,44,94,2257,12481
4,int8_active,22.65154840424657,1783794581.6529799,201.82,44,94,2257,12481
4,int8_active,22.751787271350622,1783794581.7532194,202.074,44,94,2257,12481
4,int8_active,22.85201503522694,1783794581.853448,202.534,44,94,2257,12481
4,int8_active,22.952242247760296,1783794581.9536738,201.736,44,94,2257,12481
4,int8_active,23.05244625173509,1783794582.0538797,202.67,44,93,2257,12481
4,int8_active,23.152675066143274,1783794582.1541085,202.661,44,93,2257,12481
4,int8_active,23.25289611145854,1783794582.2543564,202.298,44,94,2257,12481
4,int8_active,23.353133119642735,1783794582.3545654,202.492,44,94,2257,12481
4,int8_active,23.453352447599173,1783794582.4547856,202.725,44,94,2257,12481
4,int8_active,23.553594330325723,1783794582.5550292,202.172,44,94,2257,12481
4,int8_active,23.653819873929024,1783794582.655255,202.139,44,93,2257,12481
4,int8_active,23.754045909270644,1783794582.7554808,203.018,44,93,2257,12481
4,int8_active,23.854269452393055,1783794582.8557014,201.988,44,94,2257,12481
4,int8_active,23.954484602436423,1783794582.9559155,202.371,44,94,2257,12481
4,int8_active,24.05468395166099,1783794583.0561166,203.261,44,94,2257,12481
4,int8_active,24.15490056015551,1783794583.1563845,202.224,44,94,2257,12481
4,int8_active,24.255215791985393,1783794583.25665,202.177,44,94,2257,12481
4,int8_active,24.355422956869006,1783794583.356856,202.985,44,94,2257,12481
4,int8_active,24.455679846927524,1783794583.4571142,202.151,44,94,2257,12481
4,int8_active,24.55590108782053,1783794583.5573356,202.804,44,94,2257,12481
4,int8_active,24.65612176991999,1783794583.6575565,203.082,44,94,2257,12481
4,int8_active,24.75634048320353,1783794583.757772,202.417,44,94,2257,12481
4,int8_active,24.856555104255676,1783794583.8579886,202.429,44,93,2257,12481
4,int8_active,24.956797178834677,1783794583.958246,203.241,44,93,2257,12481
4,int8_active,25.05704589560628,1783794584.0584772,202.517,44,94,2257,12481
4,int8_active,25.157256981357932,1783794584.1587057,202.927,44,94,2257,12481
4,int8_active,25.257487120106816,1783794584.2589178,203.157,44,94,2257,12481
4,int8_active,25.357719050720334,1783794584.3591495,202.774,44,94,2257,12481
4,int8_active,25.45793862082064,1783794584.459369,202.514,44,94,2257,12481
4,int8_active,25.5581457298249,1783794584.5595772,202.981,44,94,2257,12481
4,int8_active,25.658354127779603,1783794584.6597867,202.311,44,94,2257,12481
4,int8_active,25.758579835295677,1783794584.7600102,202.468,44,94,2257,12481
4,int8_active,25.858779307454824,1783794584.8602087,202.883,44,94,2257,12481
4,int8_active,25.95899877138436,1783794584.9604294,202.343,44,94,2257,12481
4,int8_active,26.05924491211772,1783794585.0607166,201.726,44,94,2257,12481
4,int8_active,26.1595352422446,1783794585.1609654,202.758,44,94,2257,12481
4,int8_active,26.25978827290237,1783794585.261219,202.093,44,94,2257,12481
4,int8_active,26.36000937782228,1783794585.36144,202.479,44,94,2257,12481
4,int8_active,26.460236087441444,1783794585.461667,202.949,44,94,2257,12481
4,int8_active,26.560431407764554,1783794585.5618613,202.673,44,94,2257,12481
4,int8_active,26.660636259242892,1783794585.6620665,202.39,44,94,2257,12481
4,int8_active,26.76084366440773,1783794585.7622743,202.825,44,94,2257,12481
4,int8_active,26.86106308735907,1783794585.8624945,202.343,44,93,2257,12481
4,int8_active,26.961321564391255,1783794585.9627523,202.537,44,93,2257,12481
4,int8_active,27.06154402345419,1783794586.0629747,203.07,44,93,2257,12481
4,int8_active,27.16180376894772,1783794586.163234,202.583,44,93,2257,12481
4,int8_active,27.26203561015427,1783794586.263467,202.428,44,94,2257,12481
4,int8_active,27.362258223816752,1783794586.3636882,202.882,44,94,2257,12481
4,int8_active,27.46247274801135,1783794586.4639032,202.794,44,94,2257,12481
4,int8_active,27.562669379636645,1783794586.5641239,202.151,44,94,2257,12481
4,int8_active,27.66290631517768,1783794586.664337,202.598,44,94,2257,12481
4,int8_active,27.76311968266964,1783794586.7645504,202.279,44,94,2257,12481
4,int8_active,27.863333275541663,1783794586.864764,201.95,44,93,2257,12481
4,int8_active,27.96354820393026,1783794586.964979,202.987,44,93,2257,12481
4,int8_active,28.063762567937374,1783794587.0651932,202.217,44,94,2257,12481
4,int8_active,28.163978032767773,1783794587.1654086,202.52,44,94,2257,12481
4,int8_active,28.2641918733716,1783794587.2656648,202.999,44,94,2257,12481
4,int8_active,28.36445719562471,1783794587.3658886,202.242,44,94,2257,12481
4,int8_active,28.464648712426424,1783794587.46607,202.472,44,94,2257,12481
4,int8_active,28.564839262515306,1783794587.5662692,202.899,44,94,2257,12481
4,int8_active,28.66507144458592,1783794587.666502,202.591,44,94,2257,12481
4,int8_active,28.765306815505028,1783794587.7667372,202.687,44,94,2257,12481
4,int8_active,28.86552627198398,1783794587.8669565,203.146,44,94,2257,12481
4,int8_active,28.965745620429516,1783794587.9671762,202.396,44,94,2257,12481
4,int8_active,29.065972903743386,1783794588.067403,202.192,44,94,2265,12481
4,int8_active,29.16747393645346,1783794588.1689043,202.933,44,93,2257,12481
4,int8_active,29.26768869161606,1783794588.2691193,202.171,44,93,2257,12481
4,int8_active,29.367909101769328,1783794588.3693395,202.774,44,94,2257,12481
4,int8_active,29.468128280714154,1783794588.469559,202.663,44,94,2257,12481
4,int8_active,29.568417524918914,1783794588.5698483,202.213,44,93,2257,12481
4,int8_active,29.668655078858137,1783794588.6700854,202.358,44,93,2257,12481
4,int8_active,29.768875125795603,1783794588.770306,203.141,44,94,2257,12481
4,int8_active,29.86907159537077,1783794588.8705003,202.348,44,94,2257,12481
4,int8_active,29.969305496662855,1783794588.970736,202.068,44,94,2257,12481
4,int8_active,30.069524446502328,1783794589.0709858,202.006,44,94,2257,12481
4,int8_active,30.169775621965528,1783794589.1712062,202.478,44,94,2257,12481
4,int8_active,30.269971325993538,1783794589.271401,202.135,44,94,2257,12481
4,int8_active,30.37018906325102,1783794589.3716204,202.872,44,94,2257,12481
4,int8_active,30.47041112370789,1783794589.4718418,202.18,44,94,2257,12481
4,int8_active,30.57063510455191,1783794589.5720692,202.045,44,94,2257,12481
4,int8_active,30.67086578346789,1783794589.6722987,202.591,44,94,2257,12481
4,int8_active,30.771094296127558,1783794589.7725255,202.036,44,94,2257,12481
4,int8_active,30.87130332365632,1783794589.8727322,202.05,44,94,2257,12481
4,int8_active,30.971577866002917,1783794589.973008,202.91,44,93,2257,12481
4,int8_active,31.071782948449254,1783794590.0732152,202.69,44,93,2257,12481
4,int8_active,31.172086603939533,1783794590.173519,202.381,44,94,2257,12481
4,int8_active,31.27228694409132,1783794590.2737172,203.163,44,94,2257,12481
4,int8_active,31.372513564303517,1783794590.373946,202.485,44,93,2257,12481
4,int8_active,31.472737977281213,1783794590.47417,202.943,44,93,2257,12481
4,int8_active,31.572970286011696,1783794590.5744016,203.319,44,94,2257,12481
4,int8_active,31.673198230564594,1783794590.6746285,202.979,44,94,2257,12481
4,int8_active,31.773467799648643,1783794590.7748985,202.511,44,94,2257,12481
4,int8_active,31.87368863262236,1783794590.8751192,202.951,44,94,2257,12481
4,int8_active,31.973910888656974,1783794590.9753416,202.882,44,93,2257,12481
4,int8_active,32.07411067187786,1783794591.0755422,202.291,44,93,2257,12481
4,int8_active,32.174362160265446,1783794591.1757927,203.088,44,94,2257,12481
4,int8_active,32.274558110162616,1783794591.2759876,202.978,44,94,2257,12481
4,int8_active,32.37475627660751,1783794591.376179,202.674,44,94,2257,12481
4,int8_active,32.47494534030557,1783794591.476376,202.951,44,94,2257,12481
4,int8_active,32.5751416888088,1783794591.5765705,203.226,44,94,2257,12481
4,int8_active,32.67533828690648,1783794591.6767688,202.386,44,94,2257,12481
4,int8_active,32.77557020075619,1783794591.777001,203.254,44,93,2257,12481
4,int8_active,32.87579209730029,1783794591.877223,203.599,44,93,2257,12481
4,int8_active,32.97601250000298,1783794591.9774458,202.727,44,93,2257,12481
4,int8_active,33.07621059380472,1783794592.077641,203.207,44,93,2257,12481
4,int8_active,33.17643331550062,1783794592.1778646,203.291,44,94,2257,12481
4,int8_active,33.27663101628423,1783794592.2780602,202.309,44,94,2257,12481
4,int8_active,33.37679989822209,1783794592.37821,202.454,44,94,2257,12481
4,int8_active,33.476939680054784,1783794592.47837,203.038,44,94,2257,12481
4,int8_active,33.57715558260679,1783794592.5785863,202.299,44,94,2257,12481
4,int8_active,33.677391692996025,1783794592.6788225,202.677,44,94,2257,12481
4,int8_active,33.77759777195752,1783794592.7790277,203.074,44,94,2257,12481
4,int8_active,33.877813624218106,1783794592.8792439,201.964,44,94,2257,12481
4,int8_active,33.97803288884461,1783794592.9794633,201.985,44,93,2257,12481
4,int8_active,34.07826232351363,1783794593.079693,202.977,44,93,2257,12481
4,int8_active,34.17847780324519,1783794593.179908,202.434,44,94,2257,12481
4,int8_active,34.278671108186245,1783794593.2801006,202.519,44,94,2257,12481
4,int8_active,34.37886800058186,1783794593.380299,203.009,44,94,2257,12481
4,int8_active,34.47906878776848,1783794593.4804988,202.444,44,94,2257,12481
4,int8_active,34.579284723848104,1783794593.5807152,202.19,44,93,2257,12481
4,int8_active,34.679501339793205,1783794593.680932,203.03,44,93,2257,12481
4,int8_active,34.77972061932087,1783794593.781151,203.072,44,94,2257,12481
4,int8_active,34.87992126867175,1783794593.881352,202.49,44,94,2257,12481
4,int8_active,34.98011855594814,1783794593.9815483,202.939,44,94,2257,12481
4,int8_active,35.08031273633242,1783794594.0817425,202.587,44,94,2257,12481
4,int8_active,35.18052693270147,1783794594.1819577,202.89,44,93,2257,12481
4,int8_active,35.280738700181246,1783794594.2821686,203.311,44,93,2257,12481
4,int8_active,35.38095856457949,1783794594.382389,203.28,44,94,2257,12481
4,int8_active,35.48116882890463,1783794594.4825985,202.442,44,94,2257,12481
4,int8_active,35.581365482881665,1783794594.5827968,203.159,44,94,2257,12481
4,int8_active,35.681583639234304,1783794594.683014,202.926,44,94,2257,12481
4,int8_active,35.78180015273392,1783794594.7832308,202.552,44,94,2257,12481
4,int8_active,35.88202070444822,1783794594.8834512,202.784,44,94,2257,12481
4,int8_active,35.982219099998474,1783794594.9836488,203.182,44,94,2257,12481
4,int8_active,36.08241235651076,1783794595.0838425,202.394,44,94,2257,12481
4,int8_active,36.182631151750684,1783794595.184062,202.846,44,93,2257,12481
4,int8_active,36.282827757298946,1783794595.2842572,202.894,44,93,2257,12481
4,int8_active,36.38305078446865,1783794595.3844812,202.41,44,93,2257,12481
4,int8_active,36.483243472874165,1783794595.4846733,202.71,44,93,2257,12481
4,int8_active,36.58343806490302,1783794595.5848672,203.462,44,94,2257,12481
4,int8_active,36.68365115299821,1783794595.6850822,202.501,44,94,2257,12481
4,int8_active,36.783870143815875,1783794595.7853007,203.055,44,94,2257,12481
4,int8_active,36.88408930785954,1783794595.885521,203.116,44,94,2257,12481
4,int8_active,36.98436316847801,1783794595.9857948,202.537,44,94,2257,12481
4,int8_active,37.0845610499382,1783794596.0859914,202.549,44,94,2257,12481
4,int8_active,37.18475912883878,1783794596.186194,203.36,44,94,2257,12481
4,int8_active,37.2849381621927,1783794596.286349,203.101,44,94,2257,12481
4,int8_active,37.38506331294775,1783794596.3864958,202.264,44,93,2257,12481
4,int8_active,37.48530738055706,1783794596.4867399,203.253,44,93,2257,12481
4,int8_active,37.58554550819099,1783794596.586979,203.021,44,93,2257,12481
4,int8_active,37.685751426965,1783794596.687184,202.292,44,93,2257,12481
4,int8_active,37.78597055375576,1783794596.7874038,203.361,44,94,2257,12481
4,int8_active,37.88619000837207,1783794596.887624,202.518,44,94,2257,12481
4,int8_active,37.98640967160463,1783794596.9878426,202.53,44,94,2257,12481
4,int8_active,38.08661018870771,1783794597.0880415,202.663,44,94,2257,12481
4,int8_active,38.18683127127588,1783794597.1882732,202.527,44,94,2257,12481
4,int8_active,38.28703921288252,1783794597.2884688,202.101,44,94,2257,12481
4,int8_active,38.38725499249995,1783794597.3886895,202.55,44,93,2257,12481
4,int8_active,38.48748325929046,1783794597.4889164,202.527,44,93,2257,12481
4,int8_active,38.5877131074667,1783794597.5891473,201.885,44,94,2257,12481
4,int8_active,38.687963066622615,1783794597.689394,202.056,44,94,2257,12481
4,int8_active,38.78815972059965,1783794597.789591,202.914,44,94,2257,12481
4,int8_active,38.88837361522019,1783794597.8898056,201.801,44,94,2257,12481
4,int8_active,38.988588919863105,1783794597.99002,201.954,44,94,2257,12481
4,int8_active,39.08880762010813,1783794598.0902693,202.912,44,94,2257,12481
4,int8_active,39.18906473554671,1783794598.1904953,202.294,44,94,2257,12481
4,int8_active,39.28930198773742,1783794598.2907345,202.239,44,94,2257,12481
4,int8_active,39.389540527015924,1783794598.3909717,202.934,44,94,2257,12481
4,int8_active,39.489741852506995,1783794598.491176,202.338,44,94,2257,12481
4,int8_active,39.589967872947454,1783794598.591401,202.303,44,94,2257,12481
4,int8_idle_post,0.00019242241978645325,1783794598.641612,202.303,44,94,2257,12481
4,int8_idle_post,0.10050386004149914,1783794598.741839,203.225,44,94,2257,12481
4,int8_idle_post,0.20073842257261276,1783794598.8420713,192.128,42,52,2257,12481
4,int8_idle_post,0.300982216373086,1783794598.9423132,181.548,42,52,2257,12481
4,int8_idle_post,0.40120443142950535,1783794599.0425353,170.341,41,0,2257,12481
4,int8_idle_post,0.5014260560274124,1783794599.1427567,158.447,41,0,2265,12481
4,int8_idle_post,0.6017712559551001,1783794599.2431035,147.361,41,0,2265,12481
4,int8_idle_post,0.7019971292465925,1783794599.3433304,142.005,41,0,2265,12481
4,int8_idle_post,0.8022278361022472,1783794599.4435582,123.646,41,0,2265,12481
4,int8_idle_post,0.9024507440626621,1783794599.5437872,120.44,41,0,2265,12481
4,int8_idle_post,1.002681603655219,1783794599.6440141,101.375,41,0,2257,12481
4,int8_idle_post,1.1029768697917461,1783794599.7443097,100.155,40,0,2257,12481
4,int8_idle_post,1.2032032571732998,1783794599.8445358,100.155,40,0,2257,12481
4,int8_idle_post,1.3034287169575691,1783794599.9447608,100.155,40,0,2257,12481
4,int8_idle_post,1.40365388430655,1783794600.0449674,100.155,40,0,2257,12481
4,int8_idle_post,1.5038629099726677,1783794600.145198,100.155,40,0,2257,12481
4,int8_idle_post,1.604150289669633,1783794600.2454853,100.155,40,0,2257,12481
4,int8_idle_post,1.7044100277125835,1783794600.3457434,100.155,40,0,2257,12481
4,int8_idle_post,1.8046381287276745,1783794600.445971,100.155,40,0,2257,12481
4,int8_idle_post,1.9048759005963802,1783794600.546207,100.155,40,0,2257,12481
4,int8_idle_post,2.0051155742257833,1783794600.6464474,100.155,40,0,2257,12481
4,int8_idle_post,2.1053412575274706,1783794600.7466736,87.461,40,0,2265,12481
4,int8_idle_post,2.205705413594842,1783794600.847039,87.461,40,0,2265,12481
4,int8_idle_post,2.305932717397809,1783794600.9472654,87.461,40,0,2265,12481
4,int8_idle_post,2.4061646666377783,1783794601.047499,87.461,40,0,2265,12481
4,int8_idle_post,2.5064160842448473,1783794601.1477509,87.461,40,0,2265,12481
4,int8_idle_post,2.6066874116659164,1783794601.2480223,87.461,40,0,2265,12481
4,int8_idle_post,2.7069901451468468,1783794601.348307,87.461,40,0,2265,12481
4,int8_idle_post,2.807158187031746,1783794601.4484913,87.461,40,0,2265,12481
4,int8_idle_post,2.9075016863644123,1783794601.548816,87.461,40,0,2265,12481
4,int8_idle_post,3.007722284644842,1783794601.6490586,87.461,40,0,2265,12481
4,int8_idle_post,3.107961632311344,1783794601.7493,86.975,40,0,2265,12481
4,int8_idle_post,3.208200803026557,1783794601.8495328,86.975,40,0,2265,12481
4,int8_idle_post,3.3084473311901093,1783794601.9497802,86.975,40,0,2265,12481
4,int8_idle_post,3.408717405050993,1783794602.0500493,86.975,40,0,2265,12481
4,int8_idle_post,3.5089418441057205,1783794602.1502743,86.975,40,0,2265,12481
4,int8_idle_post,3.6092557217925787,1783794602.2505913,86.975,40,0,2265,12481
4,int8_idle_post,3.7094767335802317,1783794602.3508117,86.975,40,0,2265,12481
4,int8_idle_post,3.809696316719055,1783794602.4510293,86.975,40,0,2265,12481
4,int8_idle_post,3.909910537302494,1783794602.5512447,86.975,40,0,2265,12481
4,int8_idle_post,4.010122856125236,1783794602.6514552,86.975,40,0,2265,12481
4,int8_idle_post,4.110330147668719,1783794602.7516603,87.0,39,0,2265,12481
4,int8_idle_post,4.210558792576194,1783794602.8518915,87.0,39,0,2265,12481
4,int8_idle_post,4.310793170705438,1783794602.952127,87.0,39,0,2265,12481
4,int8_idle_post,4.4111083522439,1783794603.0524416,87.0,39,0,2265,12481
4,int8_idle_post,4.511334341019392,1783794603.1526666,87.0,39,0,2265,12481
4,int8_idle_post,4.611561736091971,1783794603.2528958,87.0,39,0,2265,12481
4,int8_idle_post,4.711843376979232,1783794603.353177,87.0,39,0,2265,12481
4,int8_idle_post,4.81205446459353,1783794603.4533842,87.0,39,0,2265,12481
4,int8_idle_post,4.912321977317333,1783794603.5536578,87.0,39,0,2265,12481
4,int8_idle_post,5.012654680758715,1783794603.6539938,87.0,39,0,2265,12481
4,int8_idle_post,5.112911127507687,1783794603.754248,86.513,39,0,2265,12481
4,int8_idle_post,5.213157037273049,1783794603.8544939,86.513,39,0,2265,12481
4,int8_idle_post,5.3134187292307615,1783794603.954753,86.513,39,0,2265,12481
4,int8_idle_post,5.4136720057576895,1783794604.0550065,86.513,39,0,2265,12481
4,int8_idle_post,5.513892995193601,1783794604.1552253,86.513,39,0,2265,12481
4,int8_idle_post,5.614121468737721,1783794604.255457,86.513,39,0,2265,12481
4,int8_idle_post,5.714354472234845,1783794604.3556855,86.513,39,0,2265,12481
4,int8_idle_post,5.814575852826238,1783794604.4559083,86.513,39,0,2265,12481
4,int8_idle_post,5.914856184273958,1783794604.5561886,86.513,39,0,2265,12481
4,int8_idle_post,6.0152178183197975,1783794604.656551,86.513,39,0,2265,12481
4,int8_idle_post,6.115452356636524,1783794604.7567918,86.052,39,0,2265,12481
4,int8_idle_post,6.215724505484104,1783794604.8570647,86.052,39,0,2265,12481
4,int8_idle_post,6.315974144265056,1783794604.9573135,86.052,39,0,2265,12481
4,int8_idle_post,6.416292468085885,1783794605.057632,86.052,39,0,2265,12481
4,int8_idle_post,6.516536267474294,1783794605.1578739,86.052,39,0,2265,12481
4,int8_idle_post,6.616775372996926,1783794605.2581065,86.052,39,0,2265,12481
4,int8_idle_post,6.71699496358633,1783794605.3583255,86.052,39,0,2265,12481
4,int8_idle_post,6.817226737737656,1783794605.4585614,86.052,39,0,2265,12481
4,int8_idle_post,6.917490156367421,1783794605.5588222,86.052,39,0,2265,12481
4,int8_idle_post,7.017808800563216,1783794605.6591396,86.003,39,0,2265,12481
4,int8_idle_post,7.1180277075618505,1783794605.7593584,86.003,39,0,2257,12481
4,int8_idle_post,7.218247992917895,1783794605.8595815,86.003,39,0,2257,12481
4,int8_idle_post,7.318508267402649,1783794605.9598405,86.003,39,0,2257,12481
4,int8_idle_post,7.418789593502879,1783794606.0601244,86.003,39,0,2257,12481
4,int8_idle_post,7.519078154116869,1783794606.1604123,86.003,39,0,2257,12481
4,int8_idle_post,7.61944042891264,1783794606.2607749,86.003,39,0,2257,12481
4,int8_idle_post,7.719671156257391,1783794606.361005,86.003,39,0,2257,12481
4,int8_idle_post,7.819899450987577,1783794606.461232,86.003,39,0,2257,12481
4,int8_idle_post,7.9201292134821415,1783794606.561461,86.003,39,0,2257,12481
4,int8_idle_post,8.020352786406875,1783794606.6616864,85.978,39,0,2257,12481
4,int8_idle_post,8.120589865371585,1783794606.7619207,85.978,38,0,2265,12481
4,int8_idle_post,8.220891881734133,1783794606.8622234,85.978,38,0,2265,12481
4,int8_idle_post,8.321160014718771,1783794606.9624908,85.978,38,0,2265,12481
4,int8_idle_post,8.421401496976614,1783794607.0627322,85.978,38,0,2265,12481
4,int8_idle_post,8.521792076528072,1783794607.1631231,85.978,38,0,2265,12481
4,int8_idle_post,8.622061500325799,1783794607.2633922,85.978,38,0,2265,12481
4,int8_idle_post,8.722280850633979,1783794607.363612,85.978,38,0,2265,12481
4,int8_idle_post,8.82249953225255,1783794607.4638302,85.978,38,0,2265,12481
4,int8_idle_post,8.922716969624162,1783794607.5640476,85.978,38,0,2265,12481
4,int8_idle_post,9.023006480187178,1783794607.664337,86.052,38,0,2265,12481
4,int8_idle_post,9.1232246812433,1783794607.764555,86.052,38,0,2265,12481
4,int8_idle_post,9.223445596173406,1783794607.8647783,86.052,38,0,2265,12481
4,int8_idle_post,9.323667008429766,1783794607.964997,86.052,38,0,2265,12481
4,int8_idle_post,9.423895688727498,1783794608.0652263,86.052,38,0,2265,12481
4,int8_idle_post,9.524191968142986,1783794608.165523,86.052,38,0,2265,12481
4,int8_idle_post,9.624412620440125,1783794608.2657437,86.052,38,0,2265,12481
4,int8_idle_post,9.724633388221264,1783794608.365964,86.052,38,0,2265,12481
4,int8_idle_post,9.824856013059616,1783794608.4661868,86.052,38,0,2265,12481
4,int8_idle_post,9.925094496458769,1783794608.5664248,86.052,38,0,2265,12481
5,fp32_idle_pre,0.0003138463944196701,1783794608.6591742,86.052,38,0,2265,12481
5,fp32_idle_pre,0.10053086653351784,1783794608.7593937,86.052,38,0,2265,12481
5,fp32_idle_pre,0.20079871267080307,1783794608.8596613,86.052,38,0,2265,12481
5,fp32_idle_pre,0.301036911085248,1783794608.9598994,86.052,38,0,2265,12481
5,fp32_idle_pre,0.40134797617793083,1783794609.0602107,86.052,38,0,2265,12481
5,fp32_idle_pre,0.5015966445207596,1783794609.1604588,86.052,38,0,2265,12481
5,fp32_idle_pre,0.601812869310379,1783794609.2606757,86.052,38,0,2265,12481
5,fp32_idle_pre,0.7020443566143513,1783794609.3609068,86.052,38,0,2265,12481
5,fp32_idle_pre,0.8022927716374397,1783794609.4611554,86.052,38,0,2265,12481
5,fp32_idle_pre,0.9025525357574224,1783794609.5614152,86.052,38,0,2265,12481
5,fp32_idle_pre,1.002872159704566,1783794609.661716,86.052,38,0,2265,12481
5,fp32_idle_pre,1.1030191853642464,1783794609.7618825,86.052,38,0,2257,12481
5,fp32_idle_pre,1.2032406125217676,1783794609.8621035,86.052,38,0,2257,12481
5,fp32_idle_pre,1.3034758046269417,1783794609.962339,86.052,38,0,2257,12481
5,fp32_idle_pre,1.4036994483321905,1783794610.0625641,86.052,38,0,2257,12481
5,fp32_idle_pre,1.503936756402254,1783794610.1627998,86.052,38,0,2257,12481
5,fp32_idle_pre,1.60427769087255,1783794610.2631407,86.052,38,0,2257,12481
5,fp32_idle_pre,1.70453729480505,1783794610.3634005,86.052,38,0,2257,12481
5,fp32_idle_pre,1.8048489727079868,1783794610.463712,86.052,38,0,2257,12481
5,fp32_idle_pre,1.905094176530838,1783794610.5639586,86.052,38,0,2257,12481
5,fp32_idle_pre,2.0053561720997095,1783794610.6642191,85.735,38,0,2257,12481
5,fp32_idle_pre,2.1055933199822903,1783794610.7644563,85.735,38,0,2257,12481
5,fp32_idle_pre,2.2057858537882566,1783794610.8646362,85.735,38,0,2257,12481
5,fp32_idle_pre,2.305959217250347,1783794610.9648223,85.735,38,0,2257,12481
5,fp32_idle_pre,2.4062510561197996,1783794611.0651147,85.735,38,0,2257,12481
5,fp32_idle_pre,2.5064895804971457,1783794611.165353,85.735,38,0,2257,12481
5,fp32_idle_pre,2.6067584920674562,1783794611.2656212,85.735,38,0,2257,12481
5,fp32_idle_pre,2.70699705183506,1783794611.3658607,85.735,38,0,2257,12481
5,fp32_idle_pre,2.8072286266833544,1783794611.4660916,85.735,38,0,2257,12481
5,fp32_idle_pre,2.9074517991393805,1783794611.5663185,85.735,38,0,2257,12481
5,fp32_idle_pre,3.007725978270173,1783794611.6665912,85.735,38,0,2257,12481
5,fp32_idle_pre,3.1079646423459053,1783794611.7668293,85.735,37,0,2265,12481
5,fp32_idle_pre,3.2082339879125357,1783794611.867098,85.735,37,0,2265,12481
5,fp32_idle_pre,3.30843011662364,1783794611.967283,85.735,37,0,2265,12481
5,fp32_idle_pre,3.4086055122315884,1783794612.06747,85.735,37,0,2265,12481
5,fp32_idle_pre,3.5088324956595898,1783794612.1676967,85.735,37,0,2265,12481
5,fp32_idle_pre,3.6090471167117357,1783794612.2679107,85.735,37,0,2265,12481
5,fp32_idle_pre,3.709355527535081,1783794612.3682191,85.735,37,0,2265,12481
5,fp32_idle_pre,3.809576328843832,1783794612.4684398,85.735,37,0,2265,12481
5,fp32_idle_pre,3.9097978305071592,1783794612.5686607,85.735,37,0,2265,12481
5,fp32_idle_pre,4.010019835084677,1783794612.6688828,85.322,37,0,2265,12481
5,fp32_idle_pre,4.110241804271936,1783794612.7691047,85.322,37,0,2265,12481
5,fp32_idle_pre,4.210459154099226,1783794612.869322,85.322,37,0,2265,12481
5,fp32_idle_pre,4.3106889966875315,1783794612.969552,85.322,37,0,2265,12481
5,fp32_idle_pre,4.410910388454795,1783794613.0697737,85.322,37,0,2265,12481
5,fp32_idle_pre,4.511131424456835,1783794613.1699946,85.322,37,0,2265,12481
5,fp32_idle_pre,4.611351899802685,1783794613.2702146,85.322,37,0,2265,12481
5,fp32_idle_pre,4.711620841175318,1783794613.3704839,85.322,37,0,2265,12481
5,fp32_idle_pre,4.811841856688261,1783794613.4707222,85.322,37,0,2265,12481
5,fp32_idle_pre,4.912129793316126,1783794613.570993,85.322,37,0,2265,12481
5,fp32_idle_pre,5.0123502891510725,1783794613.6712134,84.592,37,0,2265,12481
5,fp32_idle_pre,5.112570032477379,1783794613.7714329,84.592,37,0,2257,12481
5,fp32_idle_pre,5.21281492896378,1783794613.871678,84.592,37,0,2257,12481
5,fp32_idle_pre,5.31303740106523,1783794613.9719005,84.592,37,0,2257,12481
5,fp32_idle_pre,5.41326267644763,1783794614.0721264,84.592,37,0,2257,12481
5,fp32_idle_pre,5.513486664742231,1783794614.17235,84.592,37,0,2257,12481
5,fp32_idle_pre,5.613709216937423,1783794614.272573,84.592,37,0,2257,12481
5,fp32_idle_pre,5.7139408849179745,1783794614.3728077,84.592,37,0,2257,12481
5,fp32_idle_pre,5.814222877845168,1783794614.4730918,84.592,37,0,2257,12481
5,fp32_idle_pre,5.914462599903345,1783794614.5733309,84.592,37,0,2257,12481
5,fp32_idle_pre,6.014697825536132,1783794614.6735613,84.835,37,0,2257,12481
5,fp32_idle_pre,6.114919476211071,1783794614.7737825,84.835,37,0,2257,12481
5,fp32_idle_pre,6.215122872963548,1783794614.8739848,84.835,37,0,2257,12481
5,fp32_idle_pre,6.3153408002108335,1783794614.9742033,84.835,37,0,2257,12481
5,fp32_idle_pre,6.4156131483614445,1783794615.0744781,84.835,37,0,2257,12481
5,fp32_idle_pre,6.51589466817677,1783794615.1747582,84.835,37,0,2257,12481
5,fp32_idle_pre,6.616190113127232,1783794615.2750533,84.835,37,0,2257,12481
5,fp32_idle_pre,6.716412520036101,1783794615.3752756,84.835,37,0,2257,12481
5,fp32_idle_pre,6.816668048501015,1783794615.4755313,84.835,37,0,2257,12481
5,fp32_idle_pre,6.916890375316143,1783794615.5757532,84.835,37,0,2257,12481
5,fp32_idle_pre,7.017111737281084,1783794615.6759748,85.079,37,0,2257,12481
5,fp32_idle_pre,7.1173329800367355,1783794615.776196,85.079,37,0,2265,12481
5,fp32_idle_pre,7.217642866075039,1783794615.8765059,85.079,37,0,2265,12481
5,fp32_idle_pre,7.317912535741925,1783794615.9767756,85.079,37,0,2265,12481
5,fp32_idle_pre,7.418134523555636,1783794616.0769987,85.079,37,0,2265,12481
5,fp32_idle_pre,7.518361981958151,1783794616.1772246,85.079,37,0,2265,12481
5,fp32_idle_pre,7.618661783635616,1783794616.2775247,85.079,37,0,2265,12481
5,fp32_idle_pre,7.718889180570841,1783794616.3777523,85.079,37,0,2265,12481
5,fp32_idle_pre,7.8191091530025005,1783794616.4779723,85.079,37,0,2265,12481
5,fp32_idle_pre,7.9193300399929285,1783794616.5781932,85.079,37,0,2265,12481
5,fp32_idle_pre,8.019637553021312,1783794616.6785004,85.079,37,0,2265,12481
5,fp32_idle_pre,8.11995704472065,1783794616.77882,85.079,37,0,2265,12481
5,fp32_idle_pre,8.220164785161614,1783794616.879028,85.079,37,0,2265,12481
5,fp32_idle_pre,8.320424312725663,1783794616.9792874,85.079,37,0,2265,12481
5,fp32_idle_pre,8.420654321089387,1783794617.0795174,85.079,37,0,2265,12481
5,fp32_idle_pre,8.52087652310729,1783794617.1797395,85.079,37,0,2265,12481
5,fp32_idle_pre,8.621097290888429,1783794617.2799606,85.079,37,0,2265,12481
5,fp32_idle_pre,8.721370564773679,1783794617.3802338,85.079,37,0,2265,12481
5,fp32_idle_pre,8.821598395705223,1783794617.4804618,85.079,37,0,2265,12481
5,fp32_idle_pre,8.921860631555319,1783794617.580726,85.079,37,0,2265,12481
5,fp32_idle_pre,9.022094303742051,1783794617.6809618,85.079,37,0,2265,12481
5,fp32_idle_pre,9.122422305867076,1783794617.7812889,85.079,37,0,2265,12481
5,fp32_idle_pre,9.222722310572863,1783794617.8815906,85.079,37,0,2265,12481
5,fp32_idle_pre,9.322962705045938,1783794617.9818306,85.079,37,0,2265,12481
5,fp32_idle_pre,9.423258993774652,1783794618.0821238,85.079,37,0,2265,12481
5,fp32_idle_pre,9.523497415706515,1783794618.182362,85.079,37,0,2265,12481
5,fp32_idle_pre,9.623786132782698,1783794618.2826493,85.079,37,0,2265,12481
5,fp32_idle_pre,9.72413732856512,1783794618.3830004,85.079,37,0,2265,12481
5,fp32_idle_pre,9.824358023703098,1783794618.4832208,85.079,37,0,2265,12481
5,fp32_idle_pre,9.924646846950054,1783794618.5835097,85.03,37,0,2265,12481
5,fp32_active,0.0003739055246114731,1783794618.6607013,85.03,37,0,2265,12481
5,fp32_active,0.10059385187923908,1783794618.7609239,93.91,37,0,2257,12481
5,fp32_active,0.2008169125765562,1783794618.8611474,111.68,39,16,2257,12481
5,fp32_active,0.3010576833039522,1783794618.9613888,124.664,42,16,2257,12481
5,fp32_active,0.40128039196133614,1783794619.061612,136.678,42,94,2257,12481
5,fp32_active,0.5015075597912073,1783794619.1618385,149.786,43,94,2242,12481
5,fp32_active,0.6017537117004395,1783794619.2620857,159.564,43,94,2242,12481
5,fp32_active,0.7020243480801582,1783794619.3623557,166.934,43,94,2250,12481
5,fp32_active,0.8023348804563284,1783794619.4626663,176.318,43,94,2250,12481
5,fp32_active,0.9026857074350119,1783794619.563017,182.835,43,94,2250,12481
5,fp32_active,1.0029111057519913,1783794619.663242,291.069,44,94,2250,12481
5,fp32_active,1.1032502353191376,1783794619.7635815,306.428,44,94,2250,12481
5,fp32_active,1.2035485245287418,1783794619.863882,305.442,44,94,2250,12481
5,fp32_active,1.303780060261488,1783794619.9641123,307.253,44,94,2250,12481
5,fp32_active,1.404013516381383,1783794620.064347,309.89,44,94,2250,12481
5,fp32_active,1.5043460056185722,1783794620.1646783,309.693,44,94,2250,12481
5,fp32_active,1.6046444606035948,1783794620.2649746,307.846,44,94,2250,12481
5,fp32_active,1.7048686165362597,1783794620.3651996,311.421,44,94,2250,12481
5,fp32_active,1.805122708901763,1783794620.4654534,309.229,44,94,2250,12481
5,fp32_active,1.9053615722805262,1783794620.5656924,309.702,44,94,2250,12481
5,fp32_active,2.005620561540127,1783794620.6659513,311.755,44,94,2250,12481
5,fp32_active,2.105951840057969,1783794620.7662823,307.174,44,94,2250,12481
5,fp32_active,2.20617650821805,1783794620.8665082,310.302,44,94,2250,12481
5,fp32_active,2.306450840085745,1783794620.966784,310.04,45,94,2250,12481
5,fp32_active,2.406735187396407,1783794621.0670714,308.084,45,94,2250,12481
5,fp32_active,2.506969528272748,1783794621.1673036,310.295,45,94,2250,12481
5,fp32_active,2.6071943435817957,1783794621.2675247,310.119,44,94,2250,12481
5,fp32_active,2.707422511652112,1783794621.3677578,305.478,44,94,2385,12481
5,fp32_active,2.807661248371005,1783794621.4679942,303.964,44,94,2385,12481
5,fp32_active,2.907890496775508,1783794621.5682223,302.041,44,94,2385,12481
5,fp32_active,3.008114255964756,1783794621.6684434,298.335,44,94,2415,12481
5,fp32_active,3.108351368457079,1783794621.7686818,300.917,44,94,2415,12481
5,fp32_active,3.2085791286081076,1783794621.8689091,296.325,44,94,2415,12481
5,fp32_active,3.3088008277118206,1783794621.9691303,294.006,44,94,2415,12481
5,fp32_active,3.4090250488370657,1783794622.069354,296.928,44,94,2415,12481
5,fp32_active,3.5092437639832497,1783794622.169573,292.995,44,94,2415,12481
5,fp32_active,3.609444996342063,1783794622.2697756,290.771,44,94,2415,12481
5,fp32_active,3.7096736282110214,1783794622.3700094,292.123,45,94,2415,12481
5,fp32_active,3.809910463169217,1783794622.470242,294.185,45,94,2415,12481
5,fp32_active,3.9101171996444464,1783794622.5704455,292.482,45,94,2415,12481
5,fp32_active,4.010334361344576,1783794622.6706645,293.635,45,94,2415,12481
5,fp32_active,4.110556248575449,1783794622.770886,294.437,45,94,2415,12481
5,fp32_active,4.210778554901481,1783794622.871108,291.82,45,94,2415,12481
5,fp32_active,4.310999466106296,1783794622.9713287,293.334,45,94,2415,12481
5,fp32_active,4.4112116899341345,1783794623.0715415,292.882,45,94,2415,12481
5,fp32_active,4.511436894536018,1783794623.171766,289.618,45,94,2415,12481
5,fp32_active,4.611656492576003,1783794623.2719858,294.454,45,94,2415,12481
5,fp32_active,4.711872432380915,1783794623.3722014,292.739,45,94,2415,12481
5,fp32_active,4.812112923711538,1783794623.4724426,288.293,45,94,2415,12481
5,fp32_active,4.9123349115252495,1783794623.572664,292.683,45,94,2415,12481
5,fp32_active,5.012546595185995,1783794623.6728764,293.043,45,94,2415,12481
5,fp32_active,5.112767903134227,1783794623.7730973,290.186,45,94,2415,12481
5,fp32_active,5.2129964623600245,1783794623.8733258,293.501,45,94,2415,12481
5,fp32_active,5.313245238736272,1783794623.9735744,293.891,45,94,2415,12481
5,fp32_active,5.413466211408377,1783794624.0737958,289.734,45,94,2415,12481
5,fp32_active,5.513692047446966,1783794624.1740215,295.047,45,94,2415,12481
5,fp32_active,5.613941499963403,1783794624.2742715,296.597,45,94,2415,12481
5,fp32_active,5.714164551347494,1783794624.3744948,292.333,45,94,2415,12481
5,fp32_active,5.814436616376042,1783794624.4747663,296.403,45,94,2415,12481
5,fp32_active,5.9146574679762125,1783794624.5749865,293.574,45,94,2415,12481
5,fp32_active,6.014861535280943,1783794624.6752002,294.242,45,94,2415,12481
5,fp32_active,6.115090783685446,1783794624.77542,298.396,45,94,2415,12481
5,fp32_active,6.215312926098704,1783794624.8756428,294.929,45,94,2415,12481
5,fp32_active,6.31553271971643,1783794624.975862,294.545,45,94,2415,12481
5,fp32_active,6.4157525803893805,1783794625.0760849,296.35,45,94,2415,12481
5,fp32_active,6.515989957377315,1783794625.1763198,294.084,45,94,2415,12481
5,fp32_active,6.616211516782641,1783794625.276541,294.154,45,94,2415,12481
5,fp32_active,6.716432079672813,1783794625.3767614,294.446,45,94,2415,12481
5,fp32_active,6.816654123365879,1783794625.4769835,290.564,45,94,2415,12481
5,fp32_active,6.91688865236938,1783794625.5772178,293.007,46,94,2415,12481
5,fp32_active,7.017111100256443,1783794625.677441,291.59,46,94,2415,12481
5,fp32_active,7.117332177236676,1783794625.7776613,293.262,46,94,2415,12481
5,fp32_active,7.217554468661547,1783794625.877884,293.217,46,94,2415,12481
5,fp32_active,7.317776327952743,1783794625.9781055,293.516,46,94,2415,12481
5,fp32_active,7.417998615652323,1783794626.0783281,294.958,46,94,2415,12481
5,fp32_active,7.518220068886876,1783794626.1785495,296.475,46,94,2415,12481
5,fp32_active,7.618441799655557,1783794626.278771,294.433,46,94,2415,12481
5,fp32_active,7.718722270801663,1783794626.3790517,294.608,46,94,2415,12481
5,fp32_active,7.818943779915571,1783794626.4792736,299.095,46,94,2415,12481
5,fp32_active,7.919164551422,1783794626.5794942,296.274,46,94,2415,12481
5,fp32_active,8.019387846812606,1783794626.6797168,297.266,46,94,2415,12481
5,fp32_active,8.119616076350212,1783794626.7799451,299.385,46,94,2415,12481
5,fp32_active,8.219814931973815,1783794626.8801436,298.013,46,94,2415,12481
5,fp32_active,8.320103604346514,1783794626.9804332,302.521,46,94,2415,12481
5,fp32_active,8.420324156060815,1783794627.0806537,301.636,46,94,2415,12481
5,fp32_active,8.520536636933684,1783794627.1808662,299.364,46,94,2415,12481
5,fp32_active,8.620752088725567,1783794627.281082,301.043,46,94,2415,12481
5,fp32_active,8.720977291464806,1783794627.3813066,299.976,46,94,2415,12481
5,fp32_active,8.821198031306267,1783794627.4815278,299.851,46,94,2415,12481
5,fp32_active,8.921418007463217,1783794627.5817473,299.516,46,94,2415,12481
5,fp32_active,9.021617785096169,1783794627.6819499,300.893,46,94,2415,12481
5,fp32_active,9.121841680258512,1783794627.7821708,300.101,46,94,2415,12481
5,fp32_active,9.222061939537525,1783794627.8823912,300.674,46,94,2415,12481
5,fp32_active,9.322287863120437,1783794627.9826171,299.778,46,94,2415,12481
5,fp32_active,9.422618515789509,1783794628.0829477,300.043,46,94,2415,12481
5,fp32_active,9.52286797016859,1783794628.183209,300.391,46,94,2415,12481
5,fp32_active,9.623101521283388,1783794628.2834306,299.437,46,94,2415,12481
5,fp32_active,9.723322559148073,1783794628.383653,300.983,46,94,2415,12481
5,fp32_active,9.82354499772191,1783794628.4838746,300.306,46,94,2415,12481
5,fp32_active,9.923765080049634,1783794628.5840945,300.324,46,94,2415,12481
5,fp32_active,10.024000525474548,1783794628.6843297,300.825,46,94,2415,12481
5,fp32_active,10.12422057799995,1783794628.7845502,300.005,47,94,2415,12481
5,fp32_active,10.224440669640899,1783794628.8847702,300.015,47,94,2415,12481
5,fp32_active,10.32466073334217,1783794628.9849901,299.595,47,94,2415,12481
5,fp32_active,10.424884799867868,1783794629.0852144,299.612,47,94,2415,12481
5,fp32_active,10.525105545297265,1783794629.185435,300.904,47,94,2415,12481
5,fp32_active,10.625325726345181,1783794629.285655,300.043,47,94,2415,12481
5,fp32_active,10.725546441972256,1783794629.3858767,299.947,47,94,2415,12481
5,fp32_active,10.82576903887093,1783794629.4860988,300.497,47,94,2415,12481
5,fp32_active,10.9260074198246,1783794629.5863369,300.304,47,94,2415,12481
5,fp32_active,11.026228100061417,1783794629.6865578,300.498,47,94,2415,12481
5,fp32_active,11.126440420746803,1783794629.7867699,299.577,47,94,2415,12481
5,fp32_active,11.226668020710349,1783794629.886997,301.343,47,94,2415,12481
5,fp32_active,11.326890567317605,1783794629.9872198,301.145,47,94,2415,12481
5,fp32_active,11.427103964611888,1783794630.0874364,301.387,47,94,2415,12481
5,fp32_active,11.527343912050128,1783794630.187673,301.944,47,94,2415,12481
5,fp32_active,11.627555580809712,1783794630.287885,300.047,47,94,2415,12481
5,fp32_active,11.727777767926455,1783794630.3881116,301.813,47,94,2415,12481
5,fp32_active,11.828007455915213,1783794630.4883368,301.057,47,94,2415,12481
5,fp32_active,11.928227830678225,1783794630.5885572,300.671,47,94,2415,12481
5,fp32_active,12.028431806713343,1783794630.688761,302.138,47,94,2415,12481
5,fp32_active,12.128651954233646,1783794630.7889814,301.42,47,94,2415,12481
5,fp32_active,12.228851044550538,1783794630.8891795,301.566,47,94,2415,12481
5,fp32_active,12.329069944098592,1783794630.989399,301.826,47,94,2415,12481
5,fp32_active,12.429288851097226,1783794631.0896182,301.83,47,94,2415,12481
5,fp32_active,12.529511447995901,1783794631.1898413,302.113,47,94,2415,12481
5,fp32_active,12.629760483279824,1783794631.29009,301.871,47,94,2415,12481
5,fp32_active,12.729979932308197,1783794631.3903096,302.24,47,94,2415,12481
5,fp32_active,12.830201277509332,1783794631.4905305,301.696,47,94,2415,12481
5,fp32_active,12.930423479527235,1783794631.5907528,301.551,47,94,2415,12481
5,fp32_active,13.030644295737147,1783794631.690974,301.966,47,94,2415,12481
5,fp32_active,13.13086442835629,1783794631.7911935,299.955,47,94,2415,12481
5,fp32_active,13.231083715334535,1783794631.8914127,301.66,47,94,2415,12481
5,fp32_active,13.331303561106324,1783794631.9916332,300.57,47,94,2415,12481
5,fp32_active,13.431527439504862,1783794632.0918567,300.826,47,94,2415,12481
5,fp32_active,13.5317472089082,1783794632.1920767,300.741,47,94,2415,12481
5,fp32_active,13.6319673769176,1783794632.2922964,299.843,47,94,2415,12481
5,fp32_active,13.732193723320961,1783794632.392523,301.032,47,94,2415,12481
5,fp32_active,13.83241755887866,1783794632.4927478,300.696,47,94,2415,12481
5,fp32_active,13.932640813291073,1783794632.5929701,300.933,47,94,2415,12481
5,fp32_active,14.032861163839698,1783794632.6931908,301.284,47,94,2415,12481
5,fp32_active,14.13308697938919,1783794632.7934167,301.332,47,94,2415,12481
5,fp32_active,14.23331624083221,1783794632.8936458,301.882,47,94,2415,12481
5,fp32_active,14.333539541810751,1783794632.993869,301.011,47,94,2415,12481
5,fp32_active,14.433762760832906,1783794633.0940921,300.974,47,94,2415,12481
5,fp32_active,14.533996446058154,1783794633.194326,301.978,48,94,2415,12481
5,fp32_active,14.634182620793581,1783794633.2944973,301.167,48,94,2415,12481
5,fp32_active,14.73433605581522,1783794633.394665,301.618,48,94,2415,12481
5,fp32_active,14.834574354812503,1783794633.4949033,301.186,48,94,2415,12481
5,fp32_active,14.934784671291709,1783794633.5951138,301.504,48,94,2415,12481
5,fp32_active,15.034981088712811,1783794633.6953182,301.725,48,94,2415,12481
5,fp32_active,15.135200686752796,1783794633.7955294,302.16,48,94,2415,12481
5,fp32_active,15.235410585999489,1783794633.8957396,302.063,48,94,2415,12481
5,fp32_active,15.335622504353523,1783794633.9959512,302.498,48,94,2415,12481
5,fp32_active,15.435832368209958,1783794634.096165,302.221,48,94,2415,12481
5,fp32_active,15.536053489893675,1783794634.196386,303.275,48,94,2415,12481
5,fp32_active,15.636258719488978,1783794634.2965903,301.615,48,94,2415,12481
5,fp32_active,15.736489031463861,1783794634.39682,302.96,48,94,2415,12481
5,fp32_active,15.836706724017859,1783794634.497036,303.511,48,94,2415,12481
5,fp32_active,15.936926299706101,1783794634.5972557,303.494,48,94,2415,12481
5,fp32_active,16.03710207529366,1783794634.697411,304.812,48,94,2415,12481
5,fp32_active,16.137246700003743,1783794634.7975764,302.995,48,94,2415,12481
5,fp32_active,16.237461160868406,1783794634.8977914,304.497,48,94,2415,12481
5,fp32_active,16.33769678324461,1783794634.998027,303.566,48,94,2415,12481
5,fp32_active,16.437901316210628,1783794635.0982323,304.114,48,94,2415,12481
5,fp32_active,16.53809029981494,1783794635.1984017,303.998,48,94,2415,12481
5,fp32_active,16.638232216238976,1783794635.2985613,303.468,48,94,2415,12481
5,fp32_active,16.738469172269106,1783794635.3988004,303.573,48,94,2415,12481
5,fp32_active,16.83868587948382,1783794635.4990168,302.637,48,94,2415,12481
5,fp32_active,16.938908947631717,1783794635.5992396,302.54,48,94,2415,12481
5,fp32_active,17.039125818759203,1783794635.6994555,301.767,48,94,2415,12481
5,fp32_active,17.139347901567817,1783794635.7996783,302.172,48,94,2415,12481
5,fp32_active,17.239564219489694,1783794635.8998933,302.201,48,94,2415,12481
5,fp32_active,17.33978427387774,1783794636.0001156,301.258,48,94,2415,12481
5,fp32_active,17.440008779987693,1783794636.10034,302.057,48,94,2415,12481
5,fp32_active,17.54023681394756,1783794636.2005694,302.214,48,94,2415,12481
5,fp32_active,17.640456408262253,1783794636.300798,300.484,48,94,2415,12481
5,fp32_active,17.740695111453533,1783794636.4010284,301.708,48,94,2415,12481
5,fp32_active,17.840916950255632,1783794636.5012472,302.046,48,94,2415,12481
5,fp32_active,17.94114019908011,1783794636.601471,302.179,48,94,2415,12481
5,fp32_active,18.04134137555957,1783794636.7016702,302.469,48,94,2415,12481
5,fp32_active,18.141561212018132,1783794636.8018906,301.66,48,94,2415,12481
5,fp32_active,18.241789968684316,1783794636.9021199,302.092,48,94,2415,12481
5,fp32_active,18.34200271591544,1783794637.0023315,301.823,48,94,2415,12481
5,fp32_active,18.442213332280517,1783794637.1025424,301.204,48,94,2415,12481
5,fp32_active,18.54243165627122,1783794637.2027614,302.231,48,94,2415,12481
5,fp32_active,18.642643582075834,1783794637.302974,301.687,48,94,2415,12481
5,fp32_active,18.7428628616035,1783794637.4031925,301.513,48,94,2415,12481
5,fp32_active,18.84307624027133,1783794637.5034053,302.401,48,94,2415,12481
5,fp32_active,18.94329003058374,1783794637.6036189,301.927,48,94,2415,12481
5,fp32_active,19.043500682339072,1783794637.7038293,302.266,48,94,2415,12481
5,fp32_active,19.14371472224593,1783794637.804043,301.3,48,94,2415,12481
5,fp32_active,19.243924940004945,1783794637.9042537,303.022,48,94,2415,12481
5,fp32_active,19.344138268381357,1783794638.0044668,302.987,48,94,2415,12481
5,fp32_active,19.444348271936178,1783794638.1046777,302.916,48,94,2415,12481
5,fp32_active,19.54456977918744,1783794638.2049036,303.456,48,94,2415,12481
5,fp32_active,19.644814420491457,1783794638.3051436,302.531,48,94,2415,12481
5,fp32_active,19.74502867087722,1783794638.4053578,304.121,48,94,2415,12481
5,fp32_active,19.845257826149464,1783794638.5055976,303.69,49,94,2415,12481
5,fp32_active,19.945508394390345,1783794638.6058378,303.65,48,94,2415,12481
5,fp32_active,20.04571534320712,1783794638.7060444,304.455,48,94,2415,12481
5,fp32_active,20.145939452573657,1783794638.806273,303.842,49,94,2415,12481
5,fp32_active,20.24616088718176,1783794638.906489,304.383,49,94,2415,12481
5,fp32_active,20.346368815749884,1783794639.006709,303.698,49,94,2415,12481
5,fp32_active,20.446573143824935,1783794639.1069016,304.346,49,94,2415,12481
5,fp32_active,20.546770663931966,1783794639.2070987,305.201,49,94,2415,12481
5,fp32_active,20.646943552419543,1783794639.3072557,304.2,49,94,2415,12481
5,fp32_active,20.747082196176052,1783794639.4074144,303.91,49,94,2415,12481
5,fp32_active,20.847292650491,1783794639.5076244,304.413,49,94,2415,12481
5,fp32_active,20.94751026853919,1783794639.6078393,303.242,49,94,2415,12481
5,fp32_active,21.04773303307593,1783794639.7080646,304.2,49,94,2415,12481
5,fp32_active,21.147928588092327,1783794639.8082378,303.365,49,94,2415,12481
5,fp32_active,21.24806416220963,1783794639.9083798,303.551,49,94,2415,12481
5,fp32_active,21.348245726898313,1783794640.0085807,304.421,49,94,2415,12481
5,fp32_active,21.448476187884808,1783794640.1088107,303.435,49,94,2415,12481
5,fp32_active,21.548702070489526,1783794640.2090425,302.713,49,94,2415,12481
5,fp32_active,21.648925572633743,1783794640.3092544,302.926,49,94,2415,12481
5,fp32_active,21.7491352558136,1783794640.4094641,302.866,49,94,2415,12481
5,fp32_active,21.849331391975284,1783794640.5096598,303.584,49,94,2415,12481
5,fp32_active,21.949542140588164,1783794640.6098716,302.89,49,94,2415,12481
5,fp32_active,22.049753714352846,1783794640.7100823,304.023,49,94,2415,12481
5,fp32_active,22.14997456781566,1783794640.8103034,304.006,49,94,2415,12481
5,fp32_active,22.25018392316997,1783794640.910513,302.897,49,94,2415,12481
5,fp32_active,22.35040967911482,1783794641.010738,303.563,49,94,2415,12481
5,fp32_active,22.45060590468347,1783794641.1109276,302.707,49,94,2415,12481
5,fp32_active,22.550791503861547,1783794641.2111201,303.176,49,94,2415,12481
5,fp32_active,22.651001842692494,1783794641.3113308,303.403,49,94,2415,12481
5,fp32_active,22.751195883378386,1783794641.4115236,303.114,49,94,2415,12481
5,fp32_active,22.851407488808036,1783794641.5117362,303.239,49,94,2415,12481
5,fp32_active,22.95161864347756,1783794641.6119468,303.094,49,94,2415,12481
5,fp32_active,23.051833242177963,1783794641.7121618,303.51,49,94,2415,12481
5,fp32_active,23.15204218029976,1783794641.8123705,304.459,49,94,2415,12481
5,fp32_active,23.252256585285068,1783794641.9125912,302.931,49,94,2415,12481
5,fp32_active,23.35247510485351,1783794642.0128036,304.27,49,94,2415,12481
5,fp32_active,23.452683495357633,1783794642.1130123,305.061,49,94,2415,12481
5,fp32_active,23.552902195602655,1783794642.2132428,304.393,49,94,2415,12481
5,fp32_active,23.653113059699535,1783794642.3134415,304.635,49,94,2415,12481
5,fp32_active,23.753317415714264,1783794642.413651,304.683,49,94,2415,12481
5,fp32_active,23.853539327159524,1783794642.513868,304.635,49,94,2415,12481
5,fp32_active,23.953760949894786,1783794642.61409,304.924,49,94,2415,12481
5,fp32_active,24.05397468805313,1783794642.714304,304.895,49,94,2415,12481
5,fp32_active,24.154186703264713,1783794642.8145158,304.488,49,94,2415,12481
5,fp32_active,24.25441207922995,1783794642.914741,303.381,49,94,2415,12481
5,fp32_active,24.354636212810874,1783794643.014966,304.972,49,94,2415,12481
5,fp32_active,24.454872507601976,1783794643.1152005,304.347,49,94,2415,12481
5,fp32_active,24.555091688409448,1783794643.2154212,304.434,49,94,2415,12481
5,fp32_active,24.65530490130186,1783794643.3156338,305.444,49,94,2415,12481
5,fp32_active,24.755499996244907,1783794643.4158282,303.828,49,94,2415,12481
5,fp32_active,24.85570723004639,1783794643.516036,305.154,49,94,2415,12481
5,fp32_active,24.955926168709993,1783794643.6162555,304.847,49,94,2415,12481
5,fp32_active,25.056137492880225,1783794643.7164662,303.926,49,94,2415,12481
5,fp32_active,25.156313616782427,1783794643.8166242,303.65,49,94,2415,12481
5,fp32_active,25.256440786644816,1783794643.9167662,304.972,49,94,2415,12481
5,fp32_active,25.356654340401292,1783794644.0169837,303.628,49,94,2415,12481
5,fp32_active,25.456849463284016,1783794644.1171775,304.522,49,94,2415,12481
5,fp32_active,25.55705764889717,1783794644.217385,303.688,49,94,2415,12481
5,fp32_active,25.65725244022906,1783794644.3175805,303.253,49,94,2415,12481
5,fp32_active,25.757450511679053,1783794644.4177837,304.547,49,94,2415,12481
5,fp32_active,25.857675664126873,1783794644.5180051,303.186,49,94,2415,12481
5,fp32_active,25.957879945635796,1783794644.6182127,303.573,49,94,2415,12481
5,fp32_active,26.058083364740014,1783794644.7184114,303.814,49,94,2415,12481
5,fp32_active,26.158287059515715,1783794644.8186183,303.495,49,94,2415,12481
5,fp32_active,26.258483892306685,1783794644.9187977,303.918,49,94,2415,12481
5,fp32_active,26.358623692765832,1783794645.0189517,302.803,49,94,2415,12481
5,fp32_active,26.458823723718524,1783794645.119155,303.981,49,94,2415,12481
5,fp32_active,26.559029491618276,1783794645.219358,303.323,49,94,2415,12481
5,fp32_active,26.659214163199067,1783794645.3195336,303.206,49,94,2415,12481
5,fp32_active,26.759374979883432,1783794645.4197032,304.051,49,94,2415,12481
5,fp32_active,26.859571311622858,1783794645.5198991,303.719,49,94,2415,12481
5,fp32_active,26.959785820916295,1783794645.6201138,304.316,49,94,2415,12481
5,fp32_active,27.059988774359226,1783794645.7203166,303.859,49,94,2415,12481
5,fp32_active,27.16018419712782,1783794645.8205128,304.49,49,94,2415,12481
5,fp32_active,27.26038189418614,1783794645.9207194,304.684,49,94,2415,12481
5,fp32_active,27.360587244853377,1783794646.0209155,304.174,49,94,2415,12481
5,fp32_active,27.46078180335462,1783794646.1211097,304.569,49,94,2415,12481
5,fp32_active,27.56100171804428,1783794646.221331,306.134,50,94,2415,12481
5,fp32_active,27.661200096830726,1783794646.321528,305.229,50,94,2415,12481
5,fp32_active,27.761395489796996,1783794646.4217238,305.275,50,94,2415,12481
5,fp32_active,27.861591707915068,1783794646.521939,305.487,50,94,2415,12481
5,fp32_active,27.961831130087376,1783794646.6221607,305.553,50,94,2415,12481
5,fp32_active,28.062031527981162,1783794646.7223597,305.805,50,94,2415,12481
5,fp32_active,28.16225754469633,1783794646.8225875,304.78,50,94,2415,12481
5,fp32_active,28.26248014345765,1783794646.9228098,305.827,50,94,2415,12481
5,fp32_active,28.3627055156976,1783794647.023035,305.256,50,94,2415,12481
5,fp32_active,28.46293295547366,1783794647.1232626,305.299,50,94,2415,12481
5,fp32_active,28.56313345953822,1783794647.2234614,306.291,50,94,2415,12481
5,fp32_active,28.663355600088835,1783794647.3236969,305.285,50,94,2415,12481
5,fp32_active,28.763564251363277,1783794647.4238927,305.651,50,94,2415,12481
5,fp32_active,28.863774567842484,1783794647.5241027,305.805,50,94,2415,12481
5,fp32_active,28.96404606476426,1783794647.624376,304.558,50,94,2415,12481
5,fp32_active,29.064267940819263,1783794647.7245972,305.412,50,94,2415,12481
5,fp32_active,29.164486087858677,1783794647.824816,304.355,50,94,2415,12481
5,fp32_active,29.26469885185361,1783794647.9250271,304.016,50,94,2415,12481
5,fp32_active,29.364915335550904,1783794648.0252447,304.615,50,94,2415,12481
5,fp32_active,29.465136591345072,1783794648.1254656,304.435,50,94,2415,12481
5,fp32_active,29.56535629183054,1783794648.225686,304.988,50,94,2415,12481
5,fp32_active,29.66558402404189,1783794648.3259137,303.021,50,94,2415,12481
5,fp32_active,29.765784047544003,1783794648.4261124,304.016,50,94,2415,12481
5,fp32_active,29.866011019796133,1783794648.5263407,303.967,50,94,2415,12481
5,fp32_active,29.9662333317101,1783794648.6265628,303.363,50,94,2415,12481
5,fp32_active,30.066499324515462,1783794648.7268286,304.283,50,94,2415,12481
5,fp32_active,30.1666744556278,1783794648.8269851,304.322,50,94,2415,12481
5,fp32_active,30.266786128282547,1783794648.9270947,304.273,50,94,2415,12481
5,fp32_active,30.366904428228736,1783794649.0272093,304.168,50,94,2415,12481
5,fp32_active,30.467043716460466,1783794649.1273732,303.747,50,94,2415,12481
5,fp32_active,30.567293165251613,1783794649.2276227,304.713,50,94,2415,12481
5,fp32_active,30.66750429198146,1783794649.327833,304.167,50,94,2415,12481
5,fp32_active,30.76769851334393,1783794649.428027,304.881,50,94,2415,12481
5,fp32_active,30.867910427972674,1783794649.528239,304.299,50,94,2415,12481
5,fp32_active,30.968131044879556,1783794649.62846,304.212,50,94,2415,12481
5,fp32_active,31.0683441311121,1783794649.7286735,305.881,50,94,2415,12481
5,fp32_active,31.168569115921855,1783794649.8289013,304.24,50,94,2415,12481
5,fp32_active,31.268770959228277,1783794649.92909,305.558,50,94,2415,12481
5,fp32_active,31.368956588208675,1783794650.0292923,305.416,50,94,2415,12481
5,fp32_active,31.469183651730418,1783794650.1295161,305.269,50,94,2415,12481
5,fp32_active,31.56941308453679,1783794650.2297432,305.559,50,94,2415,12481
5,fp32_active,31.669635508209467,1783794650.3299658,304.557,50,94,2415,12481
5,fp32_active,31.76983665674925,1783794650.4301653,306.174,50,94,2415,12481
5,fp32_active,31.870052408427,1783794650.5303836,305.782,50,94,2415,12481
5,fp32_active,31.970307352021337,1783794650.6306374,305.898,50,94,2415,12481
5,fp32_active,32.07060086354613,1783794650.7309291,305.85,50,94,2415,12481
5,fp32_active,32.17081973515451,1783794650.8311489,304.926,50,94,2415,12481
5,fp32_active,32.27108764834702,1783794650.9314573,306.373,50,94,2415,12481
5,fp32_active,32.371385687962174,1783794651.0317264,306.016,50,94,2415,12481
5,fp32_active,32.47163697890937,1783794651.1319702,306.557,50,94,2415,12481
5,fp32_active,32.57187713123858,1783794651.232207,307.273,50,94,2415,12481
5,fp32_active,32.672089632600546,1783794651.3324208,306.382,50,94,2415,12481
5,fp32_active,32.7723353151232,1783794651.4326665,306.14,50,94,2415,12481
5,fp32_active,32.87255516834557,1783794651.5328848,306.349,50,94,2415,12481
5,fp32_active,32.97281220369041,1783794651.6331418,305.603,50,94,2415,12481
5,fp32_active,33.07303364388645,1783794651.7333665,306.306,50,94,2415,12481
5,fp32_active,33.17324117384851,1783794651.8335586,304.909,50,94,2415,12481
5,fp32_active,33.27340698055923,1783794651.9337351,305.086,50,94,2415,12481
5,fp32_active,33.37367244064808,1783794652.0340025,306.072,50,94,2415,12481
5,fp32_active,33.473906364291906,1783794652.1342351,305.128,50,94,2415,12481
5,fp32_active,33.57412667572498,1783794652.234456,305.725,50,94,2415,12481
5,fp32_active,33.67434016428888,1783794652.3346698,305.115,50,94,2415,12481
5,fp32_active,33.77461117878556,1783794652.4349267,305.303,50,94,2415,12481
5,fp32_active,33.87484088726342,1783794652.535174,304.873,50,94,2415,12481
5,fp32_active,33.975069876760244,1783794652.6354017,304.583,50,94,2415,12481
5,fp32_active,34.07528840191662,1783794652.7356172,304.631,50,94,2415,12481
5,fp32_active,34.175505908206105,1783794652.8358355,304.554,50,94,2415,12481
5,fp32_active,34.275726579129696,1783794652.9360578,304.705,50,94,2415,12481
5,fp32_active,34.37596076540649,1783794653.0362911,305.302,50,94,2415,12481
5,fp32_active,34.476182056590915,1783794653.136511,304.457,50,94,2415,12481
5,fp32_active,34.57640249654651,1783794653.236733,305.075,50,94,2415,12481
5,fp32_active,34.676625836640596,1783794653.3369553,304.266,50,94,2415,12481
5,fp32_active,34.77684755809605,1783794653.4371774,304.738,50,94,2415,12481
5,fp32_active,34.87707485631108,1783794653.5374043,305.268,50,94,2415,12481
5,fp32_active,34.97730177640915,1783794653.6376307,304.065,50,94,2415,12481
5,fp32_active,35.07757325656712,1783794653.7379029,305.098,50,94,2415,12481
5,fp32_active,35.17779445275664,1783794653.8381238,305.678,50,94,2415,12481
5,fp32_active,35.27801486477256,1783794653.938344,305.872,50,94,2415,12481
5,fp32_active,35.37825668044388,1783794654.0385864,306.113,50,94,2415,12481
5,fp32_active,35.47847800143063,1783794654.1388073,306.113,50,94,2415,12481
5,fp32_active,35.57869816198945,1783794654.239069,306.258,50,94,2415,12481
5,fp32_active,35.679021183401346,1783794654.33935,306.355,50,94,2415,12481
5,fp32_active,35.779240909963846,1783794654.4395704,305.755,50,94,2415,12481
5,fp32_active,35.87946661375463,1783794654.5397947,306.363,50,94,2415,12481
5,fp32_active,35.97968494333327,1783794654.6400142,306.267,50,94,2415,12481
5,fp32_active,36.07990534976125,1783794654.7402346,306.984,50,94,2415,12481
5,fp32_active,36.18012543208897,1783794654.8404548,306.131,50,94,2415,12481
5,fp32_active,36.28034891933203,1783794654.940681,306.474,50,94,2415,12481
5,fp32_active,36.38058888539672,1783794655.040923,306.21,50,94,2415,12481
5,fp32_active,36.48080203123391,1783794655.1411242,306.355,50,94,2415,12481
5,fp32_active,36.58099999465048,1783794655.24133,306.75,50,94,2415,12481
5,fp32_active,36.68127144873142,1783794655.341621,306.393,50,94,2415,12481
5,fp32_active,36.78155284561217,1783794655.441884,306.791,50,94,2415,12481
5,fp32_active,36.88177281618118,1783794655.542103,307.995,50,94,2415,12481
5,fp32_active,36.98199746757746,1783794655.6423278,307.322,50,94,2415,12481
5,fp32_active,37.08222020417452,1783794655.7425497,307.705,50,94,2415,12481
5,fp32_active,37.18244428001344,1783794655.8427737,306.49,50,94,2415,12481
5,fp32_active,37.282666221261024,1783794655.9429953,306.007,50,94,2415,12481
5,fp32_active,37.38289115950465,1783794656.0432205,306.22,50,94,2415,12481
5,fp32_active,37.483089979738,1783794656.1434188,305.132,51,94,2415,12481
5,fp32_active,37.58332769945264,1783794656.2436569,306.836,50,94,2415,12481
5,fp32_active,37.683548828586936,1783794656.343878,305.72,50,94,2415,12481
5,fp32_active,37.78376915678382,1783794656.4440987,305.708,50,94,2415,12481
5,fp32_active,37.88402480259538,1783794656.5443537,305.902,51,94,2415,12481
5,fp32_active,37.98430351726711,1783794656.6446326,304.868,50,94,2415,12481
5,fp32_active,38.08457142487168,1783794656.744941,305.661,50,94,2415,12481
5,fp32_active,38.184875851497054,1783794656.845205,305.873,51,94,2415,12481
5,fp32_active,38.285095900297165,1783794656.945437,305.817,51,94,2415,12481
5,fp32_active,38.385330276563764,1783794657.0456595,306.765,51,94,2415,12481
5,fp32_active,38.48555148765445,1783794657.1458817,305.901,51,94,2415,12481
5,fp32_active,38.585773788392544,1783794657.246103,305.389,51,94,2415,12481
5,fp32_active,38.68599603138864,1783794657.3463252,306.477,51,94,2415,12481
5,fp32_active,38.78621885366738,1783794657.4465487,305.528,51,94,2415,12481
5,fp32_active,38.88645448721945,1783794657.546784,306.162,51,94,2415,12481
5,fp32_active,38.986674312502146,1783794657.647004,305.981,51,94,2415,12481
5,fp32_active,39.08689985610545,1783794657.747229,305.671,51,94,2415,12481
5,fp32_active,39.187179593369365,1783794657.847509,306.581,51,94,2415,12481
5,fp32_active,39.28740091063082,1783794657.9477298,306.28,51,94,2415,12481
5,fp32_active,39.38762658648193,1783794658.0479558,306.174,51,94,2415,12481
5,fp32_active,39.487846560776234,1783794658.148176,305.923,51,94,2415,12481
5,fp32_active,39.588081024587154,1783794658.248411,306.862,51,94,2415,12481
5,fp32_active,39.68831544928253,1783794658.348645,307.396,51,94,2415,12481
5,fp32_active,39.78851069137454,1783794658.448839,305.573,51,94,2415,12481
5,fp32_active,39.88868500292301,1783794658.5489924,307.359,51,94,2415,12481
5,fp32_active,39.988793628290296,1783794658.6490982,306.209,51,94,2415,12481
5,fp32_active,40.08888906426728,1783794658.749193,307.185,51,94,2415,12481
5,fp32_active,40.18900011666119,1783794658.8493044,307.061,51,94,2415,12481
5,fp32_active,40.289095820859075,1783794658.9494,307.102,51,94,2415,12481
5,fp32_active,40.389191491529346,1783794659.0494976,307.782,51,94,2415,12481
5,fp32_active,40.48928934708238,1783794659.1495936,306.952,51,94,2415,12481
5,fp32_active,40.58938421867788,1783794659.2496884,307.117,51,94,2415,12481
5,fp32_active,40.68948156759143,1783794659.3497872,308.046,51,94,2415,12481
5,fp32_idle_post,0.00021937675774097443,1783794659.3765912,308.046,51,94,2415,12481
5,fp32_idle_post,0.10060863383114338,1783794659.4768918,306.847,49,86,2415,12481
5,fp32_idle_post,0.20085239596664906,1783794659.5771327,284.13,46,86,2415,12481
5,fp32_idle_post,0.30108095705509186,1783794659.6773612,263.061,46,0,2422,12481
5,fp32_idle_post,0.4013536814600229,1783794659.7776341,247.458,45,0,2422,12481
5,fp32_idle_post,0.5015580877661705,1783794659.8778377,218.379,45,0,2422,12481
5,fp32_idle_post,0.6017788574099541,1783794659.9780588,197.338,45,0,2422,12481
5,fp32_idle_post,0.7020608764141798,1783794660.0783415,174.87,45,0,2422,12481
5,fp32_idle_post,0.8022865988314152,1783794660.1785676,153.758,45,0,2430,12481
5,fp32_idle_post,0.9025591034442186,1783794660.2788393,132.074,44,0,2430,12481
5,fp32_idle_post,1.002859603613615,1783794660.3791397,109.264,44,0,2422,12481
5,fp32_idle_post,1.103148752823472,1783794660.479434,107.403,44,0,2422,12481
5,fp32_idle_post,1.203378276899457,1783794660.5796585,107.403,44,0,2422,12481
5,fp32_idle_post,1.3035786878317595,1783794660.6798575,107.403,44,0,2422,12481
5,fp32_idle_post,1.4037965256720781,1783794660.7800767,107.403,44,0,2422,12481
5,fp32_idle_post,1.5040160603821278,1783794660.8802962,107.403,44,0,2422,12481
5,fp32_idle_post,1.6042363680899143,1783794660.9805162,107.403,44,0,2422,12481
5,fp32_idle_post,1.7044636849313974,1783794661.0807438,107.403,44,0,2422,12481
5,fp32_idle_post,1.804700043052435,1783794661.1809804,107.403,44,0,2422,12481
5,fp32_idle_post,1.9049276653677225,1783794661.281208,107.403,44,0,2422,12481
5,fp32_idle_post,2.005157260224223,1783794661.3814375,107.403,44,0,2422,12481
5,fp32_idle_post,2.1053771525621414,1783794661.4816575,88.972,44,0,2422,12481
5,fp32_idle_post,2.205625858157873,1783794661.5819125,88.972,44,0,2422,12481
5,fp32_idle_post,2.305877234786749,1783794661.6821573,88.972,44,0,2422,12481
5,fp32_idle_post,2.4060972779989243,1783794661.7823777,88.972,44,0,2422,12481
5,fp32_idle_post,2.5063208863139153,1783794661.8825955,88.972,44,0,2422,12481
5,fp32_idle_post,2.6065474320203066,1783794661.9828272,88.972,44,0,2422,12481
5,fp32_idle_post,2.70686949044466,1783794662.0831497,88.972,44,0,2422,12481
5,fp32_idle_post,2.8071378730237484,1783794662.183418,88.972,44,0,2422,12481
5,fp32_idle_post,2.907369816675782,1783794662.2836561,88.972,44,0,2422,12481
5,fp32_idle_post,3.007605580613017,1783794662.3838856,88.972,43,0,2422,12481
5,fp32_idle_post,3.1078357249498367,1783794662.4841154,89.461,43,0,2265,12481
5,fp32_idle_post,3.20809374935925,1783794662.5843742,89.461,43,0,2265,12481
5,fp32_idle_post,3.30833937227726,1783794662.6846197,89.461,43,0,2265,12481
5,fp32_idle_post,3.4085612259805202,1783794662.7848413,89.461,43,0,2265,12481
5,fp32_idle_post,3.508781461045146,1783794662.8850613,89.461,43,0,2265,12481
5,fp32_idle_post,3.60904985293746,1783794662.98533,89.461,43,0,2265,12481
5,fp32_idle_post,3.709269993007183,1783794663.0855498,89.461,43,0,2265,12481
5,fp32_idle_post,3.809507580474019,1783794663.1857753,89.461,43,0,2265,12481
5,fp32_idle_post,3.9097041077911854,1783794663.2859843,89.461,43,0,2265,12481
5,fp32_idle_post,4.009925177320838,1783794663.3862054,89.461,43,0,2265,12481
5,fp32_idle_post,4.11015759408474,1783794663.4864376,89.952,43,0,2265,12481
5,fp32_idle_post,4.2104068454355,1783794663.5867062,89.952,43,0,2265,12481
5,fp32_idle_post,4.310668649151921,1783794663.6869485,89.952,43,0,2265,12481
5,fp32_idle_post,4.410928905010223,1783794663.7872093,89.952,43,0,2265,12481
5,fp32_idle_post,4.511150501668453,1783794663.8874304,89.952,43,0,2265,12481
5,fp32_idle_post,4.611367259174585,1783794663.9876475,89.952,43,0,2265,12481
5,fp32_idle_post,4.711569540202618,1783794664.0878484,89.952,43,0,2265,12481
5,fp32_idle_post,4.811788652092218,1783794664.1880686,89.952,43,0,2265,12481
5,fp32_idle_post,4.912008345127106,1783794664.2882886,89.952,43,0,2265,12481
5,fp32_idle_post,5.012229731306434,1783794664.38851,89.952,42,0,2265,12481
5,fp32_idle_post,5.112431908026338,1783794664.4887109,89.705,42,0,2265,12481
5,fp32_idle_post,5.212649203836918,1783794664.588929,89.705,42,0,2265,12481
5,fp32_idle_post,5.312972977757454,1783794664.689253,89.705,42,0,2265,12481
5,fp32_idle_post,5.413189960643649,1783794664.7894702,89.705,42,0,2265,12481
5,fp32_idle_post,5.51338973082602,1783794664.8896685,89.705,42,0,2265,12481
5,fp32_idle_post,5.61360757984221,1783794664.9898875,89.705,42,0,2265,12481
5,fp32_idle_post,5.713837418705225,1783794665.0901186,89.705,42,0,2265,12481
5,fp32_idle_post,5.8140586242079735,1783794665.1903389,89.705,42,0,2265,12481
5,fp32_idle_post,5.9143906980752945,1783794665.2906735,89.705,42,0,2265,12481
5,fp32_idle_post,6.0147465988993645,1783794665.3910277,89.705,42,0,2265,12481
5,fp32_idle_post,6.11502542719245,1783794665.4913058,88.492,42,0,2257,12481
5,fp32_idle_post,6.215247813612223,1783794665.591528,88.492,42,0,2257,12481
5,fp32_idle_post,6.315471230074763,1783794665.6917548,88.492,42,0,2257,12481
5,fp32_idle_post,6.4157042764127254,1783794665.791989,88.492,42,0,2257,12481
5,fp32_idle_post,6.515944484621286,1783794665.8922286,88.492,42,0,2257,12481
5,fp32_idle_post,6.616175036877394,1783794665.9924595,88.492,42,0,2257,12481
5,fp32_idle_post,6.7165318336337805,1783794666.0928154,88.492,42,0,2257,12481
5,fp32_idle_post,6.816763939335942,1783794666.1930456,88.492,42,0,2257,12481
5,fp32_idle_post,6.916959712281823,1783794666.29322,88.492,42,0,2257,12481
5,fp32_idle_post,7.017106551676989,1783794666.3933876,88.492,42,0,2257,12481
5,fp32_idle_post,7.117352236062288,1783794666.4936323,88.92,42,0,2257,12481
5,fp32_idle_post,7.217573203146458,1783794666.5938542,88.92,42,0,2257,12481
5,fp32_idle_post,7.317799460142851,1783794666.694083,88.92,42,0,2257,12481
5,fp32_idle_post,7.418046412989497,1783794666.7943294,88.92,42,0,2257,12481
5,fp32_idle_post,7.518349518999457,1783794666.8946311,88.92,42,0,2257,12481
5,fp32_idle_post,7.618599159643054,1783794666.9948814,88.92,42,0,2257,12481
5,fp32_idle_post,7.718831164762378,1783794667.0951133,88.92,42,0,2257,12481
5,fp32_idle_post,7.819062018766999,1783794667.195344,88.92,42,0,2257,12481
5,fp32_idle_post,7.9193780571222305,1783794667.2956593,88.92,42,0,2257,12481
5,fp32_idle_post,8.019605549052358,1783794667.3958883,88.92,41,0,2257,12481
5,fp32_idle_post,8.119834000244737,1783794667.4961152,88.926,41,0,2265,12481
5,fp32_idle_post,8.220056876540184,1783794667.5963373,88.926,41,0,2265,12481
5,fp32_idle_post,8.320279482752085,1783794667.69656,88.926,41,0,2265,12481
5,fp32_idle_post,8.420502064749599,1783794667.796784,88.926,41,0,2265,12481
5,fp32_idle_post,8.520729999989271,1783794667.8970127,88.926,41,0,2265,12481
5,fp32_idle_post,8.620958400890231,1783794667.99724,88.926,41,0,2265,12481
5,fp32_idle_post,8.721183093264699,1783794668.0974655,88.926,41,0,2265,12481
5,fp32_idle_post,8.821411350741982,1783794668.1976922,88.926,41,0,2265,12481
5,fp32_idle_post,8.921681694686413,1783794668.297963,88.926,41,0,2265,12481
5,fp32_idle_post,9.02190375700593,1783794668.398185,88.926,41,0,2265,12481
5,fp32_idle_post,9.1221315972507,1783794668.498414,88.706,41,0,2265,12481
5,fp32_idle_post,9.22235762886703,1783794668.5986402,88.706,41,0,2265,12481
5,fp32_idle_post,9.32271127216518,1783794668.6989937,88.706,41,0,2265,12481
5,fp32_idle_post,9.422939730808139,1783794668.799222,88.706,41,0,2265,12481
5,fp32_idle_post,9.523176737129688,1783794668.8994575,88.706,41,0,2265,12481
5,fp32_idle_post,9.62339979223907,1783794668.9996803,88.706,41,0,2265,12481
5,fp32_idle_post,9.723619904369116,1783794669.0999,88.706,41,0,2265,12481
5,fp32_idle_post,9.82383744418621,1783794669.2001176,88.706,41,0,2265,12481
5,fp32_idle_post,9.924100775271654,1783794669.3003807,88.706,41,0,2265,12481
6,int8_idle_pre,0.0003159865736961365,1783794669.3973095,88.706,41,0,2265,12481
6,int8_idle_pre,0.10064212791621685,1783794669.4975863,88.489,41,0,2265,12481
6,int8_idle_pre,0.20090987905859947,1783794669.5978534,88.489,41,0,2265,12481
6,int8_idle_pre,0.3011289909482002,1783794669.6980727,88.489,41,0,2265,12481
6,int8_idle_pre,0.4013883024454117,1783794669.798332,88.489,41,0,2265,12481
6,int8_idle_pre,0.5016079880297184,1783794669.8985512,88.489,41,0,2265,12481
6,int8_idle_pre,0.6019281055778265,1783794669.9988713,88.489,41,0,2265,12481
6,int8_idle_pre,0.7021784912794828,1783794670.0991225,88.489,41,0,2265,12481
6,int8_idle_pre,0.8024369329214096,1783794670.1993814,88.489,41,0,2265,12481
6,int8_idle_pre,0.9027686398476362,1783794670.2997115,88.489,41,0,2265,12481
6,int8_idle_pre,1.0030566360801458,1783794670.3999999,88.005,41,0,2257,12481
6,int8_idle_pre,1.103276552632451,1783794670.5002196,88.005,41,0,2257,12481
6,int8_idle_pre,1.2034958731383085,1783794670.600439,88.005,41,0,2257,12481
6,int8_idle_pre,1.3037535026669502,1783794670.700697,88.005,41,0,2257,12481
6,int8_idle_pre,1.4039729535579681,1783794670.8009164,88.005,41,0,2257,12481
6,int8_idle_pre,1.5041931308805943,1783794670.9011362,88.005,41,0,2257,12481
6,int8_idle_pre,1.604429541155696,1783794671.0013726,88.005,41,0,2257,12481
6,int8_idle_pre,1.7047302834689617,1783794671.1016738,88.005,41,0,2257,12481
6,int8_idle_pre,1.804957939311862,1783794671.2019012,88.005,41,0,2257,12481
6,int8_idle_pre,1.9051882158964872,1783794671.3021314,88.005,40,0,2257,12481
6,int8_idle_pre,2.0054251588881016,1783794671.402368,87.733,40,0,2265,12481
6,int8_idle_pre,2.1056549828499556,1783794671.5025988,87.733,40,0,2265,12481
6,int8_idle_pre,2.20589629560709,1783794671.6028397,87.733,40,0,2265,12481
6,int8_idle_pre,2.306121414527297,1783794671.7030642,87.733,40,0,2265,12481
6,int8_idle_pre,2.406339757144451,1783794671.8032827,87.733,40,0,2265,12481
6,int8_idle_pre,2.5065581426024437,1783794671.9035013,87.733,40,0,2265,12481
6,int8_idle_pre,2.6067775078117847,1783794672.0037205,87.733,40,0,2265,12481
6,int8_idle_pre,2.707057511433959,1783794672.1040008,87.733,40,0,2265,12481
6,int8_idle_pre,2.8073255755007267,1783794672.2042692,87.733,40,0,2265,12481
6,int8_idle_pre,2.9075959995388985,1783794672.3045392,87.733,40,0,2265,12481
6,int8_idle_pre,3.007844077423215,1783794672.4047878,87.486,40,0,2265,12481
6,int8_idle_pre,3.108063267543912,1783794672.5050063,87.486,40,0,2265,12481
6,int8_idle_pre,3.2082837279886007,1783794672.605227,87.486,40,0,2265,12481
6,int8_idle_pre,3.308504279702902,1783794672.7054477,87.486,40,0,2265,12481
6,int8_idle_pre,3.4087241515517235,1783794672.8056674,87.486,40,0,2265,12481
6,int8_idle_pre,3.508944531902671,1783794672.905888,87.486,40,0,2265,12481
6,int8_idle_pre,3.609164236113429,1783794673.006107,87.486,40,0,2265,12481
6,int8_idle_pre,3.709444897249341,1783794673.1063886,87.486,40,0,2265,12481
6,int8_idle_pre,3.8096645064651966,1783794673.206608,87.486,40,0,2265,12481
6,int8_idle_pre,3.9099018704146147,1783794673.3068452,87.486,40,0,2265,12481
6,int8_idle_pre,4.0101710837334394,1783794673.407114,87.755,40,0,2265,12481
6,int8_idle_pre,4.110393127426505,1783794673.5073364,87.755,40,0,2265,12481
6,int8_idle_pre,4.210614645853639,1783794673.6075578,87.755,40,0,2265,12481
6,int8_idle_pre,4.310833878815174,1783794673.7077773,87.755,40,0,2265,12481
6,int8_idle_pre,4.411054763942957,1783794673.8079977,87.755,40,0,2265,12481
6,int8_idle_pre,4.511283867061138,1783794673.908227,87.755,40,0,2265,12481
6,int8_idle_pre,4.61154375039041,1783794674.008487,87.755,40,0,2265,12481
6,int8_idle_pre,4.711764335632324,1783794674.108708,87.755,40,0,2265,12481
6,int8_idle_pre,4.811983363702893,1783794674.2089264,87.755,40,0,2265,12481
6,int8_idle_pre,4.912208279594779,1783794674.3091516,87.755,39,0,2265,12481
6,int8_idle_pre,5.012478167191148,1783794674.4094217,87.512,39,0,2257,12481
6,int8_idle_pre,5.112694729119539,1783794674.509638,87.512,39,0,2257,12481
6,int8_idle_pre,5.212924854829907,1783794674.6098683,87.512,39,0,2257,12481
6,int8_idle_pre,5.313146639615297,1783794674.71009,87.512,39,0,2257,12481
6,int8_idle_pre,5.413413351401687,1783794674.8103564,87.512,39,0,2257,12481
6,int8_idle_pre,5.5136611592024565,1783794674.9106045,87.512,39,0,2257,12481
6,int8_idle_pre,5.614085126668215,1783794675.0110288,87.512,39,0,2257,12481
6,int8_idle_pre,5.714305771514773,1783794675.111251,87.512,39,0,2257,12481
6,int8_idle_pre,5.814541306346655,1783794675.2114844,87.512,39,0,2257,12481
6,int8_idle_pre,5.914801638573408,1783794675.3117447,87.512,39,0,2257,12481
6,int8_idle_pre,6.015025490894914,1783794675.4119716,86.539,39,0,2265,12481
6,int8_idle_pre,6.115342900156975,1783794675.5122879,86.539,39,0,2265,12481
6,int8_idle_pre,6.215568406507373,1783794675.612512,86.539,39,0,2265,12481
6,int8_idle_pre,6.315788749605417,1783794675.712732,86.539,39,0,2265,12481
6,int8_idle_pre,6.416008919477463,1783794675.812952,86.539,39,0,2265,12481
6,int8_idle_pre,6.516296058893204,1783794675.9132392,86.539,39,0,2265,12481
6,int8_idle_pre,6.616509459912777,1783794676.013451,86.539,39,0,2265,12481
6,int8_idle_pre,6.716719470918179,1783794676.1136632,86.539,39,0,2265,12481
6,int8_idle_pre,6.816992146894336,1783794676.2139359,86.539,39,0,2265,12481
6,int8_idle_pre,6.917212774977088,1783794676.3141558,86.539,39,0,2265,12481
6,int8_idle_pre,7.017441960051656,1783794676.4143853,86.539,39,0,2265,12481
6,int8_idle_pre,7.117661824449897,1783794676.5146053,86.539,39,0,2265,12481
6,int8_idle_pre,7.217999387532473,1783794676.6149426,86.539,39,0,2265,12481
6,int8_idle_pre,7.318220151588321,1783794676.715164,86.539,39,0,2265,12481
6,int8_idle_pre,7.418442230671644,1783794676.815388,86.539,39,0,2265,12481
6,int8_idle_pre,7.518670039251447,1783794676.9156158,86.539,39,0,2265,12481
6,int8_idle_pre,7.618926612660289,1783794677.0158706,86.539,39,0,2265,12481
6,int8_idle_pre,7.7191508039832115,1783794677.1160953,86.539,39,0,2265,12481
6,int8_idle_pre,7.819372560828924,1783794677.216317,86.539,39,0,2265,12481
6,int8_idle_pre,7.91965059004724,1783794677.3165953,86.539,39,0,2265,12481
6,int8_idle_pre,8.01987187191844,1783794677.416815,87.025,39,0,2265,12481
6,int8_idle_pre,8.120090803131461,1783794677.517034,87.025,39,0,2265,12481
6,int8_idle_pre,8.220297334715724,1783794677.6172342,87.025,39,0,2265,12481
6,int8_idle_pre,8.320492396131158,1783794677.7174363,87.025,39,0,2265,12481
6,int8_idle_pre,8.42076320759952,1783794677.8177066,87.025,39,0,2265,12481
6,int8_idle_pre,8.521031880751252,1783794677.9179752,87.025,39,0,2265,12481
6,int8_idle_pre,8.621251719072461,1783794678.0181952,87.025,39,0,2265,12481
6,int8_idle_pre,8.721472036093473,1783794678.1184154,87.025,39,0,2265,12481
6,int8_idle_pre,8.82169733569026,1783794678.2186406,87.025,39,0,2265,12481
6,int8_idle_pre,8.921977298334241,1783794678.3189206,87.025,39,0,2265,12481
6,int8_idle_pre,9.022205404937267,1783794678.4191487,86.539,39,0,2265,12481
6,int8_idle_pre,9.122445095330477,1783794678.5193887,86.539,39,0,2265,12481
6,int8_idle_pre,9.222683895379305,1783794678.6196277,86.539,39,0,2265,12481
6,int8_idle_pre,9.32292408309877,1783794678.7198677,86.539,39,0,2265,12481
6,int8_idle_pre,9.42314481176436,1783794678.8200881,86.539,39,0,2265,12481
6,int8_idle_pre,9.5233641769737,1783794678.9203074,86.539,39,0,2265,12481
6,int8_idle_pre,9.623585224151611,1783794679.020528,86.539,39,0,2265,12481
6,int8_idle_pre,9.723804514855146,1783794679.1207483,86.539,39,0,2265,12481
6,int8_idle_pre,9.824106901884079,1783794679.22105,86.539,39,0,2265,12481
6,int8_idle_pre,9.9243257753551,1783794679.321269,86.539,38,0,2265,12481
6,int8_active,0.00036550499498844147,1783794679.3984902,86.539,38,0,2265,12481
6,int8_active,0.10060855932533741,1783794679.4987364,86.781,38,0,2265,12481
6,int8_active,0.20089231058955193,1783794679.5990193,96.722,41,0,2265,12481
6,int8_active,0.3011183440685272,1783794679.6992455,105.492,41,94,2257,12481
6,int8_active,0.4013376906514168,1783794679.7994654,112.798,42,94,2257,12481
6,int8_active,0.5015578791499138,1783794679.8996851,118.59,42,94,2257,12481
6,int8_active,0.6017752196639776,1783794679.999903,124.035,42,94,2257,12481
6,int8_active,0.7020249217748642,1783794680.1001534,129.063,42,94,2257,12481
6,int8_active,0.802403787150979,1783794680.2005312,133.294,42,94,2257,12481
6,int8_active,0.9026235472410917,1783794680.3007507,136.786,42,94,2257,12481
6,int8_active,1.0029645506292582,1783794680.401092,139.998,42,94,2257,12481
6,int8_active,1.1031833477318287,1783794680.5013103,199.387,42,94,2257,12481
6,int8_active,1.2034027483314276,1783794680.60153,199.941,42,94,2257,12481
6,int8_active,1.3036223500967026,1783794680.70175,200.553,42,94,2257,12481
6,int8_active,1.4038426857441664,1783794680.8019702,199.855,42,94,2257,12481
6,int8_active,1.5041604861617088,1783794680.9022887,200.556,42,94,2257,12481
6,int8_active,1.6043851748108864,1783794681.0025132,201.037,42,94,2257,12481
6,int8_active,1.7046323418617249,1783794681.1027615,200.162,42,94,2257,12481
6,int8_active,1.8048980962485075,1783794681.2030277,200.334,42,94,2257,12481
6,int8_active,1.9052078500390053,1783794681.3033369,201.21,42,94,2257,12481
6,int8_active,2.0054808259010315,1783794681.4036095,201.29,42,94,2257,12481
6,int8_active,2.105715326964855,1783794681.5038428,200.662,42,94,2257,12481
6,int8_active,2.205936638638377,1783794681.604065,199.803,43,94,2257,12481
6,int8_active,2.306144116446376,1783794681.704271,199.791,43,94,2257,12481
6,int8_active,2.406340517103672,1783794681.8044677,200.587,43,94,2257,12481
6,int8_active,2.5066200587898493,1783794681.9047492,200.34,43,94,2257,12481
6,int8_active,2.6068475544452667,1783794682.0049798,199.881,43,94,2257,12481
6,int8_active,2.707076832652092,1783794682.1052048,199.925,43,94,2257,12481
6,int8_active,2.807305784896016,1783794682.2054343,200.326,43,94,2257,12481
6,int8_active,2.907528042793274,1783794682.3056574,200.326,43,94,2257,12481
6,int8_active,3.007753796875477,1783794682.4058824,200.19,43,94,2257,12481
6,int8_active,3.1079920176416636,1783794682.506121,199.485,43,94,2257,12481
6,int8_active,3.208222609013319,1783794682.6063523,200.023,43,94,2257,12481
6,int8_active,3.308451386168599,1783794682.7065802,201.076,43,94,2257,12481
6,int8_active,3.4086893908679485,1783794682.8068185,200.848,43,94,2257,12481
6,int8_active,3.508916025981307,1783794682.9070437,200.315,43,94,2257,12481
6,int8_active,3.609136737883091,1783794683.0072653,200.482,43,94,2257,12481
6,int8_active,3.7093637343496084,1783794683.1074924,201.474,43,94,2257,12481
6,int8_active,3.8096027933061123,1783794683.2077322,201.827,43,94,2257,12481
6,int8_active,3.9098432697355747,1783794683.3079734,200.965,43,94,2257,12481
6,int8_active,4.010080991312861,1783794683.4082105,200.745,43,94,2257,12481
6,int8_active,4.110303238034248,1783794683.5084324,202.162,43,94,2257,12481
6,int8_active,4.210539650171995,1783794683.6086698,202.065,43,94,2257,12481
6,int8_active,4.310768891125917,1783794683.708897,201.308,43,94,2257,12481
6,int8_active,4.410955915227532,1783794683.809067,201.023,43,94,2257,12481
6,int8_active,4.5111151821911335,1783794683.9092488,201.974,43,94,2257,12481
6,int8_active,4.611433835700154,1783794684.0095632,201.657,43,94,2257,12481
6,int8_active,4.711649138480425,1783794684.1097784,200.552,43,94,2257,12481
6,int8_active,4.811839982867241,1783794684.209951,200.863,43,94,2257,12481
6,int8_active,4.9121128506958485,1783794684.3102434,202.002,43,94,2257,12481
6,int8_active,5.012344770133495,1783794684.4104738,202.099,43,94,2257,12481
6,int8_active,5.112568190321326,1783794684.5107164,200.971,43,94,2257,12481
6,int8_active,5.212792437523603,1783794684.6109207,200.464,43,94,2257,12481
6,int8_active,5.313007505610585,1783794684.7111342,201.555,43,94,2257,12481
6,int8_active,5.41322036087513,1783794684.8113744,201.879,43,94,2257,12481
6,int8_active,5.513429079204798,1783794684.9115434,201.678,43,94,2257,12481
6,int8_active,5.613605907186866,1783794685.0117338,200.654,43,94,2257,12481
6,int8_active,5.7138648219406605,1783794685.1119938,200.673,43,94,2257,12481
6,int8_active,5.814094189554453,1783794685.2122228,201.458,43,94,2257,12481
6,int8_active,5.914321618154645,1783794685.3124506,201.583,43,94,2257,12481
6,int8_active,6.014550479128957,1783794685.4126797,200.814,43,94,2257,12481
6,int8_active,6.114746684208512,1783794685.512868,200.491,43,94,2257,12481
6,int8_active,6.214944554492831,1783794685.6130729,200.613,43,94,2257,12481
6,int8_active,6.315166566520929,1783794685.7132945,201.417,43,94,2257,12481
6,int8_active,6.415348010137677,1783794685.8134623,201.065,43,94,2257,12481
6,int8_active,6.5155234057456255,1783794685.9136536,200.174,43,94,2257,12481
6,int8_active,6.6157529056072235,1783794686.0138817,200.369,43,94,2257,12481
6,int8_active,6.715978182852268,1783794686.1141078,201.429,43,94,2257,12481
6,int8_active,6.816165829077363,1783794686.2142766,201.354,43,94,2257,12481
6,int8_active,6.91632629185915,1783794686.3144553,200.42,43,94,2257,12481
6,int8_active,7.016551593318582,1783794686.4146976,200.478,43,94,2257,12481
6,int8_active,7.116798488423228,1783794686.5149274,200.866,43,94,2257,12481
6,int8_active,7.217077184468508,1783794686.6152053,201.687,43,94,2257,12481
6,int8_active,7.31726436689496,1783794686.7153769,201.005,43,94,2257,12481
6,int8_active,7.417403494939208,1783794686.8155196,200.618,43,94,2257,12481
6,int8_active,7.517596526071429,1783794686.9157326,201.6,43,94,2257,12481
6,int8_active,7.617797238752246,1783794687.0159178,201.93,43,94,2257,12481
6,int8_active,7.717986539006233,1783794687.1161165,200.573,43,94,2257,12481
6,int8_active,7.818191030994058,1783794687.2163088,200.211,43,91,2257,12481
6,int8_active,7.918403336778283,1783794687.3165371,197.917,42,91,2257,12481
6,int8_active,8.018642706796527,1783794687.4167745,197.128,43,87,2257,12481
6,int8_active,8.118921244516969,1783794687.5170515,197.063,43,87,2257,12481
6,int8_active,8.219261771067977,1783794687.6173959,195.51,43,94,2257,12481
6,int8_active,8.319498538970947,1783794687.7176306,196.382,43,94,2257,12481
6,int8_active,8.419730009511113,1783794687.8178582,197.041,43,94,2257,12481
6,int8_active,8.519952783361077,1783794687.9180813,197.281,43,94,2257,12481
6,int8_active,8.620208593085408,1783794688.0183382,196.296,43,94,2257,12481
6,int8_active,8.720412390306592,1783794688.1185424,196.129,43,94,2257,12481
6,int8_active,8.820808116346598,1783794688.2189379,197.226,43,94,2257,12481
6,int8_active,8.921034675091505,1783794688.3191648,197.437,43,94,2257,12481
6,int8_active,9.021260876208544,1783794688.4193892,199.696,43,94,2257,12481
6,int8_active,9.121486619114876,1783794688.5196157,201.261,43,94,2257,12481
6,int8_active,9.221717538312078,1783794688.619849,202.148,43,94,2257,12481
6,int8_active,9.321965718641877,1783794688.7200954,201.456,43,94,2257,12481
6,int8_active,9.422172142192721,1783794688.8203008,200.58,43,94,2257,12481
6,int8_active,9.522414393723011,1783794688.9205446,200.498,43,94,2257,12481
6,int8_active,9.622670877724886,1783794689.0208006,201.708,43,94,2257,12481
6,int8_active,9.72291136533022,1783794689.121042,201.65,43,94,2257,12481
6,int8_active,9.823141371831298,1783794689.2212715,201.126,43,94,2257,12481
6,int8_active,9.923370365053415,1783794689.321501,200.354,43,94,2257,12481
6,int8_active,10.023575689643621,1783794689.4217048,201.223,43,94,2257,12481
6,int8_active,10.123773781582713,1783794689.5219011,201.632,43,94,2257,12481
6,int8_active,10.223972925916314,1783794689.6221042,201.467,43,94,2257,12481
6,int8_active,10.324179215356708,1783794689.7223103,200.428,43,94,2257,12481
6,int8_active,10.424382662400603,1783794689.8225112,201.246,43,94,2257,12481
6,int8_active,10.524592898786068,1783794689.9227223,201.89,43,94,2257,12481
6,int8_active,10.624797139316797,1783794690.0229273,202.217,43,94,2257,12481
6,int8_active,10.725012117996812,1783794690.1231444,201.764,43,94,2257,12481
6,int8_active,10.825224857777357,1783794690.2233565,201.608,43,94,2257,12481
6,int8_active,10.925460450351238,1783794690.3235905,201.853,43,94,2257,12481
6,int8_active,11.025675127282739,1783794690.4238229,202.292,43,94,2257,12481
6,int8_active,11.125900037586689,1783794690.5240366,202.295,43,94,2257,12481
6,int8_active,11.226133979856968,1783794690.6242635,201.434,43,94,2257,12481
6,int8_active,11.326362835243344,1783794690.7244914,201.841,43,94,2257,12481
6,int8_active,11.426567289978266,1783794690.824719,202.329,43,94,2257,12481
6,int8_active,11.52682107500732,1783794690.924951,202.496,43,94,2257,12481
6,int8_active,11.62705298513174,1783794691.0251827,201.567,43,94,2257,12481
6,int8_active,11.727240363135934,1783794691.1253548,200.984,43,94,2257,12481
6,int8_active,11.827411949634552,1783794691.2255414,201.358,43,94,2257,12481
6,int8_active,11.927603179588914,1783794691.3257203,202.143,43,94,2257,12481
6,int8_active,12.027785930782557,1783794691.4259162,201.385,43,94,2257,12481
6,int8_active,12.128075676038861,1783794691.526204,200.509,43,94,2257,12481
6,int8_active,12.228308238089085,1783794691.6264355,200.433,43,94,2257,12481
6,int8_active,12.328551307320595,1783794691.7266977,201.249,43,94,2257,12481
6,int8_active,12.428768325597048,1783794691.8268943,201.42,43,94,2257,12481
6,int8_active,12.528988255187869,1783794691.9271154,200.63,43,94,2257,12481
6,int8_active,12.629209054633975,1783794692.027337,201.212,43,94,2257,12481
6,int8_active,12.729429442435503,1783794692.1275887,201.701,43,94,2257,12481
6,int8_active,12.829684242606163,1783794692.2278113,201.843,43,94,2257,12481
6,int8_active,12.929905854165554,1783794692.3280327,200.944,44,94,2257,12481
6,int8_active,13.030131205916405,1783794692.4282594,201.407,44,94,2257,12481
6,int8_active,13.130390813574195,1783794692.5285182,201.878,44,94,2257,12481
6,int8_active,13.230600329115987,1783794692.628727,202.767,43,94,2257,12481
6,int8_active,13.33080050162971,1783794692.728926,202.09,44,94,2257,12481
6,int8_active,13.431008029729128,1783794692.8291354,201.185,44,94,2257,12481
6,int8_active,13.531217522919178,1783794692.9293451,201.029,44,94,2257,12481
6,int8_active,13.631428696215153,1783794693.0295827,201.789,44,94,2257,12481
6,int8_active,13.731641987338662,1783794693.1297548,201.503,44,94,2257,12481
6,int8_active,13.831798668950796,1783794693.2299259,201.513,44,94,2257,12481
6,int8_active,13.932008558884263,1783794693.3301363,201.374,44,94,2257,12481
6,int8_active,14.032203290611506,1783794693.4303281,201.363,44,94,2257,12481
6,int8_active,14.13240989483893,1783794693.5305371,201.572,44,94,2257,12481
6,int8_active,14.232638955116272,1783794693.6307666,201.548,44,94,2257,12481
6,int8_active,14.332856586202979,1783794693.730984,201.882,44,94,2257,12481
6,int8_active,14.433061758056283,1783794693.831189,201.284,44,94,2257,12481
6,int8_active,14.533272909000516,1783794693.9313998,202.004,44,94,2257,12481
6,int8_active,14.633504278957844,1783794694.0316317,202.047,44,94,2257,12481
6,int8_active,14.733771542087197,1783794694.1318989,202.047,44,94,2257,12481
6,int8_active,14.834000147879124,1783794694.2321272,201.518,44,94,2257,12481
6,int8_active,14.934196630492806,1783794694.332321,201.395,44,94,2257,12481
6,int8_active,15.03441021963954,1783794694.4325373,202.22,44,94,2257,12481
6,int8_active,15.13461958616972,1783794694.5327463,202.526,44,94,2257,12481
6,int8_active,15.234837559983134,1783794694.6329644,201.917,44,94,2257,12481
6,int8_active,15.335056936368346,1783794694.7331843,201.498,44,94,2257,12481
6,int8_active,15.435279253870249,1783794694.8334064,201.881,44,94,2257,12481
6,int8_active,15.535498093813658,1783794694.9336262,202.561,44,94,2257,12481
6,int8_active,15.635715024545789,1783794695.0338438,201.908,44,94,2257,12481
6,int8_active,15.735939746722579,1783794695.134068,201.217,44,94,2257,12481
6,int8_active,15.836174657568336,1783794695.2343025,201.97,44,94,2257,12481
6,int8_active,15.936353959143162,1783794695.334464,202.29,44,94,2257,12481
6,int8_active,16.036510907113552,1783794695.4346387,202.022,44,94,2257,12481
6,int8_active,16.136768765747547,1783794695.5348966,201.686,44,94,2257,12481
6,int8_active,16.23699003085494,1783794695.6351173,201.696,44,94,2257,12481
6,int8_active,16.337215626612306,1783794695.7353425,202.15,44,94,2257,12481
6,int8_active,16.437428889796138,1783794695.8355556,202.327,44,94,2257,12481
6,int8_active,16.53765201382339,1783794695.9357796,201.83,44,94,2257,12481
6,int8_active,16.637872574850917,1783794696.036,201.554,44,94,2257,12481
6,int8_active,16.73807585053146,1783794696.1362236,202.507,44,94,2257,12481
6,int8_active,16.838322730734944,1783794696.23645,202.831,44,94,2257,12481
6,int8_active,16.93854541890323,1783794696.3366728,201.958,44,94,2257,12481
6,int8_active,17.03876501508057,1783794696.4368927,201.66,44,94,2257,12481
6,int8_active,17.138991685584188,1783794696.5371192,202.539,44,94,2257,12481
6,int8_active,17.239211039617658,1783794696.6373384,203.025,44,94,2257,12481
6,int8_active,17.33943168260157,1783794696.737559,202.601,44,94,2257,12481
6,int8_active,17.439618594944477,1783794696.8377364,201.707,44,94,2257,12481
6,int8_active,17.539806785061955,1783794696.937934,201.997,44,94,2257,12481
6,int8_active,17.640073783695698,1783794697.038201,202.544,44,94,2257,12481
6,int8_active,17.740292094647884,1783794697.138419,202.9,44,94,2257,12481
6,int8_active,17.840510591864586,1783794697.238638,202.401,44,94,2257,12481
6,int8_active,17.940769977867603,1783794697.3388972,201.898,44,94,2257,12481
6,int8_active,18.04098977893591,1783794697.4391172,201.887,44,94,2257,12481
6,int8_active,18.141216322779655,1783794697.5393436,202.351,44,94,2257,12481
6,int8_active,18.241434898227453,1783794697.6395626,202.451,44,94,2257,12481
6,int8_active,18.341687286272645,1783794697.7398143,201.91,44,94,2257,12481
6,int8_active,18.441964723169804,1783794697.8400922,201.866,44,94,2257,12481
6,int8_active,18.542182862758636,1783794697.9403102,201.666,44,94,2257,12481
6,int8_active,18.64240263774991,1783794698.0405302,202.198,44,94,2257,12481
6,int8_active,18.742625316604972,1783794698.1407542,201.746,44,94,2257,12481
6,int8_active,18.842849858105183,1783794698.2409787,201.203,44,94,2257,12481
6,int8_active,18.943072110414505,1783794698.3411994,200.86,44,94,2257,12481
6,int8_active,19.04331509768963,1783794698.4414425,201.753,44,94,2257,12481
6,int8_active,19.143543435260653,1783794698.5416706,202.337,44,94,2257,12481
6,int8_active,19.243771877139807,1783794698.6418993,201.111,44,94,2257,12481
6,int8_active,19.344123108312488,1783794698.7422523,200.989,44,94,2257,12481
6,int8_active,19.44434081017971,1783794698.8424695,201.565,44,94,2257,12481
6,int8_active,19.544541254639626,1783794698.9426696,202.446,44,94,2257,12481
6,int8_active,19.644782174378633,1783794699.0429096,201.935,44,94,2257,12481
6,int8_active,19.745003135874867,1783794699.1431303,201.553,44,94,2257,12481
6,int8_active,19.845223316922784,1783794699.2433507,202.083,44,94,2257,12481
6,int8_active,19.94544816017151,1783794699.343576,202.874,44,94,2257,12481
6,int8_active,20.04566840082407,1783794699.443796,203.176,44,94,2257,12481
6,int8_active,20.14592575468123,1783794699.5440536,202.041,44,94,2257,12481
6,int8_active,20.246256763115525,1783794699.6443849,201.658,44,94,2257,12481
6,int8_active,20.346478128805757,1783794699.744607,202.841,44,94,2257,12481
6,int8_active,20.446703609079123,1783794699.8448315,202.882,44,94,2257,12481
6,int8_active,20.546900575980544,1783794699.9450285,201.675,44,94,2257,12481
6,int8_active,20.647121630609035,1783794700.045282,201.891,44,94,2257,12481
6,int8_active,20.747381199151278,1783794700.145509,202.679,44,94,2257,12481
6,int8_active,20.84762851893902,1783794700.2457564,203.023,44,94,2257,12481
6,int8_active,20.94784976169467,1783794700.3460085,202.169,44,94,2257,12481
6,int8_active,21.048166593536735,1783794700.446294,201.129,44,94,2257,12481
6,int8_active,21.148387694731355,1783794700.5465157,201.538,44,94,2257,12481
6,int8_active,21.248629540205002,1783794700.6467571,201.874,44,94,2257,12481
6,int8_active,21.34885406680405,1783794700.746982,202.217,44,94,2257,12481
6,int8_active,21.449075838550925,1783794700.8472037,202.046,44,94,2257,12481
6,int8_active,21.549280235543847,1783794700.9474082,201.619,44,94,2257,12481
6,int8_active,21.649502677842975,1783794701.047661,201.998,44,94,2257,12481
6,int8_active,21.749733861535788,1783794701.1478603,202.091,44,94,2257,12481
6,int8_active,21.84995538368821,1783794701.2480898,202.221,44,94,2257,12481
6,int8_active,21.950184041634202,1783794701.348312,201.3,44,94,2257,12481
6,int8_active,22.050404934212565,1783794701.448533,201.591,44,94,2257,12481
6,int8_active,22.150630546733737,1783794701.5487583,201.956,44,94,2257,12481
6,int8_active,22.25086889229715,1783794701.6489966,201.995,44,94,2257,12481
6,int8_active,22.35108964703977,1783794701.7492173,201.429,44,94,2257,12481
6,int8_active,22.45133650675416,1783794701.8494644,200.686,44,94,2257,12481
6,int8_active,22.551555659621954,1783794701.9496837,201.597,44,94,2257,12481
6,int8_active,22.651777109131217,1783794702.0499046,202.321,44,94,2257,12481
6,int8_active,22.751992113888264,1783794702.1501203,201.866,44,94,2257,12481
6,int8_active,22.852222561836243,1783794702.2503529,200.769,44,94,2257,12481
6,int8_active,22.952451057732105,1783794702.35061,201.21,44,94,2257,12481
6,int8_active,23.05270698107779,1783794702.450835,202.19,44,94,2257,12481
6,int8_active,23.152928302064538,1783794702.5510561,202.631,44,94,2257,12481
6,int8_active,23.253149362280965,1783794702.6512768,201.361,44,94,2257,12481
6,int8_active,23.353371687233448,1783794702.7514994,201.906,44,94,2257,12481
6,int8_active,23.453592494130135,1783794702.85172,202.373,44,94,2257,12481
6,int8_active,23.5538139231503,1783794702.951942,202.99,44,94,2257,12481
6,int8_active,23.654039872810245,1783794703.0521677,202.062,44,94,2257,12481
6,int8_active,23.75423781014979,1783794703.1523652,202.165,44,94,2257,12481
6,int8_active,23.854456841945648,1783794703.2525845,202.652,44,94,2257,12481
6,int8_active,23.954679226502776,1783794703.3528073,202.889,44,94,2257,12481
6,int8_active,24.054953280836344,1783794703.4531074,202.152,44,94,2257,12481
6,int8_active,24.155213182792068,1783794703.5533412,201.461,44,94,2257,12481
6,int8_active,24.25543656013906,1783794703.6535678,201.439,44,94,2257,12481
6,int8_active,24.35562663525343,1783794703.7537434,202.423,44,94,2257,12481
6,int8_active,24.455784330144525,1783794703.8539162,202.481,44,94,2257,12481
6,int8_active,24.555998308584094,1783794703.954127,201.781,44,94,2257,12481
6,int8_active,24.6561979111284,1783794704.0543275,201.413,44,94,2257,12481
6,int8_active,24.75640190951526,1783794704.154533,202.329,44,94,2257,12481
6,int8_active,24.856598906219006,1783794704.2547157,202.088,44,94,2257,12481
6,int8_active,24.956780513748527,1783794704.354912,201.855,44,94,2257,12481
6,int8_active,25.0570483841002,1783794704.4551795,201.39,44,94,2257,12481
6,int8_active,25.157278817147017,1783794704.5554082,201.71,44,94,2257,12481
6,int8_active,25.257512463256717,1783794704.6556406,202.715,44,94,2257,12481
6,int8_active,25.35778327845037,1783794704.7559104,203.111,44,94,2257,12481
6,int8_active,25.458007281646132,1783794704.8561378,202.259,44,94,2257,12481
6,int8_active,25.55824194662273,1783794704.9563723,201.246,44,94,2257,12481
6,int8_active,25.658476445823908,1783794705.056609,201.531,44,94,2257,12481
6,int8_active,25.758713694289327,1783794705.1568444,202.345,44,94,2257,12481
6,int8_active,25.858998723328114,1783794705.2571273,202.177,44,94,2257,12481
6,int8_active,25.959267992526293,1783794705.357396,201.296,44,94,2257,12481
6,int8_active,26.05949165672064,1783794705.4576213,201.4,44,94,2257,12481
6,int8_active,26.159719994291663,1783794705.5578494,201.252,44,94,2257,12481
6,int8_active,26.25994647294283,1783794705.6580749,201.778,44,94,2257,12481
6,int8_active,26.360267374664545,1783794705.75843,201.69,44,94,2257,12481
6,int8_active,26.460486548021436,1783794705.8585973,201.009,44,94,2257,12481
6,int8_active,26.560689438134432,1783794705.9588199,200.72,44,94,2257,12481
6,int8_active,26.66091786697507,1783794706.0590465,201.624,44,94,2257,12481
6,int8_active,26.761146331205964,1783794706.1592755,202.285,44,94,2257,12481
6,int8_active,26.861373325809836,1783794706.2595007,201.082,44,94,2257,12481
6,int8_active,26.96155145391822,1783794706.3596604,201.228,44,94,2257,12481
6,int8_active,27.061707286164165,1783794706.4598355,202.113,44,94,2257,12481
6,int8_active,27.16191106289625,1783794706.5600407,202.429,44,94,2257,12481
6,int8_active,27.262200441211462,1783794706.660329,201.373,44,94,2257,12481
6,int8_active,27.362425290048122,1783794706.760554,200.963,44,94,2257,12481
6,int8_active,27.46264866180718,1783794706.8607762,201.428,44,94,2257,12481
6,int8_active,27.5629123095423,1783794706.9610398,202.899,44,94,2257,12481
6,int8_active,27.66313463449478,1783794707.061265,202.383,44,94,2257,12481
6,int8_active,27.76336027495563,1783794707.1614883,201.432,44,94,2257,12481
6,int8_active,27.86358105391264,1783794707.2617085,202.512,44,94,2257,12481
6,int8_active,27.963801534846425,1783794707.361929,203.242,44,94,2257,12481
6,int8_active,28.06402255035937,1783794707.46215,202.685,44,94,2257,12481
6,int8_active,28.164241770282388,1783794707.5623693,201.62,44,94,2257,12481
6,int8_active,28.264460237696767,1783794707.662588,202.601,44,94,2257,12481
6,int8_active,28.36471995897591,1783794707.7628474,203.28,44,94,2257,12481
6,int8_active,28.464950470253825,1783794707.8631115,203.037,44,94,2257,12481
6,int8_active,28.565220383927226,1783794707.96335,202.233,44,94,2257,12481
6,int8_active,28.665449038147926,1783794708.0635781,202.508,44,94,2257,12481
6,int8_active,28.765676122158766,1783794708.1638048,203.09,44,94,2257,12481
6,int8_active,28.865883538499475,1783794708.2640123,202.773,44,94,2257,12481
6,int8_active,28.966099698096514,1783794708.3642275,202.271,44,94,2257,12481
6,int8_active,29.066333519294858,1783794708.4644642,201.819,44,94,2257,12481
6,int8_active,29.166558610275388,1783794708.564686,202.72,44,94,2257,12481
6,int8_active,29.266777105629444,1783794708.664904,203.472,44,94,2257,12481
6,int8_active,29.366978742182255,1783794708.765105,202.289,44,94,2257,12481
6,int8_active,29.467194573953748,1783794708.8653219,201.962,44,94,2257,12481
6,int8_active,29.56741433031857,1783794708.9655418,202.062,44,94,2257,12481
6,int8_active,29.66763362661004,1783794709.065761,202.691,44,94,2257,12481
6,int8_active,29.767878079786897,1783794709.1660051,202.643,44,94,2257,12481
6,int8_active,29.868083158507943,1783794709.2662091,201.926,44,94,2257,12481
6,int8_active,29.9683042075485,1783794709.3664315,201.574,44,94,2257,12481
6,int8_active,30.068553633987904,1783794709.4666998,202.13,44,94,2257,12481
6,int8_active,30.168786639347672,1783794709.5669127,202.632,44,94,2257,12481
6,int8_active,30.269021410495043,1783794709.6671488,201.787,44,94,2257,12481
6,int8_active,30.369249142706394,1783794709.767377,201.79,44,94,2257,12481
6,int8_active,30.46946925483644,1783794709.867597,201.75,44,94,2257,12481
6,int8_active,30.56968896649778,1783794709.9678164,202.504,44,94,2257,12481
6,int8_active,30.66990383155644,1783794710.0680318,202.785,44,94,2257,12481
6,int8_active,30.770125102251768,1783794710.168253,202.24,44,94,2257,12481
6,int8_active,30.870345570147038,1783794710.2684731,202.085,44,94,2257,12481
6,int8_active,30.97056670859456,1783794710.368694,202.883,44,94,2257,12481
6,int8_active,31.070797726511955,1783794710.4689252,202.873,44,94,2257,12481
6,int8_active,31.171017410233617,1783794710.5691447,202.498,44,94,2257,12481
6,int8_active,31.27125510573387,1783794710.6693861,201.986,44,94,2257,12481
6,int8_active,31.371478473767638,1783794710.7696369,202.221,44,94,2257,12481
6,int8_active,31.47173405252397,1783794710.8698614,203.204,44,94,2257,12481
6,int8_active,31.571952855214477,1783794710.9700806,203.191,44,94,2257,12481
6,int8_active,31.672172375023365,1783794711.0702996,202.496,44,94,2257,12481
6,int8_active,31.7723916079849,1783794711.170519,202.108,44,94,2257,12481
6,int8_active,31.872625110670924,1783794711.270752,202.791,44,94,2257,12481
6,int8_active,31.972845965996385,1783794711.3709736,203.605,44,94,2257,12481
6,int8_active,32.07306555658579,1783794711.4711928,203.397,44,94,2257,12481
6,int8_active,32.17328901402652,1783794711.5714164,202.545,44,94,2257,12481
6,int8_active,32.27351166494191,1783794711.671639,203.003,44,94,2257,12481
6,int8_active,32.37373101525009,1783794711.771858,203.317,44,94,2257,12481
6,int8_active,32.47395024634898,1783794711.872078,203.656,44,94,2257,12481
6,int8_active,32.57418707385659,1783794711.9723144,202.884,44,94,2257,12481
6,int8_active,32.67440605536103,1783794712.0725331,201.991,44,94,2257,12481
6,int8_active,32.774625392630696,1783794712.172753,202.827,44,94,2257,12481
6,int8_active,32.87485346570611,1783794712.2729812,203.18,44,94,2257,12481
6,int8_active,32.975081553682685,1783794712.37321,202.865,44,94,2257,12481
6,int8_active,33.07530983351171,1783794712.4734368,202.45,44,94,2257,12481
6,int8_active,33.1755283549428,1783794712.5736895,203.044,44,94,2257,12481
6,int8_active,33.275796573609114,1783794712.6739237,203.243,44,94,2257,12481
6,int8_active,33.37601567991078,1783794712.774143,203.728,44,94,2257,12481
6,int8_active,33.476223047822714,1783794712.8743496,202.715,44,94,2257,12481
6,int8_active,33.5764376539737,1783794712.974565,202.004,44,94,2257,12481
6,int8_active,33.676656901836395,1783794713.0747845,202.177,44,94,2257,12481
6,int8_active,33.776878982782364,1783794713.175006,203.096,44,94,2257,12481
6,int8_active,33.87709718570113,1783794713.2752242,203.017,44,94,2257,12481
6,int8_active,33.977314956486225,1783794713.3754425,201.693,44,94,2257,12481
6,int8_active,34.07753439806402,1783794713.475662,201.839,44,94,2257,12481
6,int8_active,34.177773812785745,1783794713.5759013,202.732,44,94,2257,12481
6,int8_active,34.2779927700758,1783794713.6761196,202.812,44,94,2257,12481
6,int8_active,34.37824526056647,1783794713.7763724,202.051,44,94,2257,12481
6,int8_active,34.478464752435684,1783794713.876592,201.815,44,94,2257,12481
6,int8_active,34.57868367806077,1783794713.9768107,202.181,44,94,2257,12481
6,int8_active,34.678905703127384,1783794714.0770333,203.027,44,94,2257,12481
6,int8_active,34.77912424132228,1783794714.1772513,202.238,44,94,2257,12481
6,int8_active,34.87934163585305,1783794714.277469,201.886,44,94,2257,12481
6,int8_active,34.979538429528475,1783794714.3776631,201.97,44,94,2257,12481
6,int8_active,35.079753790050745,1783794714.4778812,202.94,44,94,2257,12481
6,int8_active,35.17997760511935,1783794714.5781054,202.972,44,94,2257,12481
6,int8_active,35.280199801549315,1783794714.678327,202.126,44,94,2257,12481
6,int8_active,35.380424082279205,1783794714.7785513,202.311,44,94,2257,12481
6,int8_active,35.48063198290765,1783794714.8787603,203.325,44,94,2257,12481
6,int8_active,35.58085338585079,1783794714.9789803,203.145,44,94,2257,12481
6,int8_active,35.68107503838837,1783794715.0792036,202.783,44,94,2257,12481
6,int8_active,35.78126002661884,1783794715.1793725,202.618,44,94,2257,12481
6,int8_active,35.88142508268356,1783794715.2795525,203.193,44,94,2257,12481
6,int8_active,35.98165155015886,1783794715.3797796,203.885,44,94,2257,12481
6,int8_active,36.08187125809491,1783794715.479999,203.202,44,94,2257,12481
6,int8_active,36.182092567905784,1783794715.58022,202.365,44,94,2257,12481
6,int8_active,36.28232039883733,1783794715.6804478,202.928,44,94,2257,12481
6,int8_active,36.38253895752132,1783794715.7806664,203.27,44,94,2257,12481
6,int8_active,36.48277188651264,1783794715.8808994,202.15,44,94,2257,12481
6,int8_active,36.58299312926829,1783794715.9811203,201.727,44,94,2257,12481
6,int8_active,36.683204874396324,1783794716.0813317,202.237,44,94,2257,12481
6,int8_active,36.78342344984412,1783794716.1815512,202.73,44,94,2257,12481
6,int8_active,36.88364188373089,1783794716.2817695,202.586,44,94,2257,12481
6,int8_active,36.98386652208865,1783794716.381994,202.243,44,94,2257,12481
6,int8_active,37.08408495783806,1783794716.4822118,202.028,44,94,2257,12481
6,int8_active,37.18431793898344,1783794716.582446,202.611,44,94,2257,12481
6,int8_active,37.28454362787306,1783794716.6826708,202.981,44,94,2257,12481
6,int8_active,37.38478613831103,1783794716.7829132,202.549,44,94,2257,12481
6,int8_active,37.48500642180443,1783794716.8831334,202.517,44,94,2257,12481
6,int8_active,37.58522794954479,1783794716.9833553,202.561,44,94,2257,12481
6,int8_active,37.68542895838618,1783794717.0835884,203.081,44,94,2257,12481
6,int8_active,37.78566103242338,1783794717.1837876,203.117,44,94,2257,12481
6,int8_active,37.88585879839957,1783794717.2839868,202.98,44,94,2257,12481
6,int8_active,37.986054761335254,1783794717.3841822,202.143,44,94,2257,12481
6,int8_active,38.08627494610846,1783794717.4844027,202.55,44,94,2257,12481
6,int8_active,38.1864730976522,1783794717.5845995,203.487,44,94,2257,12481
6,int8_active,38.28666655905545,1783794717.684794,203.069,44,94,2257,12481
6,int8_active,38.38686340302229,1783794717.7849898,202.352,44,94,2257,12481
6,int8_active,38.48705987073481,1783794717.8851876,202.042,44,94,2257,12481
6,int8_active,38.587312653660774,1783794717.9854405,202.83,44,94,2257,12481
6,int8_active,38.6875439863652,1783794718.085671,203.124,44,94,2257,12481
6,int8_active,38.78775800578296,1783794718.1859107,202.496,44,94,2257,12481
6,int8_active,38.8879859149456,1783794718.2861135,201.699,44,94,2257,12481
6,int8_active,38.98818115890026,1783794718.3863082,202.523,44,94,2257,12481
6,int8_active,39.08837683312595,1783794718.4865046,202.947,44,94,2257,12481
6,int8_active,39.18861519359052,1783794718.5867293,202.207,44,94,2257,12481
6,int8_active,39.28876114450395,1783794718.686889,201.904,44,94,2257,12481
6,int8_active,39.38896323367953,1783794718.7870896,202.03,44,94,2257,12481
6,int8_active,39.48916120454669,1783794718.88729,202.887,44,94,2257,12481
6,int8_active,39.58936043828726,1783794718.987489,203.044,44,94,2257,12481
6,int8_idle_post,0.0002948641777038574,1783794719.0479748,201.905,44,94,2257,12481
6,int8_idle_post,0.10061976872384548,1783794719.148247,192.308,42,94,2257,12481
6,int8_idle_post,0.20084435679018497,1783794719.248472,181.472,41,0,2257,12481
6,int8_idle_post,0.3010720405727625,1783794719.3487005,173.016,41,0,2257,12481
6,int8_idle_post,0.40139947459101677,1783794719.4490275,162.412,41,0,2257,12481
6,int8_idle_post,0.5016700848937035,1783794719.5492992,146.688,41,0,2265,12481
6,int8_idle_post,0.6019017100334167,1783794719.6495285,135.885,41,0,2265,12481
6,int8_idle_post,0.7021760866045952,1783794719.7498035,124.36,41,0,2265,12481
6,int8_idle_post,0.802401028573513,1783794719.8500283,121.092,41,0,2265,12481
6,int8_idle_post,0.9027162604033947,1783794719.950343,100.777,40,0,2265,12481
6,int8_idle_post,1.002942381426692,1783794720.0505714,89.849,40,0,2265,12481
6,int8_idle_post,1.103207305073738,1783794720.1508372,89.849,40,0,2265,12481
6,int8_idle_post,1.2035354934632778,1783794720.2511642,89.849,40,0,2265,12481
6,int8_idle_post,1.303762748837471,1783794720.3513896,89.849,40,0,2265,12481
6,int8_idle_post,1.4039897285401821,1783794720.4516177,89.849,40,0,2265,12481
6,int8_idle_post,1.5042218379676342,1783794720.5518553,89.849,40,0,2265,12481
6,int8_idle_post,1.6044837199151516,1783794720.6521084,89.849,40,0,2265,12481
6,int8_idle_post,1.7047017104923725,1783794720.7523305,89.849,40,0,2265,12481
6,int8_idle_post,1.804930292069912,1783794720.8525586,89.849,40,0,2265,12481
6,int8_idle_post,1.905159268528223,1783794720.9527864,89.849,40,0,2265,12481
6,int8_idle_post,2.005390129983425,1783794721.053019,86.675,40,0,2265,12481
6,int8_idle_post,2.105646029114723,1783794721.1532753,86.675,40,0,2265,12481
6,int8_idle_post,2.2058767806738615,1783794721.253504,86.675,40,0,2265,12481
6,int8_idle_post,2.3061040937900543,1783794721.353732,86.675,40,0,2265,12481
6,int8_idle_post,2.4063332453370094,1783794721.4539614,86.675,40,0,2265,12481
6,int8_idle_post,2.506568517535925,1783794721.5541966,86.675,40,0,2265,12481
6,int8_idle_post,2.6067950148135424,1783794721.6544216,86.675,40,0,2265,12481
6,int8_idle_post,2.707022164016962,1783794721.7546496,86.675,40,0,2265,12481
6,int8_idle_post,2.807336926460266,1783794721.8549504,86.675,40,0,2265,12481
6,int8_idle_post,2.9075627010315657,1783794721.9551892,86.675,40,0,2265,12481
6,int8_idle_post,3.007835188880563,1783794722.0554624,86.491,40,0,2265,12481
6,int8_idle_post,3.1080547645688057,1783794722.1556869,86.491,40,0,2257,12481
6,int8_idle_post,3.208314884454012,1783794722.2559443,86.491,40,0,2257,12481
6,int8_idle_post,3.308551896363497,1783794722.3561857,86.491,40,0,2257,12481
6,int8_idle_post,3.4087974838912487,1783794722.456431,86.491,40,0,2257,12481
6,int8_idle_post,3.509043464437127,1783794722.5566776,86.491,40,0,2257,12481
6,int8_idle_post,3.6092893090099096,1783794722.6569223,86.491,40,0,2257,12481
6,int8_idle_post,3.709515057504177,1783794722.7571218,86.491,40,0,2257,12481
6,int8_idle_post,3.8096717055886984,1783794722.8572977,86.491,40,0,2257,12481
6,int8_idle_post,3.9099200014024973,1783794722.957545,86.491,40,0,2257,12481
6,int8_idle_post,4.010302038863301,1783794723.0579271,86.539,39,0,2257,12481
6,int8_idle_post,4.110542869195342,1783794723.1581683,86.539,39,0,2265,12481
6,int8_idle_post,4.210762873291969,1783794723.2583883,86.539,39,0,2265,12481
6,int8_idle_post,4.31098497658968,1783794723.3586104,86.539,39,0,2265,12481
6,int8_idle_post,4.4112274795770645,1783794723.4588525,86.539,39,0,2265,12481
6,int8_idle_post,4.511516895145178,1783794723.5591424,86.539,39,0,2265,12481
6,int8_idle_post,4.611797405406833,1783794723.6594224,86.539,39,0,2265,12481
6,int8_idle_post,4.712035747244954,1783794723.7596607,86.539,39,0,2265,12481
6,int8_idle_post,4.812386931851506,1783794723.8600125,86.539,39,0,2265,12481
6,int8_idle_post,4.912606680765748,1783794723.9602318,86.539,39,0,2265,12481
6,int8_idle_post,5.012897424399853,1783794724.0605214,86.488,39,0,2265,12481
6,int8_idle_post,5.113175584003329,1783794724.160801,86.488,39,0,2265,12481
6,int8_idle_post,5.213394124060869,1783794724.2610195,86.488,39,0,2265,12481
6,int8_idle_post,5.3136147409677505,1783794724.3612401,86.488,39,0,2265,12481
6,int8_idle_post,5.413833940401673,1783794724.461459,86.488,39,0,2265,12481
6,int8_idle_post,5.5140537191182375,1783794724.561679,86.488,39,0,2265,12481
6,int8_idle_post,5.614307779818773,1783794724.661933,86.488,39,0,2265,12481
6,int8_idle_post,5.714638885110617,1783794724.762264,86.488,39,0,2265,12481
6,int8_idle_post,5.814869808033109,1783794724.862496,86.488,39,0,2265,12481
6,int8_idle_post,5.915098208934069,1783794724.9627242,86.488,39,0,2265,12481
6,int8_idle_post,6.015418097376823,1783794725.0630438,86.513,39,0,2265,12481
6,int8_idle_post,6.115640789270401,1783794725.1632679,86.513,39,0,2265,12481
6,int8_idle_post,6.215904930606484,1783794725.2635303,86.513,39,0,2265,12481
6,int8_idle_post,6.316124560311437,1783794725.3637493,86.513,39,0,2265,12481
6,int8_idle_post,6.416344333440065,1783794725.4639692,86.513,39,0,2265,12481
6,int8_idle_post,6.516565706580877,1783794725.5641906,86.513,39,0,2265,12481
6,int8_idle_post,6.616819612681866,1783794725.6644459,86.513,39,0,2265,12481
6,int8_idle_post,6.717042094096541,1783794725.7646685,86.513,39,0,2265,12481
6,int8_idle_post,6.817276202142239,1783794725.8649015,86.513,39,0,2265,12481
6,int8_idle_post,6.917515890672803,1783794725.965141,86.513,39,0,2265,12481
6,int8_idle_post,7.01773595251143,1783794726.0653615,86.542,39,0,2265,12481
6,int8_idle_post,7.117956532165408,1783794726.165583,86.542,39,0,2257,12481
6,int8_idle_post,7.218175068497658,1783794726.2658002,86.542,39,0,2257,12481
6,int8_idle_post,7.318394556641579,1783794726.3660195,86.542,39,0,2257,12481
6,int8_idle_post,7.418613800778985,1783794726.4662392,86.542,39,0,2257,12481
6,int8_idle_post,7.5188316591084,1783794726.5664594,86.542,39,0,2257,12481
6,int8_idle_post,7.6190732680261135,1783794726.666715,86.542,39,0,2257,12481
6,int8_idle_post,7.7194872330874205,1783794726.767113,86.542,39,0,2257,12481
6,int8_idle_post,7.819726128131151,1783794726.8673515,86.542,39,0,2257,12481
6,int8_idle_post,7.920027047395706,1783794726.9676526,86.542,39,0,2257,12481
6,int8_idle_post,8.020286723971367,1783794727.0679119,86.539,38,0,2257,12481
6,int8_idle_post,8.120505224913359,1783794727.1681306,86.539,38,0,2265,12481
6,int8_idle_post,8.220723977312446,1783794727.2683494,86.539,38,0,2265,12481
6,int8_idle_post,8.320942433550954,1783794727.3685672,86.539,38,0,2265,12481
6,int8_idle_post,8.421163139864802,1783794727.4687884,86.539,38,0,2265,12481
6,int8_idle_post,8.521418346092105,1783794727.5690434,86.539,38,0,2265,12481
6,int8_idle_post,8.621636999770999,1783794727.6692624,86.539,38,0,2265,12481
6,int8_idle_post,8.72185636870563,1783794727.7694814,86.539,38,0,2265,12481
6,int8_idle_post,8.822124756872654,1783794727.86975,86.539,38,0,2265,12481
6,int8_idle_post,8.922395184636116,1783794727.9700208,86.539,38,0,2265,12481
6,int8_idle_post,9.022654443979263,1783794728.0702796,86.27,38,0,2265,12481
6,int8_idle_post,9.122872561216354,1783794728.1704974,86.27,38,0,2265,12481
6,int8_idle_post,9.223133301362395,1783794728.2707586,86.27,38,0,2265,12481
6,int8_idle_post,9.32335496135056,1783794728.3709798,86.27,38,0,2265,12481
6,int8_idle_post,9.423572812229395,1783794728.4711976,86.27,38,0,2265,12481
6,int8_idle_post,9.523792890831828,1783794728.5714178,86.27,38,0,2265,12481
6,int8_idle_post,9.624026261270046,1783794728.6716516,86.27,38,0,2265,12481
6,int8_idle_post,9.724244218319654,1783794728.7718694,86.27,38,0,2265,12481
6,int8_idle_post,9.8244723752141,1783794728.8720975,86.27,38,0,2265,12481
6,int8_idle_post,9.92469153739512,1783794728.9723172,86.27,38,0,2265,12481
7,fp32_idle_pre,0.0002788174897432327,1783794729.0728836,86.052,38,0,2265,12481
7,fp32_idle_pre,0.10049831867218018,1783794729.1731052,86.052,38,0,2265,12481
7,fp32_idle_pre,0.2007320672273636,1783794729.273339,86.052,38,0,2265,12481
7,fp32_idle_pre,0.30095117166638374,1783794729.373558,86.052,38,0,2265,12481
7,fp32_idle_pre,0.40123049914836884,1783794729.4738376,86.052,38,0,2265,12481
7,fp32_idle_pre,0.5015535615384579,1783794729.5741637,86.052,38,0,2265,12481
7,fp32_idle_pre,0.601783461868763,1783794729.6743941,86.052,38,0,2265,12481
7,fp32_idle_pre,0.7020597569644451,1783794729.774667,86.052,38,0,2265,12481
7,fp32_idle_pre,0.8024527207016945,1783794729.8750603,86.052,38,0,2265,12481
7,fp32_idle_pre,0.9026628397405148,1783794729.9752705,86.052,38,0,2265,12481
7,fp32_idle_pre,1.0029437746852636,1783794730.0755532,85.079,38,0,2265,12481
7,fp32_idle_pre,1.1031714584678411,1783794730.17578,85.079,38,0,2265,12481
7,fp32_idle_pre,1.2033968027681112,1783794730.276004,85.079,38,0,2265,12481
7,fp32_idle_pre,1.3036456499248743,1783794730.376253,85.079,38,0,2265,12481
7,fp32_idle_pre,1.4038661774247885,1783794730.476473,85.079,38,0,2265,12481
7,fp32_idle_pre,1.504084488376975,1783794730.5766916,85.079,38,0,2265,12481
7,fp32_idle_pre,1.6044138707220554,1783794730.6770213,85.079,38,0,2265,12481
7,fp32_idle_pre,1.7046344429254532,1783794730.7772417,85.079,38,0,2265,12481
7,fp32_idle_pre,1.8048550467938185,1783794730.877462,85.079,38,0,2265,12481
7,fp32_idle_pre,1.9051011223345995,1783794730.9777098,85.079,38,0,2265,12481
7,fp32_idle_pre,2.005289616063237,1783794731.07788,85.079,38,0,2265,12481
7,fp32_idle_pre,2.1054463051259518,1783794731.1780534,85.079,38,0,2265,12481
7,fp32_idle_pre,2.205666719004512,1783794731.2782736,85.079,38,0,2265,12481
7,fp32_idle_pre,2.305886013433337,1783794731.3784926,85.079,38,0,2265,12481
7,fp32_idle_pre,2.406124444678426,1783794731.4787312,85.079,38,0,2265,12481
7,fp32_idle_pre,2.506431231275201,1783794731.5790381,85.079,38,0,2265,12481
7,fp32_idle_pre,2.6066517625004053,1783794731.6792588,85.079,38,0,2265,12481
7,fp32_idle_pre,2.7068704944103956,1783794731.7794776,85.079,38,0,2265,12481
7,fp32_idle_pre,2.8070895951241255,1783794731.8796961,85.079,38,0,2265,12481
7,fp32_idle_pre,2.9073097445070744,1783794731.9799163,85.079,38,0,2265,12481
7,fp32_idle_pre,3.0075286868959665,1783794732.080135,85.085,37,0,2265,12481
7,fp32_idle_pre,3.107761373743415,1783794732.1803682,85.085,37,0,2257,12481
7,fp32_idle_pre,3.207980442792177,1783794732.2805874,85.085,37,0,2257,12481
7,fp32_idle_pre,3.3082048930227757,1783794732.3808136,85.085,37,0,2257,12481
7,fp32_idle_pre,3.408467995002866,1783794732.4810746,85.085,37,0,2257,12481
7,fp32_idle_pre,3.50868696346879,1783794732.5812938,85.085,37,0,2257,12481
7,fp32_idle_pre,3.608906140550971,1783794732.6815126,85.085,37,0,2257,12481
7,fp32_idle_pre,3.7091264817863703,1783794732.781733,85.085,37,0,2257,12481
7,fp32_idle_pre,3.809371678158641,1783794732.881979,85.085,37,0,2257,12481
7,fp32_idle_pre,3.90959145501256,1783794732.9821985,85.085,37,0,2257,12481
7,fp32_idle_pre,4.00991103053093,1783794733.0825188,85.474,37,0,2257,12481
7,fp32_idle_pre,4.110173745080829,1783794733.1827805,85.474,37,0,2265,12481
7,fp32_idle_pre,4.2104812897741795,1783794733.283088,85.474,37,0,2265,12481
7,fp32_idle_pre,4.310699721798301,1783794733.3833065,85.474,37,0,2265,12481
7,fp32_idle_pre,4.410915657877922,1783794733.4835234,85.474,37,0,2265,12481
7,fp32_idle_pre,4.511138312518597,1783794733.583745,85.474,37,0,2265,12481
7,fp32_idle_pre,4.611357470974326,1783794733.6839645,85.474,37,0,2265,12481
7,fp32_idle_pre,4.711578110232949,1783794733.784185,85.474,37,0,2265,12481
7,fp32_idle_pre,4.81179847382009,1783794733.8844063,85.474,37,0,2265,12481
7,fp32_idle_pre,4.912020226940513,1783794733.9846272,85.474,37,0,2265,12481
7,fp32_idle_pre,5.012241266667843,1783794734.0848482,85.279,37,0,2265,12481
7,fp32_idle_pre,5.1124599520117044,1783794734.1850667,85.279,37,0,2265,12481
7,fp32_idle_pre,5.212679738178849,1783794734.285287,85.279,37,0,2265,12481
7,fp32_idle_pre,5.312900951132178,1783794734.3855076,85.279,37,0,2265,12481
7,fp32_idle_pre,5.4131191950291395,1783794734.4857259,85.279,37,0,2265,12481
7,fp32_idle_pre,5.513370253145695,1783794734.5859768,85.279,37,0,2265,12481
7,fp32_idle_pre,5.61361182294786,1783794734.6862192,85.279,37,0,2265,12481
7,fp32_idle_pre,5.713869698345661,1783794734.7864788,85.279,37,0,2265,12481
7,fp32_idle_pre,5.814157076179981,1783794734.8867652,85.279,37,0,2265,12481
7,fp32_idle_pre,5.914450589567423,1783794734.987059,85.279,37,0,2265,12481
7,fp32_idle_pre,6.014761369675398,1783794735.0873737,85.085,37,0,2265,12481
7,fp32_idle_pre,6.115104427561164,1783794735.1877177,85.085,37,0,2265,12481
7,fp32_idle_pre,6.215345066040754,1783794735.287955,85.085,37,0,2265,12481
7,fp32_idle_pre,6.315645011141896,1783794735.388242,85.085,37,0,2265,12481
7,fp32_idle_pre,6.415825191885233,1783794735.4884348,85.085,37,0,2265,12481
7,fp32_idle_pre,6.5160675421357155,1783794735.5886757,85.085,37,0,2265,12481
7,fp32_idle_pre,6.616388181224465,1783794735.6889973,85.085,37,0,2265,12481
7,fp32_idle_pre,6.716615838930011,1783794735.789226,85.085,37,0,2265,12481
7,fp32_idle_pre,6.816846353933215,1783794735.889457,85.085,37,0,2265,12481
7,fp32_idle_pre,6.917148381471634,1783794735.9897585,85.085,37,0,2265,12481
7,fp32_idle_pre,7.017378594726324,1783794736.0899885,84.982,37,0,2265,12481
7,fp32_idle_pre,7.117610475048423,1783794736.1902204,84.982,37,0,2257,12481
7,fp32_idle_pre,7.217901295050979,1783794736.2905083,84.982,37,0,2257,12481
7,fp32_idle_pre,7.318137187510729,1783794736.3907447,84.982,37,0,2257,12481
7,fp32_idle_pre,7.418401235714555,1783794736.4910102,84.982,37,0,2257,12481
7,fp32_idle_pre,7.518639096990228,1783794736.591248,84.982,37,0,2257,12481
7,fp32_idle_pre,7.618899878114462,1783794736.6915088,84.982,37,0,2257,12481
7,fp32_idle_pre,7.719179470092058,1783794736.7917893,84.982,37,0,2257,12481
7,fp32_idle_pre,7.81940902210772,1783794736.8920183,84.982,37,0,2257,12481
7,fp32_idle_pre,7.919637670740485,1783794736.9922473,84.982,37,0,2257,12481
7,fp32_idle_pre,8.0199617985636,1783794737.092572,85.03,37,0,2257,12481
7,fp32_idle_pre,8.120196152478456,1783794737.1928072,85.03,37,0,2265,12481
7,fp32_idle_pre,8.220529774203897,1783794737.2931404,85.03,37,0,2265,12481
7,fp32_idle_pre,8.320760689675808,1783794737.3933694,85.03,37,0,2265,12481
7,fp32_idle_pre,8.420986315235496,1783794737.493595,85.03,37,0,2265,12481
7,fp32_idle_pre,8.521212466061115,1783794737.593822,85.03,37,0,2265,12481
7,fp32_idle_pre,8.621514363214374,1783794737.694124,85.03,37,0,2265,12481
7,fp32_idle_pre,8.721783401444554,1783794737.7943926,85.03,37,0,2265,12481
7,fp32_idle_pre,8.822050455957651,1783794737.8946576,85.03,37,0,2265,12481
7,fp32_idle_pre,8.922372281551361,1783794737.9949813,85.03,37,0,2265,12481
7,fp32_idle_pre,9.02259917743504,1783794738.0952067,85.079,37,0,2265,12481
7,fp32_idle_pre,9.122870448976755,1783794738.1954772,85.079,37,0,2265,12481
7,fp32_idle_pre,9.223089251667261,1783794738.2956958,85.079,37,0,2265,12481
7,fp32_idle_pre,9.323311697691679,1783794738.3959184,85.079,37,0,2265,12481
7,fp32_idle_pre,9.423530390486121,1783794738.4961374,85.079,37,0,2265,12481
7,fp32_idle_pre,9.52374892309308,1783794738.596356,85.079,37,0,2265,12481
7,fp32_idle_pre,9.624012243002653,1783794738.6966195,85.079,37,0,2265,12481
7,fp32_idle_pre,9.724241049960256,1783794738.796848,85.079,37,0,2265,12481
7,fp32_idle_pre,9.824459770694375,1783794738.8970668,85.079,37,0,2265,12481
7,fp32_idle_pre,9.92474851384759,1783794738.9973552,85.079,37,0,2265,12481
7,fp32_active,0.00040639936923980713,1783794739.0740728,85.085,37,0,2265,12481
7,fp32_active,0.10066276416182518,1783794739.1743321,91.105,38,0,2265,12481
7,fp32_active,0.2009524069726467,1783794739.2746217,108.324,41,94,2265,12481
7,fp32_active,0.3014167286455631,1783794739.3750856,121.805,42,94,2250,12481
7,fp32_active,0.40176067501306534,1783794739.4754295,136.377,43,94,2250,12481
7,fp32_active,0.5020785871893167,1783794739.5757477,146.232,43,94,2250,12481
7,fp32_active,0.6022983659058809,1783794739.675968,158.247,43,94,2250,12481
7,fp32_active,0.7025862149894238,1783794739.7762554,165.577,43,94,2250,12481
7,fp32_active,0.8028072919696569,1783794739.8764765,175.514,43,94,2250,12481
7,fp32_active,0.9030650481581688,1783794739.9767342,181.026,44,94,2250,12481
7,fp32_active,1.0032868552953005,1783794740.0769587,289.255,44,94,2250,12481
7,fp32_active,1.10363357514143,1783794740.1773028,293.553,44,94,2250,12481
7,fp32_active,1.2038532476872206,1783794740.277523,306.703,44,94,2250,12481
7,fp32_active,1.3040839117020369,1783794740.3777604,312.361,44,94,2250,12481
7,fp32_active,1.4043618086725473,1783794740.4780316,308.632,44,94,2250,12481
7,fp32_active,1.504693740978837,1783794740.5783644,310.728,44,94,2250,12481
7,fp32_active,1.6049213167279959,1783794740.6785917,310.989,44,94,2250,12481
7,fp32_active,1.7052824404090643,1783794740.7789524,307.928,44,94,2250,12481
7,fp32_active,1.805541504174471,1783794740.8792121,312.549,44,94,2250,12481
7,fp32_active,1.905835848301649,1783794740.9795058,310.208,44,94,2250,12481
7,fp32_active,2.006061214953661,1783794741.079731,312.9,44,94,2250,12481
7,fp32_active,2.1062830351293087,1783794741.1799567,309.108,44,94,2250,12481
7,fp32_active,2.2065477427095175,1783794741.2802181,311.092,45,94,2250,12481
7,fp32_active,2.3067709859460592,1783794741.3804402,311.767,45,94,2250,12481
7,fp32_active,2.406989697366953,1783794741.480659,312.052,45,94,2250,12481
7,fp32_active,2.5072083324193954,1783794741.5808775,309.27,44,94,2272,12481
7,fp32_active,2.60742723941803,1783794741.6810966,312.249,44,94,2272,12481
7,fp32_active,2.7076433524489403,1783794741.7813125,310.45,44,94,2272,12481
7,fp32_active,2.807861467823386,1783794741.8815305,305.994,44,94,2415,12481
7,fp32_active,2.908081952482462,1783794741.9817507,305.557,44,94,2415,12481
7,fp32_active,3.0082987174391747,1783794742.0819676,300.635,44,94,2415,12481
7,fp32_active,3.1085161436349154,1783794742.1821852,301.205,44,94,2415,12481
7,fp32_active,3.2087332997471094,1783794742.2824028,298.988,44,94,2415,12481
7,fp32_active,3.308953771367669,1783794742.382623,297.718,44,94,2415,12481
7,fp32_active,3.409223260357976,1783794742.4828923,294.8,44,94,2415,12481
7,fp32_active,3.509441899135709,1783794742.5831108,294.931,44,94,2415,12481
7,fp32_active,3.6096759755164385,1783794742.683345,288.772,45,94,2415,12481
7,fp32_active,3.7099044620990753,1783794742.783574,291.993,45,94,2415,12481
7,fp32_active,3.8101253006607294,1783794742.8837945,289.995,45,94,2415,12481
7,fp32_active,3.91034441255033,1783794742.9840133,293.229,45,94,2415,12481
7,fp32_active,4.0105632077902555,1783794743.0842323,290.989,45,94,2415,12481
7,fp32_active,4.110782286152244,1783794743.1844814,295.281,45,94,2415,12481
7,fp32_active,4.211038215085864,1783794743.2847078,296.475,45,94,2415,12481
7,fp32_active,4.311257191002369,1783794743.3849268,296.262,45,94,2415,12481
7,fp32_active,4.41147486679256,1783794743.4851441,295.198,45,94,2415,12481
7,fp32_active,4.511695668101311,1783794743.5853648,293.118,45,94,2415,12481
7,fp32_active,4.611914619803429,1783794743.6855946,297.79,45,94,2415,12481
7,fp32_active,4.712142001837492,1783794743.7858112,291.394,45,94,2415,12481
7,fp32_active,4.812361888587475,1783794743.886031,294.069,45,94,2415,12481
7,fp32_active,4.912587055936456,1783794743.986256,294.333,45,94,2415,12481
7,fp32_active,5.0128028728067875,1783794744.0864723,295.745,45,94,2415,12481
7,fp32_active,5.113070776686072,1783794744.1867397,291.395,45,94,2415,12481
7,fp32_active,5.213293466717005,1783794744.286963,292.584,45,94,2415,12481
7,fp32_active,5.313514703884721,1783794744.387184,293.58,45,94,2415,12481
7,fp32_active,5.413737799972296,1783794744.487409,290.358,45,94,2415,12481
7,fp32_active,5.513964390382171,1783794744.5876372,292.555,45,94,2415,12481
7,fp32_active,5.614199228584766,1783794744.6878736,291.897,45,94,2415,12481
7,fp32_active,5.714550647884607,1783794744.7882206,292.965,45,94,2415,12481
7,fp32_active,5.814769506454468,1783794744.888439,292.199,45,94,2415,12481
7,fp32_active,5.914991412311792,1783794744.9886606,294.096,45,94,2415,12481
7,fp32_active,6.0152135994285345,1783794745.0888848,296.331,45,94,2415,12481
7,fp32_active,6.11543851159513,1783794745.1891077,295.846,45,94,2415,12481
7,fp32_active,6.21565892547369,1783794745.289328,295.55,45,94,2415,12481
7,fp32_active,6.315876759588718,1783794745.3895476,296.493,45,94,2415,12481
7,fp32_active,6.416101643815637,1783794745.4897707,296.316,45,94,2415,12481
7,fp32_active,6.5163202323019505,1783794745.5899897,296.388,45,94,2415,12481
7,fp32_active,6.616545118391514,1783794745.6902142,300.519,46,94,2415,12481
7,fp32_active,6.716760352253914,1783794745.7904294,296.3,45,94,2415,12481
7,fp32_active,6.816984822973609,1783794745.890664,297.273,46,94,2415,12481
7,fp32_active,6.91723420098424,1783794745.9909034,294.37,46,94,2415,12481
7,fp32_active,7.017451222985983,1783794746.091121,296.297,46,94,2415,12481
7,fp32_active,7.117672855034471,1783794746.1913424,291.009,46,94,2415,12481
7,fp32_active,7.217905992642045,1783794746.2915752,294.795,46,94,2415,12481
7,fp32_active,7.3181208949536085,1783794746.3917902,294.461,46,94,2415,12481
7,fp32_active,7.418347330763936,1783794746.4920168,293.191,46,94,2415,12481
7,fp32_active,7.518563561141491,1783794746.5922325,294.314,46,94,2415,12481
7,fp32_active,7.618780395016074,1783794746.6924496,294.142,46,94,2415,12481
7,fp32_active,7.7190695237368345,1783794746.7927387,294.106,46,94,2415,12481
7,fp32_active,7.819285806268454,1783794746.8929553,293.865,46,94,2415,12481
7,fp32_active,7.919505370780826,1783794746.9931746,297.653,46,94,2415,12481
7,fp32_active,8.019723672419786,1783794747.0933926,297.383,46,94,2415,12481
7,fp32_active,8.119943803176284,1783794747.193613,298.171,46,94,2415,12481
7,fp32_active,8.220161819830537,1783794747.293831,301.605,46,95,2415,12481
7,fp32_active,8.320382598787546,1783794747.3940518,299.818,46,95,2415,12481
7,fp32_active,8.42060137912631,1783794747.4942708,298.863,46,94,2415,12481
7,fp32_active,8.52082240395248,1783794747.5944915,297.625,46,94,2415,12481
7,fp32_active,8.621059527620673,1783794747.6947286,297.769,46,94,2415,12481
7,fp32_active,8.721275920048356,1783794747.7949448,297.663,46,94,2415,12481
7,fp32_active,8.821492774412036,1783794747.8951623,298.107,46,94,2415,12481
7,fp32_active,8.92172072455287,1783794747.9953895,298.832,46,94,2415,12481
7,fp32_active,9.021940851584077,1783794748.0956104,299.645,46,94,2415,12481
7,fp32_active,9.122160712257028,1783794748.1958299,299.46,46,94,2415,12481
7,fp32_active,9.222393244504929,1783794748.2960622,299.641,46,94,2415,12481
7,fp32_active,9.322617132216692,1783794748.3962865,300.983,46,94,2415,12481
7,fp32_active,9.42283316142857,1783794748.4965029,302.325,46,94,2415,12481
7,fp32_active,9.523052852600813,1783794748.5967221,302.09,46,94,2415,12481
7,fp32_active,9.623268960043788,1783794748.6969388,303.021,46,95,2415,12481
7,fp32_active,9.723490219563246,1783794748.7971597,303.437,47,95,2415,12481
7,fp32_active,9.823710482567549,1783794748.8973796,302.337,46,94,2415,12481
7,fp32_active,9.923935083672404,1783794748.997605,301.1,47,94,2415,12481
7,fp32_active,10.024156099185348,1783794749.097825,299.773,47,94,2415,12481
7,fp32_active,10.124371711164713,1783794749.1980412,298.084,47,94,2415,12481
7,fp32_active,10.22460038214922,1783794749.2982695,298.621,47,94,2415,12481
7,fp32_active,10.324816714972258,1783794749.3984857,298.252,47,94,2415,12481
7,fp32_active,10.425054555758834,1783794749.498726,298.428,47,94,2415,12481
7,fp32_active,10.525281907990575,1783794749.598951,299.128,47,94,2415,12481
7,fp32_active,10.625503959134221,1783794749.6991732,299.755,47,95,2415,12481
7,fp32_active,10.725722489878535,1783794749.7993915,300.209,47,95,2415,12481
7,fp32_active,10.825946535915136,1783794749.8996158,300.595,47,94,2415,12481
7,fp32_active,10.926169704645872,1783794749.9998384,300.788,47,94,2415,12481
7,fp32_active,11.026384020224214,1783794750.1000552,301.03,47,95,2415,12481
7,fp32_active,11.126609371975064,1783794750.2002814,300.342,47,95,2415,12481
7,fp32_active,11.226835375651717,1783794750.3005066,299.716,47,95,2415,12481
7,fp32_active,11.32707498781383,1783794750.4007466,300.149,47,95,2415,12481
7,fp32_active,11.427301114425063,1783794750.500971,299.457,47,94,2415,12481
7,fp32_active,11.527524201199412,1783794750.601194,300.133,47,94,2415,12481
7,fp32_active,11.627746857702732,1783794750.7014177,299.226,47,94,2415,12481
7,fp32_active,11.727972583845258,1783794750.8016436,300.598,47,94,2415,12481
7,fp32_active,11.82821481116116,1783794750.9018893,301.46,47,95,2415,12481
7,fp32_active,11.92841855250299,1783794751.0020764,302.505,47,95,2415,12481
7,fp32_active,12.028657380491495,1783794751.1023314,304.077,47,95,2415,12481
7,fp32_active,12.128888612613082,1783794751.2025607,306.171,47,95,2415,12481
7,fp32_active,12.229119764640927,1783794751.3027925,306.182,47,94,2415,12481
7,fp32_active,12.329374723136425,1783794751.403049,304.79,47,94,2415,12481
7,fp32_active,12.429657140746713,1783794751.5033686,303.36,47,94,2415,12481
7,fp32_active,12.529979581013322,1783794751.6036553,302.899,47,94,2415,12481
7,fp32_active,12.630220228806138,1783794751.703896,302.706,47,94,2415,12481
7,fp32_active,12.730459563434124,1783794751.8041317,302.188,47,94,2415,12481
7,fp32_active,12.83068591542542,1783794751.9043589,300.934,47,94,2415,12481
7,fp32_active,12.931019922718406,1783794752.0046916,301.099,47,94,2415,12481
7,fp32_active,13.031244838610291,1783794752.1049166,301.863,47,95,2415,12481
7,fp32_active,13.131454540416598,1783794752.2051268,302.039,47,95,2415,12481
7,fp32_active,13.231674302369356,1783794752.3053458,302.627,47,94,2415,12481
7,fp32_active,13.331898048520088,1783794752.405572,304.808,47,94,2415,12481
7,fp32_active,13.43213309533894,1783794752.5058048,303.979,47,94,2415,12481
7,fp32_active,13.532326539978385,1783794752.605982,304.597,47,94,2415,12481
7,fp32_active,13.632475269958377,1783794752.7061343,303.417,47,95,2415,12481
7,fp32_active,13.732655765488744,1783794752.8063252,302.794,47,95,2415,12481
7,fp32_active,13.83289510011673,1783794752.9065654,302.189,47,95,2415,12481
7,fp32_active,13.933136373758316,1783794753.0068064,302.354,47,95,2415,12481
7,fp32_active,14.033353719860315,1783794753.1070228,301.592,47,94,2415,12481
7,fp32_active,14.133619368076324,1783794753.2072875,302.267,48,94,2415,12481
7,fp32_active,14.233834531158209,1783794753.3075027,301.379,48,94,2415,12481
7,fp32_active,14.334044512361288,1783794753.4077125,301.537,48,94,2415,12481
7,fp32_active,14.434274392202497,1783794753.507944,300.779,48,94,2415,12481
7,fp32_active,14.534493369981647,1783794753.6081638,300.054,48,94,2415,12481
7,fp32_active,14.634676555171609,1783794753.7083235,300.202,48,95,2415,12481
7,fp32_active,14.734839862212539,1783794753.8085117,300.954,48,95,2415,12481
7,fp32_active,14.835062140598893,1783794753.9087348,301.319,48,94,2415,12481
7,fp32_active,14.935259597375989,1783794754.0089154,301.534,48,94,2415,12481
7,fp32_active,15.035386180505157,1783794754.109033,302.241,48,94,2415,12481
7,fp32_active,15.135546876117587,1783794754.20922,301.833,48,94,2415,12481
7,fp32_active,15.235775856301188,1783794754.3094497,302.715,48,94,2415,12481
7,fp32_active,15.336001804098487,1783794754.40967,303.012,48,94,2415,12481
7,fp32_active,15.436215894296765,1783794754.509884,303.813,48,94,2415,12481
7,fp32_active,15.536429926753044,1783794754.6101098,306.697,48,94,2415,12481
7,fp32_active,15.636637922376394,1783794754.7103066,308.069,48,94,2415,12481
7,fp32_active,15.736851047724485,1783794754.810519,307.339,48,94,2415,12481
7,fp32_active,15.83708193525672,1783794754.91075,306.926,48,94,2415,12481
7,fp32_active,15.937263146042824,1783794755.010912,305.567,48,94,2415,12481
7,fp32_active,16.037386167794466,1783794755.1110537,304.581,48,94,2415,12481
7,fp32_active,16.13759483024478,1783794755.2112637,303.535,48,94,2415,12481
7,fp32_active,16.237806091085076,1783794755.3114736,302.348,48,94,2415,12481
7,fp32_active,16.338019179180264,1783794755.4116874,302.893,48,94,2415,12481
7,fp32_active,16.438238810747862,1783794755.511963,302.903,48,94,2415,12481
7,fp32_active,16.538577992469072,1783794755.6122465,302.833,48,94,2415,12481
7,fp32_active,16.638789700344205,1783794755.7124586,302.277,48,94,2415,12481
7,fp32_active,16.739002596586943,1783794755.8126824,302.547,48,94,2415,12481
7,fp32_active,16.83922786451876,1783794755.912897,303.832,48,94,2415,12481
7,fp32_active,16.939443983137608,1783794756.0131128,303.004,48,94,2415,12481
7,fp32_active,17.039654940366745,1783794756.1133235,303.224,48,94,2415,12481
7,fp32_active,17.139869455248117,1783794756.2135372,302.873,48,94,2415,12481
7,fp32_active,17.240090200677514,1783794756.31376,302.417,48,94,2415,12481
7,fp32_active,17.3402864318341,1783794756.4139538,300.839,48,94,2415,12481
7,fp32_active,17.440498799085617,1783794756.514167,299.774,48,94,2415,12481
7,fp32_active,17.54071274213493,1783794756.6143823,300.246,48,94,2415,12481
7,fp32_active,17.640932518988848,1783794756.7146018,299.956,48,94,2415,12481
7,fp32_active,17.74119597673416,1783794756.814864,299.301,48,94,2415,12481
7,fp32_active,17.841456159949303,1783794756.9151385,299.97,48,94,2415,12481
7,fp32_active,17.941701252013445,1783794757.0153701,300.976,48,94,2415,12481
7,fp32_active,18.04191384650767,1783794757.1155918,302.53,48,94,2415,12481
7,fp32_active,18.142127795144916,1783794757.2157907,304.729,48,94,2415,12481
7,fp32_active,18.242320431396365,1783794757.3159902,304.627,48,94,2415,12481
7,fp32_active,18.342541739344597,1783794757.4162228,304.584,48,94,2415,12481
7,fp32_active,18.442774998024106,1783794757.5164485,304.127,48,94,2415,12481
7,fp32_active,18.54300240986049,1783794757.6166759,303.33,48,94,2415,12481
7,fp32_active,18.643234444782138,1783794757.7169135,302.064,48,94,2415,12481
7,fp32_active,18.74348034337163,1783794757.81715,301.126,48,94,2415,12481
7,fp32_active,18.843716211616993,1783794757.917385,300.78,49,94,2415,12481
7,fp32_active,18.943922052159905,1783794758.0175848,299.25,49,94,2415,12481
7,fp32_active,19.04411579668522,1783794758.1177843,298.98,49,94,2415,12481
7,fp32_active,19.144384756684303,1783794758.2180953,299.647,49,94,2415,12481
7,fp32_active,19.244688713923097,1783794758.3183575,300.412,49,94,2415,12481
7,fp32_active,19.344906939193606,1783794758.4185753,301.379,49,94,2415,12481
7,fp32_active,19.44512098841369,1783794758.5187902,304.237,49,94,2415,12481
7,fp32_active,19.545339765027165,1783794758.6190088,304.487,49,94,2415,12481
7,fp32_active,19.64555680938065,1783794758.7192254,306.478,49,94,2415,12481
7,fp32_active,19.745779860764742,1783794758.8194551,306.073,49,94,2415,12481
7,fp32_active,19.846022475510836,1783794758.9196918,304.91,49,94,2415,12481
7,fp32_active,19.946243554353714,1783794759.0199153,304.718,49,94,2415,12481
7,fp32_active,20.046456979587674,1783794759.1201205,303.254,49,94,2415,12481
7,fp32_active,20.146659560501575,1783794759.2203276,303.066,49,94,2415,12481
7,fp32_active,20.246875481680036,1783794759.3205445,302.565,49,94,2415,12481
7,fp32_active,20.34707015566528,1783794759.420737,301.524,49,94,2415,12481
7,fp32_active,20.447267251089215,1783794759.5209296,302.434,49,94,2415,12481
7,fp32_active,20.54745464026928,1783794759.621124,302.539,49,94,2415,12481
7,fp32_active,20.647673338651657,1783794759.7213426,302.941,49,94,2415,12481
7,fp32_active,20.747884143143892,1783794759.8215518,303.062,49,94,2415,12481
7,fp32_active,20.84809770435095,1783794759.921767,303.764,49,94,2415,12481
7,fp32_active,20.948312098160386,1783794760.0219812,305.199,49,94,2415,12481
7,fp32_active,21.048525292426348,1783794760.1221972,304.115,49,94,2415,12481
7,fp32_active,21.148738825693727,1783794760.2224061,304.089,49,94,2415,12481
7,fp32_active,21.248962469398975,1783794760.3226361,304.31,49,94,2415,12481
7,fp32_active,21.349215591326356,1783794760.422885,304.097,49,94,2415,12481
7,fp32_active,21.449444564059377,1783794760.5231137,304.554,49,94,2415,12481
7,fp32_active,21.549651812762022,1783794760.6233156,303.739,49,94,2415,12481
7,fp32_active,21.649849647656083,1783794760.7235227,304.562,49,94,2415,12481
7,fp32_active,21.750076634809375,1783794760.823751,304.197,49,94,2415,12481
7,fp32_active,21.850307511165738,1783794760.9239795,303.994,49,95,2415,12481
7,fp32_active,21.9505234323442,1783794761.0241902,303.731,49,95,2415,12481
7,fp32_active,22.050729194656014,1783794761.1243987,303.335,49,94,2415,12481
7,fp32_active,22.150963267311454,1783794761.2246327,304.245,49,94,2415,12481
7,fp32_active,22.251233680173755,1783794761.3249032,303.16,49,94,2415,12481
7,fp32_active,22.351449931040406,1783794761.4251196,302.221,49,94,2415,12481
7,fp32_active,22.451672120019794,1783794761.5253415,300.903,49,94,2415,12481
7,fp32_active,22.55189184844494,1783794761.6255612,301.166,49,94,2415,12481
7,fp32_active,22.652109123766422,1783794761.7257786,301.027,49,94,2415,12481
7,fp32_active,22.752330522984266,1783794761.8260093,299.967,49,94,2415,12481
7,fp32_active,22.85255802422762,1783794761.9262278,301.001,49,94,2415,12481
7,fp32_active,22.952781891450286,1783794762.026451,302.325,49,94,2415,12481
7,fp32_active,23.053000647574663,1783794762.1266713,303.648,49,94,2415,12481
7,fp32_active,23.153242835775018,1783794762.2269127,303.995,49,94,2415,12481
7,fp32_active,23.253460180014372,1783794762.3271298,305.646,49,94,2415,12481
7,fp32_active,23.353686351329088,1783794762.4273553,304.653,49,94,2415,12481
7,fp32_active,23.4539056699723,1783794762.527575,304.872,49,94,2415,12481
7,fp32_active,23.55412208661437,1783794762.6277916,304.59,49,94,2415,12481
7,fp32_active,23.654342306777835,1783794762.7280114,304.766,49,94,2415,12481
7,fp32_active,23.75455733947456,1783794762.8282266,304.546,49,94,2415,12481
7,fp32_active,23.85477769188583,1783794762.928447,304.564,49,94,2415,12481
7,fp32_active,23.954995043575764,1783794763.028664,304.538,49,94,2415,12481
7,fp32_active,24.05521476455033,1783794763.128884,304.626,49,94,2415,12481
7,fp32_active,24.155442783609033,1783794763.229112,305.329,49,94,2415,12481
7,fp32_active,24.25571344792843,1783794763.3293824,306.613,49,94,2415,12481
7,fp32_active,24.355932051315904,1783794763.4296012,308.032,49,94,2415,12481
7,fp32_active,24.456156339496374,1783794763.5298257,307.13,49,94,2415,12481
7,fp32_active,24.55643921904266,1783794763.6301084,306.982,49,94,2415,12481
7,fp32_active,24.656656064093113,1783794763.7303255,306.991,49,94,2415,12481
7,fp32_active,24.75689640827477,1783794763.8305671,306.323,49,94,2415,12481
7,fp32_active,24.85711536742747,1783794763.9307854,305.916,49,94,2415,12481
7,fp32_active,24.957335632294416,1783794764.0310152,305.723,49,94,2415,12481
7,fp32_active,25.057563507929444,1783794764.1312337,305.377,49,94,2415,12481
7,fp32_active,25.15778618864715,1783794764.231456,305.183,49,94,2415,12481
7,fp32_active,25.258004132658243,1783794764.3316731,305.251,49,94,2415,12481
7,fp32_active,25.358226696029305,1783794764.4318957,305.445,49,94,2415,12481
7,fp32_active,25.45844238065183,1783794764.5321116,306.188,49,94,2415,12481
7,fp32_active,25.55873568356037,1783794764.632405,306.496,49,94,2415,12481
7,fp32_active,25.65895570628345,1783794764.7326245,305.513,49,94,2415,12481
7,fp32_active,25.759174620732665,1783794764.8328438,305.707,49,94,2415,12481
7,fp32_active,25.85939446464181,1783794764.9330637,305.733,50,94,2415,12481
7,fp32_active,25.95961414463818,1783794765.0332832,305.821,50,94,2415,12481
7,fp32_active,26.05984365195036,1783794765.1335142,305.104,50,94,2415,12481
7,fp32_active,26.160067619755864,1783794765.2337372,305.337,49,94,2415,12481
7,fp32_active,26.26029507443309,1783794765.3339646,305.004,50,94,2415,12481
7,fp32_active,26.360517129302025,1783794765.4341867,304.226,49,94,2415,12481
7,fp32_active,26.460741862654686,1783794765.534411,304.806,50,94,2415,12481
7,fp32_active,26.56096128001809,1783794765.6346307,306.101,50,94,2415,12481
7,fp32_active,26.66123184002936,1783794765.7349038,307.134,50,94,2415,12481
7,fp32_active,26.7614602483809,1783794765.835131,307.144,50,94,2415,12481
7,fp32_active,26.86166723817587,1783794765.9353395,306.304,50,94,2415,12481
7,fp32_active,26.961939034983516,1783794766.035611,305.471,50,94,2415,12481
7,fp32_active,27.06216493807733,1783794766.1358366,304.632,50,94,2415,12481
7,fp32_active,27.162392815575004,1783794766.2360709,304.535,50,94,2415,12481
7,fp32_active,27.2626192830503,1783794766.3362887,304.555,50,94,2415,12481
7,fp32_active,27.36290324665606,1783794766.436574,305.391,50,94,2415,12481
7,fp32_active,27.463128151372075,1783794766.536799,305.654,50,94,2415,12481
7,fp32_active,27.563353704288602,1783794766.6370232,305.628,50,94,2415,12481
7,fp32_active,27.663571374490857,1783794766.7372422,305.522,50,94,2415,12481
7,fp32_active,27.76379646360874,1783794766.8374674,304.89,50,94,2415,12481
7,fp32_active,27.864019859582186,1783794766.937689,304.407,50,94,2415,12481
7,fp32_active,27.964239118620753,1783794767.0379097,305.493,50,94,2415,12481
7,fp32_active,28.06446512788534,1783794767.1381361,305.102,50,94,2415,12481
7,fp32_active,28.16468581929803,1783794767.2383556,305.885,50,94,2415,12481
7,fp32_active,28.264908311888576,1783794767.3385775,306.431,50,94,2415,12481
7,fp32_active,28.365126164630055,1783794767.4387958,306.651,50,94,2415,12481
7,fp32_active,28.46535027399659,1783794767.5390213,306.163,50,94,2415,12481
7,fp32_active,28.565573936328292,1783794767.6392448,306.02,50,94,2415,12481
7,fp32_active,28.665834108367562,1783794767.739503,305.979,50,94,2415,12481
7,fp32_active,28.76605380512774,1783794767.839725,305.95,50,94,2415,12481
7,fp32_active,28.86627977527678,1783794767.9399526,305.018,50,94,2415,12481
7,fp32_active,28.96650667116046,1783794768.040178,305.429,50,94,2415,12481
7,fp32_active,29.06673840433359,1783794768.1404083,305.446,50,94,2415,12481
7,fp32_active,29.1669617947191,1783794768.2406316,305.204,50,94,2415,12481
7,fp32_active,29.267181178554893,1783794768.3408513,305.71,50,94,2415,12481
7,fp32_active,29.367404272779822,1783794768.4410756,304.741,50,94,2415,12481
7,fp32_active,29.467650832608342,1783794768.54132,305.622,50,94,2415,12481
7,fp32_active,29.567879820242524,1783794768.6415493,305.684,50,94,2415,12481
7,fp32_active,29.668101351708174,1783794768.7417715,305.902,50,94,2415,12481
7,fp32_active,29.7683221437037,1783794768.8419788,306.439,50,94,2415,12481
7,fp32_active,29.868496572598815,1783794768.942167,308.624,50,94,2415,12481
7,fp32_active,29.968718864023685,1783794769.0423973,308.267,50,94,2415,12481
7,fp32_active,30.068951159715652,1783794769.1426225,307.456,50,94,2415,12481
7,fp32_active,30.169197145849466,1783794769.2428682,306.299,50,94,2415,12481
7,fp32_active,30.269421627745032,1783794769.3430917,304.181,50,94,2415,12481
7,fp32_active,30.36964421160519,1783794769.4433148,303.47,50,94,2415,12481
7,fp32_active,30.46986448019743,1783794769.5435343,302.354,50,94,2415,12481
7,fp32_active,30.570087917149067,1783794769.643757,300.518,50,95,2415,12481
7,fp32_active,30.670307455584407,1783794769.743979,301.256,50,95,2415,12481
7,fp32_active,30.770519660785794,1783794769.844189,300.771,50,94,2415,12481
7,fp32_active,30.870740411803126,1783794769.9444096,301.68,50,94,2415,12481
7,fp32_active,30.970949806272984,1783794770.0446088,302.865,50,94,2415,12481
7,fp32_active,31.071125123649836,1783794770.1448007,303.936,50,94,2415,12481
7,fp32_active,31.171360528096557,1783794770.2450304,305.484,50,94,2415,12481
7,fp32_active,31.271582381799817,1783794770.3452518,304.638,50,94,2415,12481
7,fp32_active,31.371782852336764,1783794770.4454339,304.787,50,94,2415,12481
7,fp32_active,31.471935087814927,1783794770.5456069,305.32,50,94,2415,12481
7,fp32_active,31.57216490060091,1783794770.6458342,304.218,50,94,2415,12481
7,fp32_active,31.672349002212286,1783794770.7460036,304.206,50,94,2415,12481
7,fp32_active,31.772521203383803,1783794770.8462024,303.942,50,94,2415,12481
7,fp32_active,31.872759183868766,1783794770.94643,304.162,50,94,2415,12481
7,fp32_active,31.972936779260635,1783794771.0465887,304.049,50,94,2415,12481
7,fp32_active,32.07313635200262,1783794771.146808,303.727,50,94,2415,12481
7,fp32_active,32.17337925173342,1783794771.24705,304.955,50,94,2415,12481
7,fp32_active,32.27357116341591,1783794771.3472304,306.326,50,94,2415,12481
7,fp32_active,32.37375169619918,1783794771.4474227,306.781,50,94,2415,12481
7,fp32_active,32.47395082004368,1783794771.5476072,307.571,50,94,2415,12481
7,fp32_active,32.57412747107446,1783794771.6478024,308.098,50,94,2415,12481
7,fp32_active,32.67435972392559,1783794771.7480333,308.45,50,94,2415,12481
7,fp32_active,32.774603286758065,1783794771.8482752,307.283,50,95,2415,12481
7,fp32_active,32.87483183667064,1783794771.9485028,306.272,50,95,2415,12481
7,fp32_active,32.97505979984999,1783794772.0487313,304.169,50,94,2415,12481
7,fp32_active,33.075291784480214,1783794772.1489663,304.179,50,94,2415,12481
7,fp32_active,33.17553089559078,1783794772.2492049,303.344,50,94,2415,12481
7,fp32_active,33.27574636414647,1783794772.3494449,302.372,50,94,2415,12481
7,fp32_active,33.37600729428232,1783794772.4496815,302.42,50,94,2415,12481
7,fp32_active,33.47624555043876,1783794772.5499187,303.362,50,94,2415,12481
7,fp32_active,33.57655491121113,1783794772.650229,303.908,50,94,2415,12481
7,fp32_active,33.676787631586194,1783794772.75046,303.644,50,94,2415,12481
7,fp32_active,33.77701973170042,1783794772.8507109,304.039,50,94,2415,12481
7,fp32_active,33.87735136970878,1783794772.9510226,304.845,50,94,2415,12481
7,fp32_active,33.977575002238154,1783794773.0512474,304.7,50,94,2415,12481
7,fp32_active,34.07778051123023,1783794773.1514504,304.149,50,94,2415,12481
7,fp32_active,34.17799444310367,1783794773.2516634,304.004,50,94,2415,12481
7,fp32_active,34.27818054333329,1783794773.351836,304.575,50,94,2415,12481
7,fp32_active,34.378323977813125,1783794773.451977,304.399,50,94,2415,12481
7,fp32_active,34.47843850031495,1783794773.5520854,304.487,50,94,2415,12481
7,fp32_active,34.57854195870459,1783794773.6521893,304.355,50,94,2415,12481
7,fp32_active,34.678635424003005,1783794773.7522805,304.162,50,94,2415,12481
7,fp32_active,34.77872566320002,1783794773.8523707,304.14,50,94,2415,12481
7,fp32_active,34.878813456743956,1783794773.9524596,304.429,50,94,2415,12481
7,fp32_active,34.978903371840715,1783794774.0525491,304.478,50,94,2415,12481
7,fp32_active,35.07899409532547,1783794774.1526392,303.811,50,94,2415,12481
7,fp32_active,35.17908232100308,1783794774.2527285,304.25,50,94,2415,12481
7,fp32_active,35.279172979295254,1783794774.35282,303.792,51,94,2415,12481
7,fp32_active,35.37926577217877,1783794774.4529116,303.909,51,94,2415,12481
7,fp32_active,35.47935453429818,1783794774.5529995,304.026,51,94,2415,12481
7,fp32_active,35.57944216020405,1783794774.6530888,304.461,51,94,2415,12481
7,fp32_active,35.679532239213586,1783794774.7531776,305.398,51,94,2415,12481
7,fp32_active,35.77961908839643,1783794774.8532639,305.85,51,94,2415,12481
7,fp32_active,35.879705276340246,1783794774.9533505,306.526,51,94,2415,12481
7,fp32_active,35.97979309596121,1783794775.0534384,307.754,51,94,2415,12481
7,fp32_active,36.079882299527526,1783794775.153529,307.736,51,94,2415,12481
7,fp32_active,36.17997537739575,1783794775.253621,307.233,51,94,2415,12481
7,fp32_active,36.28006680868566,1783794775.3537138,306.682,51,94,2415,12481
7,fp32_active,36.38015974871814,1783794775.4538052,306.904,51,94,2415,12481
7,fp32_active,36.48024853505194,1783794775.5538938,306.841,51,94,2415,12481
7,fp32_active,36.580339178442955,1783794775.653986,305.812,51,94,2415,12481
7,fp32_active,36.680430276319385,1783794775.7540753,306.578,51,94,2415,12481
7,fp32_active,36.780516762286425,1783794775.8541617,306.358,51,94,2415,12481
7,fp32_active,36.88060263544321,1783794775.9542475,306.182,51,94,2415,12481
7,fp32_active,36.98069049231708,1783794776.0543368,306.314,51,94,2415,12481
7,fp32_active,37.08078161999583,1783794776.1544273,307.135,51,94,2415,12481
7,fp32_active,37.18087183497846,1783794776.2545178,306.358,51,95,2415,12481
7,fp32_active,37.2809590883553,1783794776.3546047,306.033,51,95,2415,12481
7,fp32_active,37.38104827515781,1783794776.454693,305.319,51,94,2415,12481
7,fp32_active,37.48113391175866,1783794776.554779,304.739,51,94,2415,12481
7,fp32_active,37.581220239400864,1783794776.6548653,305.243,51,94,2415,12481
7,fp32_active,37.68130538798869,1783794776.75495,304.344,51,94,2415,12481
7,fp32_active,37.78139137662947,1783794776.8550363,304.412,51,94,2415,12481
7,fp32_active,37.881478384137154,1783794776.9551234,305.088,51,94,2415,12481
7,fp32_active,37.981564881280065,1783794777.0552096,306.055,51,94,2415,12481
7,fp32_active,38.08164997957647,1783794777.1552951,307.465,51,94,2415,12481
7,fp32_active,38.18173538707197,1783794777.2553804,307.554,51,94,2415,12481
7,fp32_active,38.28182102367282,1783794777.3554657,308.933,51,94,2415,12481
7,fp32_active,38.38190684467554,1783794777.4555514,307.712,51,94,2415,12481
7,fp32_active,38.48199211247265,1783794777.555637,307.536,51,94,2415,12481
7,fp32_active,38.58207737095654,1783794777.6557221,306.643,51,94,2415,12481
7,fp32_active,38.682164600118995,1783794777.7558095,306.014,51,94,2415,12481
7,fp32_active,38.78225030750036,1783794777.855895,306.384,51,94,2415,12481
7,fp32_active,38.88233588449657,1783794777.9559808,306.182,51,94,2415,12481
7,fp32_active,38.98242262378335,1783794778.056068,305.253,51,94,2415,12481
7,fp32_active,39.08250927552581,1783794778.1561546,306.376,51,94,2415,12481
7,fp32_active,39.18259711191058,1783794778.256242,306.489,51,94,2415,12481
7,fp32_active,39.2826844137162,1783794778.35633,306.56,51,94,2415,12481
7,fp32_active,39.382773105055094,1783794778.456418,306.49,51,94,2415,12481
7,fp32_active,39.48285854421556,1783794778.5565033,307.686,51,94,2415,12481
7,fp32_active,39.58294393867254,1783794778.6565888,307.57,51,94,2415,12481
7,fp32_active,39.683029256761074,1783794778.756674,306.842,51,94,2415,12481
7,fp32_active,39.78311503119767,1783794778.8567595,306.565,51,94,2415,12481
7,fp32_active,39.883199736475945,1783794778.956845,306.236,51,94,2415,12481
7,fp32_active,39.98328675143421,1783794779.0569317,306.849,51,94,2415,12481
7,fp32_active,40.08337314426899,1783794779.1570177,306.805,51,94,2415,12481
7,fp32_active,40.183460837230086,1783794779.2571056,306.762,51,94,2415,12481
7,fp32_active,40.28355005569756,1783794779.357197,307.069,51,94,2415,12481
7,fp32_active,40.38364350050688,1783794779.4572897,307.5,51,94,2415,12481
7,fp32_active,40.48373682051897,1783794779.5573847,309.309,51,94,2415,12481
7,fp32_active,40.58383315242827,1783794779.657481,308.729,51,94,2415,12481
7,fp32_idle_post,0.0003303736448287964,1783794779.7090738,308.729,51,94,2415,12481
7,fp32_idle_post,0.10056186839938164,1783794779.8093078,309.763,51,94,2415,12481
7,fp32_idle_post,0.20087281987071037,1783794779.9096181,288.157,47,22,2415,12481
7,fp32_idle_post,0.30118239112198353,1783794780.009928,266.316,46,22,2415,12481
7,fp32_idle_post,0.4014057517051697,1783794780.1101522,250.314,45,0,2430,12481
7,fp32_idle_post,0.5016824044287205,1783794780.210428,221.373,45,0,2430,12481
7,fp32_idle_post,0.6019039358943701,1783794780.3106496,198.643,45,0,2430,12481
7,fp32_idle_post,0.7022194005548954,1783794780.4109645,188.72,45,0,2422,12481
7,fp32_idle_post,0.8024403508752584,1783794780.5111854,153.529,45,0,2422,12481
7,fp32_idle_post,0.9027597606182098,1783794780.6115053,147.706,45,0,2422,12481
7,fp32_idle_post,1.0029799714684486,1783794780.7117248,110.46,45,0,2422,12481
7,fp32_idle_post,1.103278310969472,1783794780.8120236,89.5,44,0,2422,12481
7,fp32_idle_post,1.2035364359617233,1783794780.9122815,89.5,44,0,2422,12481
7,fp32_idle_post,1.3037647362798452,1783794781.01251,89.5,44,0,2422,12481
7,fp32_idle_post,1.403985420241952,1783794781.1127312,89.5,44,0,2422,12481
7,fp32_idle_post,1.5042068045586348,1783794781.212953,89.5,44,0,2422,12481
7,fp32_idle_post,1.6044715140014887,1783794781.313217,89.5,44,0,2422,12481
7,fp32_idle_post,1.7047160435467958,1783794781.4134614,89.5,44,0,2422,12481
7,fp32_idle_post,1.804937431588769,1783794781.5136826,89.5,44,0,2422,12481
7,fp32_idle_post,1.9052289966493845,1783794781.6139743,89.5,44,0,2422,12481
7,fp32_idle_post,2.005447667092085,1783794781.7141929,89.5,44,0,2422,12481
7,fp32_idle_post,2.105668967589736,1783794781.8144145,89.858,44,0,2415,12481
7,fp32_idle_post,2.2058944441378117,1783794781.91464,89.858,44,0,2415,12481
7,fp32_idle_post,2.3062365632504225,1783794782.014982,89.858,44,0,2415,12481
7,fp32_idle_post,2.4064558502286673,1783794782.1152008,89.858,44,0,2415,12481
7,fp32_idle_post,2.506692808121443,1783794782.2154381,89.858,44,0,2415,12481
7,fp32_idle_post,2.6069939080625772,1783794782.3157406,89.858,44,0,2415,12481
7,fp32_idle_post,2.7072182036936283,1783794782.4159636,89.858,44,0,2415,12481
7,fp32_idle_post,2.807438287883997,1783794782.5161839,89.858,44,0,2415,12481
7,fp32_idle_post,2.9076598193496466,1783794782.6164055,89.858,44,0,2415,12481
7,fp32_idle_post,3.0078794229775667,1783794782.7166247,89.858,44,0,2415,12481
7,fp32_idle_post,3.1080984342843294,1783794782.8168437,89.893,43,0,2265,12481
7,fp32_idle_post,3.2083192635327578,1783794782.9170656,89.893,43,0,2265,12481
7,fp32_idle_post,3.308566739782691,1783794783.0173125,89.893,43,0,2265,12481
7,fp32_idle_post,3.408787287771702,1783794783.1175332,89.893,43,0,2265,12481
7,fp32_idle_post,3.5090192519128323,1783794783.2177653,89.893,43,0,2265,12481
7,fp32_idle_post,3.609239511191845,1783794783.3179853,89.893,43,0,2265,12481
7,fp32_idle_post,3.709458716213703,1783794783.418204,89.893,43,0,2265,12481
7,fp32_idle_post,3.8097059559077024,1783794783.5184517,89.893,43,0,2265,12481
7,fp32_idle_post,3.9099275562912226,1783794783.6186726,89.893,43,0,2265,12481
7,fp32_idle_post,4.010296829044819,1783794783.719042,89.893,43,0,2265,12481
7,fp32_idle_post,4.110616963356733,1783794783.8193626,89.407,43,0,2265,12481
7,fp32_idle_post,4.210844999179244,1783794783.9195905,89.407,43,0,2265,12481
7,fp32_idle_post,4.31106535717845,1783794784.0198107,89.407,43,0,2265,12481
7,fp32_idle_post,4.411311915144324,1783794784.1200576,89.407,43,0,2265,12481
7,fp32_idle_post,4.511532189324498,1783794784.2202775,89.407,43,0,2265,12481
7,fp32_idle_post,4.611902974545956,1783794784.3206487,89.407,43,0,2265,12481
7,fp32_idle_post,4.712131420150399,1783794784.4208767,89.407,43,0,2265,12481
7,fp32_idle_post,4.81237006559968,1783794784.5211155,89.407,43,0,2265,12481
7,fp32_idle_post,4.9127520471811295,1783794784.6214957,89.407,43,0,2265,12481
7,fp32_idle_post,5.012969382107258,1783794784.7217147,89.407,43,0,2265,12481
7,fp32_idle_post,5.1131879314780235,1783794784.821933,89.459,42,0,2257,12481
7,fp32_idle_post,5.2134175561368465,1783794784.922163,89.459,42,0,2257,12481
7,fp32_idle_post,5.313707584515214,1783794785.0224533,89.459,42,0,2257,12481
7,fp32_idle_post,5.414044136181474,1783794785.122793,89.459,42,0,2257,12481
7,fp32_idle_post,5.514318076893687,1783794785.2230635,89.459,42,0,2257,12481
7,fp32_idle_post,5.614617904648185,1783794785.3233635,89.459,42,0,2257,12481
7,fp32_idle_post,5.714838266372681,1783794785.4235833,89.459,42,0,2257,12481
7,fp32_idle_post,5.815096069127321,1783794785.5238416,89.459,42,0,2257,12481
7,fp32_idle_post,5.915315030142665,1783794785.6240602,89.459,42,0,2257,12481
7,fp32_idle_post,6.015534004196525,1783794785.7242799,89.459,42,0,2257,12481
7,fp32_idle_post,6.11575616709888,1783794785.8245015,88.972,42,0,2257,12481
7,fp32_idle_post,6.216041000559926,1783794785.9247868,88.972,42,0,2257,12481
7,fp32_idle_post,6.316261159256101,1783794786.025007,88.972,42,0,2257,12481
7,fp32_idle_post,6.416516149416566,1783794786.1252615,88.972,42,0,2257,12481
7,fp32_idle_post,6.516737591475248,1783794786.225483,88.972,42,0,2257,12481
7,fp32_idle_post,6.617181055247784,1783794786.3259263,88.972,42,0,2257,12481
7,fp32_idle_post,6.717410530894995,1783794786.4261575,88.972,42,0,2257,12481
7,fp32_idle_post,6.817633772268891,1783794786.526379,88.972,42,0,2257,12481
7,fp32_idle_post,6.917852999642491,1783794786.6265984,88.972,42,0,2257,12481
7,fp32_idle_post,7.018289199098945,1783794786.7270346,88.972,42,0,2257,12481
7,fp32_idle_post,7.118508899584413,1783794786.8272545,88.486,42,0,2265,12481
7,fp32_idle_post,7.218729332089424,1783794786.9274747,88.486,42,0,2265,12481
7,fp32_idle_post,7.318948047235608,1783794787.0276937,88.486,42,0,2265,12481
7,fp32_idle_post,7.419167859479785,1783794787.1279135,88.486,42,0,2265,12481
7,fp32_idle_post,7.519386241212487,1783794787.2281315,88.486,42,0,2265,12481
7,fp32_idle_post,7.619606591761112,1783794787.3283522,88.486,42,0,2265,12481
7,fp32_idle_post,7.719879034906626,1783794787.4286244,88.486,42,0,2265,12481
7,fp32_idle_post,7.82012883387506,1783794787.5288744,88.486,42,0,2265,12481
7,fp32_idle_post,7.920349759981036,1783794787.629095,88.486,42,0,2265,12481
7,fp32_idle_post,8.020569793879986,1783794787.7293153,88.486,42,0,2265,12481
7,fp32_idle_post,8.120876422151923,1783794787.829622,88.46,41,0,2265,12481
7,fp32_idle_post,8.22115609049797,1783794787.9299014,88.46,41,0,2265,12481
7,fp32_idle_post,8.32137661240995,1783794788.030122,88.46,41,0,2265,12481
7,fp32_idle_post,8.421595312654972,1783794788.1303406,88.46,41,0,2265,12481
7,fp32_idle_post,8.5218166988343,1783794788.2305617,88.46,41,0,2265,12481
7,fp32_idle_post,8.622080408036709,1783794788.3308263,88.46,41,0,2265,12481
7,fp32_idle_post,8.722413932904601,1783794788.4311616,88.46,41,0,2265,12481
7,fp32_idle_post,8.822642935439944,1783794788.5313911,88.46,41,0,2265,12481
7,fp32_idle_post,8.922887105494738,1783794788.6316328,88.46,41,0,2265,12481
7,fp32_idle_post,9.023170629516244,1783794788.7319176,88.46,41,0,2265,12481
7,fp32_idle_post,9.123444747179747,1783794788.8321962,88.46,41,0,2257,12481
7,fp32_idle_post,9.223726563155651,1783794788.9324806,88.46,41,0,2257,12481
7,fp32_idle_post,9.324016848579049,1783794789.0327704,88.46,41,0,2257,12481
7,fp32_idle_post,9.424317106604576,1783794789.1330714,88.46,41,0,2257,12481
7,fp32_idle_post,9.524567587301135,1783794789.2333212,88.46,41,0,2257,12481
7,fp32_idle_post,9.624811796471477,1783794789.3335636,88.46,41,0,2257,12481
7,fp32_idle_post,9.725150676444173,1783794789.4338987,88.46,41,0,2257,12481
7,fp32_idle_post,9.825357995927334,1783794789.534107,88.46,41,0,2257,12481
7,fp32_idle_post,9.925590625032783,1783794789.63434,88.46,41,0,2257,12481
8,int8_idle_pre,0.0002832729369401932,1783794789.7374766,88.46,41,0,2257,12481
8,int8_idle_pre,0.10050452128052711,1783794789.8377013,87.999,41,0,2257,12481
8,int8_idle_pre,0.20071577094495296,1783794789.9379113,87.999,41,0,2257,12481
8,int8_idle_pre,0.30095273442566395,1783794790.0381525,87.999,41,0,2257,12481
8,int8_idle_pre,0.40118045918643475,1783794790.1383805,87.999,41,0,2257,12481
8,int8_idle_pre,0.5014141034334898,1783794790.2386117,87.999,41,0,2257,12481
8,int8_idle_pre,0.6016518771648407,1783794790.338847,87.999,41,0,2257,12481
8,int8_idle_pre,0.701876062899828,1783794790.439072,87.999,41,0,2257,12481
8,int8_idle_pre,0.802118731662631,1783794790.5393157,87.999,41,0,2257,12481
8,int8_idle_pre,0.9023389909416437,1783794790.6395373,87.999,41,0,2257,12481
8,int8_idle_pre,1.0025513786822557,1783794790.739748,87.999,41,0,2257,12481
8,int8_idle_pre,1.1027816738933325,1783794790.839979,87.755,41,0,2265,12481
8,int8_idle_pre,1.203013388440013,1783794790.9402103,87.755,41,0,2265,12481
8,int8_idle_pre,1.3032434582710266,1783794791.0404418,87.755,41,0,2265,12481
8,int8_idle_pre,1.4034363944083452,1783794791.1406171,87.755,41,0,2265,12481
8,int8_idle_pre,1.5036061946302652,1783794791.2408009,87.755,41,0,2265,12481
8,int8_idle_pre,1.60387203656137,1783794791.341068,87.755,41,0,2265,12481
8,int8_idle_pre,1.7041105907410383,1783794791.441307,87.755,41,0,2265,12481
8,int8_idle_pre,1.804310955107212,1783794791.541497,87.755,41,0,2265,12481
8,int8_idle_pre,1.9045010562986135,1783794791.6416953,87.755,41,0,2265,12481
8,int8_idle_pre,2.0047887824475765,1783794791.741984,87.755,41,0,2265,12481
8,int8_idle_pre,2.105065766721964,1783794791.8422606,87.515,40,0,2265,12481
8,int8_idle_pre,2.205439670011401,1783794791.9426339,87.515,40,0,2265,12481
8,int8_idle_pre,2.3056647032499313,1783794792.0428588,87.515,40,0,2265,12481
8,int8_idle_pre,2.4058716148138046,1783794792.143066,87.515,40,0,2265,12481
8,int8_idle_pre,2.506079740822315,1783794792.2432737,87.515,40,0,2265,12481
8,int8_idle_pre,2.6063097584992647,1783794792.3435092,87.515,40,0,2265,12481
8,int8_idle_pre,2.7065420616418123,1783794792.443741,87.515,40,0,2265,12481
8,int8_idle_pre,2.8067789040505886,1783794792.5439768,87.515,40,0,2265,12481
8,int8_idle_pre,2.907012226060033,1783794792.6442122,87.515,40,0,2265,12481
8,int8_idle_pre,3.007273979485035,1783794792.7444685,87.515,40,0,2265,12481
8,int8_idle_pre,3.1075136680155993,1783794792.8447092,87.518,40,0,2265,12481
8,int8_idle_pre,3.2077927384525537,1783794792.9449866,87.518,40,0,2265,12481
8,int8_idle_pre,3.3080122265964746,1783794793.0452065,87.518,40,0,2265,12481
8,int8_idle_pre,3.408267602324486,1783794793.1454616,87.518,40,0,2265,12481
8,int8_idle_pre,3.5084881875663996,1783794793.2456868,87.518,40,0,2265,12481
8,int8_idle_pre,3.6087195854634047,1783794793.3459187,87.518,40,0,2265,12481
8,int8_idle_pre,3.7089217584580183,1783794793.4461143,87.518,40,0,2265,12481
8,int8_idle_pre,3.809139955788851,1783794793.5463347,87.518,40,0,2265,12481
8,int8_idle_pre,3.909402810037136,1783794793.6465971,87.518,40,0,2265,12481
8,int8_idle_pre,4.009631387889385,1783794793.7468247,87.518,40,0,2265,12481
8,int8_idle_pre,4.109900623559952,1783794793.8470943,87.515,40,0,2257,12481
8,int8_idle_pre,4.2101196106523275,1783794793.9473128,87.515,40,0,2257,12481
8,int8_idle_pre,4.310334684327245,1783794794.0475283,87.515,40,0,2257,12481
8,int8_idle_pre,4.410549188032746,1783794794.1477435,87.515,40,0,2257,12481
8,int8_idle_pre,4.510791815817356,1783794794.2479856,87.515,40,0,2257,12481
8,int8_idle_pre,4.611006963998079,1783794794.3482013,87.515,40,0,2257,12481
8,int8_idle_pre,4.711198017001152,1783794794.44839,87.515,40,0,2257,12481
8,int8_idle_pre,4.811412651091814,1783794794.5486064,87.515,40,0,2257,12481
8,int8_idle_pre,4.91163226403296,1783794794.6488261,87.515,40,0,2257,12481
8,int8_idle_pre,5.011851783841848,1783794794.749047,87.271,40,0,2265,12481
8,int8_idle_pre,5.1120738703757524,1783794794.849268,87.271,40,0,2265,12481
8,int8_idle_pre,5.2122920751571655,1783794794.9494855,87.271,40,0,2265,12481
8,int8_idle_pre,5.312507703900337,1783794795.0497022,87.271,40,0,2265,12481
8,int8_idle_pre,5.412780975922942,1783794795.1499796,87.271,40,0,2265,12481
8,int8_idle_pre,5.513010323047638,1783794795.2502038,87.271,40,0,2265,12481
8,int8_idle_pre,5.613226333633065,1783794795.3504205,87.271,40,0,2265,12481
8,int8_idle_pre,5.713417211547494,1783794795.450609,87.271,40,0,2265,12481
8,int8_idle_pre,5.8136522229760885,1783794795.5508459,87.271,40,0,2265,12481
8,int8_idle_pre,5.913902183994651,1783794795.6510956,87.271,40,0,2265,12481
8,int8_idle_pre,6.0141236912459135,1783794795.7513206,86.545,39,0,2265,12481
8,int8_idle_pre,6.114447224885225,1783794795.8516483,86.545,39,0,2265,12481
8,int8_idle_pre,6.214683290570974,1783794795.9518778,86.545,39,0,2265,12481
8,int8_idle_pre,6.314900819212198,1783794796.0520957,86.545,39,0,2265,12481
8,int8_idle_pre,6.415120683610439,1783794796.1523156,86.545,39,0,2265,12481
8,int8_idle_pre,6.515341075137258,1783794796.2525349,86.545,39,0,2265,12481
8,int8_idle_pre,6.615571822971106,1783794796.3527653,86.545,39,0,2265,12481
8,int8_idle_pre,6.715788381174207,1783794796.452982,86.545,39,0,2265,12481
8,int8_idle_pre,6.816113168373704,1783794796.5533075,86.545,39,0,2265,12481
8,int8_idle_pre,6.916329745203257,1783794796.6535237,86.545,39,0,2265,12481
8,int8_idle_pre,7.016549879685044,1783794796.7537453,86.545,39,0,2265,12481
8,int8_idle_pre,7.116772759705782,1783794796.8539665,86.545,39,0,2265,12481
8,int8_idle_pre,7.217035338282585,1783794796.9542289,86.545,39,0,2265,12481
8,int8_idle_pre,7.317251471802592,1783794797.054445,86.545,39,0,2265,12481
8,int8_idle_pre,7.417465839534998,1783794797.1546595,86.545,39,0,2265,12481
8,int8_idle_pre,7.517679665237665,1783794797.2548633,86.545,39,0,2265,12481
8,int8_idle_pre,7.617831634357572,1783794797.3550227,86.545,39,0,2265,12481
8,int8_idle_pre,7.718039575964212,1783794797.455234,86.545,39,0,2265,12481
8,int8_idle_pre,7.818258510902524,1783794797.555452,86.545,39,0,2265,12481
8,int8_idle_pre,7.91847575828433,1783794797.6556697,86.545,39,0,2265,12481
8,int8_idle_pre,8.018806846812367,1783794797.7560005,86.545,39,0,2257,12481
8,int8_idle_pre,8.119027638807893,1783794797.8562248,86.545,39,0,2257,12481
8,int8_idle_pre,8.219254245981574,1783794797.956449,86.545,39,0,2257,12481
8,int8_idle_pre,8.319550354033709,1783794798.056744,86.545,39,0,2257,12481
8,int8_idle_pre,8.419766748324037,1783794798.15696,86.545,39,0,2257,12481
8,int8_idle_pre,8.51998263783753,1783794798.2571764,86.545,39,0,2257,12481
8,int8_idle_pre,8.620172595605254,1783794798.3573644,86.545,39,0,2257,12481
8,int8_idle_pre,8.72045112773776,1783794798.4576492,86.545,39,0,2257,12481
8,int8_idle_pre,8.820718767121434,1783794798.557915,86.545,39,0,2257,12481
8,int8_idle_pre,8.920965043827891,1783794798.6581585,86.545,39,0,2257,12481
8,int8_idle_pre,9.021204143762589,1783794798.7583983,86.545,39,0,2265,12481
8,int8_idle_pre,9.121530221775174,1783794798.858725,86.545,39,0,2265,12481
8,int8_idle_pre,9.221720926463604,1783794798.9589148,86.545,39,0,2265,12481
8,int8_idle_pre,9.321929331868887,1783794799.0591233,86.545,39,0,2265,12481
8,int8_idle_pre,9.422136023640633,1783794799.15933,86.545,39,0,2265,12481
8,int8_idle_pre,9.522351754829288,1783794799.2595456,86.545,39,0,2265,12481
8,int8_idle_pre,9.622616294771433,1783794799.3598104,86.545,39,0,2265,12481
8,int8_idle_pre,9.722843186929822,1783794799.4600375,86.545,39,0,2265,12481
8,int8_idle_pre,9.823121359571815,1783794799.5603213,86.545,39,0,2265,12481
8,int8_idle_pre,9.923354983329773,1783794799.6605494,86.545,39,0,2265,12481
8,int8_active,0.00023567676544189453,1783794799.7387686,86.545,39,0,2265,12481
8,int8_active,0.10059875063598156,1783794799.8390508,86.542,39,0,2265,12481
8,int8_active,0.20089816488325596,1783794799.9393497,96.302,41,38,2257,12481
8,int8_active,0.3011180143803358,1783794800.03957,104.989,41,38,2257,12481
8,int8_active,0.4013477247208357,1783794800.1398005,111.819,42,94,2257,12481
8,int8_active,0.5015952382236719,1783794800.2400467,118.353,42,94,2257,12481
8,int8_active,0.6018350459635258,1783794800.3402872,123.906,42,94,2257,12481
8,int8_active,0.7020545285195112,1783794800.4405062,128.275,42,94,2257,12481
8,int8_active,0.8022816870361567,1783794800.5407333,132.739,42,94,2257,12481
8,int8_active,0.9025006052106619,1783794800.6409523,136.733,42,94,2257,12481
8,int8_active,1.002719795331359,1783794800.7411761,139.767,42,93,2257,12481
8,int8_active,1.1029484681785107,1783794800.8414006,199.346,42,93,2257,12481
8,int8_active,1.2031721621751785,1783794800.941624,199.784,42,94,2257,12481
8,int8_active,1.3034243024885654,1783794801.0418763,199.737,42,94,2257,12481
8,int8_active,1.4037463255226612,1783794801.142198,200.877,42,94,2257,12481
8,int8_active,1.5039743520319462,1783794801.2424257,200.573,42,94,2257,12481
8,int8_active,1.6041916888207197,1783794801.3426433,200.38,42,93,2257,12481
8,int8_active,1.7045432645827532,1783794801.4429948,200.688,43,93,2257,12481
8,int8_active,1.8047628961503506,1783794801.5432143,200.633,43,94,2257,12481
8,int8_active,1.9049808606505394,1783794801.6434376,200.197,43,94,2257,12481
8,int8_active,2.0052506923675537,1783794801.7437022,200.679,43,93,2257,12481
8,int8_active,2.1054784171283245,1783794801.8439608,200.716,43,93,2257,12481
8,int8_active,2.2057293001562357,1783794801.9441807,200.357,43,94,2257,12481
8,int8_active,2.3059979751706123,1783794802.0444498,200.413,43,94,2257,12481
8,int8_active,2.406217321753502,1783794802.1446688,201.137,43,94,2257,12481
8,int8_active,2.506434978917241,1783794802.2448866,200.234,43,94,2257,12481
8,int8_active,2.6067330334335566,1783794802.3451846,200.921,43,94,2257,12481
8,int8_active,2.707064673304558,1783794802.4455163,200.193,43,94,2257,12481
8,int8_active,2.8072841484099627,1783794802.5457358,200.387,43,94,2257,12481
8,int8_active,2.907504240050912,1783794802.6459563,200.859,43,94,2257,12481
8,int8_active,3.0077254828065634,1783794802.7461772,200.144,43,94,2257,12481
8,int8_active,3.1079989969730377,1783794802.846451,200.245,43,94,2257,12481
8,int8_active,3.2082173693925142,1783794802.9467244,201.407,43,94,2257,12481
8,int8_active,3.3085999470204115,1783794803.0470514,200.842,43,94,2257,12481
8,int8_active,3.4088386427611113,1783794803.1472898,200.345,43,94,2257,12481
8,int8_active,3.5091587677598,1783794803.2476103,201.261,43,94,2257,12481
8,int8_active,3.6093847397714853,1783794803.3478346,200.773,43,94,2257,12481
8,int8_active,3.7096017692238092,1783794803.4480534,200.919,43,94,2257,12481
8,int8_active,3.8098515029996634,1783794803.5483015,201.334,43,94,2257,12481
8,int8_active,3.91009440086782,1783794803.648546,201.199,43,94,2257,12481
8,int8_active,4.010312706232071,1783794803.7487643,200.615,43,94,2257,12481
8,int8_active,4.110582251101732,1783794803.8490343,201.314,43,94,2257,12481
8,int8_active,4.21084114536643,1783794803.9492922,200.538,43,94,2257,12481
8,int8_active,4.311082212254405,1783794804.0495353,200.424,43,94,2257,12481
8,int8_active,4.411319592967629,1783794804.1497712,201.516,43,93,2257,12481
8,int8_active,4.51154175773263,1783794804.2499948,201.117,43,93,2257,12481
8,int8_active,4.611765801906586,1783794804.3502176,200.38,43,94,2257,12481
8,int8_active,4.711987234652042,1783794804.4504395,201.119,43,94,2257,12481
8,int8_active,4.8122148886322975,1783794804.5506675,200.525,43,94,2257,12481
8,int8_active,4.912469523027539,1783794804.650941,200.612,43,94,2257,12481
8,int8_active,5.012725302949548,1783794804.7511828,201.313,43,94,2257,12481
8,int8_active,5.112967569380999,1783794804.8514378,201.173,43,94,2257,12481
8,int8_active,5.213226564228535,1783794804.9516869,200.609,43,94,2257,12481
8,int8_active,5.313487812876701,1783794805.0519488,201.626,43,94,2257,12481
8,int8_active,5.413751393556595,1783794805.1522112,201.03,43,94,2257,12481
8,int8_active,5.513998633250594,1783794805.2524602,201.04,43,94,2257,12481
8,int8_active,5.61428377777338,1783794805.3527417,201.782,43,94,2257,12481
8,int8_active,5.714506281539798,1783794805.45296,200.807,43,94,2257,12481
8,int8_active,5.814700564369559,1783794805.553137,201.326,43,94,2257,12481
8,int8_active,5.914895992726088,1783794805.6533546,201.493,43,94,2257,12481
8,int8_active,6.015143744647503,1783794805.7536016,200.548,43,94,2257,12481
8,int8_active,6.115383232012391,1783794805.8538432,201.211,43,93,2257,12481
8,int8_active,6.21562266908586,1783794805.9540768,201.488,43,93,2257,12481
8,int8_active,6.315862620249391,1783794806.0543213,200.417,43,94,2257,12481
8,int8_active,6.416104016825557,1783794806.1545632,201.004,43,94,2257,12481
8,int8_active,6.5163409654051065,1783794806.2547984,201.374,43,94,2257,12481
8,int8_active,6.616577479988337,1783794806.3550327,200.514,43,94,2257,12481
8,int8_active,6.716806285083294,1783794806.455262,200.57,43,94,2257,12481
8,int8_active,6.817044660449028,1783794806.5555,201.339,43,94,2257,12481
8,int8_active,6.917276864871383,1783794806.6557343,200.795,43,93,2257,12481
8,int8_active,7.017512982711196,1783794806.7559705,201.931,43,93,2257,12481
8,int8_active,7.117746837437153,1783794806.8562,201.239,43,94,2257,12481
8,int8_active,7.218002147972584,1783794806.9564574,200.878,43,94,2257,12481
8,int8_active,7.31822800822556,1783794807.0566866,201.397,43,94,2257,12481
8,int8_active,7.418554600328207,1783794807.1570132,201.452,43,94,2257,12481
8,int8_active,7.518860133364797,1783794807.2573164,201.763,43,94,2257,12481
8,int8_active,7.6190949603915215,1783794807.3575523,202.451,43,94,2257,12481
8,int8_active,7.719321291893721,1783794807.4577746,201.844,43,93,2257,12481
8,int8_active,7.819543989375234,1783794807.5579958,201.919,43,93,2257,12481
8,int8_active,7.9197624158114195,1783794807.6582139,202.064,43,94,2257,12481
8,int8_active,8.019980791956186,1783794807.7584326,201.273,43,94,2257,12481
8,int8_active,8.120211783796549,1783794807.858664,202.036,43,94,2257,12481
8,int8_active,8.220479261130095,1783794807.958931,201.918,43,94,2257,12481
8,int8_active,8.320733519271016,1783794808.0591865,200.964,43,94,2257,12481
8,int8_active,8.4209566693753,1783794808.1594086,201.888,43,94,2257,12481
8,int8_active,8.521168939769268,1783794808.2596211,201.597,43,94,2257,12481
8,int8_active,8.621391041204333,1783794808.3598428,200.928,43,94,2257,12481
8,int8_active,8.721612075343728,1783794808.460064,201.852,43,94,2257,12481
8,int8_active,8.82183132879436,1783794808.5602832,201.841,43,94,2257,12481
8,int8_active,8.922049904242158,1783794808.6605015,200.934,43,93,2257,12481
8,int8_active,9.0222845710814,1783794808.7607358,201.401,43,93,2257,12481
8,int8_active,9.122494969516993,1783794808.8609467,201.514,43,94,2257,12481
8,int8_active,9.222721967846155,1783794808.9611738,201.262,43,94,2257,12481
8,int8_active,9.322908334434032,1783794809.0613463,201.658,43,94,2257,12481
8,int8_active,9.423097310587764,1783794809.161549,202.201,43,94,2257,12481
8,int8_active,9.523309057578444,1783794809.261761,201.317,43,94,2257,12481
8,int8_active,9.623531254008412,1783794809.3619885,201.602,43,94,2257,12481
8,int8_active,9.723768517374992,1783794809.46222,202.264,43,94,2257,12481
8,int8_active,9.823990983888507,1783794809.5624425,201.383,43,94,2257,12481
8,int8_active,9.924219440668821,1783794809.662671,201.819,43,94,2257,12481
8,int8_active,10.024460988119245,1783794809.7629125,201.881,43,94,2257,12481
8,int8_active,10.12471785582602,1783794809.8631694,201.337,43,94,2257,12481
8,int8_active,10.22493621148169,1783794809.963388,201.46,43,94,2257,12481
8,int8_active,10.325116034597158,1783794810.06355,202.074,43,94,2257,12481
8,int8_active,10.425256595015526,1783794810.1636994,201.172,43,94,2257,12481
8,int8_active,10.525509847328067,1783794810.2639625,202.192,43,94,2257,12481
8,int8_active,10.625850446522236,1783794810.3643022,201.73,43,94,2257,12481
8,int8_active,10.726119685918093,1783794810.4645715,201.136,43,94,2257,12481
8,int8_active,10.826430419459939,1783794810.5648823,201.083,44,94,2257,12481
8,int8_active,10.926645820960402,1783794810.665098,201.952,44,94,2257,12481
8,int8_active,11.026866998523474,1783794810.7653186,201.369,43,94,2257,12481
8,int8_active,11.127095073461533,1783794810.865547,201.725,44,94,2257,12481
8,int8_active,11.227313797920942,1783794810.9657657,201.8,44,94,2257,12481
8,int8_active,11.327534152194858,1783794811.0659866,200.753,44,94,2257,12481
8,int8_active,11.427759816870093,1783794811.1662116,201.272,44,94,2257,12481
8,int8_active,11.5279890447855,1783794811.2664409,201.624,44,94,2257,12481
8,int8_active,11.628206856548786,1783794811.3666584,201.334,44,94,2257,12481
8,int8_active,11.728496935218573,1783794811.4669483,202.532,44,93,2257,12481
8,int8_active,11.828716240823269,1783794811.567168,201.656,44,93,2257,12481
8,int8_active,11.928934078663588,1783794811.6674159,201.531,44,94,2257,12481
8,int8_active,12.02918666228652,1783794811.7676382,202.239,44,94,2257,12481
8,int8_active,12.129442231729627,1783794811.8679047,201.554,44,94,2257,12481
8,int8_active,12.229672372341156,1783794811.968124,201.089,44,94,2257,12481
8,int8_active,12.329891096800566,1783794812.0683424,201.63,44,94,2257,12481
8,int8_active,12.430188769474626,1783794812.1686404,201.851,44,94,2257,12481
8,int8_active,12.530407208949327,1783794812.2688591,201.475,44,94,2257,12481
8,int8_active,12.630625726655126,1783794812.3690774,202.13,44,94,2257,12481
8,int8_active,12.730844797566533,1783794812.469297,201.698,44,94,2257,12481
8,int8_active,12.831073313951492,1783794812.5695255,201.201,44,94,2257,12481
8,int8_active,12.931294480338693,1783794812.6697462,202.266,44,94,2257,12481
8,int8_active,13.031513147056103,1783794812.7699647,201.843,44,94,2257,12481
8,int8_active,13.13173914514482,1783794812.8701913,202.036,44,94,2257,12481
8,int8_active,13.231959749013186,1783794812.9704113,202.503,44,94,2257,12481
8,int8_active,13.332177704200149,1783794813.0706294,201.972,44,93,2257,12481
8,int8_active,13.432416025549173,1783794813.1708694,201.671,44,93,2257,12481
8,int8_active,13.53263827599585,1783794813.271091,202.146,44,94,2257,12481
8,int8_active,13.632870338857174,1783794813.3713222,201.611,44,94,2257,12481
8,int8_active,13.733089976012707,1783794813.4715426,201.456,44,94,2257,12481
8,int8_active,13.833328960463405,1783794813.5717807,202.002,44,94,2257,12481
8,int8_active,13.933547392487526,1783794813.671999,201.438,44,94,2257,12481
8,int8_active,14.03378525748849,1783794813.7722368,201.287,44,94,2257,12481
8,int8_active,14.134066212922335,1783794813.87253,201.725,44,94,2257,12481
8,int8_active,14.234300129115582,1783794813.9727526,201.108,44,94,2257,12481
8,int8_active,14.334522165358067,1783794814.0729737,201.459,44,94,2257,12481
8,int8_active,14.434741016477346,1783794814.1731927,201.97,44,94,2257,12481
8,int8_active,14.53496072627604,1783794814.2734127,200.998,44,94,2257,12481
8,int8_active,14.635214362293482,1783794814.3736718,201.41,44,94,2257,12481
8,int8_active,14.735453547909856,1783794814.473912,202.038,44,94,2257,12481
8,int8_active,14.83570379205048,1783794814.5741613,201.275,44,94,2257,12481
8,int8_active,14.935953060165048,1783794814.6744125,201.782,44,94,2257,12481
8,int8_active,15.03619708865881,1783794814.7746665,202.38,44,94,2257,12481
8,int8_active,15.13647498190403,1783794814.8749278,201.438,44,93,2257,12481
8,int8_active,15.23669433221221,1783794814.9751463,201.454,44,93,2257,12481
8,int8_active,15.336927864700556,1783794815.075383,202.006,44,93,2257,12481
8,int8_active,15.437128195539117,1783794815.1755707,201.38,44,93,2257,12481
8,int8_active,15.53730983659625,1783794815.2757633,201.598,44,94,2257,12481
8,int8_active,15.637548657134175,1783794815.3760026,202.582,44,94,2257,12481
8,int8_active,15.737781224772334,1783794815.4762673,202.262,44,93,2257,12481
8,int8_active,15.838046168908477,1783794815.5764987,201.877,44,93,2257,12481
8,int8_active,15.938272032886744,1783794815.6767242,202.47,44,94,2257,12481
8,int8_active,16.03849332407117,1783794815.776945,202.007,44,94,2257,12481
8,int8_active,16.13871317356825,1783794815.877165,202.594,44,94,2257,12481
8,int8_active,16.238932432606816,1783794815.977385,202.414,44,94,2257,12481
8,int8_active,16.33921023271978,1783794816.077665,201.405,44,94,2257,12481
8,int8_active,16.439540468156338,1783794816.1779964,201.754,44,94,2257,12481
8,int8_active,16.539807992056012,1783794816.2782595,202.106,44,94,2257,12481
8,int8_active,16.640026723966002,1783794816.3784785,201.279,44,94,2257,12481
8,int8_active,16.740270730108023,1783794816.478723,201.627,44,94,2257,12481
8,int8_active,16.840493062511086,1783794816.5789444,202.285,44,94,2257,12481
8,int8_active,16.940710796043277,1783794816.6791623,201.693,44,94,2257,12481
8,int8_active,17.04092948883772,1783794816.779381,202.191,44,94,2257,12481
8,int8_active,17.141157587990165,1783794816.8796093,202.688,44,94,2257,12481
8,int8_active,17.241438139230013,1783794816.9798899,201.768,44,94,2257,12481
8,int8_active,17.341671139001846,1783794817.080123,201.763,44,94,2257,12481
8,int8_active,17.44189486466348,1783794817.1803467,202.752,44,94,2257,12481
8,int8_active,17.542124254629016,1783794817.2805765,202.081,44,94,2257,12481
8,int8_active,17.642344634979963,1783794817.3807967,202.322,44,94,2257,12481
8,int8_active,17.74256271868944,1783794817.4810145,202.445,44,93,2257,12481
8,int8_active,17.842781487852335,1783794817.5812333,202.279,44,93,2257,12481
8,int8_active,17.943000661209226,1783794817.6814523,202.056,44,94,2257,12481
8,int8_active,18.043202431872487,1783794817.781653,202.127,44,94,2257,12481
8,int8_active,18.14342430047691,1783794817.8818803,202.542,44,93,2257,12481
8,int8_active,18.243663316592574,1783794817.9821167,201.497,44,93,2257,12481
8,int8_active,18.343891533091664,1783794818.0823436,202.205,44,94,2257,12481
8,int8_active,18.44411071203649,1783794818.1825628,202.292,44,94,2257,12481
8,int8_active,18.544330002740026,1783794818.2827814,201.71,44,94,2257,12481
8,int8_active,18.64457728713751,1783794818.383029,202.295,44,94,2257,12481
8,int8_active,18.744796292856336,1783794818.4832478,202.606,44,94,2257,12481
8,int8_active,18.84501357190311,1783794818.583465,201.778,44,94,2257,12481
8,int8_active,18.94528290256858,1783794818.6837344,202.913,44,94,2257,12481
8,int8_active,19.045501340180635,1783794818.7839847,202.609,44,94,2257,12481
8,int8_active,19.145754173398018,1783794818.8842058,201.99,44,93,2257,12481
8,int8_active,19.245973946526647,1783794818.9844258,202.511,44,93,2257,12481
8,int8_active,19.346208369359374,1783794819.0846603,202.658,44,93,2257,12481
8,int8_active,19.446426080539823,1783794819.1848774,201.73,44,93,2257,12481
8,int8_active,19.546644784510136,1783794819.2850964,202.641,44,94,2257,12481
8,int8_active,19.64687278494239,1783794819.3853245,202.227,44,94,2257,12481
8,int8_active,19.747098084539175,1783794819.4855568,201.484,44,94,2257,12481
8,int8_active,19.847333054989576,1783794819.5857856,202.421,44,94,2257,12481
8,int8_active,19.947590252384543,1783794819.6860461,202.094,44,93,2257,12481
8,int8_active,20.04784690029919,1783794819.7863035,201.795,44,93,2257,12481
8,int8_active,20.14807407744229,1783794819.8865273,202.821,44,94,2257,12481
8,int8_active,20.24836264923215,1783794819.9868188,202.095,44,94,2257,12481
8,int8_active,20.348655004054308,1783794820.0871134,202.292,44,93,2257,12481
8,int8_active,20.44889824092388,1783794820.187353,202.424,44,93,2257,12481
8,int8_active,20.5491266772151,1783794820.2875805,202.192,44,94,2257,12481
8,int8_active,20.649354334920645,1783794820.3878071,202.166,44,94,2257,12481
8,int8_active,20.749603256583214,1783794820.4880552,202.521,44,94,2257,12481
8,int8_active,20.849827798083425,1783794820.5883136,202.488,44,94,2257,12481
8,int8_active,20.950095089152455,1783794820.6885512,202.453,44,94,2257,12481
8,int8_active,21.05038084834814,1783794820.7888327,202.706,44,94,2257,12481
8,int8_active,21.150611352175474,1783794820.8890648,202.014,44,94,2257,12481
8,int8_active,21.250842472538352,1783794820.989309,201.857,44,94,2257,12481
8,int8_active,21.35110373608768,1783794821.08956,202.537,44,94,2257,12481
8,int8_active,21.451350208371878,1783794821.1898062,202.553,44,94,2257,12481
8,int8_active,21.551581852138042,1783794821.2900379,202.309,44,94,2257,12481
8,int8_active,21.651818117126822,1783794821.3902752,202.478,44,94,2257,12481
8,int8_active,21.752136217430234,1783794821.4905906,202.138,44,94,2257,12481
8,int8_active,21.852405728772283,1783794821.5908697,201.841,44,94,2257,12481
8,int8_active,21.952699672430754,1783794821.6911561,201.925,44,94,2257,12481
8,int8_active,22.052936390042305,1783794821.7913926,201.718,44,94,2257,12481
8,int8_active,22.153185790404677,1783794821.891641,201.177,44,94,2257,12481
8,int8_active,22.253419069573283,1783794821.9918756,202.17,44,94,2257,12481
8,int8_active,22.353651762008667,1783794822.0921075,201.183,44,93,2257,12481
8,int8_active,22.45388239249587,1783794822.192336,201.083,44,93,2257,12481
8,int8_active,22.55410735309124,1783794822.2925608,201.616,44,93,2257,12481
8,int8_active,22.654339930042624,1783794822.3927956,201.65,44,93,2257,12481
8,int8_active,22.7546394392848,1783794822.4931262,201.65,44,93,2257,12481
8,int8_active,22.854918776080012,1783794822.593375,202.243,44,93,2257,12481
8,int8_active,22.955159293487668,1783794822.6936162,201.617,44,94,2257,12481
8,int8_active,23.055398920550942,1783794822.7938561,202.03,44,94,2257,12481
8,int8_active,23.155635001137853,1783794822.894091,202.398,44,94,2257,12481
8,int8_active,23.25587178207934,1783794822.9943259,201.533,44,94,2257,12481
8,int8_active,23.35609883442521,1783794823.0945506,202.566,44,94,2257,12481
8,int8_active,23.45632692426443,1783794823.1947787,202.741,44,94,2257,12481
8,int8_active,23.556545451283455,1783794823.2949975,201.981,44,93,2257,12481
8,int8_active,23.656763846054673,1783794823.3952155,202.975,44,93,2257,12481
8,int8_active,23.756982596591115,1783794823.4954345,202.597,44,94,2257,12481
8,int8_active,23.857200473546982,1783794823.595652,202.209,44,94,2257,12481
8,int8_active,23.9574191365391,1783794823.6958716,202.704,44,94,2257,12481
8,int8_active,24.05763740092516,1783794823.796089,203.013,44,94,2257,12481
8,int8_active,24.15785564482212,1783794823.8963375,202.737,44,94,2257,12481
8,int8_active,24.258116295561194,1783794823.996569,202.828,44,94,2257,12481
8,int8_active,24.358346873894334,1783794824.0967999,203.225,44,94,2257,12481
8,int8_active,24.458595944568515,1783794824.1970477,202.61,44,94,2257,12481
8,int8_active,24.55877567268908,1783794824.2972136,203.057,44,94,2257,12481
8,int8_active,24.658941509202123,1783794824.3974032,202.381,44,94,2257,12481
8,int8_active,24.759171023964882,1783794824.4976225,202.576,44,94,2257,12481
8,int8_active,24.859393905848265,1783794824.5978456,203.028,44,94,2257,12481
8,int8_active,24.959623159840703,1783794824.698075,202.368,44,94,2257,12481
8,int8_active,25.05987154878676,1783794824.798323,202.147,44,94,2257,12481
8,int8_active,25.16009066440165,1783794824.898543,202.809,44,94,2257,12481
8,int8_active,25.260309603065252,1783794824.9987614,202.359,44,94,2257,12481
8,int8_active,25.36054366081953,1783794825.0989969,202.337,44,93,2257,12481
8,int8_active,25.460787914693356,1783794825.1992397,202.628,44,93,2257,12481
8,int8_active,25.561015794053674,1783794825.2994676,201.61,44,94,2257,12481
8,int8_active,25.661235781386495,1783794825.399687,201.666,44,94,2257,12481
8,int8_active,25.761464281007648,1783794825.499924,202.579,44,94,2257,12481
8,int8_active,25.86174096353352,1783794825.6001925,201.789,44,94,2257,12481
8,int8_active,25.96195975318551,1783794825.700423,201.74,44,93,2257,12481
8,int8_active,26.062188981100917,1783794825.8006406,202.557,44,93,2257,12481
8,int8_active,26.162406649440527,1783794825.9008584,201.962,44,94,2257,12481
8,int8_active,26.26267413981259,1783794826.0011349,202.65,44,94,2257,12481
8,int8_active,26.362920060753822,1783794826.1013756,203.094,44,93,2257,12481
8,int8_active,26.463155971840024,1783794826.2016103,202.289,44,93,2257,12481
8,int8_active,26.563392285257578,1783794826.3018441,202.169,44,94,2257,12481
8,int8_active,26.66365158930421,1783794826.4021037,202.939,44,94,2257,12481
8,int8_active,26.763882828876376,1783794826.5023348,201.859,44,94,2257,12481
8,int8_active,26.864102261140943,1783794826.602555,202.332,44,94,2257,12481
8,int8_active,26.964338704943657,1783794826.702791,203.131,44,94,2257,12481
8,int8_active,27.0645615439862,1783794826.8030145,202.506,44,94,2257,12481
8,int8_active,27.164781847968698,1783794826.9032335,202.295,44,94,2257,12481
8,int8_active,27.264998285099864,1783794827.00345,202.759,44,94,2257,12481
8,int8_active,27.365221116691828,1783794827.1036727,202.176,44,94,2257,12481
8,int8_active,27.46543954871595,1783794827.2038915,202.684,44,94,2257,12481
8,int8_active,27.565699260681868,1783794827.3041515,202.962,44,94,2257,12481
8,int8_active,27.665922610089183,1783794827.4043746,202.485,44,94,2257,12481
8,int8_active,27.76611692085862,1783794827.5045664,203.196,44,94,2257,12481
8,int8_active,27.866336729377508,1783794827.6047902,202.647,44,94,2257,12481
8,int8_active,27.96656232327223,1783794827.7050145,201.85,44,94,2257,12481
8,int8_active,28.06678301654756,1783794827.805241,202.941,44,94,2257,12481
8,int8_active,28.16716486029327,1783794827.9056165,202.653,44,94,2257,12481
8,int8_active,28.267391964793205,1783794828.0058436,201.862,44,94,2257,12481
8,int8_active,28.367619547992945,1783794828.1060712,202.94,44,94,2257,12481
8,int8_active,28.467831272631884,1783794828.206283,202.729,44,94,2257,12481
8,int8_active,28.568060072138906,1783794828.3065119,201.847,44,94,2257,12481
8,int8_active,28.668324468657374,1783794828.4067745,200.408,44,94,2332,12481
8,int8_active,28.768544057384133,1783794828.5069957,199.348,44,94,2332,12481
8,int8_active,28.868763364851475,1783794828.607215,198.165,44,94,2422,12481
8,int8_active,28.968980925157666,1783794828.7074327,197.077,44,94,2422,12481
8,int8_active,29.06920969299972,1783794828.8076613,196.503,44,94,2422,12481
8,int8_active,29.169438004493713,1783794828.9078896,195.303,44,94,2422,12481
8,int8_active,29.26969701051712,1783794829.0081487,193.743,44,94,2422,12481
8,int8_active,29.369977362453938,1783794829.1084287,191.782,44,93,2422,12481
8,int8_active,29.470196057111025,1783794829.208648,191.116,44,93,2422,12481
8,int8_active,29.570414546877146,1783794829.3088727,190.632,44,93,2422,12481
8,int8_active,29.670640364289284,1783794829.409092,190.498,44,93,2422,12481
8,int8_active,29.770861072465777,1783794829.509344,190.827,44,94,2422,12481
8,int8_active,29.871113976463675,1783794829.6095657,190.992,44,94,2422,12481
8,int8_active,29.971331793814898,1783794829.7097833,190.538,44,94,2422,12481
8,int8_active,30.07154956459999,1783794829.8100014,190.614,44,94,2422,12481
8,int8_active,30.171770157292485,1783794829.9102232,190.647,44,94,2422,12481
8,int8_active,30.271953348070383,1783794830.0103896,190.684,44,94,2422,12481
8,int8_active,30.372216755524278,1783794830.110669,190.417,44,93,2422,12481
8,int8_active,30.472449647262692,1783794830.2108815,190.67,44,93,2422,12481
8,int8_active,30.57261783629656,1783794830.31107,190.769,44,94,2422,12481
8,int8_active,30.672837955877185,1783794830.41129,190.816,44,94,2422,12481
8,int8_active,30.773057328537107,1783794830.5115092,190.73,44,94,2422,12481
8,int8_active,30.87327629327774,1783794830.6117282,190.936,44,94,2422,12481
8,int8_active,30.973503904417157,1783794830.7119558,190.485,44,93,2422,12481
8,int8_active,31.07373976521194,1783794830.812202,190.659,44,93,2422,12481
8,int8_active,31.17397086508572,1783794830.9124234,190.976,44,94,2422,12481
8,int8_active,31.27419312670827,1783794831.0126462,190.548,44,94,2422,12481
8,int8_active,31.37441603280604,1783794831.1128678,190.11,44,94,2422,12481
8,int8_active,31.474635591730475,1783794831.2130873,190.464,44,94,2422,12481
8,int8_active,31.574855342507362,1783794831.313307,190.57,44,94,2422,12481
8,int8_active,31.675085278227925,1783794831.413537,190.296,44,94,2422,12481
8,int8_active,31.775286534801126,1783794831.5137374,190.392,44,94,2422,12481
8,int8_active,31.875507906079292,1783794831.6139605,190.451,44,94,2422,12481
8,int8_active,31.975715093314648,1783794831.714157,190.562,44,93,2422,12481
8,int8_active,32.07591215334833,1783794831.8143637,190.483,44,93,2422,12481
8,int8_active,32.17613188922405,1783794831.9145834,190.235,44,93,2422,12481
8,int8_active,32.27635151334107,1783794832.0148034,190.595,44,93,2422,12481
8,int8_active,32.37657095864415,1783794832.1150227,190.995,44,93,2422,12481
8,int8_active,32.47678965330124,1783794832.2152414,190.658,44,93,2422,12481
8,int8_active,32.577035116031766,1783794832.315487,190.428,44,93,2422,12481
8,int8_active,32.67725367285311,1783794832.4157054,190.986,44,93,2422,12481
8,int8_active,32.77748226001859,1783794832.515934,190.551,44,94,2422,12481
8,int8_active,32.87772101908922,1783794832.6161726,190.658,44,94,2422,12481
8,int8_active,32.97797035984695,1783794832.716422,190.606,44,93,2422,12481
8,int8_active,33.07818819209933,1783794832.8166397,191.045,44,93,2422,12481
8,int8_active,33.178406193852425,1783794832.9168584,190.738,44,94,2422,12481
8,int8_active,33.27862631715834,1783794833.0170786,190.926,44,94,2422,12481
8,int8_active,33.37888199463487,1783794833.1173737,190.697,44,93,2422,12481
8,int8_active,33.47918715327978,1783794833.217639,190.735,44,93,2422,12481
8,int8_active,33.579406851902604,1783794833.317859,190.809,44,94,2422,12481
8,int8_active,33.67962517775595,1783794833.4180775,190.751,44,94,2422,12481
8,int8_active,33.77984564937651,1783794833.5182977,190.307,44,93,2422,12481
8,int8_active,33.88006527721882,1783794833.6185174,190.362,44,93,2422,12481
8,int8_active,33.9803005810827,1783794833.7187521,190.333,44,94,2422,12481
8,int8_active,34.080519864335656,1783794833.818972,190.478,44,94,2422,12481
8,int8_active,34.18075360544026,1783794833.919217,190.143,44,94,2422,12481
8,int8_active,34.28099058941007,1783794834.0194407,190.386,44,94,2422,12481
8,int8_active,34.381211668252945,1783794834.119664,190.453,44,94,2422,12481
8,int8_active,34.48148078098893,1783794834.2199326,190.815,44,94,2422,12481
8,int8_active,34.581700103357434,1783794834.320152,190.512,44,94,2422,12481
8,int8_active,34.68193610943854,1783794834.420388,190.781,44,94,2422,12481
8,int8_active,34.78217761404812,1783794834.5206296,190.782,44,94,2422,12481
8,int8_active,34.88245643675327,1783794834.6209083,190.723,44,94,2422,12481
8,int8_active,34.98270530067384,1783794834.721157,190.763,44,94,2422,12481
8,int8_active,35.08292540535331,1783794834.8213773,190.621,44,94,2422,12481
8,int8_active,35.18314469046891,1783794834.9215965,190.793,44,94,2422,12481
8,int8_active,35.28333860449493,1783794835.02179,190.417,44,94,2422,12481
8,int8_active,35.38354349695146,1783794835.121998,190.429,44,93,2422,12481
8,int8_active,35.48390193283558,1783794835.2223556,190.63,44,93,2422,12481
8,int8_active,35.58413043990731,1783794835.322584,190.278,44,94,2422,12481
8,int8_active,35.68435547873378,1783794835.4228082,190.42,44,94,2422,12481
8,int8_active,35.7845772691071,1783794835.5230296,190.332,44,94,2422,12481
8,int8_active,35.88479878939688,1783794835.6232522,189.924,44,94,2422,12481
8,int8_active,35.98504610545933,1783794835.7234993,190.584,44,94,2422,12481
8,int8_active,36.085282668471336,1783794835.8237348,190.529,44,94,2422,12481
8,int8_active,36.18550291284919,1783794835.9239557,190.532,44,94,2422,12481
8,int8_active,36.285783030092716,1783794836.024237,190.839,44,94,2422,12481
8,int8_active,36.38600071892142,1783794836.1244903,190.791,44,94,2422,12481
8,int8_active,36.486266020685434,1783794836.2247195,190.837,44,94,2422,12481
8,int8_active,36.586491748690605,1783794836.324947,190.787,44,93,2422,12481
8,int8_active,36.68672532401979,1783794836.4251776,190.886,44,93,2422,12481
8,int8_active,36.78696306794882,1783794836.5254169,191.007,44,93,2422,12481
8,int8_active,36.8871886190027,1783794836.6256428,191.298,44,93,2422,12481
8,int8_active,36.98741365596652,1783794836.7258654,190.57,44,93,2422,12481
8,int8_active,37.08763447590172,1783794836.826086,190.836,44,93,2422,12481
8,int8_active,37.1878658849746,1783794836.9263186,190.718,44,93,2422,12481
8,int8_active,37.288092041388154,1783794837.026546,190.23,44,93,2422,12481
8,int8_active,37.388321317732334,1783794837.126816,190.13,44,93,2422,12481
8,int8_active,37.48863593302667,1783794837.2270894,190.216,44,93,2422,12481
8,int8_active,37.58886265195906,1783794837.327317,190.183,44,93,2422,12481
8,int8_active,37.68915729597211,1783794837.4276114,190.093,44,93,2422,12481
8,int8_active,37.789412293583155,1783794837.5278971,189.984,44,94,2422,12481
8,int8_active,37.88978673517704,1783794837.628241,190.008,44,94,2422,12481
8,int8_active,37.99004294723272,1783794837.7284951,190.604,44,93,2422,12481
8,int8_active,38.09031000174582,1783794837.828762,190.239,44,93,2422,12481
8,int8_active,38.190588001161814,1783794837.9290402,189.841,44,94,2422,12481
8,int8_active,38.29079549014568,1783794838.0292506,190.568,44,94,2422,12481
8,int8_active,38.391023663803935,1783794838.1294787,190.206,44,94,2422,12481
8,int8_active,38.49127499945462,1783794838.229729,190.464,44,94,2422,12481
8,int8_active,38.591484220698476,1783794838.3299384,190.651,44,94,2422,12481
8,int8_active,38.69169273599982,1783794838.430145,190.529,44,94,2422,12481
8,int8_active,38.791941253468394,1783794838.530412,190.391,44,93,2422,12481
8,int8_active,38.89218625985086,1783794838.630638,190.432,44,93,2422,12481
8,int8_active,38.992403857409954,1783794838.7308555,190.269,44,94,2422,12481
8,int8_active,39.0926034655422,1783794838.831055,190.555,44,94,2422,12481
8,int8_active,39.19280405715108,1783794838.9312556,190.822,44,94,2422,12481
8,int8_active,39.29300423711538,1783794839.0314558,190.687,44,94,2422,12481
8,int8_idle_post,0.00018048658967018127,1783794839.0676749,190.687,44,94,2422,12481
8,int8_idle_post,0.10047697648406029,1783794839.167898,184.602,44,93,2422,12481
8,int8_idle_post,0.20067606307566166,1783794839.268097,174.341,41,0,2422,12481
8,int8_idle_post,0.3008768633008003,1783794839.368298,164.452,41,0,2295,12481
8,int8_idle_post,0.4011592548340559,1783794839.4685802,154.518,41,0,2295,12481
8,int8_idle_post,0.501370633020997,1783794839.5687916,148.518,41,0,2265,12481
8,int8_idle_post,0.601585915312171,1783794839.6690068,133.959,40,0,2265,12481
8,int8_idle_post,0.7018722668290138,1783794839.7692933,129.823,40,0,2265,12481
8,int8_idle_post,0.8020720016211271,1783794839.8694932,113.143,40,0,2265,12481
8,int8_idle_post,0.9022741187363863,1783794839.9696963,103.055,40,0,2265,12481
8,int8_idle_post,1.002481011673808,1783794840.069904,93.19,40,0,2257,12481
8,int8_idle_post,1.1026947554200888,1783794840.1701174,93.19,40,0,2257,12481
8,int8_idle_post,1.2028982024639845,1783794840.2703195,93.19,40,0,2257,12481
8,int8_idle_post,1.3030986487865448,1783794840.3705196,93.19,40,0,2257,12481
8,int8_idle_post,1.403319913893938,1783794840.4707406,93.19,40,0,2257,12481
8,int8_idle_post,1.5035659577697515,1783794840.5709867,93.19,40,0,2257,12481
8,int8_idle_post,1.6037647053599358,1783794840.671186,93.19,40,0,2257,12481
8,int8_idle_post,1.7039896305650473,1783794840.7714102,93.19,40,0,2257,12481
8,int8_idle_post,1.8041961397975683,1783794840.871617,93.19,40,0,2257,12481
8,int8_idle_post,1.9043963756412268,1783794840.971817,93.19,40,0,2257,12481
8,int8_idle_post,2.0046099070459604,1783794841.072031,87.552,40,0,2265,12481
8,int8_idle_post,2.1048103123903275,1783794841.1722317,87.552,40,0,2265,12481
8,int8_idle_post,2.2050200570374727,1783794841.272441,87.552,40,0,2265,12481
8,int8_idle_post,2.305218279361725,1783794841.3726392,87.552,40,0,2265,12481
8,int8_idle_post,2.4054585862904787,1783794841.47288,87.552,40,0,2265,12481
8,int8_idle_post,2.5056739784777164,1783794841.5730948,87.552,40,0,2265,12481
8,int8_idle_post,2.606002090498805,1783794841.673423,87.552,40,0,2265,12481
8,int8_idle_post,2.706200636923313,1783794841.7736216,87.552,40,0,2265,12481
8,int8_idle_post,2.806463535875082,1783794841.8738852,87.552,40,0,2265,12481
8,int8_idle_post,2.9066653065383434,1783794841.974086,87.552,40,0,2265,12481
8,int8_idle_post,3.006864994764328,1783794842.0742862,87.268,39,0,2265,12481
8,int8_idle_post,3.1070743538439274,1783794842.1744955,87.268,39,0,2265,12481
8,int8_idle_post,3.2072743624448776,1783794842.274741,87.268,39,0,2265,12481
8,int8_idle_post,3.3075861912220716,1783794842.3750074,87.268,39,0,2265,12481
8,int8_idle_post,3.4077865332365036,1783794842.4752073,87.268,39,0,2265,12481
8,int8_idle_post,3.508016809821129,1783794842.5754375,87.268,39,0,2265,12481
8,int8_idle_post,3.608248533681035,1783794842.6756694,87.268,39,0,2265,12481
8,int8_idle_post,3.708480017259717,1783794842.7759004,87.268,39,0,2265,12481
8,int8_idle_post,3.8087093736976385,1783794842.8761303,87.268,39,0,2265,12481
8,int8_idle_post,3.90890877507627,1783794842.9763296,87.268,39,0,2265,12481
8,int8_idle_post,4.0091612339019775,1783794843.0765822,87.025,39,0,2265,12481
8,int8_idle_post,4.109372911974788,1783794843.1767936,87.025,39,0,2265,12481
8,int8_idle_post,4.2096328511834145,1783794843.2770536,87.025,39,0,2265,12481
8,int8_idle_post,4.3098310101777315,1783794843.377252,87.025,39,0,2265,12481
8,int8_idle_post,4.410076016560197,1783794843.4774969,87.025,39,0,2265,12481
8,int8_idle_post,4.510275427252054,1783794843.5776963,87.025,39,0,2265,12481
8,int8_idle_post,4.610566442832351,1783794843.6779876,87.025,39,0,2265,12481
8,int8_idle_post,4.710781671106815,1783794843.7782023,87.025,39,0,2265,12481
8,int8_idle_post,4.8109811544418335,1783794843.8784022,87.025,39,0,2265,12481
8,int8_idle_post,4.911197930574417,1783794843.9786189,87.025,39,0,2265,12481
8,int8_idle_post,5.011425796896219,1783794844.0788467,86.541,39,0,2265,12481
8,int8_idle_post,5.111631957814097,1783794844.1790528,86.541,39,0,2265,12481
8,int8_idle_post,5.21193253621459,1783794844.2793536,86.541,39,0,2265,12481
8,int8_idle_post,5.31214808486402,1783794844.3795688,86.541,39,0,2265,12481
8,int8_idle_post,5.412346651777625,1783794844.4797676,86.541,39,0,2265,12481
8,int8_idle_post,5.512563679367304,1783794844.5799847,86.541,39,0,2265,12481
8,int8_idle_post,5.612761748954654,1783794844.6801827,86.541,39,0,2265,12481
8,int8_idle_post,5.713044950738549,1783794844.7804658,86.541,39,0,2265,12481
8,int8_idle_post,5.813258280977607,1783794844.8806796,86.541,39,0,2265,12481
8,int8_idle_post,5.913518402725458,1783794844.9809391,86.541,39,0,2265,12481
8,int8_idle_post,6.013819798827171,1783794845.0812442,86.002,39,0,2265,12481
8,int8_idle_post,6.114041578024626,1783794845.1814625,86.002,39,0,2265,12481
8,int8_idle_post,6.214252300560474,1783794845.2816734,86.002,39,0,2265,12481
8,int8_idle_post,6.314453139901161,1783794845.3818743,86.002,39,0,2265,12481
8,int8_idle_post,6.414755146950483,1783794845.4821758,86.002,39,0,2265,12481
8,int8_idle_post,6.514963805675507,1783794845.5823848,86.002,39,0,2265,12481
8,int8_idle_post,6.615178678184748,1783794845.6825998,86.002,39,0,2265,12481
8,int8_idle_post,6.715412190183997,1783794845.7828329,86.002,39,0,2265,12481
8,int8_idle_post,6.815760189667344,1783794845.8831816,86.002,39,0,2265,12481
8,int8_idle_post,6.916011840105057,1783794845.9834328,86.002,39,0,2265,12481
8,int8_idle_post,7.0162323564291,1783794846.0836549,86.027,38,0,2257,12481
8,int8_idle_post,7.116435619071126,1783794846.1838574,86.027,38,0,2257,12481
8,int8_idle_post,7.216652790084481,1783794846.2840738,86.027,38,0,2257,12481
8,int8_idle_post,7.316853802651167,1783794846.3842745,86.027,38,0,2257,12481
8,int8_idle_post,7.417074037715793,1783794846.4844947,86.027,38,0,2257,12481
8,int8_idle_post,7.517283270135522,1783794846.584704,86.027,38,0,2257,12481
8,int8_idle_post,7.61748169735074,1783794846.6849024,86.027,38,0,2257,12481
8,int8_idle_post,7.717682458460331,1783794846.7851036,86.027,38,0,2257,12481
8,int8_idle_post,7.817882139235735,1783794846.8853033,86.027,38,0,2257,12481
8,int8_idle_post,7.918082389980555,1783794846.9855042,86.027,38,0,2257,12481
8,int8_idle_post,8.018290625885129,1783794847.0857134,86.058,38,0,2265,12481
8,int8_idle_post,8.1184987667948,1783794847.1859202,86.058,38,0,2265,12481
8,int8_idle_post,8.218759706243873,1783794847.286181,86.058,38,0,2265,12481
8,int8_idle_post,8.318966593593359,1783794847.3863885,86.058,38,0,2265,12481
8,int8_idle_post,8.419181872159243,1783794847.4866033,86.058,38,0,2265,12481
8,int8_idle_post,8.519402554258704,1783794847.5868244,86.058,38,0,2265,12481
8,int8_idle_post,8.619693044573069,1783794847.6871147,86.058,38,0,2265,12481
8,int8_idle_post,8.719924341887236,1783794847.7873452,86.058,38,0,2265,12481
8,int8_idle_post,8.82012295909226,1783794847.8875444,86.058,38,0,2265,12481
8,int8_idle_post,8.920323191210628,1783794847.987744,86.058,38,0,2265,12481
8,int8_idle_post,9.020525209605694,1783794848.0879462,86.002,38,0,2265,12481
8,int8_idle_post,9.120731322094798,1783794848.188152,86.002,38,0,2265,12481
8,int8_idle_post,9.22093421779573,1783794848.2883554,86.002,38,0,2265,12481
8,int8_idle_post,9.321137621998787,1783794848.3885586,86.002,38,0,2265,12481
8,int8_idle_post,9.421356666833162,1783794848.4887774,86.002,38,0,2265,12481
8,int8_idle_post,9.52155751362443,1783794848.5889785,86.002,38,0,2265,12481
8,int8_idle_post,9.621759222820401,1783794848.6891813,86.002,38,0,2265,12481
8,int8_idle_post,9.721967834979296,1783794848.7893882,86.002,38,0,2265,12481
8,int8_idle_post,9.822167640551925,1783794848.8895888,86.002,38,0,2265,12481
8,int8_idle_post,9.92236776649952,1783794848.9897888,86.002,38,0,2265,12481
9,fp32_idle_pre,0.00019087642431259155,1783794849.0981455,86.027,38,0,2265,12481
9,fp32_idle_pre,0.10044888779520988,1783794849.198364,86.027,38,0,2265,12481
9,fp32_idle_pre,0.20064900442957878,1783794849.2985632,86.027,38,0,2265,12481
9,fp32_idle_pre,0.3008968364447355,1783794849.3988113,86.027,38,0,2265,12481
9,fp32_idle_pre,0.40118054300546646,1783794849.499096,86.027,38,0,2265,12481
9,fp32_idle_pre,0.5014423914253712,1783794849.5993571,86.027,38,0,2265,12481
9,fp32_idle_pre,0.6016630474478006,1783794849.6995776,86.027,38,0,2265,12481
9,fp32_idle_pre,0.7019038517028093,1783794849.7998188,86.027,38,0,2265,12481
9,fp32_idle_pre,0.8021036833524704,1783794849.9000182,86.027,38,0,2265,12481
9,fp32_idle_pre,0.9023028071969748,1783794850.0002172,86.027,38,0,2265,12481
9,fp32_idle_pre,1.0025839749723673,1783794850.1004846,86.052,38,0,2257,12481
9,fp32_idle_pre,1.1027480866760015,1783794850.200664,86.052,38,0,2257,12481
9,fp32_idle_pre,1.2029576394706964,1783794850.3008726,86.052,38,0,2257,12481
9,fp32_idle_pre,1.3031589798629284,1783794850.4010735,86.052,38,0,2257,12481
9,fp32_idle_pre,1.4033207464963198,1783794850.501216,86.052,38,0,2257,12481
9,fp32_idle_pre,1.5035096518695354,1783794850.6014261,86.052,38,0,2257,12481
9,fp32_idle_pre,1.603832971304655,1783794850.7017496,86.052,38,0,2257,12481
9,fp32_idle_pre,1.7040397394448519,1783794850.8019557,86.052,38,0,2257,12481
9,fp32_idle_pre,1.8043356034904718,1783794850.9022515,86.052,38,0,2257,12481
9,fp32_idle_pre,1.9046788550913334,1783794851.0025952,86.052,38,0,2257,12481
9,fp32_idle_pre,2.004962883889675,1783794851.1028807,86.052,38,0,2265,12481
9,fp32_idle_pre,2.105244919657707,1783794851.203164,86.052,38,0,2265,12481
9,fp32_idle_pre,2.2054746970534325,1783794851.303392,86.052,38,0,2265,12481
9,fp32_idle_pre,2.3057064693421125,1783794851.4036229,86.052,38,0,2265,12481
9,fp32_idle_pre,2.405912112444639,1783794851.503827,86.052,38,0,2265,12481
9,fp32_idle_pre,2.5061476323753595,1783794851.6040637,86.052,38,0,2265,12481
9,fp32_idle_pre,2.606452327221632,1783794851.7043707,86.052,38,0,2265,12481
9,fp32_idle_pre,2.7066651433706284,1783794851.8045824,86.052,38,0,2265,12481
9,fp32_idle_pre,2.8069641310721636,1783794851.9048815,86.052,38,0,2265,12481
9,fp32_idle_pre,2.90726594440639,1783794852.0051818,86.052,38,0,2265,12481
9,fp32_idle_pre,3.0074812918901443,1783794852.1053967,86.052,37,0,2265,12481
9,fp32_idle_pre,3.107684640213847,1783794852.2056005,86.052,37,0,2265,12481
9,fp32_idle_pre,3.2078905273228884,1783794852.3058069,86.052,37,0,2265,12481
9,fp32_idle_pre,3.308116666972637,1783794852.4060316,86.052,37,0,2265,12481
9,fp32_idle_pre,3.4083303548395634,1783794852.5062466,86.052,37,0,2265,12481
9,fp32_idle_pre,3.5085701514035463,1783794852.6064856,86.052,37,0,2265,12481
9,fp32_idle_pre,3.6087716203182936,1783794852.706726,86.052,37,0,2265,12481
9,fp32_idle_pre,3.709126701578498,1783794852.8070455,86.052,37,0,2265,12481
9,fp32_idle_pre,3.8094193469733,1783794852.9073389,86.052,37,0,2265,12481
9,fp32_idle_pre,3.909634929150343,1783794853.007553,86.052,37,0,2265,12481
9,fp32_idle_pre,4.009954115375876,1783794853.1078706,86.052,37,0,2265,12481
9,fp32_idle_pre,4.110195958986878,1783794853.2081144,86.052,37,0,2265,12481
9,fp32_idle_pre,4.210479751229286,1783794853.3083992,86.052,37,0,2265,12481
9,fp32_idle_pre,4.310708191245794,1783794853.408625,86.052,37,0,2265,12481
9,fp32_idle_pre,4.410999221727252,1783794853.5089138,86.052,37,0,2265,12481
9,fp32_idle_pre,4.511270964518189,1783794853.6091852,86.052,37,0,2265,12481
9,fp32_idle_pre,4.611483694985509,1783794853.7094023,86.052,37,0,2265,12481
9,fp32_idle_pre,4.71169369481504,1783794853.8096106,86.052,37,0,2265,12481
9,fp32_idle_pre,4.811900435015559,1783794853.9098155,86.052,37,0,2265,12481
9,fp32_idle_pre,4.912103885784745,1783794854.0100205,86.052,37,0,2265,12481
9,fp32_idle_pre,5.0123315919190645,1783794854.1102412,85.325,37,0,2257,12481
9,fp32_idle_pre,5.112566012889147,1783794854.2104704,85.325,37,0,2257,12481
9,fp32_idle_pre,5.212729090824723,1783794854.3106453,85.325,37,0,2257,12481
9,fp32_idle_pre,5.312953814864159,1783794854.4108686,85.325,37,0,2257,12481
9,fp32_idle_pre,5.413221335038543,1783794854.5111375,85.325,37,0,2257,12481
9,fp32_idle_pre,5.513427373021841,1783794854.611343,85.325,37,0,2257,12481
9,fp32_idle_pre,5.613633438944817,1783794854.7115495,85.325,37,0,2257,12481
9,fp32_idle_pre,5.713850662112236,1783794854.8117676,85.325,37,0,2257,12481
9,fp32_idle_pre,5.814068960025907,1783794854.9119859,85.325,37,0,2257,12481
9,fp32_idle_pre,5.914295606315136,1783794855.012214,85.325,37,0,2257,12481
9,fp32_idle_pre,6.014509275555611,1783794855.112429,84.592,37,0,2265,12481
9,fp32_idle_pre,6.1147510670125484,1783794855.2126706,84.592,37,0,2265,12481
9,fp32_idle_pre,6.215011443942785,1783794855.3129294,84.592,37,0,2265,12481
9,fp32_idle_pre,6.315240180119872,1783794855.4131572,84.592,37,0,2265,12481
9,fp32_idle_pre,6.415449423715472,1783794855.5133657,84.592,37,0,2265,12481
9,fp32_idle_pre,6.515764715149999,1783794855.6136825,84.592,37,0,2265,12481
9,fp32_idle_pre,6.61610865406692,1783794855.7140265,84.592,37,0,2265,12481
9,fp32_idle_pre,6.716492772102356,1783794855.8144104,84.592,37,0,2265,12481
9,fp32_idle_pre,6.816724808886647,1783794855.9146416,84.592,37,0,2265,12481
9,fp32_idle_pre,6.917057579383254,1783794856.0149758,84.592,37,0,2265,12481
9,fp32_idle_pre,7.017284046858549,1783794856.1152027,84.592,37,0,2265,12481
9,fp32_idle_pre,7.11750341206789,1783794856.2154236,84.592,37,0,2265,12481
9,fp32_idle_pre,7.217720244079828,1783794856.31564,84.592,37,0,2265,12481
9,fp32_idle_pre,7.317952347919345,1783794856.4158704,84.592,37,0,2265,12481
9,fp32_idle_pre,7.418395660817623,1783794856.5163116,84.592,37,0,2265,12481
9,fp32_idle_pre,7.518618339672685,1783794856.616537,84.592,37,0,2265,12481
9,fp32_idle_pre,7.618846546858549,1783794856.7167628,84.592,37,0,2265,12481
9,fp32_idle_pre,7.719159670174122,1783794856.817077,84.592,37,0,2265,12481
9,fp32_idle_pre,7.819368219003081,1783794856.9172854,84.592,37,0,2265,12481
9,fp32_idle_pre,7.9195756316185,1783794857.0174932,84.592,37,0,2265,12481
9,fp32_idle_pre,8.01978418789804,1783794857.1177018,84.787,37,0,2265,12481
9,fp32_idle_pre,8.119994757696986,1783794857.2179112,84.787,37,0,2265,12481
9,fp32_idle_pre,8.220202751457691,1783794857.3181198,84.787,37,0,2265,12481
9,fp32_idle_pre,8.32042582705617,1783794857.4183433,84.787,37,0,2265,12481
9,fp32_idle_pre,8.420652404427528,1783794857.5185702,84.787,37,0,2265,12481
9,fp32_idle_pre,8.520918846130371,1783794857.6188436,84.787,37,0,2265,12481
9,fp32_idle_pre,8.621239883825183,1783794857.7191608,84.787,37,0,2265,12481
9,fp32_idle_pre,8.721492579206824,1783794857.8194153,84.787,37,0,2265,12481
9,fp32_idle_pre,8.821764383465052,1783794857.9196844,84.787,37,0,2265,12481
9,fp32_idle_pre,8.921994527801871,1783794858.019912,84.787,37,0,2265,12481
9,fp32_idle_pre,9.022205980494618,1783794858.1201253,85.079,37,0,2257,12481
9,fp32_idle_pre,9.122436363250017,1783794858.2203557,85.079,37,0,2257,12481
9,fp32_idle_pre,9.222739523276687,1783794858.320659,85.079,37,0,2257,12481
9,fp32_idle_pre,9.322959903627634,1783794858.4208791,85.079,37,0,2257,12481
9,fp32_idle_pre,9.423274831846356,1783794858.5211928,85.079,37,0,2257,12481
9,fp32_idle_pre,9.523545702919364,1783794858.6214643,85.079,37,0,2257,12481
9,fp32_idle_pre,9.623759396374226,1783794858.721677,85.079,37,0,2257,12481
9,fp32_idle_pre,9.723996764048934,1783794858.8219144,85.079,37,0,2257,12481
9,fp32_idle_pre,9.824206445366144,1783794858.9221234,85.079,37,0,2257,12481
9,fp32_idle_pre,9.924521593376994,1783794859.022439,85.079,37,0,2257,12481
9,fp32_active,0.00037682801485061646,1783794859.0994923,84.811,36,0,2265,12481
9,fp32_active,0.1006168220192194,1783794859.199735,86.133,36,0,2265,12481
9,fp32_active,0.20086689852178097,1783794859.299986,100.145,41,94,2265,12481
9,fp32_active,0.3011373560875654,1783794859.400255,114.954,42,94,2250,12481
9,fp32_active,0.40146099403500557,1783794859.5005777,126.922,42,94,2250,12481
9,fp32_active,0.5016559697687626,1783794859.6007566,140.942,43,94,2242,12481
9,fp32_active,0.6018689572811127,1783794859.7010317,151.436,43,94,2242,12481
9,fp32_active,0.7021819483488798,1783794859.8012989,159.325,43,94,2242,12481
9,fp32_active,0.8024702165275812,1783794859.9015875,166.828,43,94,2250,12481
9,fp32_active,0.902698153629899,1783794860.0018187,175.858,43,94,2250,12481
9,fp32_active,1.0029397327452898,1783794860.1020627,181.74,43,94,2250,12481
9,fp32_active,1.1031848974525928,1783794860.202307,279.728,44,94,2250,12481
9,fp32_active,1.203452741727233,1783794860.3025715,307.72,44,94,2250,12481
9,fp32_active,1.303613156080246,1783794860.402713,305.176,44,94,2250,12481
9,fp32_active,1.4037764333188534,1783794860.5028946,306.406,44,94,2250,12481
9,fp32_active,1.5040784124284983,1783794860.6031964,306.626,44,94,2250,12481
9,fp32_active,1.6043058577924967,1783794860.703424,305.301,44,94,2250,12481
9,fp32_active,1.7045414689928293,1783794860.8036592,303.825,44,94,2250,12481
9,fp32_active,1.8047335091978312,1783794860.9038367,308.856,44,94,2250,12481
9,fp32_active,1.9049627780914307,1783794861.00408,305.149,44,94,2250,12481
9,fp32_active,2.005163112655282,1783794861.1042793,305.045,44,94,2250,12481
9,fp32_active,2.1053733453154564,1783794861.2045202,307.662,44,94,2250,12481
9,fp32_active,2.205613996833563,1783794861.3047287,307.683,44,94,2250,12481
9,fp32_active,2.305835008621216,1783794861.4049494,304.788,44,94,2250,12481
9,fp32_active,2.40605753287673,1783794861.505173,301.986,44,94,2250,12481
9,fp32_active,2.5062778536230326,1783794861.6053998,302.183,44,94,2355,12481
9,fp32_active,2.6065098848193884,1783794861.7056246,299.89,44,94,2355,12481
9,fp32_active,2.706711007282138,1783794861.8058257,299.89,44,94,2355,12481
9,fp32_active,2.8069131057709455,1783794861.9060276,297.507,44,94,2415,12481
9,fp32_active,2.90710854716599,1783794862.0062234,296.322,44,94,2415,12481
9,fp32_active,3.007318841293454,1783794862.1064334,298.812,44,94,2415,12481
9,fp32_active,3.107520390301943,1783794862.206635,295.589,44,94,2415,12481
9,fp32_active,3.207772109657526,1783794862.3068864,296.072,44,94,2415,12481
9,fp32_active,3.307980213314295,1783794862.407101,299.599,44,94,2415,12481
9,fp32_active,3.4081972129642963,1783794862.5073166,297.784,44,94,2415,12481
9,fp32_active,3.508417947217822,1783794862.6075327,293.297,44,94,2415,12481
9,fp32_active,3.608620308339596,1783794862.7077358,299.276,44,94,2415,12481
9,fp32_active,3.7088295836001635,1783794862.8079448,296.914,44,94,2415,12481
9,fp32_active,3.809031108394265,1783794862.908146,295.77,44,94,2415,12481
9,fp32_active,3.9092351384460926,1783794863.0083518,297.002,45,94,2415,12481
9,fp32_active,4.009442364796996,1783794863.108557,294.444,45,94,2415,12481
9,fp32_active,4.10964572429657,1783794863.20876,295.945,45,94,2415,12481
9,fp32_active,4.2098473366349936,1783794863.3089619,296.835,45,94,2415,12481
9,fp32_active,4.310055313631892,1783794863.409181,291.721,45,94,2415,12481
9,fp32_active,4.4102770406752825,1783794863.5093918,294.611,45,94,2415,12481
9,fp32_active,4.510479813441634,1783794863.6095943,295.032,45,94,2415,12481
9,fp32_active,4.610680898651481,1783794863.7097955,291.061,45,94,2415,12481
9,fp32_active,4.710883475840092,1783794863.8099985,296.057,45,94,2415,12481
9,fp32_active,4.811086593195796,1783794863.9102013,296.656,45,94,2415,12481
9,fp32_active,4.9112873282283545,1783794864.010402,290.807,45,94,2415,12481
9,fp32_active,5.011491559445858,1783794864.1106062,293.051,45,94,2415,12481
9,fp32_active,5.111710323020816,1783794864.210825,294.66,45,94,2415,12481
9,fp32_active,5.211913000792265,1783794864.3110275,290.159,45,94,2415,12481
9,fp32_active,5.312114708125591,1783794864.4112291,290.153,45,94,2415,12481
9,fp32_active,5.412378292530775,1783794864.511494,295.469,45,94,2415,12481
9,fp32_active,5.512594949454069,1783794864.611721,292.231,45,94,2415,12481
9,fp32_active,5.612819669768214,1783794864.711934,292.278,45,94,2415,12481
9,fp32_active,5.713023621588945,1783794864.8121383,294.679,45,94,2415,12481
9,fp32_active,5.813216948881745,1783794864.9123316,289.81,45,94,2415,12481
9,fp32_active,5.913412621244788,1783794865.0125284,290.291,45,94,2415,12481
9,fp32_active,6.013618288561702,1783794865.1127372,294.923,45,94,2415,12481
9,fp32_active,6.113802200183272,1783794865.2128935,291.059,45,94,2415,12481
9,fp32_active,6.213936461135745,1783794865.3130512,291.567,45,94,2415,12481
9,fp32_active,6.314137412235141,1783794865.413252,296.632,45,94,2415,12481
9,fp32_active,6.414338778704405,1783794865.5134532,291.124,45,94,2415,12481
9,fp32_active,6.51454452984035,1783794865.613659,294.372,45,94,2415,12481
9,fp32_active,6.614796856418252,1783794865.7139115,295.079,45,94,2415,12481
9,fp32_active,6.7149986289441586,1783794865.8141139,292.102,45,94,2415,12481
9,fp32_active,6.81520183570683,1783794865.914317,294.404,45,94,2415,12481
9,fp32_active,6.915404472500086,1783794866.014519,297.184,45,94,2415,12481
9,fp32_active,7.015622701495886,1783794866.1147375,293.057,45,94,2415,12481
9,fp32_active,7.115824535489082,1783794866.214939,293.463,46,94,2415,12481
9,fp32_active,7.216033587232232,1783794866.3151486,295.193,46,94,2415,12481
9,fp32_active,7.316254056990147,1783794866.415369,293.463,46,94,2415,12481
9,fp32_active,7.416455956175923,1783794866.5155706,297.723,46,94,2415,12481
9,fp32_active,7.516657076776028,1783794866.615772,296.524,46,94,2415,12481
9,fp32_active,7.616858575493097,1783794866.7159736,295.848,46,94,2415,12481
9,fp32_active,7.71706753782928,1783794866.8161824,300.612,46,94,2415,12481
9,fp32_active,7.817270988598466,1783794866.916386,297.985,46,94,2415,12481
9,fp32_active,7.917479000985622,1783794867.0165937,297.5,46,94,2415,12481
9,fp32_active,8.017681965604424,1783794867.1167967,300.838,46,94,2415,12481
9,fp32_active,8.117883402854204,1783794867.2169979,301.321,46,94,2415,12481
9,fp32_active,8.218083968386054,1783794867.3171985,302.153,46,94,2415,12481
9,fp32_active,8.318286709487438,1783794867.417402,300.484,46,94,2415,12481
9,fp32_active,8.418490348383784,1783794867.517604,301.898,46,94,2415,12481
9,fp32_active,8.518694961443543,1783794867.61781,301.502,46,94,2415,12481
9,fp32_active,8.618906801566482,1783794867.7180326,301.272,46,94,2415,12481
9,fp32_active,8.719114683568478,1783794867.81823,301.011,46,94,2415,12481
9,fp32_active,8.819310151040554,1783794867.9184246,299.869,46,94,2415,12481
9,fp32_active,8.9195127338171,1783794868.0186276,300.363,46,94,2415,12481
9,fp32_active,9.019740853458643,1783794868.1188552,300.174,46,94,2415,12481
9,fp32_active,9.119948068633676,1783794868.219068,299.998,46,94,2415,12481
9,fp32_active,9.220164984464645,1783794868.3192813,300.649,46,94,2415,12481
9,fp32_active,9.320376992225647,1783794868.419495,299.647,46,94,2415,12481
9,fp32_active,9.420589508488774,1783794868.5197067,299.501,46,94,2415,12481
9,fp32_active,9.520913496613503,1783794868.6200335,298.848,46,94,2415,12481
9,fp32_active,9.621142737567425,1783794868.7202592,298.716,46,94,2415,12481
9,fp32_active,9.721352314576507,1783794868.8204675,300.219,46,94,2415,12481
9,fp32_active,9.821562746539712,1783794868.9206774,299.6,46,94,2415,12481
9,fp32_active,9.92178532294929,1783794869.020908,300.175,46,94,2415,12481
9,fp32_active,10.021996265277267,1783794869.1211107,299.697,46,94,2415,12481
9,fp32_active,10.122198289260268,1783794869.2213132,299.957,46,94,2415,12481
9,fp32_active,10.2224086150527,1783794869.3215237,299.764,46,94,2415,12481
9,fp32_active,10.3226105440408,1783794869.4217253,299.716,46,94,2415,12481
9,fp32_active,10.422811448574066,1783794869.5219262,300.5,46,94,2415,12481
9,fp32_active,10.52301407046616,1783794869.6221287,300.247,47,94,2415,12481
9,fp32_active,10.62321712821722,1783794869.7223318,300.354,47,94,2415,12481
9,fp32_active,10.72341737523675,1783794869.822532,301.161,47,94,2415,12481
9,fp32_active,10.82363711297512,1783794869.9227514,300.375,47,94,2415,12481
9,fp32_active,10.923831585794687,1783794870.0229447,300.887,47,94,2415,12481
9,fp32_active,11.024023704230785,1783794870.1231408,300.081,47,94,2415,12481
9,fp32_active,11.124258818104863,1783794870.223374,300.6,47,94,2415,12481
9,fp32_active,11.22448887117207,1783794870.3236034,300.741,47,94,2415,12481
9,fp32_active,11.324690340086818,1783794870.4238048,299.651,47,94,2415,12481
9,fp32_active,11.424893280491233,1783794870.5240088,301.732,47,94,2415,12481
9,fp32_active,11.525153381749988,1783794870.624268,300.829,47,94,2415,12481
9,fp32_active,11.625367268919945,1783794870.7244818,301.205,47,94,2415,12481
9,fp32_active,11.725568793714046,1783794870.8246837,302.093,47,94,2415,12481
9,fp32_active,11.825776809826493,1783794870.9248915,301.619,47,94,2415,12481
9,fp32_active,11.925978600978851,1783794871.0250938,302.319,47,94,2415,12481
9,fp32_active,12.026182547211647,1783794871.125297,300.791,47,94,2415,12481
9,fp32_active,12.126390805467963,1783794871.2255056,302.012,47,94,2415,12481
9,fp32_active,12.226593168452382,1783794871.3257077,302.006,47,94,2415,12481
9,fp32_active,12.326796557754278,1783794871.425912,302.132,47,94,2415,12481
9,fp32_active,12.426997292786837,1783794871.5261118,302.784,47,94,2415,12481
9,fp32_active,12.527199553325772,1783794871.6263144,301.591,47,94,2415,12481
9,fp32_active,12.627398248761892,1783794871.7265131,301.897,47,94,2415,12481
9,fp32_active,12.72761633247137,1783794871.8267312,301.396,47,94,2415,12481
9,fp32_active,12.827819507569075,1783794871.9269342,300.175,47,94,2415,12481
9,fp32_active,12.928022548556328,1783794872.027137,301.115,47,94,2415,12481
9,fp32_active,13.028251400217414,1783794872.1273658,300.052,47,94,2415,12481
9,fp32_active,13.128467669710517,1783794872.2275825,300.875,47,94,2415,12481
9,fp32_active,13.228670749813318,1783794872.3277855,300.228,47,94,2415,12481
9,fp32_active,13.328874800354242,1783794872.4279895,299.937,47,94,2415,12481
9,fp32_active,13.429078282788396,1783794872.528193,300.102,47,94,2415,12481
9,fp32_active,13.529337959364057,1783794872.6284525,299.262,47,94,2415,12481
9,fp32_active,13.62955324538052,1783794872.7286694,300.392,47,94,2415,12481
9,fp32_active,13.729771237820387,1783794872.8288863,300.663,47,94,2415,12481
9,fp32_active,13.829975513741374,1783794872.92909,300.547,47,94,2415,12481
9,fp32_active,13.93018328025937,1783794873.029298,301.37,47,94,2415,12481
9,fp32_active,14.030397580936551,1783794873.129514,300.566,47,94,2415,12481
9,fp32_active,14.130669604986906,1783794873.2297857,300.13,47,94,2415,12481
9,fp32_active,14.230879284441471,1783794873.3300045,300.603,47,94,2415,12481
9,fp32_active,14.331163041293621,1783794873.4302785,299.586,47,94,2415,12481
9,fp32_active,14.431365186348557,1783794873.530481,300.257,47,94,2415,12481
9,fp32_active,14.531547164544463,1783794873.6306493,300.688,47,94,2415,12481
9,fp32_active,14.631720632314682,1783794873.7308412,300.828,47,94,2415,12481
9,fp32_active,14.731951415538788,1783794873.8310714,301.467,47,94,2415,12481
9,fp32_active,14.83217565715313,1783794873.931275,300.616,47,94,2415,12481
9,fp32_active,14.93231993354857,1783794874.0314384,301.969,47,94,2415,12481
9,fp32_active,15.032562267035246,1783794874.131681,300.661,48,94,2415,12481
9,fp32_active,15.132774228230119,1783794874.2318897,301.925,48,94,2415,12481
9,fp32_active,15.232987016439438,1783794874.3321035,302.391,48,94,2415,12481
9,fp32_active,15.333207936957479,1783794874.4323254,302.733,48,94,2415,12481
9,fp32_active,15.433424666523933,1783794874.5325427,303.621,48,94,2415,12481
9,fp32_active,15.533606495708227,1783794874.6327035,302.075,48,94,2415,12481
9,fp32_active,15.63376078568399,1783794874.73288,303.188,48,94,2415,12481
9,fp32_active,15.734029896557331,1783794874.8331463,302.849,48,94,2415,12481
9,fp32_active,15.83424169011414,1783794874.9333696,302.801,48,94,2415,12481
9,fp32_active,15.93445054627955,1783794875.0335598,302.829,48,94,2415,12481
9,fp32_active,16.03460743650794,1783794875.1337075,302.137,48,94,2415,12481
9,fp32_active,16.134768331423402,1783794875.233891,303.139,48,94,2415,12481
9,fp32_active,16.234996799379587,1783794875.3341148,303.284,48,94,2415,12481
9,fp32_active,16.33522100560367,1783794875.4343376,302.242,48,94,2415,12481
9,fp32_active,16.435410544276237,1783794875.5345101,303.814,48,94,2415,12481
9,fp32_active,16.535536509007215,1783794875.634639,302.154,48,94,2415,12481
9,fp32_active,16.635720593854785,1783794875.7348387,303.19,48,94,2415,12481
9,fp32_active,16.735971555113792,1783794875.8350887,302.803,48,94,2415,12481
9,fp32_active,16.836183104664087,1783794875.9353,301.292,48,94,2415,12481
9,fp32_active,16.936398457735777,1783794876.0355158,302.864,48,94,2415,12481
9,fp32_active,17.036676047369838,1783794876.1357937,301.73,48,94,2415,12481
9,fp32_active,17.136908024549484,1783794876.2360256,302.188,48,94,2415,12481
9,fp32_active,17.237132165580988,1783794876.3362472,302.756,48,94,2415,12481
9,fp32_active,17.337361440062523,1783794876.4364793,302.186,48,94,2415,12481
9,fp32_active,17.43762461654842,1783794876.5367525,302.013,48,94,2415,12481
9,fp32_active,17.53784530982375,1783794876.6369603,301.569,48,94,2415,12481
9,fp32_active,17.6380562055856,1783794876.737171,301.993,48,94,2415,12481
9,fp32_active,17.738258093595505,1783794876.8373733,302.669,48,94,2415,12481
9,fp32_active,17.838461853563786,1783794876.9375768,302.68,48,94,2415,12481
9,fp32_active,17.93866892531514,1783794877.0377839,302.507,48,94,2415,12481
9,fp32_active,18.038881320506334,1783794877.137996,302.912,48,94,2415,12481
9,fp32_active,18.13907777518034,1783794877.238192,302.536,48,94,2415,12481
9,fp32_active,18.23928359337151,1783794877.3384101,303.115,48,94,2415,12481
9,fp32_active,18.339497845619917,1783794877.4386125,301.472,48,94,2415,12481
9,fp32_active,18.439749125391245,1783794877.538864,301.94,48,94,2415,12481
9,fp32_active,18.53995173610747,1783794877.6390665,302.729,48,94,2415,12481
9,fp32_active,18.640153681859374,1783794877.7392683,302.033,48,94,2415,12481
9,fp32_active,18.7403820771724,1783794877.8394969,302.178,48,94,2415,12481
9,fp32_active,18.840595476329327,1783794877.93971,301.325,48,94,2415,12481
9,fp32_active,18.940814508125186,1783794878.039929,302.87,48,94,2415,12481
9,fp32_active,19.041015772148967,1783794878.1401393,302.902,48,94,2415,12481
9,fp32_active,19.141226831823587,1783794878.2403414,302.95,48,94,2415,12481
9,fp32_active,19.241429364308715,1783794878.3405437,303.096,48,94,2415,12481
9,fp32_active,19.341629972681403,1783794878.4407444,303.338,48,94,2415,12481
9,fp32_active,19.441831849515438,1783794878.5409465,303.661,48,94,2415,12481
9,fp32_active,19.54203398153186,1783794878.6411486,303.317,48,94,2415,12481
9,fp32_active,19.642236553132534,1783794878.741351,302.992,48,94,2415,12481
9,fp32_active,19.742439268156886,1783794878.8415546,304.416,48,94,2415,12481
9,fp32_active,19.84264699369669,1783794878.9417634,303.705,48,94,2415,12481
9,fp32_active,19.942872492596507,1783794879.0419922,303.898,48,94,2415,12481
9,fp32_active,20.043091168627143,1783794879.1422062,303.946,48,94,2415,12481
9,fp32_active,20.143294770270586,1783794879.2424097,304.091,48,94,2415,12481
9,fp32_active,20.243502913042903,1783794879.3426185,304.063,48,94,2415,12481
9,fp32_active,20.343728855252266,1783794879.4428442,303.302,48,94,2415,12481
9,fp32_active,20.443929884582758,1783794879.5430443,304.237,49,94,2415,12481
9,fp32_active,20.544132325798273,1783794879.6432471,304.838,49,94,2415,12481
9,fp32_active,20.644343113526702,1783794879.7434688,304.19,49,94,2415,12481
9,fp32_active,20.744559472426772,1783794879.843674,303.997,49,94,2415,12481
9,fp32_active,20.844761829823256,1783794879.9438765,303.899,49,94,2415,12481
9,fp32_active,20.944956209510565,1783794880.0440712,304.014,49,94,2415,12481
9,fp32_active,21.04515792429447,1783794880.1442738,304.591,49,94,2415,12481
9,fp32_active,21.145360993221402,1783794880.2444758,303.196,49,94,2415,12481
9,fp32_active,21.24558664113283,1783794880.3447015,303.127,49,94,2415,12481
9,fp32_active,21.34579900279641,1783794880.4449136,304.063,49,94,2415,12481
9,fp32_active,21.44606419838965,1783794880.5451815,303.676,49,94,2415,12481
9,fp32_active,21.546274792402983,1783794880.6453903,303.793,49,94,2415,12481
9,fp32_active,21.6465347353369,1783794880.7456493,302.689,49,94,2415,12481
9,fp32_active,21.746746173128486,1783794880.8458612,303.554,49,94,2415,12481
9,fp32_active,21.846979424357414,1783794880.9460955,303.277,49,94,2415,12481
9,fp32_active,21.947150092571974,1783794881.0462484,302.68,49,94,2415,12481
9,fp32_active,22.047287674620748,1783794881.1464016,303.1,49,94,2415,12481
9,fp32_active,22.14749001711607,1783794881.2466044,302.339,49,94,2415,12481
9,fp32_active,22.24779393337667,1783794881.3469086,303.022,49,94,2415,12481
9,fp32_active,22.34802602417767,1783794881.4471407,302.423,49,94,2415,12481
9,fp32_active,22.448229065164924,1783794881.5473456,302.162,49,94,2415,12481
9,fp32_active,22.548459408804774,1783794881.647574,303.259,49,94,2415,12481
9,fp32_active,22.648844830691814,1783794881.7479594,301.467,49,94,2415,12481
9,fp32_active,22.749046504497528,1783794881.848161,302.897,49,94,2415,12481
9,fp32_active,22.84924740716815,1783794881.9483624,303.193,49,94,2415,12481
9,fp32_active,22.949450101703405,1783794882.048565,302.883,49,94,2415,12481
9,fp32_active,23.049674101173878,1783794882.1487887,303.915,49,94,2415,12481
9,fp32_active,23.14988237246871,1783794882.2489974,303.317,49,94,2415,12481
9,fp32_active,23.250085089355707,1783794882.3492,303.731,49,94,2415,12481
9,fp32_active,23.35028829611838,1783794882.4494028,304.179,49,94,2415,12481
9,fp32_active,23.450481040403247,1783794882.5495956,303.829,49,94,2415,12481
9,fp32_active,23.550687791779637,1783794882.6498024,304.113,49,94,2415,12481
9,fp32_active,23.650893449783325,1783794882.750008,304.528,49,94,2415,12481
9,fp32_active,23.7510954067111,1783794882.85021,304.267,49,94,2415,12481
9,fp32_active,23.851372964680195,1783794882.9504874,304.777,49,94,2415,12481
9,fp32_active,23.951575273647904,1783794883.0507069,303.311,49,94,2415,12481
9,fp32_active,24.05179636925459,1783794883.1509113,304.239,49,94,2415,12481
9,fp32_active,24.152049999684095,1783794883.2511644,304.577,49,94,2415,12481
9,fp32_active,24.252251697704196,1783794883.3513668,304.364,49,94,2415,12481
9,fp32_active,24.35252422466874,1783794883.451639,304.557,49,94,2415,12481
9,fp32_active,24.452726608142257,1783794883.5518413,304.267,49,94,2415,12481
9,fp32_active,24.552921811118722,1783794883.6520355,303.852,49,94,2415,12481
9,fp32_active,24.653138041496277,1783794883.7522528,304.005,49,94,2415,12481
9,fp32_active,24.753342213109136,1783794883.8524578,304.083,49,94,2415,12481
9,fp32_active,24.853550834581256,1783794883.9526656,304.421,49,94,2415,12481
9,fp32_active,24.95375308021903,1783794884.0528681,304.132,49,94,2415,12481
9,fp32_active,25.053965218365192,1783794884.1530797,303.668,49,94,2415,12481
9,fp32_active,25.15419635735452,1783794884.2533112,303.542,49,94,2415,12481
9,fp32_active,25.254431251436472,1783794884.353549,303.433,49,94,2415,12481
9,fp32_active,25.354647047817707,1783794884.4537678,303.986,49,94,2415,12481
9,fp32_active,25.45486803725362,1783794884.5539875,302.081,49,94,2415,12481
9,fp32_active,25.555095866322517,1783794884.6542163,303.627,49,94,2415,12481
9,fp32_active,25.655347680673003,1783794884.7544677,303.326,49,94,2415,12481
9,fp32_active,25.75557017698884,1783794884.8547041,302.712,49,94,2415,12481
9,fp32_active,25.85579400137067,1783794884.9549086,304.136,49,94,2415,12481
9,fp32_active,25.95599834434688,1783794885.0551145,302.432,49,94,2415,12481
9,fp32_active,26.056207675486803,1783794885.1553247,303.637,49,94,2415,12481
9,fp32_active,26.156418489292264,1783794885.255533,303.828,49,94,2415,12481
9,fp32_active,26.256614044308662,1783794885.3557274,303.493,49,94,2415,12481
9,fp32_active,26.356818625703454,1783794885.455934,303.348,49,94,2415,12481
9,fp32_active,26.457025920972228,1783794885.5561402,302.608,49,94,2415,12481
9,fp32_active,26.557227935642004,1783794885.6563425,303.542,49,94,2415,12481
9,fp32_active,26.65743331052363,1783794885.7565482,303.987,49,94,2415,12481
9,fp32_active,26.75762888044119,1783794885.8567436,303.416,49,94,2415,12481
9,fp32_active,26.857835713773966,1783794885.956951,303.881,49,94,2415,12481
9,fp32_active,26.95804108865559,1783794886.0571563,303.092,49,94,2415,12481
9,fp32_active,27.05824956856668,1783794886.1573656,304.507,49,94,2415,12481
9,fp32_active,27.158460529521108,1783794886.2575755,303.813,49,94,2415,12481
9,fp32_active,27.258664092049003,1783794886.3577785,303.575,49,94,2415,12481
9,fp32_active,27.358955616131425,1783794886.4580703,304.704,49,94,2415,12481
9,fp32_active,27.459208641201258,1783794886.5583386,304.559,49,94,2415,12481
9,fp32_active,27.559418419376016,1783794886.6585326,305.212,49,94,2415,12481
9,fp32_active,27.659637864679098,1783794886.7587523,305.131,49,94,2415,12481
9,fp32_active,27.759840616956353,1783794886.858955,304.429,49,94,2415,12481
9,fp32_active,27.860044641420245,1783794886.9591591,305.852,50,94,2415,12481
9,fp32_active,27.960260337218642,1783794887.059378,305.12,49,94,2415,12481
9,fp32_active,28.06055218167603,1783794887.1596668,305.589,50,94,2415,12481
9,fp32_active,28.16075435653329,1783794887.2598693,305.597,50,94,2415,12481
9,fp32_active,28.26095763221383,1783794887.360072,305.42,50,94,2415,12481
9,fp32_active,28.3611646220088,1783794887.460279,306.063,50,94,2415,12481
9,fp32_active,28.461367113515735,1783794887.5604818,304.447,50,94,2415,12481
9,fp32_active,28.561570888385177,1783794887.6606858,305.273,50,94,2415,12481
9,fp32_active,28.66181017458439,1783794887.7609246,305.177,50,94,2415,12481
9,fp32_active,28.76201330125332,1783794887.8611279,305.031,50,94,2415,12481
9,fp32_active,28.862223440781236,1783794887.9613378,304.935,50,94,2415,12481
9,fp32_active,28.962425591424108,1783794888.0615404,303.918,50,94,2415,12481
9,fp32_active,29.062627403065562,1783794888.1617424,304.809,50,94,2415,12481
9,fp32_active,29.162842066958547,1783794888.261957,304.7,50,94,2415,12481
9,fp32_active,29.263081340119243,1783794888.362196,303.882,50,94,2415,12481
9,fp32_active,29.36328395269811,1783794888.462399,304.652,50,94,2415,12481
9,fp32_active,29.463478101417422,1783794888.5625925,304.363,50,94,2415,12481
9,fp32_active,29.563675409182906,1783794888.6627922,304.411,50,94,2415,12481
9,fp32_active,29.66395010985434,1783794888.7630668,304.689,50,94,2415,12481
9,fp32_active,29.764160441234708,1783794888.863275,303.767,50,94,2415,12481
9,fp32_active,29.864370042458177,1783794888.9634857,305.103,50,94,2415,12481
9,fp32_active,29.964579654857516,1783794889.0636961,304.894,50,94,2415,12481
9,fp32_active,30.064800441265106,1783794889.1639159,304.488,50,94,2415,12481
9,fp32_active,30.165008516982198,1783794889.2641246,305.164,50,94,2415,12481
9,fp32_active,30.265219977125525,1783794889.364336,304.128,50,94,2415,12481
9,fp32_active,30.365436505526304,1783794889.4645588,304.717,50,94,2415,12481
9,fp32_active,30.465689320117235,1783794889.5648127,304.73,50,94,2415,12481
9,fp32_active,30.565913623198867,1783794889.6650338,303.82,50,94,2415,12481
9,fp32_active,30.666132293641567,1783794889.7652502,304.854,50,94,2415,12481
9,fp32_active,30.766343351453543,1783794889.8654606,304.574,50,94,2415,12481
9,fp32_active,30.86658224463463,1783794889.9656973,304.873,50,94,2415,12481
9,fp32_active,30.96679252013564,1783794890.0659103,305.096,50,94,2415,12481
9,fp32_active,31.06699900701642,1783794890.16612,304.566,50,94,2415,12481
9,fp32_active,31.167218256741762,1783794890.2663362,305.357,50,94,2415,12481
9,fp32_active,31.26743202842772,1783794890.3665497,305.078,50,94,2415,12481
9,fp32_active,31.36771616898477,1783794890.4668353,305.595,50,94,2415,12481
9,fp32_active,31.467990338802338,1783794890.5671086,306.064,50,94,2415,12481
9,fp32_active,31.568205300718546,1783794890.6673224,305.622,50,94,2415,12481
9,fp32_active,31.66842269524932,1783794890.7675393,306.086,50,94,2415,12481
9,fp32_active,31.768634485080838,1783794890.8677506,305.273,50,94,2415,12481
9,fp32_active,31.868843894451857,1783794890.967959,306.018,50,94,2415,12481
9,fp32_active,31.969047840684652,1783794891.068165,306.677,50,94,2415,12481
9,fp32_active,32.06927166506648,1783794891.1683912,305.806,50,94,2415,12481
9,fp32_active,32.16948799230158,1783794891.268606,305.855,50,94,2415,12481
9,fp32_active,32.26970595866442,1783794891.3688233,305.999,50,94,2415,12481
9,fp32_active,32.369925789535046,1783794891.4690437,306.521,50,94,2415,12481
9,fp32_active,32.470139702782035,1783794891.5692546,306.59,50,94,2415,12481
9,fp32_active,32.570349872112274,1783794891.669466,305.8,50,94,2415,12481
9,fp32_active,32.670569729059935,1783794891.7696855,307.135,50,94,2415,12481
9,fp32_active,32.77077625505626,1783794891.869894,306.115,50,94,2415,12481
9,fp32_active,32.870990462601185,1783794891.9701056,306.45,50,94,2415,12481
9,fp32_active,32.9711740873754,1783794892.070289,305.893,50,94,2415,12481
9,fp32_active,33.07138140685856,1783794892.1704962,304.921,50,94,2415,12481
9,fp32_active,33.17158386670053,1783794892.2707434,306.67,50,94,2415,12481
9,fp32_active,33.271833596751094,1783794892.3709595,306.057,50,94,2415,12481
9,fp32_active,33.37204923667014,1783794892.4711633,305.767,50,94,2415,12481
9,fp32_active,33.472264006733894,1783794892.5713787,306.203,50,94,2415,12481
9,fp32_active,33.57246686145663,1783794892.6715817,305.262,50,94,2415,12481
9,fp32_active,33.67267117835581,1783794892.771786,306.686,50,94,2415,12481
9,fp32_active,33.77287372946739,1783794892.8719883,304.745,50,94,2415,12481
9,fp32_active,33.87307540513575,1783794892.97219,305.148,50,94,2415,12481
9,fp32_active,33.97327810898423,1783794893.0723927,305.622,50,94,2415,12481
9,fp32_active,34.07347507216036,1783794893.1725893,305.293,50,94,2415,12481
9,fp32_active,34.17367597669363,1783794893.2727916,305.369,50,94,2415,12481
9,fp32_active,34.27388769201934,1783794893.3730025,305.272,50,94,2415,12481
9,fp32_active,34.37408534064889,1783794893.4731994,305.156,50,94,2415,12481
9,fp32_active,34.474292520433664,1783794893.5734072,304.798,50,94,2415,12481
9,fp32_active,34.57449612766504,1783794893.673611,304.392,50,94,2415,12481
9,fp32_active,34.67472459748387,1783794893.7738395,305.419,50,94,2415,12481
9,fp32_active,34.77492770552635,1783794893.8740423,303.846,50,94,2415,12481
9,fp32_active,34.87513035349548,1783794893.9742458,305.102,50,94,2415,12481
9,fp32_active,34.97533400170505,1783794894.0744488,305.135,50,94,2415,12481
9,fp32_active,35.07553739286959,1783794894.174652,305.686,50,94,2415,12481
9,fp32_active,35.17582511715591,1783794894.27494,305.735,50,94,2415,12481
9,fp32_active,35.27602711506188,1783794894.3751419,304.673,50,94,2415,12481
9,fp32_active,35.376231744885445,1783794894.475346,305.781,50,94,2415,12481
9,fp32_active,35.47643481567502,1783794894.5755494,305.526,50,94,2415,12481
9,fp32_active,35.576642824336886,1783794894.6757572,306.075,50,94,2415,12481
9,fp32_active,35.67684566043317,1783794894.7759602,306.729,50,94,2415,12481
9,fp32_active,35.77704781666398,1783794894.8761628,305.736,50,94,2415,12481
9,fp32_active,35.877251856029034,1783794894.976366,306.465,50,94,2415,12481
9,fp32_active,35.977455988526344,1783794895.0765722,305.972,50,94,2415,12481
9,fp32_active,36.077672496438026,1783794895.176799,306.537,50,94,2415,12481
9,fp32_active,36.17789330519736,1783794895.2770083,307.369,50,94,2415,12481
9,fp32_active,36.2780960444361,1783794895.3772106,306.633,50,94,2415,12481
9,fp32_active,36.37834842316806,1783794895.477463,307.14,50,94,2415,12481
9,fp32_active,36.47855055704713,1783794895.5776653,306.681,50,94,2415,12481
9,fp32_active,36.578762175515294,1783794895.6778767,306.44,50,94,2415,12481
9,fp32_active,36.678959876298904,1783794895.7780743,306.785,50,94,2415,12481
9,fp32_active,36.779165018349886,1783794895.8782797,306.811,50,94,2415,12481
9,fp32_active,36.87936847098172,1783794895.9784834,307.46,50,94,2415,12481
9,fp32_active,36.979577265679836,1783794896.0787132,306.396,50,94,2415,12481
9,fp32_active,37.07983245700598,1783794896.178947,306.618,50,94,2415,12481
9,fp32_active,37.18003802932799,1783794896.2791524,305.816,50,94,2415,12481
9,fp32_active,37.28029741346836,1783794896.3794117,306.433,50,94,2415,12481
9,fp32_active,37.38050139695406,1783794896.479616,306.684,50,94,2415,12481
9,fp32_active,37.48069844953716,1783794896.5798123,305.991,50,94,2415,12481
9,fp32_active,37.58090268447995,1783794896.6800177,306.528,50,94,2415,12481
9,fp32_active,37.681104984134436,1783794896.7802198,307.45,50,94,2415,12481
9,fp32_active,37.78133631311357,1783794896.880451,305.537,50,94,2415,12481
9,fp32_active,37.88153941370547,1783794896.980654,306.083,50,94,2415,12481
9,fp32_active,37.98174171335995,1783794897.0808566,306.095,50,94,2415,12481
9,fp32_active,38.08195752464235,1783794897.1810725,306.103,51,94,2415,12481
9,fp32_active,38.18216374143958,1783794897.2812784,304.812,51,94,2415,12481
9,fp32_active,38.28240781277418,1783794897.3815346,305.973,51,94,2415,12481
9,fp32_active,38.382627822458744,1783794897.4817462,304.953,51,94,2415,12481
9,fp32_active,38.482838824391365,1783794897.5819578,304.692,51,94,2415,12481
9,fp32_active,38.58305946178734,1783794897.6821787,305.753,51,94,2415,12481
9,fp32_active,38.68329092487693,1783794897.7824101,305.031,51,94,2415,12481
9,fp32_active,38.78351052477956,1783794897.8826287,305.729,51,94,2415,12481
9,fp32_active,38.883781181648374,1783794897.982896,306.162,51,94,2415,12481
9,fp32_active,38.98398587666452,1783794898.0831,305.949,51,94,2415,12481
9,fp32_active,39.08419533073902,1783794898.1833098,306.791,51,94,2415,12481
9,fp32_active,39.18439924530685,1783794898.2835133,306.773,51,94,2415,12481
9,fp32_active,39.28460103273392,1783794898.3837156,307.513,51,94,2415,12481
9,fp32_active,39.384803500026464,1783794898.4839177,306.687,51,94,2415,12481
9,fp32_active,39.48500626347959,1783794898.5841208,307.662,51,94,2415,12481
9,fp32_active,39.585209054872394,1783794898.6843233,307.207,51,94,2415,12481
9,fp32_active,39.68541403673589,1783794898.7845294,307.419,51,94,2415,12481
9,fp32_active,39.78562791272998,1783794898.884743,307.785,51,94,2415,12481
9,fp32_active,39.88583050854504,1783794898.9849458,307.081,51,94,2415,12481
9,fp32_active,39.986039316281676,1783794899.0851543,307.319,51,94,2415,12481
9,fp32_active,40.08624376915395,1783794899.1853585,308.022,51,94,2415,12481
9,fp32_active,40.18644864112139,1783794899.2855635,306.51,51,94,2415,12481
9,fp32_active,40.286653423681855,1783794899.3857684,307.804,51,94,2415,12481
9,fp32_active,40.38685488142073,1783794899.4859693,307.128,51,94,2415,12481
9,fp32_active,40.48705720901489,1783794899.5861719,307.158,51,94,2415,12481
9,fp32_active,40.58726021274924,1783794899.686375,307.419,51,94,2415,12481
9,fp32_active,40.687474792823195,1783794899.786589,306.397,51,94,2415,12481
9,fp32_idle_post,0.00015650875866413116,1783794899.7905073,306.397,51,94,2415,12481
9,fp32_idle_post,0.10033388435840607,1783794899.8907204,284.561,46,14,2415,12481
9,fp32_idle_post,0.2006695717573166,1783794899.9910374,263.627,46,14,2415,12481
9,fp32_idle_post,0.30087364464998245,1783794900.0912426,241.681,45,0,2422,12481
9,fp32_idle_post,0.4010940194129944,1783794900.1914616,219.224,45,0,2422,12481
9,fp32_idle_post,0.5014082323759794,1783794900.2917764,207.471,45,0,2422,12481
9,fp32_idle_post,0.6016362383961678,1783794900.3920078,188.276,45,0,2422,12481
9,fp32_idle_post,0.7018973082304001,1783794900.4922683,154.501,45,0,2422,12481
9,fp32_idle_post,0.8021109122782946,1783794900.5924826,148.555,44,0,2422,12481
9,fp32_idle_post,0.9023521784693003,1783794900.6927233,128.583,44,0,2422,12481
9,fp32_idle_post,1.0025636423379183,1783794900.7929327,89.274,44,0,2430,12481
9,fp32_idle_post,1.1028353087604046,1783794900.8932045,89.274,44,0,2430,12481
9,fp32_idle_post,1.2030444610863924,1783794900.9934149,89.274,44,0,2430,12481
9,fp32_idle_post,1.3033592160791159,1783794901.093728,89.274,44,0,2430,12481
9,fp32_idle_post,1.40356370434165,1783794901.1939318,89.274,44,0,2430,12481
9,fp32_idle_post,1.5038480404764414,1783794901.2942166,89.274,44,0,2430,12481
9,fp32_idle_post,1.6041032876819372,1783794901.394472,89.274,44,0,2430,12481
9,fp32_idle_post,1.7043215297162533,1783794901.4947088,89.274,44,0,2430,12481
9,fp32_idle_post,1.8045447804033756,1783794901.5949125,89.274,44,0,2430,12481
9,fp32_idle_post,1.904748236760497,1783794901.6951158,89.274,44,0,2430,12481
9,fp32_idle_post,2.0049512907862663,1783794901.7953193,89.459,44,0,2430,12481
9,fp32_idle_post,2.105155296623707,1783794901.895524,89.459,44,0,2310,12481
9,fp32_idle_post,2.2053596917539835,1783794901.9957273,89.459,44,0,2310,12481
9,fp32_idle_post,2.305562447756529,1783794902.0959308,89.459,44,0,2310,12481
9,fp32_idle_post,2.405787108466029,1783794902.1961553,89.459,44,0,2310,12481
9,fp32_idle_post,2.5060608442872763,1783794902.2964292,89.459,44,0,2310,12481
9,fp32_idle_post,2.606265399605036,1783794902.3966334,89.459,44,0,2310,12481
9,fp32_idle_post,2.7064668256789446,1783794902.4968345,89.459,44,0,2310,12481
9,fp32_idle_post,2.806687004864216,1783794902.5970545,89.459,44,0,2310,12481
9,fp32_idle_post,2.9068892244249582,1783794902.6972575,89.459,44,0,2310,12481
9,fp32_idle_post,3.007090063765645,1783794902.797458,89.459,43,0,2310,12481
9,fp32_idle_post,3.107292966917157,1783794902.8976607,89.459,43,0,2265,12481
9,fp32_idle_post,3.207505179569125,1783794902.9978726,89.459,43,0,2265,12481
9,fp32_idle_post,3.307710148394108,1783794903.0980787,89.459,43,0,2265,12481
9,fp32_idle_post,3.4079634435474873,1783794903.1983328,89.459,43,0,2265,12481
9,fp32_idle_post,3.508170520886779,1783794903.2985382,89.459,43,0,2265,12481
9,fp32_idle_post,3.6084140352904797,1783794903.3987818,89.459,43,0,2265,12481
9,fp32_idle_post,3.7086807638406754,1783794903.4990509,89.459,43,0,2265,12481
9,fp32_idle_post,3.8089217953383923,1783794903.5992904,89.459,43,0,2265,12481
9,fp32_idle_post,3.9091267716139555,1783794903.6994948,89.459,43,0,2265,12481
9,fp32_idle_post,4.009333994239569,1783794903.7997015,89.459,43,0,2265,12481
9,fp32_idle_post,4.109539540484548,1783794903.8999083,89.459,43,0,2265,12481
9,fp32_idle_post,4.209791660308838,1783794904.0001605,89.459,43,0,2265,12481
9,fp32_idle_post,4.310014802962542,1783794904.1003838,89.459,43,0,2265,12481
9,fp32_idle_post,4.410202084109187,1783794904.2005732,89.459,43,0,2265,12481
9,fp32_idle_post,4.510437352582812,1783794904.3008096,89.459,43,0,2265,12481
9,fp32_idle_post,4.610662257298827,1783794904.401033,89.459,43,0,2265,12481
9,fp32_idle_post,4.71088432893157,1783794904.5012558,89.459,43,0,2265,12481
9,fp32_idle_post,4.811103535816073,1783794904.601473,89.459,43,0,2265,12481
9,fp32_idle_post,4.911325434222817,1783794904.701697,89.459,43,0,2265,12481
9,fp32_idle_post,5.011550448834896,1783794904.801922,88.978,42,0,2265,12481
9,fp32_idle_post,5.111733838915825,1783794904.90209,88.978,42,0,2265,12481
9,fp32_idle_post,5.211891543120146,1783794905.0022612,88.978,42,0,2265,12481
9,fp32_idle_post,5.31212206184864,1783794905.102495,88.978,42,0,2265,12481
9,fp32_idle_post,5.412371404469013,1783794905.2027433,88.978,42,0,2265,12481
9,fp32_idle_post,5.51269531622529,1783794905.3030663,88.978,42,0,2265,12481
9,fp32_idle_post,5.612911470234394,1783794905.4032824,88.978,42,0,2265,12481
9,fp32_idle_post,5.713197164237499,1783794905.5035658,88.978,42,0,2265,12481
9,fp32_idle_post,5.813415152952075,1783794905.6037862,88.978,42,0,2265,12481
9,fp32_idle_post,5.913637241348624,1783794905.7040067,88.978,42,0,2265,12481
9,fp32_idle_post,6.013908406719565,1783794905.8042765,89.459,42,0,2265,12481
9,fp32_idle_post,6.1141743045300245,1783794905.9045463,89.459,42,0,2257,12481
9,fp32_idle_post,6.214468576014042,1783794906.004839,89.459,42,0,2257,12481
9,fp32_idle_post,6.314685946330428,1783794906.1050577,89.459,42,0,2257,12481
9,fp32_idle_post,6.415017183870077,1783794906.2053883,89.459,42,0,2257,12481
9,fp32_idle_post,6.515245698392391,1783794906.3056161,89.459,42,0,2257,12481
9,fp32_idle_post,6.615466000512242,1783794906.4058363,89.459,42,0,2257,12481
9,fp32_idle_post,6.715692861005664,1783794906.506064,89.459,42,0,2257,12481
9,fp32_idle_post,6.81587684340775,1783794906.6062279,89.459,42,0,2257,12481
9,fp32_idle_post,6.916032204404473,1783794906.706403,89.459,42,0,2257,12481
9,fp32_idle_post,7.01624858006835,1783794906.8066201,88.732,42,0,2257,12481
9,fp32_idle_post,7.116482300683856,1783794906.9068522,88.732,42,0,2265,12481
9,fp32_idle_post,7.216795835644007,1783794907.0071661,88.732,42,0,2265,12481
9,fp32_idle_post,7.317068547010422,1783794907.1074393,88.732,42,0,2265,12481
9,fp32_idle_post,7.417337454855442,1783794907.2077105,88.732,42,0,2265,12481
9,fp32_idle_post,7.5175783559679985,1783794907.3079503,88.732,42,0,2265,12481
9,fp32_idle_post,7.617810593917966,1783794907.408184,88.732,42,0,2265,12481
9,fp32_idle_post,7.718094376847148,1783794907.5084677,88.732,42,0,2265,12481
9,fp32_idle_post,7.818367505446076,1783794907.60874,88.732,42,0,2265,12481
9,fp32_idle_post,7.918583020567894,1783794907.7089512,88.732,42,0,2265,12481
9,fp32_idle_post,8.018798565492034,1783794907.809167,88.486,41,0,2265,12481
9,fp32_idle_post,8.119001764804125,1783794907.9093692,88.486,41,0,2265,12481
9,fp32_idle_post,8.219203712418675,1783794908.0095713,88.486,41,0,2265,12481
9,fp32_idle_post,8.319406503811479,1783794908.109774,88.486,41,0,2265,12481
9,fp32_idle_post,8.419625751674175,1783794908.2099934,88.486,41,0,2265,12481
9,fp32_idle_post,8.519830022007227,1783794908.310198,88.486,41,0,2265,12481
9,fp32_idle_post,8.620033845305443,1783794908.4104016,88.486,41,0,2265,12481
9,fp32_idle_post,8.720295136794448,1783794908.510664,88.486,41,0,2265,12481
9,fp32_idle_post,8.820609830319881,1783794908.6109784,88.486,41,0,2265,12481
9,fp32_idle_post,8.920813865959644,1783794908.7111819,88.486,41,0,2265,12481
9,fp32_idle_post,9.021055677905679,1783794908.8114233,88.216,41,0,2265,12481
9,fp32_idle_post,9.121257361024618,1783794908.9116251,88.216,41,0,2265,12481
9,fp32_idle_post,9.221469029784203,1783794909.0118368,88.216,41,0,2265,12481
9,fp32_idle_post,9.321672009304166,1783794909.1120396,88.216,41,0,2265,12481
9,fp32_idle_post,9.421873826533556,1783794909.2122416,88.216,41,0,2265,12481
9,fp32_idle_post,9.522077437490225,1783794909.312445,88.216,41,0,2265,12481
9,fp32_idle_post,9.62230834364891,1783794909.412676,88.216,41,0,2265,12481
9,fp32_idle_post,9.722541391849518,1783794909.5129097,88.216,41,0,2265,12481
9,fp32_idle_post,9.822820972651243,1783794909.613178,88.216,41,0,2265,12481
9,fp32_idle_post,9.922994956374168,1783794909.7133632,88.216,41,0,2265,12481
10,int8_idle_pre,0.00018341466784477234,1783794909.8229659,87.999,41,0,2257,12481
10,int8_idle_pre,0.10037919320166111,1783794909.9231644,87.999,41,0,2257,12481
10,int8_idle_pre,0.2005817648023367,1783794910.0233665,87.999,41,0,2257,12481
10,int8_idle_pre,0.30079635605216026,1783794910.123582,87.999,41,0,2257,12481
10,int8_idle_pre,0.4010096397250891,1783794910.223795,87.999,41,0,2257,12481
10,int8_idle_pre,0.5012170411646366,1783794910.3240016,87.999,41,0,2257,12481
10,int8_idle_pre,0.6014186441898346,1783794910.424203,87.999,41,0,2257,12481
10,int8_idle_pre,0.7016778755933046,1783794910.5244627,87.999,41,0,2257,12481
10,int8_idle_pre,0.8018891979008913,1783794910.6246738,87.999,41,0,2257,12481
10,int8_idle_pre,0.9021013956516981,1783794910.724886,87.999,41,0,2257,12481
10,int8_idle_pre,1.0023237969726324,1783794910.825109,88.002,40,0,2257,12481
10,int8_idle_pre,1.1025271080434322,1783794910.9253118,88.002,40,0,2257,12481
10,int8_idle_pre,1.2028114199638367,1783794911.025596,88.002,40,0,2257,12481
10,int8_idle_pre,1.3030137829482555,1783794911.1257987,88.002,40,0,2257,12481
10,int8_idle_pre,1.4032865315675735,1783794911.2260711,88.002,40,0,2257,12481
10,int8_idle_pre,1.5034901890903711,1783794911.3262749,88.002,40,0,2257,12481
10,int8_idle_pre,1.6037524081766605,1783794911.4265368,88.002,40,0,2257,12481
10,int8_idle_pre,1.7039691228419542,1783794911.5267534,88.002,40,0,2257,12481
10,int8_idle_pre,1.8042698483914137,1783794911.6270547,88.002,40,0,2257,12481
10,int8_idle_pre,1.9044735450297594,1783794911.7272592,88.002,40,0,2257,12481
10,int8_idle_pre,2.0048282239586115,1783794911.8276134,87.031,40,0,2265,12481
10,int8_idle_pre,2.1050335746258497,1783794911.9278193,87.031,40,0,2265,12481
10,int8_idle_pre,2.2052397206425667,1783794912.028025,87.031,40,0,2265,12481
10,int8_idle_pre,2.3054440449923277,1783794912.1282287,87.031,40,0,2265,12481
10,int8_idle_pre,2.4056871086359024,1783794912.2284713,87.031,40,0,2265,12481
10,int8_idle_pre,2.5058900341391563,1783794912.3286743,87.031,40,0,2265,12481
10,int8_idle_pre,2.6060915011912584,1783794912.428876,87.031,40,0,2265,12481
10,int8_idle_pre,2.7062948420643806,1783794912.52908,87.031,40,0,2265,12481
10,int8_idle_pre,2.8064972888678312,1783794912.6292818,87.031,40,0,2265,12481
10,int8_idle_pre,2.9067132994532585,1783794912.7294981,87.031,40,0,2265,12481
10,int8_idle_pre,3.006915444508195,1783794912.8296998,87.274,40,0,2265,12481
10,int8_idle_pre,3.107164204120636,1783794912.9299486,87.274,40,0,2265,12481
10,int8_idle_pre,3.2073667403310537,1783794913.0301514,87.274,40,0,2265,12481
10,int8_idle_pre,3.307582050561905,1783794913.130367,87.274,40,0,2265,12481
10,int8_idle_pre,3.4077847450971603,1783794913.2305691,87.274,40,0,2265,12481
10,int8_idle_pre,3.5080139357596636,1783794913.3307984,87.274,40,0,2265,12481
10,int8_idle_pre,3.6082977410405874,1783794913.431083,87.274,40,0,2265,12481
10,int8_idle_pre,3.708561684936285,1783794913.5313463,87.274,40,0,2265,12481
10,int8_idle_pre,3.8088148031383753,1783794913.6315997,87.274,40,0,2265,12481
10,int8_idle_pre,3.9090990740805864,1783794913.731884,87.274,40,0,2265,12481
10,int8_idle_pre,4.009303929284215,1783794913.8320892,87.031,40,0,2265,12481
10,int8_idle_pre,4.109574306756258,1783794913.9323587,87.031,40,0,2265,12481
10,int8_idle_pre,4.209777131676674,1783794914.032562,87.031,40,0,2265,12481
10,int8_idle_pre,4.310051750391722,1783794914.1328363,87.031,40,0,2265,12481
10,int8_idle_pre,4.410254159942269,1783794914.233039,87.031,40,0,2265,12481
10,int8_idle_pre,4.510508423671126,1783794914.333293,87.031,40,0,2265,12481
10,int8_idle_pre,4.610709952190518,1783794914.4334943,87.031,40,0,2265,12481
10,int8_idle_pre,4.710912525653839,1783794914.5336971,87.031,40,0,2265,12481
10,int8_idle_pre,4.8111158683896065,1783794914.6339004,87.031,40,0,2265,12481
10,int8_idle_pre,4.911317888647318,1783794914.7341025,87.031,40,0,2265,12481
10,int8_idle_pre,5.011521741747856,1783794914.8343065,87.031,40,0,2257,12481
10,int8_idle_pre,5.111723899841309,1783794914.9345088,87.031,40,0,2257,12481
10,int8_idle_pre,5.212005589157343,1783794915.0347898,87.031,40,0,2257,12481
10,int8_idle_pre,5.312271641567349,1783794915.135059,87.031,40,0,2257,12481
10,int8_idle_pre,5.412483701482415,1783794915.2352684,87.031,40,0,2257,12481
10,int8_idle_pre,5.512686267495155,1783794915.335471,87.031,40,0,2257,12481
10,int8_idle_pre,5.612889498472214,1783794915.4356747,87.031,40,0,2257,12481
10,int8_idle_pre,5.713093409314752,1783794915.535878,87.031,40,0,2257,12481
10,int8_idle_pre,5.813296975567937,1783794915.6360815,87.031,40,0,2257,12481
10,int8_idle_pre,5.913510862737894,1783794915.7362957,87.031,40,0,2257,12481
10,int8_idle_pre,6.013727327808738,1783794915.8365128,87.031,39,0,2257,12481
10,int8_idle_pre,6.113931640982628,1783794915.9367166,87.031,39,0,2257,12481
10,int8_idle_pre,6.2141360603272915,1783794916.0369205,87.031,39,0,2257,12481
10,int8_idle_pre,6.314337434247136,1783794916.1371224,87.031,39,0,2257,12481
10,int8_idle_pre,6.414540195837617,1783794916.2373247,87.031,39,0,2257,12481
10,int8_idle_pre,6.514744505286217,1783794916.3375292,87.031,39,0,2257,12481
10,int8_idle_pre,6.615041280165315,1783794916.4378262,87.031,39,0,2257,12481
10,int8_idle_pre,6.715305274352431,1783794916.5380898,87.031,39,0,2257,12481
10,int8_idle_pre,6.815522015094757,1783794916.6383066,87.031,39,0,2257,12481
10,int8_idle_pre,6.915723621845245,1783794916.7385082,87.031,39,0,2257,12481
10,int8_idle_pre,7.015969837084413,1783794916.838755,86.545,39,0,2265,12481
10,int8_idle_pre,7.116176100447774,1783794916.93896,86.545,39,0,2265,12481
10,int8_idle_pre,7.216378500685096,1783794917.0391726,86.545,39,0,2265,12481
10,int8_idle_pre,7.316595338284969,1783794917.1393797,86.545,39,0,2265,12481
10,int8_idle_pre,7.416803436353803,1783794917.2395878,86.545,39,0,2265,12481
10,int8_idle_pre,7.517005495727062,1783794917.3397903,86.545,39,0,2265,12481
10,int8_idle_pre,7.617208082228899,1783794917.4399924,86.545,39,0,2265,12481
10,int8_idle_pre,7.717412292957306,1783794917.5401971,86.545,39,0,2265,12481
10,int8_idle_pre,7.817614044994116,1783794917.6403985,86.545,39,0,2265,12481
10,int8_idle_pre,7.917825320735574,1783794917.7406101,86.545,39,0,2265,12481
10,int8_idle_pre,8.01803756505251,1783794917.840822,86.545,39,0,2265,12481
10,int8_idle_pre,8.118239490315318,1783794917.9410243,86.545,39,0,2265,12481
10,int8_idle_pre,8.218441380187869,1783794918.0412257,86.545,39,0,2265,12481
10,int8_idle_pre,8.318657573312521,1783794918.1414423,86.545,39,0,2265,12481
10,int8_idle_pre,8.41886080801487,1783794918.2416453,86.545,39,0,2265,12481
10,int8_idle_pre,8.519063483923674,1783794918.3418481,86.545,39,0,2265,12481
10,int8_idle_pre,8.61926643550396,1783794918.4420514,86.545,39,0,2265,12481
10,int8_idle_pre,8.719556773081422,1783794918.542342,86.545,39,0,2265,12481
10,int8_idle_pre,8.81976019591093,1783794918.6425447,86.545,39,0,2265,12481
10,int8_idle_pre,8.920043615624309,1783794918.7428281,86.545,39,0,2265,12481
10,int8_idle_pre,9.020275952294469,1783794918.8430603,86.545,39,0,2257,12481
10,int8_idle_pre,9.120519252493978,1783794918.9433038,86.545,39,0,2257,12481
10,int8_idle_pre,9.22074381634593,1783794919.0435297,86.545,39,0,2257,12481
10,int8_idle_pre,9.320962702855468,1783794919.1437516,86.545,39,0,2257,12481
10,int8_idle_pre,9.421179115772247,1783794919.2439659,86.545,39,0,2257,12481
10,int8_idle_pre,9.521390425041318,1783794919.3441792,86.545,39,0,2257,12481
10,int8_idle_pre,9.621606698259711,1783794919.4443934,86.545,39,0,2257,12481
10,int8_idle_pre,9.7218167334795,1783794919.5446014,86.545,39,0,2257,12481
10,int8_idle_pre,9.822111528366804,1783794919.6448975,86.545,39,0,2257,12481
10,int8_idle_pre,9.922326300293207,1783794919.745114,86.545,39,0,2257,12481
10,int8_active,0.000385139137506485,1783794919.8243303,86.788,39,0,2257,12481
10,int8_active,0.10058634914457798,1783794919.924534,95.914,41,38,2257,12481
10,int8_active,0.2008158154785633,1783794920.0247655,104.278,42,38,2257,12481
10,int8_active,0.30105496384203434,1783794920.1250067,111.896,42,94,2257,12481
10,int8_active,0.40128870122134686,1783794920.2252405,118.487,42,94,2257,12481
10,int8_active,0.5015053637325764,1783794920.325452,123.68,42,94,2257,12481
10,int8_active,0.6017120014876127,1783794920.4256601,128.121,42,94,2257,12481
10,int8_active,0.7019231282174587,1783794920.5258718,132.571,42,94,2257,12481
10,int8_active,0.802136979997158,1783794920.626084,136.611,43,94,2257,12481
10,int8_active,0.9024448618292809,1783794920.7263923,140.14,43,94,2257,12481
10,int8_active,1.0026541464030743,1783794920.8266041,142.917,43,94,2257,12481
10,int8_active,1.1029118411242962,1783794920.9268603,198.704,43,94,2257,12481
10,int8_active,1.2032500598579645,1783794921.0272048,200.431,43,94,2257,12481
10,int8_active,1.3034690748900175,1783794921.12742,200.941,43,94,2257,12481
10,int8_active,1.403731456026435,1783794921.2276804,200.879,43,94,2257,12481
10,int8_active,1.5039996467530727,1783794921.3279486,200.734,43,94,2257,12481
10,int8_active,1.6041940320283175,1783794921.4281301,200.55,43,94,2257,12481
10,int8_active,1.7043632920831442,1783794921.528313,201.366,43,94,2257,12481
10,int8_active,1.8046069722622633,1783794921.6285558,201.083,43,94,2257,12481
10,int8_active,1.9048194903880358,1783794921.7287688,201.264,43,94,2257,12481
10,int8_active,2.0050497204065323,1783794921.8289962,200.624,43,94,2257,12481
10,int8_active,2.105294931679964,1783794921.9292424,201.532,43,94,2257,12481
10,int8_active,2.205507757142186,1783794922.0294576,201.836,43,94,2257,12481
10,int8_active,2.305722627788782,1783794922.1296782,202.08,43,94,2257,12481
10,int8_active,2.4059619270265102,1783794922.2299173,201.111,43,94,2257,12481
10,int8_active,2.5061999168246984,1783794922.3301544,200.758,43,94,2257,12481
10,int8_active,2.606421872973442,1783794922.4303746,201.684,43,94,2257,12481
10,int8_active,2.7066946532577276,1783794922.530641,202.224,43,94,2257,12481
10,int8_active,2.806953988969326,1783794922.6309032,201.619,43,94,2257,12481
10,int8_active,2.907165937125683,1783794922.731116,200.884,43,94,2257,12481
10,int8_active,3.0073949471116066,1783794922.8313456,201.199,43,94,2257,12481
10,int8_active,3.107611261308193,1783794922.9315593,201.968,43,94,2257,12481
10,int8_active,3.2078355569392443,1783794923.0317848,201.861,43,94,2257,12481
10,int8_active,3.308041960000992,1783794923.1319935,201.387,43,94,2257,12481
10,int8_active,3.4082559812813997,1783794923.232202,201.304,43,94,2257,12481
10,int8_active,3.5084341932088137,1783794923.3323617,202.253,43,94,2257,12481
10,int8_active,3.6085415687412024,1783794923.4324648,202.155,43,94,2257,12481
10,int8_active,3.708682097494602,1783794923.5326328,201.751,43,94,2257,12481
10,int8_active,3.808902457356453,1783794923.6328492,201.231,43,94,2257,12481
10,int8_active,3.909111088141799,1783794923.7330575,201.803,43,94,2257,12481
10,int8_active,4.00931484811008,1783794923.833261,202.331,43,94,2257,12481
10,int8_active,4.109568445011973,1783794923.9335148,201.314,43,94,2257,12481
10,int8_active,4.209777869284153,1783794924.033725,201.32,43,94,2257,12481
10,int8_active,4.309954307973385,1783794924.133884,201.994,43,94,2257,12481
10,int8_active,4.410106560215354,1783794924.234053,202.372,43,94,2257,12481
10,int8_active,4.510308464989066,1783794924.3342547,202.083,43,94,2257,12481
10,int8_active,4.61051551066339,1783794924.4344592,201.183,43,94,2257,12481
10,int8_active,4.710713068023324,1783794924.5346704,201.496,43,94,2257,12481
10,int8_active,4.810974830761552,1783794924.6349204,202.344,43,94,2257,12481
10,int8_active,4.9111737087368965,1783794924.735119,202.101,43,94,2257,12481
10,int8_active,5.011400893330574,1783794924.835347,201.625,44,94,2257,12481
10,int8_active,5.111624663695693,1783794924.935571,202.159,43,94,2257,12481
10,int8_active,5.211849132552743,1783794925.0357978,202.642,44,94,2257,12481
10,int8_active,5.312073975801468,1783794925.1360202,202.788,44,94,2257,12481
10,int8_active,5.412283789366484,1783794925.2362645,202.551,43,94,2257,12481
10,int8_active,5.512526214122772,1783794925.3364723,202.266,44,94,2257,12481
10,int8_active,5.612728664651513,1783794925.436675,202.56,43,94,2257,12481
10,int8_active,5.712930664420128,1783794925.5368764,202.753,44,94,2257,12481
10,int8_active,5.813195437192917,1783794925.637142,202.926,44,94,2257,12481
10,int8_active,5.913397595286369,1783794925.7373438,201.893,44,94,2257,12481
10,int8_active,6.01360035687685,1783794925.8375466,201.984,44,94,2257,12481
10,int8_active,6.113803820684552,1783794925.9377503,202.88,44,94,2257,12481
10,int8_active,6.214007515460253,1783794926.0379539,203.157,44,94,2257,12481
10,int8_active,6.314234612509608,1783794926.138182,202.208,44,94,2257,12481
10,int8_active,6.4144551157951355,1783794926.2384012,201.521,44,94,2257,12481
10,int8_active,6.514677569270134,1783794926.3386545,201.903,44,94,2257,12481
10,int8_active,6.6149307154119015,1783794926.4388764,202.741,44,94,2257,12481
10,int8_active,6.715131372213364,1783794926.5390773,202.056,44,94,2257,12481
10,int8_active,6.815343605354428,1783794926.6392896,201.397,44,94,2257,12481
10,int8_active,6.915546432137489,1783794926.739493,201.823,44,94,2257,12481
10,int8_active,7.015749640762806,1783794926.8396957,202.27,44,94,2257,12481
10,int8_active,7.115963025018573,1783794926.9399097,202.606,44,94,2257,12481
10,int8_active,7.216157780960202,1783794927.0401256,201.942,44,94,2257,12481
10,int8_active,7.316456343978643,1783794927.1404028,201.947,44,94,2257,12481
10,int8_active,7.416661372408271,1783794927.2406075,202.276,44,94,2257,12481
10,int8_active,7.516864351928234,1783794927.3408105,202.794,44,94,2257,12481
10,int8_active,7.617067098617554,1783794927.4410133,202.07,44,94,2257,12481
10,int8_active,7.717286938801408,1783794927.541233,201.817,44,94,2257,12481
10,int8_active,7.817492790520191,1783794927.6414392,203.074,44,94,2257,12481
10,int8_active,7.9177209958434105,1783794927.7416675,203.158,44,94,2257,12481
10,int8_active,8.017923451960087,1783794927.8418698,202.619,44,94,2257,12481
10,int8_active,8.118126712739468,1783794927.9420729,201.445,44,94,2257,12481
10,int8_active,8.218425933271646,1783794928.0423717,201.557,44,94,2257,12481
10,int8_active,8.318619016557932,1783794928.1425657,201.91,44,94,2257,12481
10,int8_active,8.418823322281241,1783794928.2427692,202.618,44,94,2257,12481
10,int8_active,8.519025225192308,1783794928.3429713,202.072,44,94,2257,12481
10,int8_active,8.619229240342975,1783794928.4431753,201.544,44,94,2257,12481
10,int8_active,8.719459841027856,1783794928.5434058,201.588,44,94,2257,12481
10,int8_active,8.819693580269814,1783794928.6436725,202.129,44,94,2257,12481
10,int8_active,8.919939525425434,1783794928.7438912,202.305,44,94,2257,12481
10,int8_active,9.020165087655187,1783794928.8441162,202.144,44,94,2257,12481
10,int8_active,9.120389100164175,1783794928.94434,201.609,44,94,2257,12481
10,int8_active,9.220609014853835,1783794929.0445616,201.951,44,94,2257,12481
10,int8_active,9.320823637768626,1783794929.1447692,202.205,44,94,2257,12481
10,int8_active,9.42101981677115,1783794929.2449515,202.147,44,94,2257,12481
10,int8_active,9.52122077345848,1783794929.3451653,201.529,44,94,2257,12481
10,int8_active,9.621421962976456,1783794929.4453683,201.142,44,94,2257,12481
10,int8_active,9.72162458114326,1783794929.545571,201.593,44,94,2257,12481
10,int8_active,9.821831809356809,1783794929.645778,201.676,44,94,2257,12481
10,int8_active,9.922034652903676,1783794929.7459807,201.556,44,94,2257,12481
10,int8_active,10.022237991914153,1783794929.846184,201.834,44,94,2257,12481
10,int8_active,10.122439660131931,1783794929.946386,201.207,44,94,2257,12481
10,int8_active,10.222643440589309,1783794930.0466163,201.749,44,94,2257,12481
10,int8_active,10.322884976863861,1783794930.1468313,201.886,44,94,2257,12481
10,int8_active,10.423099460080266,1783794930.247046,201.662,44,94,2257,12481
10,int8_active,10.52332677692175,1783794930.3472726,200.883,44,94,2257,12481
10,int8_active,10.62352947704494,1783794930.447476,201.586,44,94,2257,12481
10,int8_active,10.72373298369348,1783794930.5476792,202.029,44,94,2257,12481
10,int8_active,10.823935663327575,1783794930.647882,202.085,44,94,2257,12481
10,int8_active,10.924155397340655,1783794930.748102,201.16,44,94,2257,12481
10,int8_active,11.024357488378882,1783794930.8483036,201.005,44,94,2257,12481
10,int8_active,11.12455989047885,1783794930.9485064,202.293,44,94,2257,12481
10,int8_active,11.224764186888933,1783794931.0487103,202.24,44,94,2257,12481
10,int8_active,11.32498530484736,1783794931.1489315,201.797,44,94,2257,12481
10,int8_active,11.425188360735774,1783794931.2491343,201.535,44,94,2257,12481
10,int8_active,11.525390278548002,1783794931.3493366,202.776,44,94,2257,12481
10,int8_active,11.625592788681388,1783794931.44957,202.036,44,94,2257,12481
10,int8_active,11.725829685106874,1783794931.5497758,201.319,44,94,2257,12481
10,int8_active,11.826031925156713,1783794931.6499782,201.807,44,94,2257,12481
10,int8_active,11.926235731691122,1783794931.750182,202.908,44,94,2257,12481
10,int8_active,12.026438603177667,1783794931.8503847,202.435,44,94,2257,12481
10,int8_active,12.126641234382987,1783794931.950588,201.75,44,94,2257,12481
10,int8_active,12.22684501670301,1783794932.050791,201.693,44,94,2257,12481
10,int8_active,12.327067896723747,1783794932.1510174,202.666,44,94,2257,12481
10,int8_active,12.42726194113493,1783794932.2512033,202.615,44,94,2257,12481
10,int8_active,12.527413755655289,1783794932.3513374,202.08,44,94,2257,12481
10,int8_active,12.627553643658757,1783794932.4515083,202.069,44,94,2257,12481
10,int8_active,12.727744849398732,1783794932.5516677,202.521,44,94,2257,12481
10,int8_active,12.827867100015283,1783794932.651814,202.577,44,94,2257,12481
10,int8_active,12.928075032308698,1783794932.752021,202.047,44,94,2257,12481
10,int8_active,13.02829372137785,1783794932.8522458,201.799,44,94,2257,12481
10,int8_active,13.128514364361763,1783794932.952464,202.143,44,94,2257,12481
10,int8_active,13.228736681863666,1783794933.0526857,202.707,44,94,2257,12481
10,int8_active,13.328968996182084,1783794933.152948,202.297,44,94,2257,12481
10,int8_active,13.42922668531537,1783794933.2531772,201.271,44,94,2257,12481
10,int8_active,13.529440462589264,1783794933.3533885,201.283,44,94,2257,12481
10,int8_active,13.629658160731196,1783794933.4536052,202.09,44,94,2257,12481
10,int8_active,13.729875372722745,1783794933.5538213,201.992,44,94,2257,12481
10,int8_active,13.830078417435288,1783794933.6540549,202.099,44,94,2257,12481
10,int8_active,13.930338324978948,1783794933.7542844,201.317,44,94,2257,12481
10,int8_active,14.030542280524969,1783794933.8544888,201.68,44,94,2257,12481
10,int8_active,14.130752820521593,1783794933.9547179,201.981,44,94,2257,12481
10,int8_active,14.23097626119852,1783794934.0549226,201.958,44,94,2257,12481
10,int8_active,14.331192230805755,1783794934.1551387,201.443,44,94,2257,12481
10,int8_active,14.431396400555968,1783794934.255343,201.798,44,94,2257,12481
10,int8_active,14.531600380316377,1783794934.3555467,202.798,44,94,2257,12481
10,int8_active,14.631808497011662,1783794934.4557545,202.964,44,94,2257,12481
10,int8_active,14.732082588598132,1783794934.5560288,201.913,44,94,2257,12481
10,int8_active,14.8323406688869,1783794934.6563241,201.465,44,94,2257,12481
10,int8_active,14.932614242658019,1783794934.7565603,202.521,44,94,2257,12481
10,int8_active,15.032816786319017,1783794934.8567631,203.152,44,94,2257,12481
10,int8_active,15.133037818595767,1783794934.956984,202.932,44,94,2257,12481
10,int8_active,15.23324216902256,1783794935.0571897,202.537,44,94,2257,12481
10,int8_active,15.333469348028302,1783794935.1574175,202.602,44,94,2257,12481
10,int8_active,15.43379488401115,1783794935.2577443,203.048,44,94,2257,12481
10,int8_active,15.534024871885777,1783794935.357973,203.179,44,94,2257,12481
10,int8_active,15.634214514866471,1783794935.4581487,202.101,44,94,2257,12481
10,int8_active,15.734390025958419,1783794935.5583398,201.978,44,94,2257,12481
10,int8_active,15.834617933258414,1783794935.6585732,203.242,44,94,2257,12481
10,int8_active,15.934848845005035,1783794935.7587998,203.578,44,94,2257,12481
10,int8_active,16.035070152953267,1783794935.8590195,202.97,44,94,2257,12481
10,int8_active,16.135411489754915,1783794935.9593592,202.077,44,94,2257,12481
10,int8_active,16.235612884163857,1783794936.0595422,202.391,44,94,2257,12481
10,int8_active,16.335878524929285,1783794936.15983,202.914,44,94,2257,12481
10,int8_active,16.436095977202058,1783794936.2600455,203.246,44,94,2257,12481
10,int8_active,16.536329109221697,1783794936.3602786,202.188,44,94,2257,12481
10,int8_active,16.636582976207137,1783794936.4605322,202.277,44,94,2257,12481
10,int8_active,16.736831905320287,1783794936.5607808,203.229,44,94,2257,12481
10,int8_active,16.837048115208745,1783794936.6609952,203.002,44,94,2257,12481
10,int8_active,16.937293235212564,1783794936.7612412,201.565,44,94,2257,12481
10,int8_active,17.03750798292458,1783794936.8614552,201.766,44,94,2257,12481
10,int8_active,17.137728448957205,1783794936.961676,202.471,44,94,2257,12481
10,int8_active,17.237943364307284,1783794937.0618937,202.902,44,94,2257,12481
10,int8_active,17.3381750844419,1783794937.162127,201.665,44,94,2257,12481
10,int8_active,17.438405545428395,1783794937.2623594,201.361,44,94,2257,12481
10,int8_active,17.538613863289356,1783794937.3625596,202.2,44,94,2257,12481
10,int8_active,17.63880955800414,1783794937.462757,202.43,44,94,2257,12481
10,int8_active,17.739017941057682,1783794937.5629644,202.54,44,94,2257,12481
10,int8_active,17.83923296444118,1783794937.6631837,201.787,44,94,2257,12481
10,int8_active,17.939460173249245,1783794937.7634132,201.548,44,94,2257,12481
10,int8_active,18.039711927995086,1783794937.8636632,202.223,44,94,2257,12481
10,int8_active,18.139944145455956,1783794937.963892,202.32,44,94,2257,12481
10,int8_active,18.24016673862934,1783794938.0641162,202.352,44,94,2257,12481
10,int8_active,18.34042226523161,1783794938.1643713,202.401,44,94,2257,12481
10,int8_active,18.44063774496317,1783794938.2645867,202.614,44,94,2257,12481
10,int8_active,18.54082232899964,1783794938.3647525,203.131,44,94,2257,12481
10,int8_active,18.640964522957802,1783794938.4649127,202.847,44,94,2257,12481
10,int8_active,18.741189608350396,1783794938.5651362,202.217,44,94,2257,12481
10,int8_active,18.841474378481507,1783794938.6654613,202.127,44,94,2257,12481
10,int8_active,18.941764518618584,1783794938.7657135,202.991,44,94,2257,12481
10,int8_active,19.042004339396954,1783794938.8659496,203.558,44,94,2257,12481
10,int8_active,19.14222607202828,1783794938.9661725,202.977,44,94,2257,12481
10,int8_active,19.2424738984555,1783794939.0664213,202.492,44,94,2257,12481
10,int8_active,19.342693828046322,1783794939.1666517,202.829,44,94,2257,12481
10,int8_active,19.44294900074601,1783794939.266898,203.684,44,94,2257,12481
10,int8_active,19.543172042816877,1783794939.3671317,202.605,44,94,2257,12481
10,int8_active,19.64363843202591,1783794939.4675896,202.8,44,94,2257,12481
10,int8_active,19.743861444294453,1783794939.567798,202.976,44,94,2257,12481
10,int8_active,19.844039050862193,1783794939.668017,203.672,44,94,2257,12481
10,int8_active,19.94428081251681,1783794939.7682276,203.042,44,94,2257,12481
10,int8_active,20.04448494873941,1783794939.8684335,202.321,44,94,2257,12481
10,int8_active,20.14477284811437,1783794939.96874,202.242,44,94,2257,12481
10,int8_active,20.245028449222445,1783794940.0689785,203.252,44,94,2257,12481
10,int8_active,20.345269726589322,1783794940.1692324,202.836,44,94,2257,12481
10,int8_active,20.445495316758752,1783794940.2694414,201.43,44,94,2257,12481
10,int8_active,20.54569810628891,1783794940.369656,202.437,44,94,2257,12481
10,int8_active,20.64592203684151,1783794940.4698706,202.715,44,94,2257,12481
10,int8_active,20.746135344728827,1783794940.5700948,202.524,44,94,2257,12481
10,int8_active,20.846331721171737,1783794940.6702642,201.786,44,94,2257,12481
10,int8_active,20.946499224752188,1783794940.7704513,202.607,44,94,2257,12481
10,int8_active,21.046729112043977,1783794940.8706973,203.054,44,94,2257,12481
10,int8_active,21.14703393727541,1783794940.9709826,203.407,44,94,2257,12481
10,int8_active,21.24726793728769,1783794941.0712154,201.917,44,94,2257,12481
10,int8_active,21.34750395268202,1783794941.1714544,202.074,44,94,2257,12481
10,int8_active,21.447727411985397,1783794941.2716775,203.105,44,94,2257,12481
10,int8_active,21.547990961000323,1783794941.3719802,203.176,44,94,2257,12481
10,int8_active,21.648295802995563,1783794941.4722424,203.252,44,94,2257,12481
10,int8_active,21.74850128777325,1783794941.572455,202.238,44,94,2257,12481
10,int8_active,21.84882386215031,1783794941.6727724,202.305,44,94,2257,12481
10,int8_active,21.949037300422788,1783794941.7729867,203.119,44,94,2257,12481
10,int8_active,22.049249129369855,1783794941.873196,203.096,44,94,2257,12481
10,int8_active,22.149466760456562,1783794941.9734178,202.12,44,94,2257,12481
10,int8_active,22.24968646839261,1783794942.073635,202.05,44,94,2257,12481
10,int8_active,22.34990913979709,1783794942.173856,203.13,44,94,2257,12481
10,int8_active,22.450134782120585,1783794942.2740855,203.427,44,94,2257,12481
10,int8_active,22.550348168238997,1783794942.3742952,201.974,44,94,2257,12481
10,int8_active,22.650560991838574,1783794942.4745102,201.551,44,94,2257,12481
10,int8_active,22.750799341127276,1783794942.5747473,202.678,44,94,2257,12481
10,int8_active,22.851077012717724,1783794942.6750243,202.957,44,94,2257,12481
10,int8_active,22.951305255293846,1783794942.7752564,202.348,44,94,2257,12481
10,int8_active,23.05155559256673,1783794942.8755028,201.275,44,94,2257,12481
10,int8_active,23.15187982469797,1783794942.9758265,201.802,44,94,2257,12481
10,int8_active,23.25210729241371,1783794943.076055,202.806,44,94,2257,12481
10,int8_active,23.35235875658691,1783794943.1763127,201.606,44,94,2257,12481
10,int8_active,23.452584026381373,1783794943.276534,201.499,44,94,2257,12481
10,int8_active,23.552798099815845,1783794943.3767476,201.959,44,94,2257,12481
10,int8_active,23.653018817305565,1783794943.4769745,203.292,44,94,2257,12481
10,int8_active,23.753243228420615,1783794943.5771964,202.637,44,94,2257,12481
10,int8_active,23.853464080020785,1783794943.6774125,202.055,44,94,2257,12481
10,int8_active,23.953689204528928,1783794943.7776368,202.916,44,94,2257,12481
10,int8_active,24.053892228752375,1783794943.877841,203.382,44,94,2257,12481
10,int8_active,24.154143961146474,1783794943.9780974,203.498,44,94,2257,12481
10,int8_active,24.254370268434286,1783794944.0783243,202.972,44,94,2257,12481
10,int8_active,24.354606429114938,1783794944.1785562,202.231,44,94,2257,12481
10,int8_active,24.454825105145574,1783794944.2787738,203.234,44,94,2257,12481
10,int8_active,24.555052921175957,1783794944.3790026,203.751,44,94,2257,12481
10,int8_active,24.6552811358124,1783794944.479231,203.631,44,94,2257,12481
10,int8_active,24.755500216037035,1783794944.5794494,203.209,44,94,2257,12481
10,int8_active,24.85571495629847,1783794944.6796641,202.985,44,94,2257,12481
10,int8_active,24.955927908420563,1783794944.779875,203.536,44,94,2257,12481
10,int8_active,25.0561256185174,1783794944.8800702,203.364,44,94,2257,12481
10,int8_active,25.156340397894382,1783794944.9802878,202.831,44,94,2257,12481
10,int8_active,25.256568796932697,1783794945.0805192,202.498,44,94,2257,12481
10,int8_active,25.35681110434234,1783794945.1807609,202.862,44,94,2257,12481
10,int8_active,25.457004457712173,1783794945.2809396,203.316,44,94,2257,12481
10,int8_active,25.557186188176274,1783794945.3811345,203.109,44,94,2257,12481
10,int8_active,25.65739892423153,1783794945.4813597,202.838,44,94,2257,12481
10,int8_active,25.757630797103047,1783794945.5815775,202.077,44,94,2257,12481
10,int8_active,25.857845228165388,1783794945.6817942,202.815,44,94,2257,12481
10,int8_active,25.958058768883348,1783794945.7820086,203.255,44,94,2257,12481
10,int8_active,26.058280171826482,1783794945.8822265,202.979,44,94,2257,12481
10,int8_active,26.158483343198895,1783794945.9824305,202.473,44,94,2257,12481
10,int8_active,26.25869719684124,1783794946.0826445,202.316,44,94,2257,12481
10,int8_active,26.358936039730906,1783794946.1828825,203.081,44,94,2257,12481
10,int8_active,26.459155375137925,1783794946.283102,203.409,44,94,2257,12481
10,int8_active,26.559398263692856,1783794946.3833447,202.592,44,94,2257,12481
10,int8_active,26.65959930047393,1783794946.4835448,202.008,44,94,2257,12481
10,int8_active,26.75978484377265,1783794946.5837224,203.068,44,94,2257,12481
10,int8_active,26.85994977131486,1783794946.6838958,203.418,44,94,2257,12481
10,int8_active,26.9602007586509,1783794946.784147,202.822,44,94,2257,12481
10,int8_active,27.060404736548662,1783794946.884351,201.929,44,94,2257,12481
10,int8_active,27.160608120262623,1783794946.9845545,202.105,44,94,2257,12481
10,int8_active,27.260811978951097,1783794947.084758,203.236,44,94,2257,12481
10,int8_active,27.36102730035782,1783794947.1849747,202.821,44,94,2257,12481
10,int8_active,27.461236491799355,1783794947.285183,201.488,44,94,2257,12481
10,int8_active,27.561482083052397,1783794947.3854282,201.936,44,94,2257,12481
10,int8_active,27.661686036735773,1783794947.4856324,202.605,44,94,2257,12481
10,int8_active,27.76188992522657,1783794947.5858366,203.108,44,94,2257,12481
10,int8_active,27.86209436133504,1783794947.6860409,202.744,44,94,2257,12481
10,int8_active,27.96231310814619,1783794947.7862597,201.907,44,94,2257,12481
10,int8_active,28.062516417354345,1783794947.886463,202.825,44,94,2257,12481
10,int8_active,28.16271946206689,1783794947.986666,203.241,44,94,2257,12481
10,int8_active,28.262943144887686,1783794948.0868895,203.273,44,94,2257,12481
10,int8_active,28.363167569041252,1783794948.1871142,202.558,44,94,2257,12481
10,int8_active,28.463372407481074,1783794948.2873182,202.789,44,94,2257,12481
10,int8_active,28.56360422819853,1783794948.38755,203.782,44,94,2257,12481
10,int8_active,28.663814283907413,1783794948.4877608,203.721,44,94,2257,12481
10,int8_active,28.764020821079612,1783794948.5879672,202.532,44,94,2257,12481
10,int8_active,28.8642253074795,1783794948.6881723,202.226,44,94,2257,12481
10,int8_active,28.9644411560148,1783794948.7883883,203.078,44,94,2257,12481
10,int8_active,29.064645741134882,1783794948.8885925,203.563,44,94,2257,12481
10,int8_active,29.164850309491158,1783794948.988797,202.582,44,94,2257,12481
10,int8_active,29.26505658775568,1783794949.0890036,201.722,44,94,2257,12481
10,int8_active,29.36527114920318,1783794949.1892176,201.689,44,94,2257,12481
10,int8_active,29.465475030243397,1783794949.2894523,202.28,44,94,2257,12481
10,int8_active,29.565712112933397,1783794949.3896585,202.636,44,94,2257,12481
10,int8_active,29.66591551527381,1783794949.4898622,202.17,44,94,2257,12481
10,int8_active,29.766121827065945,1783794949.5900679,202.17,44,94,2257,12481
10,int8_active,29.866318069398403,1783794949.6902637,202.341,44,94,2257,12481
10,int8_active,29.966520186513662,1783794949.7904668,202.341,44,94,2257,12481
10,int8_active,30.066723383963108,1783794949.8906698,202.812,44,94,2257,12481
10,int8_active,30.1669739484787,1783794949.990921,202.74,44,94,2257,12481
10,int8_active,30.26720555126667,1783794950.0911546,202.151,44,94,2257,12481
10,int8_active,30.36742868833244,1783794950.1913753,203.103,44,94,2257,12481
10,int8_active,30.467632887884974,1783794950.2915795,203.561,44,94,2257,12481
10,int8_active,30.567837668582797,1783794950.391784,202.897,44,94,2257,12481
10,int8_active,30.668041173368692,1783794950.4919877,202.249,44,94,2257,12481
10,int8_active,30.768248358741403,1783794950.592195,202.272,44,94,2257,12481
10,int8_active,30.868482433259487,1783794950.6924298,203.553,44,94,2257,12481
10,int8_active,30.96871561743319,1783794950.7926624,203.694,44,94,2257,12481
10,int8_active,31.068990014493465,1783794950.8929365,202.978,44,94,2257,12481
10,int8_active,31.169194988906384,1783794950.9931414,201.916,44,94,2257,12481
10,int8_active,31.26942804455757,1783794951.0933747,202.898,44,94,2257,12481
10,int8_active,31.369754200801253,1783794951.1937008,203.418,44,94,2257,12481
10,int8_active,31.469959942623973,1783794951.2939065,202.835,44,94,2257,12481
10,int8_active,31.570170598104596,1783794951.394117,202.852,44,94,2257,12481
10,int8_active,31.67037391848862,1783794951.4943204,203.365,44,94,2257,12481
10,int8_active,31.772678980603814,1783794951.5966253,202.623,44,94,2257,12481
10,int8_active,31.872891929000616,1783794951.6968384,202.055,44,94,2257,12481
10,int8_active,31.973113369196653,1783794951.79706,202.406,44,94,2257,12481
10,int8_active,32.07333666831255,1783794951.897283,202.927,44,94,2257,12481
10,int8_active,32.17354031838477,1783794951.9974868,203.478,44,94,2257,12481
10,int8_active,32.27374456450343,1783794952.0976908,202.63,44,94,2257,12481
10,int8_active,32.373957861214876,1783794952.1979043,202.382,44,94,2257,12481
10,int8_active,32.47416169568896,1783794952.298108,203.425,44,94,2257,12481
10,int8_active,32.57436613924801,1783794952.3983123,203.754,44,94,2257,12481
10,int8_active,32.674577524885535,1783794952.4985242,203.398,44,94,2257,12481
10,int8_active,32.77485223300755,1783794952.5988,202.297,44,94,2257,12481
10,int8_active,32.875059409067035,1783794952.6990066,202.947,44,94,2257,12481
10,int8_active,32.97526806779206,1783794952.7992144,203.375,44,94,2257,12481
10,int8_active,33.07547214627266,1783794952.899418,203.176,44,94,2257,12481
10,int8_active,33.1756746172905,1783794952.9996212,202.728,44,94,2257,12481
10,int8_active,33.27587789297104,1783794953.0998244,202.728,44,94,2257,12481
10,int8_active,33.376123283058405,1783794953.2000697,202.823,44,94,2257,12481
10,int8_active,33.47633885778487,1783794953.3002853,203.199,44,94,2257,12481
10,int8_active,33.576542841270566,1783794953.4004896,202.767,44,94,2257,12481
10,int8_active,33.67674650810659,1783794953.5006938,202.415,44,94,2257,12481
10,int8_active,33.77696723304689,1783794953.6009145,202.075,44,94,2257,12481
10,int8_active,33.87717095017433,1783794953.7011178,202.695,44,94,2257,12481
10,int8_active,33.977371556684375,1783794953.8013182,203.224,44,94,2257,12481
10,int8_active,34.07757723517716,1783794953.9015238,202.235,44,94,2257,12481
10,int8_active,34.17778114043176,1783794954.001728,202.076,44,94,2257,12481
10,int8_active,34.27798625268042,1783794954.101933,202.451,44,94,2257,12481
10,int8_active,34.37820100598037,1783794954.2021487,203.437,44,94,2257,12481
10,int8_active,34.47844101674855,1783794954.3023884,203.133,44,94,2257,12481
10,int8_active,34.57864810526371,1783794954.4025946,202.247,44,94,2257,12481
10,int8_active,34.67892903462052,1783794954.5028753,202.462,44,94,2257,12481
10,int8_active,34.779133163392544,1783794954.6030798,203.678,44,94,2257,12481
10,int8_active,34.879336677491665,1783794954.7032828,203.529,44,94,2257,12481
10,int8_active,34.979556469246745,1783794954.8035054,202.392,44,94,2257,12481
10,int8_active,35.079770578071475,1783794954.9037223,202.55,44,94,2257,12481
10,int8_active,35.180001839995384,1783794955.0039546,203.147,44,94,2257,12481
10,int8_active,35.280225271359086,1783794955.1041756,203.566,44,94,2257,12481
10,int8_active,35.38045013695955,1783794955.2043982,202.33,44,94,2257,12481
10,int8_active,35.48065796867013,1783794955.3046048,202.185,44,94,2257,12481
10,int8_active,35.58086788095534,1783794955.404814,203.01,44,94,2257,12481
10,int8_active,35.68107174895704,1783794955.505018,203.376,44,94,2257,12481
10,int8_active,35.78132928907871,1783794955.6052759,202.936,44,94,2257,12481
10,int8_active,35.88153286464512,1783794955.7054794,202.186,44,94,2257,12481
10,int8_active,35.981747997924685,1783794955.805695,202.198,44,94,2257,12481
10,int8_active,36.081956140697,1783794955.9059036,203.155,44,94,2257,12481
10,int8_active,36.18217424862087,1783794956.0061214,203.106,44,94,2257,12481
10,int8_active,36.28245937637985,1783794956.106406,202.882,44,94,2257,12481
10,int8_active,36.38266474939883,1783794956.2066114,202.43,44,94,2257,12481
10,int8_active,36.482913909479976,1783794956.3068602,203.246,44,94,2257,12481
10,int8_active,36.58312008343637,1783794956.407066,203.819,44,94,2257,12481
10,int8_active,36.68332341872156,1783794956.5072696,202.709,44,94,2257,12481
10,int8_active,36.78353716619313,1783794956.607484,202.254,44,94,2257,12481
10,int8_active,36.88374552875757,1783794956.7076917,203.277,44,94,2257,12481
10,int8_active,36.98395390808582,1783794956.8079004,203.62,44,94,2257,12481
10,int8_active,37.084157545119524,1783794956.9081042,203.597,44,94,2257,12481
10,int8_active,37.184355199337006,1783794957.0083015,202.451,44,94,2257,12481
10,int8_active,37.28455946780741,1783794957.1085062,202.05,44,94,2257,12481
10,int8_active,37.38478823564947,1783794957.2087348,202.419,44,94,2257,12481
10,int8_active,37.48499162867665,1783794957.3089492,203.023,44,94,2257,12481
10,int8_active,37.58520887233317,1783794957.4091554,202.616,44,94,2257,12481
10,int8_active,37.685404904186726,1783794957.5093515,202.321,44,94,2257,12481
10,int8_active,37.78561581298709,1783794957.6095624,203.025,44,94,2257,12481
10,int8_active,37.88581976853311,1783794957.7097661,203.39,44,94,2257,12481
10,int8_active,37.986023511737585,1783794957.8099697,202.576,44,94,2257,12481
10,int8_active,38.08623264916241,1783794957.9101799,202.031,44,94,2257,12481
10,int8_active,38.18643946945667,1783794958.0103862,202.747,44,94,2257,12481
10,int8_active,38.28664838895202,1783794958.1105976,203.282,44,94,2257,12481
10,int8_active,38.38689603470266,1783794958.210846,203.634,44,94,2257,12481
10,int8_active,38.48719605617225,1783794958.3111455,202.783,44,94,2257,12481
10,int8_active,38.58741847611964,1783794958.411365,202.418,44,94,2257,12481
10,int8_active,38.687656585127115,1783794958.5116036,202.75,44,94,2257,12481
10,int8_active,38.7878924831748,1783794958.6118402,203.312,44,94,2257,12481
10,int8_active,38.88810564018786,1783794958.7120533,202.671,44,94,2257,12481
10,int8_active,38.9883719086647,1783794958.8123202,202.143,44,94,2257,12481
10,int8_active,39.08858606591821,1783794958.9125347,202.805,44,94,2257,12481
10,int8_active,39.18879874423146,1783794959.0127473,203.278,44,94,2257,12481
10,int8_active,39.28901127167046,1783794959.1129577,203.628,44,94,2257,12481
10,int8_active,39.38923707231879,1783794959.2131863,202.547,44,94,2257,12481
10,int8_active,39.48948923125863,1783794959.3134356,202.083,44,94,2257,12481
10,int8_active,39.58969708904624,1783794959.413647,203.406,44,94,2257,12481
10,int8_idle_post,0.0002035927027463913,1783794959.4271874,203.406,44,94,2257,12481
10,int8_idle_post,0.10050534084439278,1783794959.527397,192.756,42,57,2257,12481
10,int8_idle_post,0.2007325366139412,1783794959.6276248,183.476,42,57,2257,12481
10,int8_idle_post,0.30097608640789986,1783794959.727869,169.861,41,0,2257,12481
10,int8_idle_post,0.4011895898729563,1783794959.828081,158.975,41,0,2265,12481
10,int8_idle_post,0.5013963337987661,1783794959.9282875,152.614,41,0,2265,12481
10,int8_idle_post,0.6016038153320551,1783794960.0284958,142.182,41,0,2265,12481
10,int8_idle_post,0.7018312998116016,1783794960.1287248,123.892,41,0,2265,12481
10,int8_idle_post,0.8020501751452684,1783794960.228942,113.075,41,0,2265,12481
10,int8_idle_post,0.9022591691464186,1783794960.3291512,101.933,41,0,2265,12481
10,int8_idle_post,1.002469016239047,1783794960.429361,100.681,41,0,2265,12481
10,int8_idle_post,1.102679492905736,1783794960.5295708,100.681,41,0,2265,12481
10,int8_idle_post,1.2028870899230242,1783794960.6297786,100.681,41,0,2265,12481
10,int8_idle_post,1.3030935693532228,1783794960.729986,100.681,41,0,2265,12481
10,int8_idle_post,1.4033692684024572,1783794960.8302605,100.681,41,0,2265,12481
10,int8_idle_post,1.5036303848028183,1783794960.930511,100.681,41,0,2265,12481
10,int8_idle_post,1.603857234120369,1783794961.0307477,100.681,41,0,2265,12481
10,int8_idle_post,1.7041519656777382,1783794961.1310425,100.681,41,0,2265,12481
10,int8_idle_post,1.8043773863464594,1783794961.2312691,100.681,41,0,2265,12481
10,int8_idle_post,1.9046518169343472,1783794961.3315442,100.681,41,0,2265,12481
10,int8_idle_post,2.00485516525805,1783794961.431746,86.975,40,0,2265,12481
10,int8_idle_post,2.1050659622997046,1783794961.5319583,86.975,40,0,2265,12481
10,int8_idle_post,2.2052791714668274,1783794961.6321712,86.975,40,0,2265,12481
10,int8_idle_post,2.3054856546223164,1783794961.7323768,86.975,40,0,2265,12481
10,int8_idle_post,2.405703501775861,1783794961.832594,86.975,40,0,2265,12481
10,int8_idle_post,2.505927536636591,1783794961.9328182,86.975,40,0,2265,12481
10,int8_idle_post,2.6061742212623358,1783794962.0330648,86.975,40,0,2265,12481
10,int8_idle_post,2.706383854150772,1783794962.1332746,86.975,40,0,2265,12481
10,int8_idle_post,2.806594079360366,1783794962.233485,86.975,40,0,2265,12481
10,int8_idle_post,2.906798407435417,1783794962.3336887,86.975,40,0,2265,12481
10,int8_idle_post,3.007001116871834,1783794962.4338918,86.975,40,0,2265,12481
10,int8_idle_post,3.1072056479752064,1783794962.5340962,86.975,40,0,2265,12481
10,int8_idle_post,3.207409216091037,1783794962.6343007,86.975,40,0,2265,12481
10,int8_idle_post,3.307665718719363,1783794962.7345574,86.975,40,0,2265,12481
10,int8_idle_post,3.407918233424425,1783794962.834809,86.975,40,0,2265,12481
10,int8_idle_post,3.508162345737219,1783794962.935053,86.975,40,0,2265,12481
10,int8_idle_post,3.6083698999136686,1783794963.0352604,86.975,40,0,2265,12481
10,int8_idle_post,3.7085722777992487,1783794963.1354632,86.975,40,0,2265,12481
10,int8_idle_post,3.808780897408724,1783794963.2356718,86.975,40,0,2265,12481
10,int8_idle_post,3.9089955650269985,1783794963.335887,86.975,40,0,2265,12481
10,int8_idle_post,4.009200770407915,1783794963.4360914,87.031,39,0,2265,12481
10,int8_idle_post,4.109419276937842,1783794963.5363102,87.031,39,0,2265,12481
10,int8_idle_post,4.209624893963337,1783794963.6365159,87.031,39,0,2265,12481
10,int8_idle_post,4.3098290506750345,1783794963.7367198,87.031,39,0,2265,12481
10,int8_idle_post,4.4100351780653,1783794963.8369265,87.031,39,0,2265,12481
10,int8_idle_post,4.510240538045764,1783794963.937132,87.031,39,0,2265,12481
10,int8_idle_post,4.610457571223378,1783794964.0373483,87.031,39,0,2265,12481
10,int8_idle_post,4.710661102086306,1783794964.1375518,87.031,39,0,2265,12481
10,int8_idle_post,4.810870489105582,1783794964.2377608,87.031,39,0,2265,12481
10,int8_idle_post,4.911083301529288,1783794964.337974,87.031,39,0,2265,12481
10,int8_idle_post,5.011296326294541,1783794964.4381871,86.488,39,0,2265,12481
10,int8_idle_post,5.111501161009073,1783794964.5383918,86.488,39,0,2265,12481
10,int8_idle_post,5.211705042049289,1783794964.6385956,86.488,39,0,2265,12481
10,int8_idle_post,5.312052568420768,1783794964.7389433,86.488,39,0,2265,12481
10,int8_idle_post,5.41225565969944,1783794964.8391461,86.488,39,0,2265,12481
10,int8_idle_post,5.512498807162046,1783794964.9393895,86.488,39,0,2265,12481
10,int8_idle_post,5.612725337967277,1783794965.039618,86.488,39,0,2265,12481
10,int8_idle_post,5.7129398211836815,1783794965.1398335,86.488,39,0,2265,12481
10,int8_idle_post,5.8131582494825125,1783794965.240049,86.488,39,0,2265,12481
10,int8_idle_post,5.913362020626664,1783794965.3402526,86.488,39,0,2265,12481
10,int8_idle_post,6.013629779219627,1783794965.4405208,86.513,39,0,2265,12481
10,int8_idle_post,6.113835033029318,1783794965.5407255,86.513,39,0,2257,12481
10,int8_idle_post,6.2141291461884975,1783794965.6410196,86.513,39,0,2257,12481
10,int8_idle_post,6.314333653077483,1783794965.741225,86.513,39,0,2257,12481
10,int8_idle_post,6.414608350023627,1783794965.841499,86.513,39,0,2257,12481
10,int8_idle_post,6.514822592958808,1783794965.941713,86.513,39,0,2257,12481
10,int8_idle_post,6.615041369572282,1783794966.041932,86.513,39,0,2257,12481
10,int8_idle_post,6.715248247608542,1783794966.1421397,86.513,39,0,2257,12481
10,int8_idle_post,6.815461015328765,1783794966.2423525,86.513,39,0,2257,12481
10,int8_idle_post,6.915669312700629,1783794966.342563,86.513,39,0,2257,12481
10,int8_idle_post,7.015944208949804,1783794966.4428365,86.026,39,0,2257,12481
10,int8_idle_post,7.116218043491244,1783794966.5431097,86.026,39,0,2265,12481
10,int8_idle_post,7.216426528990269,1783794966.6433177,86.026,39,0,2265,12481
10,int8_idle_post,7.316632676869631,1783794966.7435246,86.026,39,0,2265,12481
10,int8_idle_post,7.416869733482599,1783794966.8437607,86.026,39,0,2265,12481
10,int8_idle_post,7.5170747227966785,1783794966.9439652,86.026,39,0,2265,12481
10,int8_idle_post,7.6173485815525055,1783794967.0442393,86.026,39,0,2265,12481
10,int8_idle_post,7.7175637651234865,1783794967.1444564,86.026,39,0,2265,12481
10,int8_idle_post,7.8178294859826565,1783794967.2447207,86.026,39,0,2265,12481
10,int8_idle_post,7.9180356822907925,1783794967.3449268,86.026,39,0,2265,12481
10,int8_idle_post,8.018255053088069,1783794967.4451454,85.565,39,0,2265,12481
10,int8_idle_post,8.118458338081837,1783794967.5453491,85.565,39,0,2265,12481
10,int8_idle_post,8.218662520870566,1783794967.645553,85.565,39,0,2265,12481
10,int8_idle_post,8.318865837529302,1783794967.7457564,85.565,39,0,2265,12481
10,int8_idle_post,8.4190908446908,1783794967.8459816,85.565,39,0,2265,12481
10,int8_idle_post,8.51934503018856,1783794967.9462354,85.565,39,0,2265,12481
10,int8_idle_post,8.619562344625592,1783794968.0464532,85.565,39,0,2265,12481
10,int8_idle_post,8.719864465296268,1783794968.1467547,85.565,39,0,2265,12481
10,int8_idle_post,8.82009106874466,1783794968.2469816,85.565,39,0,2265,12481
10,int8_idle_post,8.920302391052246,1783794968.347193,85.565,39,0,2265,12481
10,int8_idle_post,9.020516760647297,1783794968.447407,85.565,38,0,2265,12481
10,int8_idle_post,9.120720975100994,1783794968.5476115,85.565,38,0,2265,12481
10,int8_idle_post,9.220967039465904,1783794968.647858,85.565,38,0,2265,12481
10,int8_idle_post,9.32117272540927,1783794968.748063,85.565,38,0,2265,12481
10,int8_idle_post,9.421376658603549,1783794968.8482673,85.565,38,0,2265,12481
10,int8_idle_post,9.521627027541399,1783794968.9485176,85.565,38,0,2265,12481
10,int8_idle_post,9.62199480831623,1783794969.0488853,85.565,38,0,2265,12481
10,int8_idle_post,9.722210289910436,1783794969.1491017,85.565,38,0,2265,12481
10,int8_idle_post,9.822421485558152,1783794969.249312,85.565,38,0,2265,12481
10,int8_idle_post,9.922637129202485,1783794969.3495278,85.565,38,0,2265,12481
