effective_batch,images_per_second,input_residency,loss,method,mode,peak_allocated_bytes,peak_reserved_bytes,phase_backward_seconds,phase_bptt_backward_seconds,phase_host_to_device_seconds,phase_loss_seconds,phase_optimizer_step_seconds,phase_snn_forward_seconds,phase_student_forward_seconds,phase_teacher_forward_seconds,physical_batch,round,seconds_per_image,steady_allocated_bytes,time_steps,trial,wall_seconds
4,48.929296053528304,gpu,0.9052852392196655,qad,matched,3271757824,4324327424,0.02084556770324707,,,0.0004082239866256714,0.002489727973937988,,0.04099808120727539,0.013681440353393555,4,0,0.020437653525732458,56467456,1,0,0.08175061410292983
4,49.61754569256235,gpu,0.8313982486724854,qad,matched,3271757824,4324327424,0.020330495834350586,,,0.0003775039911270142,0.002385215997695923,,0.04120694351196289,0.012992639541625977,4,0,0.020154160913079977,56467456,1,1,0.08061664365231991
4,48.78701462209078,gpu,0.7562456130981445,qad,matched,3271757824,4324327424,0.021535743713378908,,,0.0003815999925136566,0.0023629438877105714,,0.0415120964050293,0.012839776039123535,4,0,0.020497257472015917,56467456,1,2,0.08198902988806367
4,47.022814033689635,gpu,0.7377834320068359,qad,matched,3271757824,4324327424,0.022544384002685547,,,0.00045020800828933716,0.0033836159706115724,,0.04124390411376953,0.012863167762756348,4,0,0.02126627299003303,56467456,1,3,0.08506509196013212
4,48.557567766714236,gpu,0.729863166809082,qad,matched,3271757824,4324327424,0.02443878364562988,,,0.0004471360146999359,0.0023619840145111086,,0.03879443359375,0.012940544128417969,4,0,0.020594112225808203,56467456,1,4,0.08237644890323281
4,49.78140431791426,gpu,0.7037891149520874,qad,matched,3271757824,4324327424,0.024060928344726562,,,0.0003774720132350922,0.0023505280017852783,,0.037263553619384764,0.012872703552246094,4,0,0.020087822224013507,56467456,1,5,0.08035128889605403
4,50.712347973377454,gpu,0.6549644470214844,qad,matched,3271757824,4324327424,0.02112512016296387,,,0.0003754560053348541,0.003219264030456543,,0.037329216003417966,0.012856096267700194,4,0,0.01971906330436468,56467456,1,6,0.07887625321745872
4,51.18536337728485,gpu,0.6339702010154724,qad,matched,3271757824,4324327424,0.02029465675354004,,,0.0003815999925136566,0.003235424041748047,,0.03749811172485352,0.012955264091491699,4,0,0.019536835025064647,56467456,1,7,0.07814734010025859
4,51.83552589119449,gpu,0.606440544128418,qad,matched,3271757824,4324327424,0.020199424743652345,,,0.0003826240003108978,0.002383487939834595,,0.037356769561767575,0.012840864181518554,4,0,0.01929178845603019,56467456,1,8,0.07716715382412076
4,50.374136911906426,gpu,0.5873307585716248,qad,matched,3271757824,4324327424,0.020204544067382812,,,0.0003775039911270142,0.002323103904724121,,0.037341472625732425,0.015201248168945313,4,0,0.019851456745527685,56467456,1,9,0.07940582698211074
4,49.73223038101403,gpu,0.5770801901817322,qad,matched,3271757824,4324327424,0.020355072021484375,,,0.0003846719861030579,0.002343103885650635,,0.03798803329467773,0.01592742443084717,4,0,0.02010768454056233,56467456,1,10,0.08043073816224933
4,49.45702049133385,gpu,0.5697355270385742,qad,matched,3271757824,4324327424,0.020354047775268554,,,0.0003826240003108978,0.0023529279232025148,,0.0407360954284668,0.01362224006652832,4,0,0.020219576312229037,56467456,1,11,0.08087830524891615
4,48.854948127963375,gpu,0.5503687262535095,qad,matched,3271757824,4324327424,0.020361215591430663,,,0.0003826240003108978,0.0023393919467926023,,0.042404159545898434,0.012921631813049317,4,0,0.020468755741603673,56467456,1,12,0.08187502296641469
4,49.82605956749038,gpu,0.5350117683410645,qad,matched,3271757824,4324327424,0.020238336563110353,,,0.0003775039911270142,0.002336735963821411,,0.041127201080322265,0.012816127777099609,4,0,0.02006981906015426,56467456,1,13,0.08027927624061704
4,49.546372637449174,gpu,0.5191879868507385,qad,matched,3271757824,4324327424,0.021424127578735352,,,0.000451231986284256,0.0023310399055480957,,0.0402209587097168,0.012898240089416504,4,0,0.020183112239465117,56467456,1,14,0.08073244895786047
4,49.47692009667691,gpu,0.5083646178245544,qad,matched,3271757824,4324327424,0.024259584426879883,,,0.0004471360146999359,0.0023261120319366456,,0.03758611297607422,0.012832703590393067,4,0,0.020211444003507495,56467456,1,15,0.08084577601402998
4,49.79042414460965,gpu,0.48979467153549194,qad,matched,3271757824,4324327424,0.02266214370727539,,,0.00037852799892425536,0.002724479913711548,,0.03735286331176758,0.012826815605163574,4,0,0.02008418319746852,56467456,1,16,0.08033673278987408
4,51.262771872226345,gpu,0.48411959409713745,qad,matched,3271757824,4324327424,0.02049228858947754,,,0.00037852799892425536,0.003216320037841797,,0.03723190307617188,0.012763936042785645,4,0,0.019507333752699196,56467456,1,17,0.07802933501079679
4,51.484640078988946,gpu,0.4742667078971863,qad,matched,3271757824,4324327424,0.020361215591430663,,,0.0003867200016975403,0.002800287961959839,,0.03748515319824219,0.013256192207336426,4,0,0.019423268735408783,56467456,1,18,0.07769307494163513
4,51.562284232107004,gpu,0.475177526473999,qad,matched,3271757824,4324327424,0.020350976943969725,,,0.0003805440068244934,0.0023458240032196045,,0.03729852676391601,0.013250495910644531,4,0,0.019394020549952984,56467456,1,19,0.07757608219981194
4,10.612152825795613,gpu,1.841988444328308,squat,matched,15115188224,20786970624,,0.21878012084960938,,0.00010073599964380265,0.004398111820220947,0.15082518005371093,,,4,0,0.09423158678691834,45798912,8,0,0.37692634714767337
4,10.897656703058225,gpu,1.7704493999481201,squat,matched,15115188224,20786970624,,0.2151183319091797,,0.00010105600208044052,0.0027297921180725097,0.14613865661621095,,,4,0,0.09176284656859934,45798912,8,1,0.3670513862743974
4,10.660609031654337,gpu,1.6320277452468872,squat,matched,15115188224,20786970624,,0.220106201171875,,0.00010201600193977356,0.003826080083847046,0.1484525146484375,,,4,0,0.09380327118560672,45798912,8,2,0.3752130847424269
4,10.75755410875829,gpu,1.5418051481246948,squat,matched,15115188224,20786970624,,0.22056243896484376,,0.00010195200145244598,0.0026589438915252685,0.14615122985839843,,,4,0,0.09295793354976922,45798912,8,3,0.3718317341990769
4,10.781379449472468,gpu,1.5354104042053223,squat,matched,15115188224,20786970624,,0.21947596740722655,,0.00010105600208044052,0.002541152000427246,0.1463177947998047,,,4,0,0.09275250951759517,45798912,8,4,0.3710100380703807
4,10.658336699099976,gpu,1.4854551553726196,squat,matched,15115188224,20786970624,,0.21890406799316406,,0.00010195200145244598,0.0029909439086914062,0.15069847106933593,,,4,0,0.0938232698244974,45798912,8,5,0.3752930792979896
4,10.912247198941378,gpu,1.3846417665481567,squat,matched,15115188224,20786970624,,0.21377891540527344,,0.0001003199964761734,0.002919008016586304,0.14712460327148438,,,4,0,0.09164015273563564,45798912,8,6,0.36656061094254255
4,11.064847178367645,gpu,1.341905951499939,squat,matched,15115188224,20786970624,,0.21391360473632812,,0.00010201600193977356,0.0025933759212493895,0.14257785034179687,,,4,0,0.09037630469538271,45798912,8,7,0.36150521878153086
4,10.660278796956659,gpu,1.312272548675537,squat,matched,15115188224,20786970624,,0.2205655059814453,,9.990400075912476e-05,0.0036868159770965577,0.14822377014160157,,,4,0,0.09380617702845484,45798912,8,8,0.37522470811381936
4,10.788401094938362,gpu,1.2307814359664917,squat,matched,15115188224,20786970624,,0.21924044799804687,,0.00010195200145244598,0.0025711040496826172,0.1462464294433594,,,4,0,0.09269214142113924,45798912,8,9,0.37076856568455696
4,10.671184505418516,gpu,1.2066268920898438,squat,matched,15115188224,20786970624,,0.22210765075683594,,0.0001029760017991066,0.0027179200649261473,0.14712448120117189,,,4,0,0.093710309243761,45798912,8,10,0.374841236975044
4,10.763019319197934,gpu,1.1642799377441406,squat,matched,15115188224,20786970624,,0.21983436584472657,,0.00010204800218343735,0.002565023899078369,0.14648959350585938,,,4,0,0.09291073167696595,45798912,8,11,0.3716429267078638
4,10.867605827432245,gpu,1.143957257270813,squat,matched,15115188224,20786970624,,0.2141009979248047,,0.00010201600193977356,0.0028360960483551027,0.14854051208496094,,,4,0,0.09201658726669848,45798912,8,12,0.3680663490667939
4,10.963903864343369,gpu,1.097316026687622,squat,matched,15115188224,20786970624,,0.213928955078125,,0.00010092800110578536,0.0029314560890197753,0.1452562561035156,,,4,0,0.09120838821399957,45798912,8,13,0.3648335528559983
4,10.733111847199108,gpu,1.055552363395691,squat,matched,15115188224,20786970624,,0.21611212158203125,,0.00010192000120878219,0.003901376008987427,0.14909968566894533,,,4,0,0.09316962445154786,45798912,8,14,0.37267849780619144
4,10.697351057551852,gpu,1.0725438594818115,squat,matched,15115188224,20786970624,,0.21956198120117187,,9.993600100278855e-05,0.003907423973083496,0.14771705627441406,,,4,0,0.0934810865437612,45798912,8,15,0.3739243461750448
4,10.721619089943465,gpu,1.0414999723434448,squat,matched,15115188224,20786970624,,0.21940374755859374,,9.996800124645233e-05,0.0028649599552154543,0.14782815551757814,,,4,0,0.09326949517708272,45798912,8,16,0.37307798070833087
4,10.70084321268488,gpu,1.0149164199829102,squat,matched,15115188224,20786970624,,0.22142771911621092,,0.00010179200023412704,0.002927167892456055,0.14631639099121094,,,4,0,0.09345057955943048,45798912,8,17,0.3738023182377219
4,10.85156761600356,gpu,1.032758116722107,squat,matched,15115188224,20786970624,,0.21669888305664062,,0.00010006400197744369,0.002581984043121338,0.14691264343261717,,,4,0,0.09215258434414864,45798912,8,18,0.36861033737659454
4,10.822945116211956,gpu,0.9916669726371765,squat,matched,15115188224,20786970624,,0.21408665466308593,,0.00010201600193977356,0.0031144959926605225,0.14883071899414063,,,4,0,0.0923962922533974,45798912,8,19,0.3695851690135896
64,109.38444833880841,cpu,0.5771420001983643,qad,capacity,25776707584,31618760704,0.1963274230957031,,0.003766975998878479,0.0026544960737228396,0.0036166720390319825,,0.2390889587402344,0.13027142333984376,32,0,0.009142067407083232,43987456,1,0,0.5850923140533268
64,109.531768178382,cpu,0.5593019723892212,qad,capacity,25776707584,31618760704,0.19637452697753907,,0.0037093440294265747,0.002676640033721924,0.0038457601070404053,,0.23764921569824218,0.13038009643554688,32,0,0.009129771358857397,43987456,1,1,0.5843053669668734
64,109.87546710709945,cpu,0.5498087406158447,qad,capacity,25776707584,31618760704,0.1961579513549805,,0.003837727904319763,0.002660671949386597,0.00354969596862793,,0.23758060455322266,0.13039446258544923,32,0,0.00910121273045661,43987456,1,2,0.582477614749223
64,109.8345538042524,cpu,0.534374475479126,qad,capacity,25776707584,31618760704,0.19628851318359375,,0.003781376004219055,0.002631231904029846,0.0027562880516052244,,0.237822265625,0.13028371429443358,32,0,0.00910460292652715,43987456,1,3,0.5826945872977376
64,110.03169955582361,cpu,0.505416214466095,qad,capacity,25776707584,31618760704,0.19612773895263672,,0.0037125760316848756,0.0026295360326766964,0.002741760015487671,,0.2371495056152344,0.13035814666748047,32,0,0.00908829004765721,43987456,1,4,0.5816505630500615
64,110.25150233495754,cpu,0.49448996782302856,qad,capacity,25776707584,31618760704,0.19618508911132815,,0.0036961599588394164,0.002654368042945862,0.0025671041011810303,,0.23777619171142578,0.13040774536132813,32,0,0.009070171188795939,43987456,1,5,0.5804909560829401
64,110.38976232151413,cpu,0.4785783290863037,qad,capacity,25776707584,31618760704,0.19609855651855468,,0.0036902079582214354,0.0026215039491653443,0.002651263952255249,,0.23772089385986328,0.13039151763916015,32,0,0.009058811061549932,43987456,1,6,0.5797639079391956
64,109.95350725026299,cpu,0.4830230474472046,qad,capacity,25776707584,31618760704,0.19615286254882813,,0.003704607963562012,0.0026306560039520265,0.002726720094680786,,0.23959788513183594,0.1304107894897461,32,0,0.009094753091630992,43987456,1,7,0.5820641978643835
64,109.66792763215285,cpu,0.4767621159553528,qad,capacity,25776707584,31618760704,0.1961543731689453,,0.003704895973205566,0.002635743975639343,0.002640255928039551,,0.24114105987548828,0.13036441040039062,32,0,0.009118436188146006,43987456,1,8,0.5835799160413444
64,109.10704824315933,cpu,0.46910685300827026,qad,capacity,25776707584,31618760704,0.19621683502197265,,0.003697664022445679,0.0026530879735946655,0.002858047962188721,,0.24307027435302736,0.13039036560058592,32,0,0.00916531073016813,43987456,1,9,0.5865798867307603
64,109.30416545162214,cpu,0.47648346424102783,qad,capacity,25776707584,31618760704,0.19628099060058593,,0.003707551956176758,0.0026510080099105835,0.0027541120052337648,,0.24262073516845703,0.13040294647216796,32,0,0.009148782170086633,43987456,1,10,0.5855220588855445
64,108.83337023275128,cpu,0.4514240324497223,qad,capacity,25776707584,31618760704,0.19617724609375,,0.0036951680183410643,0.002656575918197632,0.002902143955230713,,0.24484486389160154,0.13027302551269532,32,0,0.009188358293613419,43987456,1,11,0.5880549307912588
64,108.78965841431986,cpu,0.45006704330444336,qad,capacity,25776707584,31618760704,0.19625062561035156,,0.0037070720195770263,0.0026387200355529787,0.0026314239501953125,,0.24571529388427732,0.13034390258789064,32,0,0.009192050187266432,43987456,1,12,0.5882912119850516
64,108.3089539114775,cpu,0.45534878969192505,qad,capacity,25776707584,31618760704,0.19625731658935547,,0.003701823949813843,0.0026306560039520265,0.002761919975280762,,0.24708943939208983,0.13040716552734374,32,0,0.009232846998202149,43987456,1,13,0.5909022078849375
64,108.52043166376984,cpu,0.4429634213447571,qad,capacity,25776707584,31618760704,0.1962229766845703,,0.0036992639303207397,0.0026480640172958374,0.002730400085449219,,0.2466563186645508,0.13036412811279297,32,0,0.009214854610036127,43987456,1,14,0.5897506950423121
64,108.73600013595268,cpu,0.4371587634086609,qad,capacity,25776707584,31618760704,0.19693609619140626,,0.003696287989616394,0.002633023977279663,0.0026902720928192137,,0.24516537475585937,0.1303983612060547,32,0,0.00919658621569397,43987456,1,15,0.588581517804414
64,109.12846415172251,cpu,0.43302133679389954,qad,capacity,25776707584,31618760704,0.19631766510009765,,0.0036976000070571896,0.0026225279569625855,0.0026716480255126952,,0.2439754867553711,0.13033032989501953,32,0,0.009163512084342074,43987456,1,16,0.5864647733978927
64,108.64842848511674,cpu,0.4397490620613098,qad,capacity,25776707584,31618760704,0.1963699493408203,,0.003716096043586731,0.002639424085617065,0.002768383979797363,,0.2458299560546875,0.13031302642822265,32,0,0.009203998750308529,43987456,1,17,0.5890559200197458
64,108.7311386860744,cpu,0.4226996898651123,qad,capacity,25776707584,31618760704,0.19639871978759765,,0.003699295997619629,0.002621119976043701,0.0027318720817565917,,0.24568556213378906,0.13038079833984376,32,0,0.00919699740188662,43987456,1,18,0.5886078337207437
64,108.19591311639537,cpu,0.41866379976272583,qad,capacity,25776707584,31618760704,0.19644416046142577,,0.003712032079696655,0.002633247971534729,0.002711359977722168,,0.24859577178955078,0.13039423370361328,32,0,0.009242493280908093,43987456,1,19,0.5915195699781179
64,10.630604894437482,cpu,1.8041191101074219,squat,capacity,15120453120,20791164928,,3.5535187225341796,0.004484863996505738,0.0016269440278410916,0.003275424003601074,2.4103021087646486,,,4,0,0.09406802434386918,32998912,8,0,6.020353558007628
64,10.625920332597401,cpu,1.8107410669326782,squat,capacity,15120453120,20791164928,,3.5611486206054694,0.004508895993232727,0.0016307200267910963,0.0032222719192504883,2.4040134277343754,,,4,0,0.09410949533776147,32998912,8,1,6.023007701616734
64,10.669804625861712,cpu,1.594233751296997,squat,capacity,15120453120,20791164928,,3.545921173095703,0.004443839997053146,0.0016222080290317538,0.002810784101486206,2.39664958190918,,,4,0,0.09372242839162936,32998912,8,2,5.998235417064279
64,10.702387966320758,cpu,1.5603694915771484,squat,capacity,15120453120,20791164928,,3.5326439514160155,0.004432543963193894,0.0016295040249824527,0.0030077760219573975,2.3950804748535157,,,4,0,0.09343709115637466,32998912,8,3,5.979973834007978
64,10.27094829989556,cpu,1.5127918720245361,squat,capacity,15120453120,20791164928,,3.5531678771972652,0.004444992035627366,0.001631168030202389,0.0034015679359436033,2.618486297607422,,,4,0,0.09736199334292905,32998912,8,4,6.2311675739474595
64,10.588218349902727,cpu,1.4732980728149414,squat,capacity,15120453120,20791164928,,3.570497543334961,0.004609056025743484,0.0016305600330233576,0.0033283839225769045,2.4088340759277345,,,4,0,0.09444459558289964,32998912,8,5,6.044454117305577
64,10.632267500039628,cpu,1.3859844207763672,squat,capacity,15120453120,20791164928,,3.5526237030029297,0.00451993602514267,0.0016251520290970804,0.004717696189880371,2.4066829376220698,,,4,0,0.09405331459129229,32998912,8,6,6.019412133842707
64,10.67568064952796,cpu,1.399909257888794,squat,capacity,15120453120,20791164928,,3.551391220092772,0.004480543971061706,0.0016284480243921283,0.00395798397064209,2.387278533935547,,,4,0,0.09367084243422141,32998912,8,7,5.99493391579017
64,10.659372889108997,cpu,1.34730863571167,squat,capacity,15120453120,20791164928,,3.56121272277832,0.004552319973707199,0.0016257600262761121,0.004156864166259765,2.3857642974853515,,,4,0,0.09381414933159249,32998912,8,8,6.004105557221919
64,10.638804587845556,cpu,1.2376312017440796,squat,capacity,15120453120,20791164928,,3.5564867706298826,0.004507935971021652,0.0016285760328173641,0.003029887914657593,2.3998837432861326,,,4,0,0.09399552287504775,32998912,8,9,6.015713464003056
64,10.729548596419475,cpu,1.2307307720184326,squat,capacity,15120453120,20791164928,,3.538104354858399,0.004376511961221696,0.0016269440278410916,0.0030394880771636964,2.375993041992187,,,4,0,0.09320056580327218,32998912,8,10,5.96483621140942
64,10.743228497750493,cpu,1.1961593627929688,squat,capacity,15120453120,20791164928,,3.5339604644775395,0.004295487999916076,0.0016320000290870672,0.0038719680309295653,2.372482620239258,,,4,0,0.0930818887645728,32998912,8,11,5.957240880932659
64,10.72748734318161,cpu,1.172427773475647,squat,capacity,15120453120,20791164928,,3.546956420898437,0.004299871951341629,0.0016272000297904016,0.0029967999458312988,2.372776809692383,,,4,0,0.09321847400133265,32998912,8,12,5.96598233608529
64,10.719694825023762,cpu,1.1546037197113037,squat,capacity,15120453120,20791164928,,3.5430325164794922,0.004300672054290772,0.0016276480332016946,0.002966815948486328,2.374885406494141,,,4,0,0.09328623774490552,32998912,8,13,5.970319215673953
64,10.688133871107992,cpu,1.1030579805374146,squat,capacity,15120453120,20791164928,,3.54744467163086,0.004364224016666412,0.0016305600330233578,0.003063807964324951,2.391376220703125,,,4,0,0.09356170235696482,32998912,8,14,5.987948950845748
64,10.257213565541173,cpu,1.1078083515167236,squat,capacity,15120453120,20791164928,,3.5514574737548825,0.004685151994228363,0.0016319680288434035,0.003050719976425171,2.6293037872314455,,,4,0,0.09749236414063489,32998912,8,15,6.239511305000633
64,10.736069871822133,cpu,1.0852652788162231,squat,capacity,15120453120,20791164928,,3.533405456542969,0.004317600011825562,0.0016310720294713977,0.0031950719356536863,2.380653610229492,,,4,0,0.09314395416004118,32998912,8,16,5.961213066242635
64,10.747643303497995,cpu,1.0550973415374756,squat,capacity,15120453120,20791164928,,3.5311023406982422,0.004278016000986099,0.001630528032779694,0.002916224002838135,2.376458541870117,,,4,0,0.0930436535491026,32998912,8,17,5.954793827142566
64,10.714701812343284,cpu,1.0257134437561035,squat,capacity,15120453120,20791164928,,3.5371695556640623,0.004343711972236633,0.001631616033613682,0.0027575039863586425,2.385517120361328,,,4,0,0.09332970879768254,32998912,8,18,5.973101363051683
64,10.713053653391414,cpu,1.0035268068313599,squat,capacity,15120453120,20791164928,,3.53793798828125,0.004315039962530136,0.001632128030061722,0.002975519895553589,2.3849112854003907,,,4,0,0.09334406718699029,32998912,8,19,5.974020299967378
4,10.82455200029434,gpu,1.8066363334655762,squat,matched,15115188224,20786970624,,0.21502362060546876,,0.000102463997900486,0.0027594239711761473,0.14937347412109375,,,4,1,0.09238257620017976,45798912,8,0,0.369530304800719
4,10.789604305658171,gpu,1.804142951965332,squat,matched,15115188224,20786970624,,0.21735472106933593,,0.00010288000106811523,0.002843775987625122,0.147761474609375,,,4,1,0.0926818047882989,45798912,8,1,0.3707272191531956
4,10.92129075667624,gpu,1.638193130493164,squat,matched,15115188224,20786970624,,0.21450387573242188,,0.00010252799838781357,0.0025681920051574708,0.14678822326660157,,,4,1,0.09156426857225597,45798912,8,2,0.3662570742890239
4,10.901023235827244,gpu,1.5780811309814453,squat,matched,15115188224,20786970624,,0.21494937133789063,,0.00010204800218343735,0.0033302719593048097,0.14564262390136717,,,4,1,0.09173450770322233,45798912,8,3,0.36693803081288934
4,10.570819052974079,gpu,1.5538039207458496,squat,matched,15115188224,20786970624,,0.2218592071533203,,0.00010047999769449234,0.004205984115600586,0.14886428833007812,,,4,1,0.09460004896391183,45798912,8,4,0.3784001958556473
4,10.531516585564422,gpu,1.4723511934280396,squat,matched,15115188224,20786970624,,0.22302455139160157,,0.00010198400169610977,0.003966559886932373,0.14975103759765626,,,4,1,0.09495308599434793,45798912,8,5,0.3798123439773917
4,10.734080544742616,gpu,1.4021449089050293,squat,matched,15115188224,20786970624,,0.22034889221191406,,0.00010255999863147736,0.0027541439533233644,0.14685276794433594,,,4,1,0.09316121635492891,45798912,8,6,0.37264486541971564
4,10.733323383212724,gpu,1.377638816833496,squat,matched,15115188224,20786970624,,0.2199086151123047,,0.00010092800110578536,0.00262719988822937,0.14733197021484376,,,4,1,0.09316778823267668,45798912,8,7,0.37267115293070674
4,10.71948610746705,gpu,1.3290802240371704,squat,matched,15115188224,20786970624,,0.21992086791992188,,0.00010047999769449234,0.003001535892486572,0.1474000244140625,,,4,1,0.09328805410768837,45798912,8,8,0.37315221643075347
4,10.887352696370957,gpu,1.2604702711105347,squat,matched,15115188224,20786970624,,0.21463497924804686,,0.00010249599814414979,0.0026097919940948487,0.14768450927734375,,,4,1,0.0918496927479282,45798912,8,9,0.3673987709917128
4,10.886481441571119,gpu,1.2006934881210327,squat,matched,15115188224,20786970624,,0.21521305847167968,,0.00010201600193977356,0.0037351040840148926,0.1449447937011719,,,4,1,0.09185704356059432,45798912,8,10,0.3674281742423773
4,10.761042589006898,gpu,1.1746259927749634,squat,matched,15115188224,20786970624,,0.21726556396484376,,0.00010201600193977356,0.0039372799396514896,0.14736834716796876,,,4,1,0.09292779874522239,45798912,8,11,0.37171119498088956
4,10.538295499920334,gpu,1.1621415615081787,squat,matched,15115188224,20786970624,,0.22036582946777344,,0.00010051199793815613,0.003908128023147583,0.15227845764160156,,,4,1,0.09489200601819903,45798912,8,12,0.3795680240727961
4,10.66328660500323,gpu,1.1018877029418945,squat,matched,15115188224,20786970624,,0.2224153594970703,,0.00010195200145244598,0.0029671359062194824,0.14682054138183595,,,4,1,0.0937797169899568,45798912,8,13,0.3751188679598272
4,10.658402426746374,gpu,1.1207777261734009,squat,matched,15115188224,20786970624,,0.2204615936279297,,0.0001029760017991066,0.002780992031097412,0.14900802612304687,,,4,1,0.09382269124034792,45798912,8,14,0.3752907649613917
4,10.667850307823102,gpu,1.0813212394714355,squat,matched,15115188224,20786970624,,0.22137493896484375,,0.00010195200145244598,0.002953439950942993,0.14741177368164063,,,4,1,0.09373959805816412,45798912,8,15,0.3749583922326565
4,10.837802327371552,gpu,1.0501776933670044,squat,matched,15115188224,20786970624,,0.21737724304199219,,0.000102463997900486,0.0025231359004974367,0.14680380249023436,,,4,1,0.09226962900720537,45798912,8,16,0.36907851602882147
4,10.90734193391116,gpu,1.032952904701233,squat,matched,15115188224,20786970624,,0.2145581817626953,,0.00010105600208044052,0.0026424639225006105,0.14710150146484374,,,4,1,0.09168136527296156,45798912,8,17,0.3667254610918462
4,10.935889084246718,gpu,1.0167052745819092,squat,matched,15115188224,20786970624,,0.2147025909423828,,0.00010252799838781357,0.0036113600730895996,0.14463011169433593,,,4,1,0.09144203935284168,45798912,8,18,0.3657681574113667
4,10.625795835336916,gpu,0.9918850660324097,squat,matched,15115188224,20786970624,,0.22058851623535156,,0.00010099200159311294,0.0036847679615020753,0.14932179260253906,,,4,1,0.09411059797275811,45798912,8,19,0.37644239189103246
4,49.17672521266219,gpu,0.8883990049362183,qad,matched,3271757824,4324327424,0.02069811248779297,,,0.0004082239866256714,0.0024954879283905027,,0.03838662338256836,0.01599395179748535,4,1,0.02033482294064015,56467456,1,0,0.0813392917625606
4,49.06438750893661,gpu,0.8365168571472168,qad,matched,3271757824,4324327424,0.020553728103637696,,,0.0004082239866256714,0.0025011200904846193,,0.041661151885986326,0.012856255531311036,4,1,0.020381381502375007,56467456,1,1,0.08152552600950003
4,48.714807626170085,gpu,0.761250376701355,qad,matched,3271757824,4324327424,0.02044313621520996,,,0.0003969599902629852,0.0024457600116729737,,0.04257817459106445,0.012726431846618652,4,1,0.020527639309875667,56467456,1,2,0.08211055723950267
4,49.95831061807421,gpu,0.7397671937942505,qad,matched,3271757824,4324327424,0.020198400497436524,,,0.0003815999925136566,0.002341599941253662,,0.04095308685302734,0.012773152351379394,4,1,0.020016689668409526,56467456,1,3,0.0800667586736381
4,50.16319274860125,gpu,0.7190539836883545,qad,matched,3271757824,4324327424,0.02150809669494629,,,0.00044304001331329346,0.002333184003829956,,0.03939139175415039,0.012675423622131348,4,1,0.019934935262426734,56467456,1,4,0.07973974104970694
4,49.659123606107215,gpu,0.7049554586410522,qad,matched,3271757824,4324327424,0.024663040161132813,,,0.0004461120069026947,0.0023273279666900636,,0.03698694229125977,0.01267084789276123,4,1,0.020137286512181163,56467456,1,5,0.08054914604872465
4,50.501641753852475,gpu,0.679662823677063,qad,matched,3271757824,4324327424,0.02187571144104004,,,0.0003866879940032959,0.003240895986557007,,0.03705545425415039,0.012660608291625977,4,1,0.019801336457021534,56467456,1,6,0.07920534582808614
4,51.83451744729049,gpu,0.6385163068771362,qad,matched,3271757824,4324327424,0.019985408782958985,,,0.00037648001313209535,0.0032488319873809814,,0.036926719665527345,0.012665568351745605,4,1,0.01929216377902776,56467456,1,7,0.07716865511611104
4,52.575712276874846,gpu,0.617390513420105,qad,matched,3271757824,4324327424,0.020184064865112306,,,0.0003877440094947815,0.0023136959075927732,,0.037060768127441406,0.012671808242797851,4,1,0.019020189298316836,56467456,1,8,0.07608075719326735
4,50.022551327823216,gpu,0.602378249168396,qad,matched,3271757824,4324327424,0.020321279525756835,,,0.0003897919952869415,0.0024305920600891113,,0.03726041412353515,0.015339712142944335,4,1,0.019990983535535634,56467456,1,9,0.07996393414214253
4,48.491335246518304,gpu,0.587986946105957,qad,matched,3271757824,4324327424,0.02044825553894043,,,0.00039798399806022645,0.002416032075881958,,0.03734518432617188,0.017845407485961914,4,1,0.020622240961529315,56467456,1,10,0.08248896384611726
4,50.835645797792615,gpu,0.5568636655807495,qad,matched,3271757824,4324327424,0.02004377555847168,,,0.0003775039911270142,0.0023313279151916506,,0.03801641464233398,0.014471455574035645,4,1,0.0196712362812832,56467456,1,11,0.0786849451251328
4,50.335538681529925,gpu,0.5341725945472717,qad,matched,3271757824,4324327424,0.020136959075927736,,,0.0003744319975376129,0.0023316481113433837,,0.04059222412109375,0.012605504035949707,4,1,0.019866679213009775,56467456,1,12,0.0794667168520391
4,48.74354604575413,gpu,0.5134854316711426,qad,matched,3271757824,4324327424,0.02127052879333496,,,0.0004461120069026947,0.0023404159545898436,,0.04181113433837891,0.012705504417419433,4,1,0.020515536540187895,56467456,1,13,0.08206214616075158
4,47.277767220157955,gpu,0.5147046446800232,qad,matched,3271757824,4324327424,0.02165247917175293,,,0.00044304001331329346,0.002322272062301636,,0.044136638641357424,0.012615455627441406,4,1,0.0211515910923481,56467456,1,14,0.0846063643693924
4,48.23942960051108,gpu,0.508092999458313,qad,matched,3271757824,4324327424,0.023418880462646483,,,0.00045020800828933716,0.002589279890060425,,0.03998847961425781,0.012688511848449708,4,1,0.020729930023662746,56467456,1,15,0.08291972009465098
4,47.86424380143015,gpu,0.4883710443973541,qad,matched,3271757824,4324327424,0.025047040939331053,,,0.0004911679923534394,0.0025932800769805906,,0.03852009582519531,0.01311955165863037,4,1,0.02089242241345346,56467456,1,16,0.08356968965381384
4,48.03596199694564,gpu,0.48144078254699707,qad,matched,3271757824,4324327424,0.025555967330932617,,,0.0004031040072441101,0.0030649919509887695,,0.037249279022216794,0.012956895828247071,4,1,0.020817736512981355,56467456,1,17,0.08327094605192542
4,49.207138879419574,gpu,0.46782657504081726,qad,matched,3271757824,4324327424,0.022388736724853517,,,0.0003959360122680664,0.0032272319793701172,,0.038486175537109375,0.012779264450073243,4,1,0.020322254509665072,56467456,1,18,0.08128901803866029
4,50.79869066590133,gpu,0.4591040015220642,qad,matched,3271757824,4324327424,0.020586111068725585,,,0.0008720960021018982,0.003276128053665161,,0.03724009704589844,0.012745183944702148,4,1,0.019685546751134098,56467456,1,19,0.07874218700453639
64,10.755966516033734,cpu,1.8359270095825195,squat,capacity,15120453120,20791164928,,3.532950927734375,0.004479679971933365,0.0016296320334076885,0.002938240051269531,2.3652945098876956,,,4,1,0.09297165424504783,32998912,8,0,5.950185871683061
64,10.745020446057971,cpu,1.854369878768921,squat,capacity,15120453120,20791164928,,3.5348167572021483,0.004360096007585525,0.0016327360346913343,0.0031447041034698485,2.370230590820312,,,4,1,0.09306636548717506,32998912,8,1,5.956247391179204
64,10.768629864332443,cpu,1.5996898412704468,squat,capacity,15120453120,20791164928,,3.5388098297119144,0.004324000030755997,0.0016311040297150613,0.002899104118347168,2.3564607238769533,,,4,1,0.09286232441809261,32998912,8,2,5.943188762757927
64,10.787848155848115,cpu,1.5464996099472046,squat,capacity,15120453120,20791164928,,3.5316713104248043,0.004353376001119614,0.0016255360320210459,0.002819200038909912,2.3520302886962887,,,4,1,0.09269689242501045,32998912,8,3,5.932601115200669
64,10.318800542098801,cpu,1.4883891344070435,squat,capacity,15120453120,20791164928,,3.553465682983399,0.004474463999271394,0.0016327040344476704,0.004040927886962891,2.589646560668945,,,4,1,0.0969104883770342,32998912,8,4,6.202271256130189
64,10.680962318895162,cpu,1.4258928298950195,squat,capacity,15120453120,20791164928,,3.5462474212646486,0.004462399989366531,0.001632736034691334,0.0030031039714813234,2.387306518554687,,,4,1,0.09362452278583078,32998912,8,5,5.99196945829317
64,10.81026924916959,cpu,1.369741439819336,squat,capacity,15120453120,20791164928,,3.523048553466797,0.004449504017829895,0.0016329280287027364,0.002945280075073242,2.3495469055175784,,,4,1,0.09250463396892883,32998912,8,6,5.920296574011445
64,10.810525900246578,cpu,1.3431756496429443,squat,capacity,15120453120,20791164928,,3.526033309936523,0.004294592022895813,0.0016326720342040065,0.002788383960723877,2.3463272247314455,,,4,1,0.09250243783026235,32998912,8,7,5.9201560211367905
64,10.714284130974464,cpu,1.3039525747299194,squat,capacity,15120453120,20791164928,,3.5549789276123045,0.004451999962329864,0.0016352960318326956,0.0032027199268341066,2.363331741333008,,,4,1,0.0933333471257356,32998912,8,8,5.973334216047078
64,10.787681204657614,cpu,1.202101230621338,squat,capacity,15120453120,20791164928,,3.530493804931641,0.004385600000619889,0.0016326400339603429,0.002881216049194336,2.3517962188720705,,,4,1,0.09269832701102132,32998912,8,9,5.9326929287053645
64,10.773041973822552,cpu,1.2171911001205444,squat,capacity,15120453120,20791164928,,3.5383194274902343,0.004283104032278061,0.0016305920332670215,0.0031533119678497316,2.3530574340820314,,,4,1,0.09282429256563773,32998912,8,10,5.940754724200815
64,10.797027418774576,cpu,1.1667674779891968,squat,capacity,15120453120,20791164928,,3.5269420623779295,0.0043251200020313265,0.0016285440325737005,0.004467775821685791,2.3486168060302735,,,4,1,0.09261808470182586,32998912,8,11,5.927557420916855
64,10.787281946830898,cpu,1.1534457206726074,squat,capacity,15120453120,20791164928,,3.532018310546875,0.004304799914360046,0.0016250880286097528,0.0032755520343780518,2.3507986450195317,,,4,1,0.0927017579524545,32998912,8,12,5.932912508957088
64,10.7838148383652,cpu,1.1241499185562134,squat,capacity,15120453120,20791164928,,3.5313452606201174,0.00451248002052307,0.001633120030164719,0.0037775039672851562,2.3541177520751955,,,4,1,0.09273156253038906,32998912,8,13,5.9348200019449
64,10.80905704483678,cpu,1.0780861377716064,squat,capacity,15120453120,20791164928,,3.5302345886230473,0.0042750720083713535,0.0016296000331640246,0.0029369280338287355,2.343738525390625,,,4,1,0.09251500809477875,32998912,8,14,5.92096051806584
64,10.384092955492246,cpu,1.078718900680542,squat,capacity,15120453120,20791164928,,3.544459976196289,0.004328607976436615,0.0016331840306520466,0.0038784959316253663,2.5681407623291017,,,4,1,0.09630114101310028,32998912,8,15,6.163273024838418
64,10.788889941879518,cpu,1.0449918508529663,squat,capacity,15120453120,20791164928,,3.531614974975586,0.004372031956911087,0.0016304960325360302,0.0028160319328308105,2.352205276489258,,,4,1,0.0926879415201256,32998912,8,16,5.932028257288039
64,10.762012459400259,cpu,1.035468339920044,squat,capacity,15120453120,20791164928,,3.533539611816406,0.004328927993774415,0.0016316480338573458,0.0031508479118347167,2.362534118652343,,,4,1,0.09291942411073251,32998912,8,17,5.9468431430868804
64,10.710418931478422,cpu,1.020409107208252,squat,capacity,15120453120,20791164928,,3.5481320037841804,0.00447996798157692,0.001632032029330731,0.0038290879726409913,2.3723819885253907,,,4,1,0.09336702946893638,32998912,8,18,5.975489886011928
64,10.724980988983672,cpu,0.9887615442276001,squat,capacity,15120453120,20791164928,,3.550822769165039,0.004358304023742676,0.0016317440345883375,0.0031473278999328614,2.3644254302978513,,,4,1,0.09324025851674378,32998912,8,19,5.967376545071602
64,109.78436616050745,cpu,0.5633454322814941,qad,capacity,25776707584,31618760704,0.1965486068725586,,0.003755296111106873,0.002621343970298767,0.002739648103713989,,0.23984569549560547,0.13050460815429688,32,1,0.009108765072596725,43987456,1,0,0.5829609646461904
64,109.66181656541403,cpu,0.5582946538925171,qad,capacity,25776707584,31618760704,0.1966656036376953,,0.0036973440647125244,0.0026248319149017336,0.002655936002731323,,0.24067308807373047,0.1304815368652344,32,1,0.009118944326473866,43987456,1,1,0.5836124368943274
64,109.21184298428935,cpu,0.5545071363449097,qad,capacity,25776707584,31618760704,0.19660822296142577,,0.0036938560009002683,0.002619711995124817,0.002657792091369629,,0.2431624298095703,0.1304434585571289,32,1,0.009156516112852842,43987456,1,2,0.5860170312225819
64,109.22667743055662,cpu,0.5223846435546875,qad,capacity,25776707584,31618760704,0.19663520050048827,,0.003703552007675171,0.0026389760971069335,0.002870464086532593,,0.2423032989501953,0.13055516815185547,32,1,0.009155272535281256,43987456,1,3,0.5859374422580004
64,109.07130393978136,cpu,0.5099056363105774,qad,capacity,25776707584,31618760704,0.1966556167602539,,0.0037072319984436035,0.0026470720767974854,0.002689728021621704,,0.2437215347290039,0.13051468658447266,32,1,0.009168314340058714,43987456,1,4,0.5867721177637577
64,108.23895584650194,cpu,0.503517746925354,qad,capacity,25776707584,31618760704,0.19673036193847657,,0.0036980159282684324,0.0026501760482788086,0.0028072960376739503,,0.24724819183349608,0.13048367309570313,32,1,0.009238817874575034,43987456,1,5,0.5912843439728022
64,108.536491719172,cpu,0.47831493616104126,qad,capacity,25776707584,31618760704,0.19677747344970703,,0.0037093440294265747,0.0026395199298858644,0.002766079902648926,,0.24581766510009767,0.13049945831298826,32,1,0.00921349109557923,43987456,1,6,0.5896634301170707
64,108.79977385180511,cpu,0.4861530065536499,qad,capacity,25776707584,31618760704,0.19679615783691407,,0.0037131199836730956,0.002626879930496216,0.002722304105758667,,0.24474041748046876,0.1305601272583008,32,1,0.009191195575112943,43987456,1,7,0.5882365168072283
64,108.71864799307573,cpu,0.49347829818725586,qad,capacity,25776707584,31618760704,0.1967959976196289,,0.0036975680589675904,0.002628704071044922,0.0028545920848846436,,0.24451001739501954,0.13061616516113284,32,1,0.009198054045555182,43987456,1,8,0.5886754589155316
64,108.6999801778414,cpu,0.48233649134635925,qad,capacity,25776707584,31618760704,0.19669561004638672,,0.0037060160636901854,0.002619391918182373,0.002700160026550293,,0.24515001678466797,0.1305358352661133,32,1,0.009199633692333009,43987456,1,9,0.5887765563093126
64,108.1827233397261,cpu,0.45292651653289795,qad,capacity,25776707584,31618760704,0.19700553131103515,,0.003721567988395691,0.002656576037406921,0.00304419207572937,,0.24642694091796874,0.13050704193115234,32,1,0.009243620137567632,43987456,1,10,0.5915916888043284
64,108.24331277778957,cpu,0.44755685329437256,qad,capacity,25776707584,31618760704,0.19694140625,,0.0037417600154876713,0.0026501439809799195,0.0028850879669189452,,0.24669216156005858,0.1304593276977539,32,1,0.009238446000381373,43987456,1,11,0.5912605440244079
64,108.49173688030928,cpu,0.45059633255004883,qad,capacity,25776707584,31618760704,0.19689315032958984,,0.0037182400226593018,0.0026369279623031615,0.002923167943954468,,0.24515411376953125,0.13051503753662108,32,1,0.009217291830282193,43987456,1,12,0.5899066771380603
64,108.4337546939337,cpu,0.4495112895965576,qad,capacity,25776707584,31618760704,0.1969254379272461,,0.0037218239307403563,0.0026444799900054933,0.0029864320755004885,,0.2455934066772461,0.1305052185058594,32,1,0.009222220542142168,43987456,1,13,0.5902221146970987
64,108.61224197593965,cpu,0.434559166431427,qad,capacity,25776707584,31618760704,0.19689366149902343,,0.0037180160284042358,0.0026454079151153565,0.0028776319026947023,,0.2444608688354492,0.13046022033691407,32,1,0.009207065260852687,43987456,1,14,0.589252176694572
64,108.34497769310569,cpu,0.4324631094932556,qad,capacity,25776707584,31618760704,0.1970345916748047,,0.003750336050987244,0.0026419519186019896,0.002948607921600342,,0.245342529296875,0.13051129150390625,32,1,0.009229777155269403,43987456,1,15,0.5907057379372418
64,108.14515750773627,cpu,0.44090351462364197,qad,capacity,25776707584,31618760704,0.1968547821044922,,0.0037188160419464114,0.002644927978515625,0.0028350720405578614,,0.2474591293334961,0.13050089263916015,32,1,0.009246831046766602,43987456,1,16,0.5917971869930625
64,108.82521126118273,cpu,0.43336907029151917,qad,capacity,25776707584,31618760704,0.19685580444335937,,0.0037246719598770144,0.0026352959871292114,0.0028235518932342527,,0.243835205078125,0.13045989990234375,32,1,0.009189047174004372,43987456,1,17,0.5880990191362798
64,108.4613717359969,cpu,0.43047696352005005,qad,capacity,25776707584,31618760704,0.19680966186523438,,0.003716320037841797,0.002649407982826233,0.0029550399780273436,,0.24554835510253908,0.130521728515625,32,1,0.009219872328685597,43987456,1,18,0.5900718290358782
64,108.79713528755349,cpu,0.43068838119506836,qad,capacity,25776707584,31618760704,0.19678262329101565,,0.0037575680017471313,0.0026245439052581788,0.002732095956802368,,0.24441580200195312,0.13051016998291015,32,1,0.00919141848135041,43987456,1,19,0.5882507828064263
4,43.090416602323174,gpu,0.8958605527877808,qad,matched,3271757824,4324327424,0.02294988822937012,,,0.00047887998819351197,0.004609920024871826,,0.0428469123840332,0.01616489601135254,4,2,0.02320701628923416,56467456,1,0,0.09282806515693665
4,44.96083448111698,gpu,0.8415996432304382,qad,matched,3271757824,4324327424,0.02293452835083008,,,0.00047887998819351197,0.004338016033172607,,0.041336544036865236,0.01456281566619873,4,2,0.02224158006720245,56467456,1,1,0.0889663202688098
4,43.74425141669816,gpu,0.760050892829895,qad,matched,3271757824,4324327424,0.026089471817016603,,,0.00046659201383590697,0.004162047863006592,,0.04150713729858398,0.01446224021911621,4,2,0.02286014659330249,56467456,1,2,0.09144058637320995
4,44.18270557125991,gpu,0.727109432220459,qad,matched,3271757824,4324327424,0.026273792266845702,,,0.000451231986284256,0.0031815040111541747,,0.04149078369140625,0.014465760231018067,4,2,0.022633290267549455,56467456,1,3,0.09053316107019782
4,43.29658882631737,gpu,0.7059293389320374,qad,matched,3271757824,4324327424,0.02755686378479004,,,0.00045529600977897646,0.003497119903564453,,0.040723743438720705,0.014444352149963379,4,2,0.023096507764421403,56467456,1,4,0.09238603105768561
4,43.77809125304273,gpu,0.6960389614105225,qad,matched,3271757824,4324327424,0.02604515266418457,,,0.0006034240126609802,0.0031971199512481688,,0.04201161575317383,0.015136320114135743,4,2,0.0228424760280177,56467456,1,5,0.0913699041120708
4,45.09120559468643,gpu,0.6697302460670471,qad,matched,3271757824,4324327424,0.02484864044189453,,,0.0005331199765205383,0.00295795202255249,,0.04201071929931641,0.014361215591430663,4,2,0.02217727352399379,56467456,1,6,0.08870909409597516
4,44.39082486237719,gpu,0.651282787322998,qad,matched,3271757824,4324327424,0.025511520385742188,,,0.0005167679786682129,0.0027670719623565676,,0.043080032348632814,0.014151359558105469,4,2,0.022527177701704204,56467456,1,7,0.09010871080681682
4,48.415224845313446,gpu,0.63433438539505,qad,matched,3271757824,4324327424,0.02454876708984375,,,0.00046457600593566897,0.0026039040088653566,,0.03818121719360352,0.013281984329223633,4,2,0.020654659834690392,56467456,1,8,0.08261863933876157
4,49.33270598959319,gpu,0.6069668531417847,qad,matched,3271757824,4324327424,0.02306764793395996,,,0.00038364800810813905,0.002571903944015503,,0.037454017639160155,0.0130928316116333,4,2,0.020270528038963675,56467456,1,9,0.0810821121558547
4,46.8653260153397,gpu,0.5988126397132874,qad,matched,3271757824,4324327424,0.02209587287902832,,,0.00043279999494552613,0.004366911888122558,,0.04131660842895508,0.012961888313293457,4,2,0.021337736980058253,56467456,1,10,0.08535094792023301
4,49.85505326281086,gpu,0.5643613338470459,qad,matched,3271757824,4324327424,0.020463615417480468,,,0.0004041279852390289,0.004003647804260254,,0.03793017578125,0.0132772798538208,4,2,0.02005814725998789,56467456,1,11,0.08023258903995156
4,50.5652704129401,gpu,0.5502504110336304,qad,matched,3271757824,4324327424,0.021242879867553712,,,0.0003969599902629852,0.0032998719215393065,,0.03755753707885742,0.013064864158630372,4,2,0.019776419503614306,56467456,1,12,0.07910567801445723
4,51.04450838704204,gpu,0.5139204263687134,qad,matched,3271757824,4324327424,0.02044211196899414,,,0.00039590400457382204,0.0024428479671478273,,0.03743961715698242,0.013563424110412598,4,2,0.019590746029280126,56467456,1,13,0.0783629841171205
4,49.72868132855346,gpu,0.5165496468544006,qad,matched,3271757824,4324327424,0.02042163276672363,,,0.0003969599902629852,0.002410527944564819,,0.03745395278930664,0.015702239990234373,4,2,0.020109119592234492,56467456,1,14,0.08043647836893797
4,49.24418086714744,gpu,0.5095224380493164,qad,matched,3271757824,4324327424,0.020512767791748047,,,0.00040515199303627015,0.0024608640670776365,,0.03784470367431641,0.016573888778686523,4,2,0.020306967897340655,56467456,1,15,0.08122787158936262
4,48.06027742393743,gpu,0.4931015372276306,qad,matched,3271757824,4324327424,0.020583423614501953,,,0.00040003201365470885,0.002436959981918335,,0.042814750671386716,0.013492511749267579,4,2,0.020807204069569707,56467456,1,16,0.08322881627827883
4,46.798977547330374,gpu,0.4811897277832031,qad,matched,3271757824,4324327424,0.021700607299804688,,,0.0004010240137577057,0.002448256015777588,,0.044487873077392576,0.012917792320251465,4,2,0.021367988199926913,56467456,1,17,0.08547195279970765
4,47.69922874035573,gpu,0.46921631693840027,qad,matched,3271757824,4324327424,0.02172211265563965,,,0.00039081600308418275,0.0024288320541381836,,0.04275513458251953,0.013040160179138184,4,2,0.020964699564501643,56467456,1,18,0.08385879825800657
4,49.21640550098302,gpu,0.4706304371356964,qad,matched,3271757824,4324327424,0.020281343460083007,,,0.0003938559889793396,0.0023935039043426515,,0.041741630554199216,0.012994879722595215,4,2,0.020318428170867264,56467456,1,19,0.08127371268346906
4,10.65301274219409,gpu,1.7896201610565186,squat,matched,15115188224,20786970624,,0.21687139892578125,,0.00010198400169610977,0.00305401611328125,0.1528582763671875,,,4,2,0.09387015900574625,45798912,8,0,0.375480636022985
4,10.694257446784384,gpu,1.7532044649124146,squat,matched,15115188224,20786970624,,0.2203877410888672,,0.00010262399911880493,0.0026712319850921633,0.14790048217773438,,,4,2,0.09350812854245305,45798912,8,1,0.3740325141698122
4,10.784291664948208,gpu,1.5963537693023682,squat,matched,15115188224,20786970624,,0.21724928283691405,,0.00010195200145244598,0.002865407943725586,0.14809767150878905,,,4,2,0.09272746241185814,45798912,8,2,0.37090984964743257
4,10.940858317176264,gpu,1.5581709146499634,squat,matched,15115188224,20786970624,,0.2145095672607422,,0.00010265599936246871,0.0027994880676269532,0.145665283203125,,,4,2,0.09140050725545734,45798912,8,3,0.36560202902182937
4,10.869380260799542,gpu,1.555344581604004,squat,matched,15115188224,20786970624,,0.21649407958984376,,0.00010259199887514115,0.0033026878833770754,0.14544697570800783,,,4,2,0.09200156549923122,45798912,8,4,0.3680062619969249
4,10.671272557140922,gpu,1.4773671627044678,squat,matched,15115188224,20786970624,,0.22078720092773438,,0.00010198400169610977,0.004677984237670898,0.14609318542480468,,,4,2,0.09370953601319343,45798912,8,5,0.3748381440527737
4,10.675013419240265,gpu,1.4126759767532349,squat,matched,15115188224,20786970624,,0.2206510009765625,,0.00010211200267076492,0.0033648641109466555,0.14794924926757813,,,4,2,0.09367669722996652,45798912,8,6,0.3747067889198661
4,10.558880453367705,gpu,1.3470262289047241,squat,matched,15115188224,20786970624,,0.22236671447753906,,0.00010304000228643417,0.0034139840602874756,0.14883401489257814,,,4,2,0.09470701031386852,45798912,8,7,0.3788280412554741
4,10.682674527198449,gpu,1.3435238599777222,squat,matched,15115188224,20786970624,,0.22086192321777343,,0.00010211200267076492,0.002850559949874878,0.1476275177001953,,,4,2,0.09360951674170792,45798912,8,8,0.3744380669668317
4,10.656967553069402,gpu,1.2330471277236938,squat,matched,15115188224,20786970624,,0.22044816589355468,,0.00010204800218343735,0.0027970240116119384,0.14863845825195313,,,4,2,0.09383532369975,45798912,8,9,0.375341294799
4,10.880857303980108,gpu,1.2076040506362915,squat,matched,15115188224,20786970624,,0.21485157775878908,,0.00010204800218343735,0.0029714879989624025,0.14697850036621093,,,4,2,0.09190452296752483,45798912,8,10,0.3676180918700993
4,10.956848483414,gpu,1.1727060079574585,squat,matched,15115188224,20786970624,,0.2145294647216797,,0.00010204800218343735,0.002759360074996948,0.14512112426757812,,,4,2,0.09126711951103061,45798912,8,11,0.36506847804412246
4,10.751726180252318,gpu,1.1444875001907349,squat,matched,15115188224,20786970624,,0.21726358032226561,,0.00010208000242710113,0.003816159963607788,0.14796421813964844,,,4,2,0.09300832101143897,45798912,8,12,0.37203328404575586
4,10.686772596065383,gpu,1.0991791486740112,squat,matched,15115188224,20786970624,,0.2202772216796875,,0.00010204800218343735,0.004421504020690918,0.14640765380859375,,,4,2,0.09357362019363791,45798912,8,13,0.37429448077455163
4,10.736295934724833,gpu,1.076708436012268,squat,matched,15115188224,20786970624,,0.22004531860351562,,0.00010310400277376175,0.002826751947402954,0.14700083923339843,,,4,2,0.09314199292566627,45798912,8,14,0.3725679717026651
4,10.633050345107684,gpu,1.0726486444473267,squat,matched,15115188224,20786970624,,0.2213913269042969,,0.00010201600193977356,0.0028739519119262693,0.1488436737060547,,,4,2,0.09404639003332704,45798912,8,15,0.37618556013330817
4,10.71826522256271,gpu,1.0655312538146973,squat,matched,15115188224,20786970624,,0.22092640686035156,,0.00010182400047779083,0.0029073278903961183,0.14620431518554688,,,4,2,0.09329868026543409,45798912,8,16,0.37319472106173635
4,10.831969335896336,gpu,1.0675618648529053,squat,matched,15115188224,20786970624,,0.2172390441894531,,0.00010204800218343735,0.0026539199352264404,0.14698194885253907,,,4,2,0.09231931599788368,45798912,8,17,0.3692772639915347
4,10.942530266043077,gpu,1.0283411741256714,squat,matched,15115188224,20786970624,,0.21447065734863283,,9.990400075912476e-05,0.00279913592338562,0.14561062622070312,,,4,2,0.09138654184062034,45798912,8,18,0.36554616736248136
4,10.888438403537325,gpu,1.0052870512008667,squat,matched,15115188224,20786970624,,0.21511526489257812,,0.00010195200145244598,0.0039075520038604735,0.14506866455078124,,,4,2,0.09184053423814476,45798912,8,19,0.367362136952579
64,109.50643498103956,cpu,0.5732341408729553,qad,capacity,25776707584,31618760704,0.19653631591796875,,0.003775968074798584,0.0026447679996490477,0.0028932158946990967,,0.239827262878418,0.13035884857177732,32,2,0.009131883438385557,43987456,1,0,0.5844405400566757
64,109.40735857828805,cpu,0.5528221130371094,qad,capacity,25776707584,31618760704,0.1964098892211914,,0.0037106560468673708,0.002625599980354309,0.002849440097808838,,0.24108675384521483,0.13037728118896486,32,2,0.009140153029875364,43987456,1,1,0.5849697939120233
64,109.4461012413036,cpu,0.5385327339172363,qad,capacity,25776707584,31618760704,0.19640115356445312,,0.0037076159715652467,0.002628607988357544,0.0029490559101104734,,0.2410222396850586,0.13039551544189454,32,2,0.009136917520663701,43987456,1,2,0.5847627213224769
64,109.2389866325005,cpu,0.5216655731201172,qad,capacity,25776707584,31618760704,0.19643186950683594,,0.0036977599859237672,0.0026377919912338255,0.0027761600017547606,,0.24226748657226563,0.13043913269042967,32,2,0.009154240906354971,43987456,1,3,0.5858714180067182
64,108.7688765024697,cpu,0.5102696418762207,qad,capacity,25776707584,31618760704,0.19650252532958984,,0.0037042880058288574,0.0026229119300842287,0.002770400047302246,,0.2446789779663086,0.13042687988281249,32,2,0.009193806465191301,43987456,1,4,0.5884036137722433
64,108.79216528839108,cpu,0.5105258226394653,qad,capacity,25776707584,31618760704,0.19663155364990234,,0.0037078080177307127,0.002633247971534729,0.002732287883758545,,0.24444752502441408,0.1303384323120117,32,2,0.009191838376864325,43987456,1,5,0.5882776561193168
64,108.88798019057766,cpu,0.49589163064956665,qad,capacity,25776707584,31618760704,0.19651952362060549,,0.0037119359970092776,0.002624064087867737,0.0026732800006866457,,0.24432672119140625,0.13045123291015626,32,2,0.009183750109514222,43987456,1,6,0.5877600070089102
64,109.1832457402274,cpu,0.4929150342941284,qad,capacity,25776707584,31618760704,0.19653075408935544,,0.003696159958839417,0.0026133759021759037,0.0026515200138092043,,0.24340818786621093,0.13043292999267578,32,2,0.009158914384897798,43987456,1,7,0.5861705206334591
64,108.17527013740607,cpu,0.4902518689632416,qad,capacity,25776707584,31618760704,0.19639046478271482,,0.003697664022445679,0.0026512960195541383,0.0028146560192108152,,0.2481810531616211,0.1303839645385742,32,2,0.009244257016689517,43987456,1,8,0.5916324490681291
64,108.77701549234408,cpu,0.4783710837364197,qad,capacity,25776707584,31618760704,0.19658296966552735,,0.0037069441080093387,0.0026373759508132935,0.002749664068222046,,0.24517151641845703,0.13040045166015624,32,2,0.009193118559778668,43987456,1,9,0.5883595878258348
64,108.77794125099737,cpu,0.4594387114048004,qad,capacity,25776707584,31618760704,0.19650006866455078,,0.0036956800222396847,0.0026292799711227417,0.0027020800113677977,,0.24522985076904297,0.13046434783935545,32,2,0.009193040321406443,43987456,1,10,0.5883545805700123
64,108.44601494294731,cpu,0.44881269335746765,qad,capacity,25776707584,31618760704,0.19654000091552737,,0.0037006399631500245,0.0026347839832305906,0.002730207920074463,,0.24704234313964843,0.13038365173339844,32,2,0.009221177933795843,43987456,1,11,0.590155387762934
64,108.53155150333477,cpu,0.4454271197319031,qad,capacity,25776707584,31618760704,0.19658761596679686,,0.0037267520427703856,0.0026483839750289914,0.0028168320655822753,,0.245447998046875,0.13047212982177736,32,2,0.00921391048177611,43987456,1,12,0.5896902708336711
64,108.50155672064972,cpu,0.4441385269165039,qad,capacity,25776707584,31618760704,0.1965670394897461,,0.0037063679695129395,0.0026352959871292114,0.00270361590385437,,0.24654879760742188,0.13042012786865237,32,2,0.009216457627189811,43987456,1,13,0.5898532881401479
64,108.68594946596913,cpu,0.4308074116706848,qad,capacity,25776707584,31618760704,0.1964959716796875,,0.003705407977104187,0.0026295039653778077,0.002754591941833496,,0.24499024200439454,0.13044979095458986,32,2,0.009200821310514584,43987456,1,14,0.5888525638729334
64,108.60574250187443,cpu,0.43348580598831177,qad,capacity,25776707584,31618760704,0.19648672485351562,,0.0037077120542526243,0.0026308479309082033,0.002735647916793823,,0.24593440246582032,0.13049253845214842,32,2,0.009207616254570894,43987456,1,15,0.5892874402925372
64,108.5442949879843,cpu,0.44711196422576904,qad,capacity,25776707584,31618760704,0.19641398620605469,,0.003705407977104187,0.002641984105110169,0.0029181759357452394,,0.245015869140625,0.1304495620727539,32,2,0.00921282873605378,43987456,1,16,0.5896210391074419
64,108.87448220626129,cpu,0.4330114722251892,qad,capacity,25776707584,31618760704,0.19631365966796877,,0.003710047960281372,0.0026410239934921264,0.002732192039489746,,0.24487967681884765,0.13048565673828125,32,2,0.009184888687741477,43987456,1,17,0.5878328760154545
64,108.3155211148105,cpu,0.44127240777015686,qad,capacity,25776707584,31618760704,0.1966499786376953,,0.0037188160419464114,0.0026207360029220582,0.00272489595413208,,0.24569375610351563,0.13041635894775389,32,2,0.009232287207851186,43987456,1,18,0.5908663813024759
64,108.8461119433226,cpu,0.4381946325302124,qad,capacity,25776707584,31618760704,0.1964386215209961,,0.0037001919746398925,0.0026215360164642335,0.0026486079692840574,,0.24512847900390625,0.1304946517944336,32,2,0.009187282688799314,43987456,1,19,0.5879860920831561
64,10.696666669311279,cpu,1.8381452560424805,squat,capacity,15120453120,20791164928,,3.5509074096679685,0.0044081279337406165,0.0016207680255174639,0.0029760000705718994,2.3788230743408203,,,4,2,0.09348706759919878,32998912,8,0,5.983172326348722
64,10.748694550177266,cpu,1.796999216079712,squat,capacity,15120453120,20791164928,,3.531272155761718,0.004286815971136094,0.0016283520311117176,0.0035471038818359374,2.375758056640626,,,4,2,0.09303455366898561,32998912,8,1,5.954211434815079
64,10.708615432680288,cpu,1.6206300258636475,squat,capacity,15120453120,20791164928,,3.5467142791748048,0.004313631981611252,0.0016274560242891317,0.004407392024993896,2.3773160400390627,,,4,2,0.09338275394111406,32998912,8,2,5.9764962522313
64,10.732341700675132,cpu,1.5578078031539917,squat,capacity,15120453120,20791164928,,3.535520660400391,0.004326719999313355,0.0016302400305867196,0.0031725120544433593,2.3755716400146483,,,4,2,0.093176310248964,32998912,8,3,5.963283855933696
64,10.242329489468945,cpu,1.509221076965332,squat,capacity,15120453120,20791164928,,3.5549791870117184,0.00459270402789116,0.0016322240307927137,0.003348639965057373,2.6348482666015625,,,4,2,0.09763403930992354,32998912,8,4,6.248578515835106
64,10.6792556647022,cpu,1.4846755266189575,squat,capacity,15120453120,20791164928,,3.5473299713134763,0.004447071969509124,0.0016296320334076885,0.0028299200534820557,2.39413200378418,,,4,2,0.0936394849413773,32998912,8,5,5.9929270362481475
64,10.759438885043071,cpu,1.4065700769424438,squat,capacity,15120453120,20791164928,,3.5291475677490234,0.004280992060899735,0.0016316800341010097,0.0031231040954589843,2.3715104217529297,,,4,2,0.09294164971652208,32998912,8,6,5.948265581857413
64,10.709756633768643,cpu,1.3476568460464478,squat,capacity,15120453120,20791164928,,3.541733306884766,0.004324831992387772,0.001632608033716679,0.004652544021606446,2.380440338134765,,,4,2,0.0933728033414809,32998912,8,7,5.975859413854778
64,10.746175752814803,cpu,1.3289083242416382,squat,capacity,15120453120,20791164928,,3.5379223937988273,0.004270015984773636,0.0016310720294713979,0.002766848087310791,2.368818618774414,,,4,2,0.09305636004864937,32998912,8,8,5.9556070431135595
64,10.714192018727035,cpu,1.2498301267623901,squat,capacity,15120453120,20791164928,,3.5430081329345704,0.004333023995161057,0.0016265600249171256,0.003222496032714844,2.3791914367675786,,,4,2,0.0933341495328932,32998912,8,9,5.973385570105165
64,10.72910977246137,cpu,1.1850451231002808,squat,capacity,15120453120,20791164928,,3.540806533813477,0.004392159968614578,0.001632160030305386,0.00292195200920105,2.3741911926269528,,,4,2,0.09320437773567392,32998912,8,10,5.965080175083131
64,10.756884856030148,cpu,1.1487843990325928,squat,capacity,15120453120,20791164928,,3.5333922271728513,0.0043101440370082855,0.001633088029921055,0.0037720959186553953,2.36587663269043,,,4,2,0.09296371704112971,32998912,8,11,5.949677890632302
64,10.684605882558547,cpu,1.1303004026412964,squat,capacity,15120453120,20791164928,,3.553263092041015,0.004408031970262528,0.0016331520229578022,0.004408607959747315,2.379116302490234,,,4,2,0.09359259583288804,32998912,8,12,5.989926133304834
64,10.63468691185764,cpu,1.0765490531921387,squat,capacity,15120453120,20791164928,,3.564657165527344,0.00456057596206665,0.0016292480304837228,0.002991487979888916,2.391998260498047,,,4,2,0.09403191728051752,32998912,8,13,6.018042705953121
64,10.743676439919751,cpu,1.0571091175079346,squat,capacity,15120453120,20791164928,,3.5339752807617186,0.004293376058340072,0.0016299200356006626,0.003613696098327637,2.373830261230469,,,4,2,0.09307800784881692,32998912,8,14,5.956992502324283
64,10.389683527520056,cpu,1.0652458667755127,squat,capacity,15120453120,20791164928,,3.5411014709472663,0.0042891199290752404,0.0016286400333046917,0.003046880006790161,2.5709996032714844,,,4,2,0.09624932245060336,32998912,8,15,6.159956636838615
64,10.735384633572757,cpu,1.0628911256790161,squat,capacity,15120453120,20791164928,,3.5379382324218747,0.004357823997735977,0.0016296320334076883,0.002873663902282715,2.3731304931640627,,,4,2,0.09314989952690667,32998912,8,16,5.961593569722027
64,10.748389309905152,cpu,1.007988452911377,squat,capacity,15120453120,20791164928,,3.5373149414062497,0.00442297601699829,0.0016326720342040068,0.002760416030883789,2.3657659454345703,,,4,2,0.09303719572926639,32998912,8,17,5.954380526673049
64,10.675155756836746,cpu,1.0243278741836548,squat,capacity,15120453120,20791164928,,3.5506829986572264,0.004505535989999771,0.0016326720342040065,0.003255072116851807,2.3856911773681637,,,4,2,0.09367544818815077,32998912,8,18,5.995228684041649
64,10.708209229299216,cpu,1.0215272903442383,squat,capacity,15120453120,20791164928,,3.546951019287109,0.004412512004375458,0.0016326720342040065,0.0028104960918426515,2.3701851806640626,,,4,2,0.09338629630656214,32998912,8,19,5.976722963619977
4,10.434942378350007,gpu,1.8581136465072632,squat,matched,15115188224,20786970624,,0.21633331298828126,,0.00010201600193977356,0.0038094720840454103,0.159564697265625,,,4,3,0.095831866026856,45798912,8,0,0.383327464107424
4,10.583358499597447,gpu,1.7590800523757935,squat,matched,15115188224,20786970624,,0.22223500061035156,,0.00010076799988746644,0.002847487926483154,0.1496667175292969,,,4,3,0.09448796429205686,45798912,8,1,0.37795185716822743
4,10.939344259180208,gpu,1.6302422285079956,squat,matched,15115188224,20786970624,,0.2146452178955078,,0.00010211200267076492,0.002640608072280884,0.1458823699951172,,,4,3,0.09141315752640367,45798912,8,2,0.36565263010561466
4,11.053310240703555,gpu,1.5515053272247314,squat,matched,15115188224,20786970624,,0.2139857940673828,,0.00010304000228643417,0.00282751989364624,0.1423953552246094,,,4,3,0.09047063533216715,45798912,8,3,0.3618825413286686
4,10.750615211455898,gpu,1.5206609964370728,squat,matched,15115188224,20786970624,,0.21854243469238283,,0.0001029760017991066,0.003952928066253662,0.14649224853515624,,,4,3,0.09301793249323964,45798912,8,4,0.37207172997295856
4,10.794539000383294,gpu,1.4759896993637085,squat,matched,15115188224,20786970624,,0.2195957794189453,,0.00010185600072145462,0.002616703987121582,0.14588291931152345,,,4,3,0.09263943554833531,45798912,8,5,0.37055774219334126
4,10.7879167615436,gpu,1.3974672555923462,squat,matched,15115188224,20786970624,,0.21962086486816407,,0.0001029760017991066,0.00251855993270874,0.14589385986328124,,,4,3,0.09269630291964859,45798912,8,6,0.37078521167859435
4,10.74110595705547,gpu,1.3665190935134888,squat,matched,15115188224,20786970624,,0.2193623046875,,0.00010006400197744369,0.002791232109069824,0.14762956237792968,,,4,3,0.09310028259642422,45798912,8,7,0.3724011303856969
4,10.957246113728276,gpu,1.3284012079238892,squat,matched,15115188224,20786970624,,0.21380403137207032,,0.00010195200145244598,0.00263427209854126,0.1461076202392578,,,4,3,0.09126380749512464,45798912,8,8,0.36505522998049855
4,10.970407549848542,gpu,1.2308844327926636,squat,matched,15115188224,20786970624,,0.214329345703125,,0.00010195200145244598,0.003694240093231201,0.14378807067871094,,,4,3,0.09115431632380933,45798912,8,9,0.3646172652952373
4,10.680057719251085,gpu,1.2102265357971191,squat,matched,15115188224,20786970624,,0.21854412841796875,,0.00010204800218343735,0.0045194878578186035,0.14760511779785157,,,4,3,0.09363245277199894,45798912,8,10,0.37452981108799577
4,10.77498352299301,gpu,1.1909492015838623,squat,matched,15115188224,20786970624,,0.21960137939453125,,0.0001018880009651184,0.0025451200008392333,0.1466614990234375,,,4,3,0.09280756651423872,45798912,8,11,0.37123026605695486
4,10.700997661982385,gpu,1.1648411750793457,squat,matched,15115188224,20786970624,,0.22048870849609375,,0.0001018880009651184,0.0027128639221191404,0.14761392211914062,,,4,3,0.0934492307715118,45798912,8,12,0.3737969230860472
4,10.653149853823534,gpu,1.1357649564743042,squat,matched,15115188224,20786970624,,0.2202593231201172,,0.00010201600193977356,0.0027843520641326904,0.1496829071044922,,,4,3,0.09386895084753633,45798912,8,13,0.3754758033901453
4,10.94602605849665,gpu,1.1033754348754883,squat,matched,15115188224,20786970624,,0.21405593872070314,,0.00010204800218343735,0.0025616319179534914,0.14644195556640624,,,4,3,0.09135735605377704,45798912,8,14,0.36542942421510816
4,11.039815370315537,gpu,1.0934354066848755,squat,matched,15115188224,20786970624,,0.21404057312011718,,0.00010192000120878219,0.0036775360107421874,0.14164070129394532,,,4,3,0.09058122499845922,45798912,8,15,0.3623248999938369
4,10.800368090914676,gpu,1.097626805305481,squat,matched,15115188224,20786970624,,0.21791590881347656,,0.00010192000120878219,0.003521631956100464,0.14623426818847657,,,4,3,0.09258943691384047,45798912,8,16,0.3703577476553619
4,10.683246727526846,gpu,1.041229248046875,squat,matched,15115188224,20786970624,,0.22110823059082033,,0.00010198400169610977,0.002849152088165283,0.14776473999023437,,,4,3,0.09360450296662748,45798912,8,17,0.3744180118665099
4,10.666566598029624,gpu,1.0174963474273682,squat,matched,15115188224,20786970624,,0.22237286376953125,,0.00010038399696350098,0.002907360076904297,0.14657289123535155,,,4,3,0.0937508795177564,45798912,8,18,0.3750035180710256
4,10.666259608968394,gpu,0.9985394477844238,squat,matched,15115188224,20786970624,,0.21984255981445314,,0.00010211200267076492,0.0029733760356903077,0.14914892578125,,,4,3,0.09375357779208571,45798912,8,19,0.37501431116834283
4,48.902145543605485,gpu,0.8939157128334045,qad,matched,3271757824,4324327424,0.02188697624206543,,,0.0004246079921722412,0.003379103899002075,,0.0381064338684082,0.013996671676635743,4,3,0.02044900052715093,56467456,1,0,0.08179600210860372
4,50.951985437230384,gpu,0.8374541997909546,qad,matched,3271757824,4324327424,0.02047283172607422,,,0.0004010240137577057,0.003259711980819702,,0.03749193572998047,0.01291155242919922,4,3,0.019626320572569966,56467456,1,1,0.07850528229027987
4,51.91589133661321,gpu,0.7816509008407593,qad,matched,3271757824,4324327424,0.020379648208618165,,,0.00038569599390029906,0.002372895956039429,,0.037438720703125,0.012873120307922363,4,3,0.019261924899183214,56467456,1,2,0.07704769959673285
4,49.48062227304396,gpu,0.7156457901000977,qad,matched,3271757824,4324327424,0.020544511795043945,,,0.000393887996673584,0.0027550721168518068,,0.03750016021728515,0.015003999710083009,4,3,0.020209931768476963,56467456,1,3,0.08083972707390785
4,49.16882075441458,gpu,0.7162699103355408,qad,matched,3271757824,4324327424,0.02044313621520996,,,0.0003897599875926971,0.00260313606262207,,0.03733631896972656,0.01628425598144531,4,3,0.020338091999292374,56467456,1,4,0.0813523679971695
4,50.24928980657959,gpu,0.6774669885635376,qad,matched,3271757824,4324327424,0.020335615158081053,,,0.0003826240003108978,0.0023499839305877687,,0.038013214111328124,0.015093024253845216,4,3,0.019900778774172068,56467456,1,5,0.07960311509668827
4,49.877708346072616,gpu,0.6647471785545349,qad,matched,3271757824,4324327424,0.020336639404296874,,,0.0003754239976406097,0.0023215041160583494,,0.040634464263916016,0.013072256088256837,4,3,0.020049036596901715,56467456,1,6,0.08019614638760686
4,49.59246886150903,gpu,0.6470462679862976,qad,matched,3271757824,4324327424,0.02025369644165039,,,0.00037648001313209535,0.0023105919361114504,,0.04111891174316406,0.013151871681213378,4,3,0.02016435202676803,56467456,1,7,0.08065740810707211
4,48.30790512192204,gpu,0.6181764602661133,qad,matched,3271757824,4324327424,0.02165452766418457,,,0.0003775039911270142,0.002293600082397461,,0.042208511352539065,0.012842880249023438,4,3,0.02070054574869573,56467456,1,8,0.08280218299478292
4,47.73345064774841,gpu,0.6058917045593262,qad,matched,3271757824,4324327424,0.0224171199798584,,,0.0005748159885406494,0.002369312047958374,,0.04201599884033203,0.012853471755981446,4,3,0.020949669182300568,56467456,1,9,0.08379867672920227
4,48.99742849954448,gpu,0.5820832848548889,qad,matched,3271757824,4324327424,0.024624160766601563,,,0.0004676159918308258,0.0023341119289398194,,0.03780425643920898,0.012942527770996094,4,3,0.020409234333783388,56467456,1,10,0.08163693733513355
4,49.57770836281421,gpu,0.5762853622436523,qad,matched,3271757824,4324327424,0.022961151123046874,,,0.00037753599882125853,0.0031718080043792725,,0.037262401580810546,0.0128919038772583,4,3,0.020170355448499322,56467456,1,11,0.08068142179399729
4,51.20466473159646,gpu,0.5388299226760864,qad,matched,3271757824,4324327424,0.020222976684570314,,,0.0003754560053348541,0.0034551360607147216,,0.037195903778076175,0.0128602876663208,4,3,0.019529470708221197,56467456,1,12,0.07811788283288479
4,51.507459068407535,gpu,0.5259894132614136,qad,matched,3271757824,4324327424,0.020180992126464844,,,0.0003775039911270142,0.0031814079284667967,,0.03712019348144531,0.012746175765991212,4,3,0.019414663780480623,56467456,1,13,0.07765865512192249
4,51.91215366926719,gpu,0.5100876688957214,qad,matched,3271757824,4324327424,0.020173824310302735,,,0.0003734079897403717,0.002321727991104126,,0.03720000076293945,0.012996224403381348,4,3,0.019263311754912138,56467456,1,14,0.07705324701964855
4,49.80487930115952,gpu,0.48907700181007385,qad,matched,3271757824,4324327424,0.020280319213867186,,,0.0003805760145187378,0.0023154559135437013,,0.03726873779296875,0.016019168853759765,4,3,0.020078354049474,56467456,1,15,0.080313416197896
4,49.028922244474394,gpu,0.4912598431110382,qad,matched,3271757824,4324327424,0.020336639404296874,,,0.0003815999925136566,0.0023847999572753904,,0.03806467056274414,0.016895296096801758,4,3,0.02039612445514649,56467456,1,16,0.08158449782058597
4,49.64693531007088,gpu,0.4816927909851074,qad,matched,3271757824,4324327424,0.020366336822509764,,,0.00038569599390029906,0.002354559898376465,,0.04105843353271484,0.01294115161895752,4,3,0.020142230205237865,56467456,1,17,0.08056892082095146
4,49.939190822560256,gpu,0.466494619846344,qad,matched,3271757824,4324327424,0.020082687377929686,,,0.0003734079897403717,0.0023123199939727784,,0.04101753616333008,0.012847200393676757,4,3,0.020024353289045393,56467456,1,18,0.08009741315618157
4,49.4773130881916,gpu,0.46183478832244873,qad,matched,3271757824,4324327424,0.020214784622192384,,,0.0003754560053348541,0.002311583995819092,,0.04163395309448242,0.01284883213043213,4,3,0.020211283466778696,56467456,1,19,0.08084513386711478
64,11.099320877276412,cpu,1.8307859897613525,squat,capacity,15120453120,20791164928,,3.4566383819580078,0.004261920005083084,0.0016326400339603429,0.0027712960243225096,2.268800796508789,,,4,3,0.0900956023397157,32998912,8,0,5.766118549741805
64,11.045776978340012,cpu,1.781346321105957,squat,capacity,15120453120,20791164928,,3.4659566802978516,0.0042351680397987364,0.0016286400333046917,0.0027230079174041747,2.285383392333985,,,4,3,0.09053233665326843,32998912,8,1,5.7940695458091795
64,11.001984096461582,cpu,1.6529902219772339,squat,capacity,15120453120,20791164928,,3.4860129089355474,0.004265440046787261,0.0016312640309333805,0.0031362240314483643,2.287896240234375,,,4,3,0.09089269637479447,32998912,8,2,5.817132567986846
64,10.879112749344175,cpu,1.535022497177124,squat,capacity,15120453120,20791164928,,3.5093790588378906,0.004516896009445191,0.0016296000257134443,0.004648896217346191,2.3193890686035155,,,4,3,0.09191926060884725,32998912,8,3,5.882832678966224
64,10.370919125823846,cpu,1.4879504442214966,squat,capacity,15120453120,20791164928,,3.5457619323730474,0.004665856003761291,0.001624544031918049,0.0031226561069488527,2.5666904602050784,,,4,3,0.09642346911277855,32998912,8,4,6.171102023217827
64,10.817697938204557,cpu,1.4761855602264404,squat,capacity,15120453120,20791164928,,3.546091552734375,0.004682335972785949,0.0016303360313177115,0.0029963200092315676,2.315735717773437,,,4,3,0.09244110953295603,32998912,8,5,5.916231010109186
64,10.893749713571225,cpu,1.3722459077835083,squat,capacity,15120453120,20791164928,,3.5198949127197268,0.004548576027154922,0.0016269760280847553,0.0030211200714111326,2.3047691650390623,,,4,3,0.09179575685993768,32998912,8,6,5.874928439036012
64,10.98217662742761,cpu,1.3344860076904297,squat,capacity,15120453120,20791164928,,3.4985929107666016,0.004389600068330764,0.0016281280294060708,0.0028909759521484374,2.2827308197021488,,,4,3,0.09105663056834601,32998912,8,7,5.8276243563741446
64,10.914666601612302,cpu,1.3059602975845337,squat,capacity,15120453120,20791164928,,3.5008870849609375,0.004524799972772598,0.0016322240307927137,0.003503040075302124,2.3109988250732427,,,4,3,0.09161983929516282,32998912,8,8,5.86366971489042
64,10.642741578295203,cpu,1.2085667848587036,squat,capacity,15120453120,20791164928,,3.5452787780761716,0.0048965119719505314,0.0016306240335106851,0.0032781438827514647,2.4013482666015626,,,4,3,0.09396075180848129,32998912,8,9,6.013488115742803
64,10.849380310277384,cpu,1.1865493059158325,squat,capacity,15120453120,20791164928,,3.480256057739258,0.004495711952447891,0.001632160030305386,0.0029280641078948976,2.3711868896484374,,,4,3,0.09217116290528793,32998912,8,10,5.8989544259384274
64,10.821462905077908,cpu,1.1548278331756592,squat,capacity,15120453120,20791164928,,3.482774276733398,0.004513280004262924,0.0016306240335106853,0.0036329600811004638,2.3786975555419922,,,4,3,0.09240894773392938,32998912,8,11,5.91417265497148
64,10.863609063124443,cpu,1.1441618204116821,squat,capacity,15120453120,20791164928,,3.4721312103271487,0.004442816019058228,0.001631200030446053,0.0031058239936828614,2.3699566497802733,,,4,3,0.09205044052941957,32998912,8,12,5.891228193882853
64,10.974939271590857,cpu,1.0976258516311646,squat,capacity,15120453120,20791164928,,3.4712827148437504,0.004356607973575592,0.0016305280327796937,0.002683039903640747,2.3162325439453126,,,4,3,0.09111667730030604,32998912,8,13,5.831467347219586
64,11.050142620812185,cpu,1.0758836269378662,squat,capacity,15120453120,20791164928,,3.4757124938964847,0.004302687972784042,0.001630656033754349,0.0030288000106811525,2.2714828033447265,,,4,3,0.09049656952993246,32998912,8,14,5.791780449915677
64,10.705821644236797,cpu,1.0569411516189575,squat,capacity,15120453120,20791164928,,3.466656234741211,0.004243295967578888,0.001633280031383038,0.002738879919052124,2.4705161590576172,,,4,3,0.09340712308039656,32998912,8,15,5.97805587714538
64,11.083453075476328,cpu,1.0301343202590942,squat,capacity,15120453120,20791164928,,3.463718353271484,0.00423049595952034,0.001632160030305386,0.0027152960300445557,2.2695518798828127,,,4,3,0.09022458914114395,32998912,8,16,5.774373705033213
64,11.014736515095823,cpu,1.0278942584991455,squat,capacity,15120453120,20791164928,,3.4863559570312495,0.004313471972942353,0.0016325440332293517,0.0029090559482574463,2.281089584350586,,,4,3,0.09078746446903097,32998912,8,17,5.810397726017982
64,11.090559126686884,cpu,1.0164002180099487,squat,capacity,15120453120,20791164928,,3.4636886749267575,0.004236735969781876,0.001629568032920361,0.0028248639106750488,2.2661204833984376,,,4,3,0.09016677956242347,32998912,8,18,5.770673891995102
64,11.076820798115602,cpu,1.0025173425674438,squat,capacity,15120453120,20791164928,,3.4711946411132817,0.004251423984766006,0.0016325760334730153,0.0027932159900665283,2.2658183135986323,,,4,3,0.09027861136564752,32998912,8,19,5.777831127401441
64,105.54942456982225,cpu,0.581560492515564,qad,capacity,25776707584,31618760704,0.21870182037353517,,0.003759615898132324,0.0026176639795303346,0.0026631360054016114,,0.23932752227783205,0.13050371551513673,32,3,0.009474234502704348,43987456,1,0,0.6063510081730783
64,106.03020654016807,cpu,0.5544241666793823,qad,capacity,25776707584,31618760704,0.21674838256835938,,0.0036916800737380982,0.002620319962501526,0.0027210559844970702,,0.24019589996337892,0.13054985809326172,32,3,0.009431274658709299,43987456,1,1,0.6036015781573951
64,106.32034831448756,cpu,0.5420467853546143,qad,capacity,25776707584,31618760704,0.2183274917602539,,0.003700767993927002,0.0026166399717330933,0.0027175040245056153,,0.23709417724609375,0.13052034759521483,32,3,0.00940553728287341,43987456,1,2,0.6019543861038983
64,106.76083879550575,cpu,0.5197046995162964,qad,capacity,25776707584,31618760704,0.2132316131591797,,0.003699679970741272,0.0026237759590148927,0.0027214078903198243,,0.23986409759521482,0.13045277404785155,32,3,0.00936673045362113,43987456,1,3,0.5994707490317523
64,106.55303831948943,cpu,0.5191022157669067,qad,capacity,25776707584,31618760704,0.21647359466552735,,0.003698080062866211,0.0026222400665283203,0.0026353280544281006,,0.23765535736083984,0.13053007507324219,32,3,0.009384997516463045,43987456,1,4,0.6006398410536349
64,103.12218096069728,cpu,0.5004090070724487,qad,capacity,25776707584,31618760704,0.22234009552001954,,0.0037107839584350584,0.002674976110458374,0.005480095863342285,,0.2490596389770508,0.13054598236083984,32,3,0.009697234781924635,43987456,1,5,0.6206230260431767
64,104.34930118861433,cpu,0.4902993142604828,qad,capacity,25776707584,31618760704,0.22591385650634765,,0.0037027519941329953,0.0026172479391098026,0.002586143970489502,,0.24122089385986328,0.1304531478881836,32,3,0.009583197861502413,43987456,1,6,0.6133246631361544
64,105.38396731688272,cpu,0.48220670223236084,qad,capacity,25776707584,31618760704,0.222202880859375,,0.003701856017112732,0.0026141439676284793,0.0026088318824768067,,0.23857798767089844,0.13053247833251952,32,3,0.009489109448622912,43987456,1,7,0.6073030047118664
64,106.88036879358289,cpu,0.4719231128692627,qad,capacity,25776707584,31618760704,0.21623705291748047,,0.0036934399604797363,0.0026104960441589355,0.002501568078994751,,0.23660883331298826,0.13054805755615234,32,3,0.009356255141028669,43987456,1,8,0.5988003290258348
64,105.07855348902527,cpu,0.46472254395484924,qad,capacity,25776707584,31618760704,0.22573772430419922,,0.0036893439292907714,0.0026366720199584963,0.0027261760234832764,,0.23684431457519534,0.1304928970336914,32,3,0.009516689817246515,43987456,1,9,0.609068148303777
64,107.25707995804774,cpu,0.45722031593322754,qad,capacity,25776707584,31618760704,0.21370982360839844,,0.003694591999053955,0.0026070079803466794,0.0025156800746917725,,0.23688838958740235,0.13053727722167968,32,3,0.00932339385326486,43987456,1,10,0.5966972066089511
64,106.5234822918937,cpu,0.45839831233024597,qad,capacity,25776707584,31618760704,0.21666508483886718,,0.0037015039920806885,0.0026191679239273074,0.002672895908355713,,0.2373399658203125,0.13053395080566405,32,3,0.009387601479829755,43987456,1,11,0.6008064947091043
64,107.48149965448783,cpu,0.445481538772583,qad,capacity,25776707584,31618760704,0.21277184295654294,,0.0037374719381332395,0.0026080640554428103,0.0025122239589691164,,0.23665283203124998,0.13049730682373045,32,3,0.009303926752181724,43987456,1,12,0.5954513121396303
64,105.62701461595356,cpu,0.4397449493408203,qad,capacity,25776707584,31618760704,0.22348697662353517,,0.0036883519887924193,0.002598688006401062,0.0025287361145019532,,0.23649619293212892,0.13052591705322264,32,3,0.009467275049246382,43987456,1,13,0.6059056031517684
64,105.63334235960617,cpu,0.4258057773113251,qad,capacity,25776707584,31618760704,0.22276608276367188,,0.003699295997619629,0.0025988479852676392,0.0027782399654388426,,0.23697440338134768,0.1304904327392578,32,3,0.009466707932006102,43987456,1,14,0.6058693076483905
64,106.96618695567365,cpu,0.4270099401473999,qad,capacity,25776707584,31618760704,0.2152970199584961,,0.0036925439834594727,0.002601920008659363,0.002447839975357056,,0.2371259536743164,0.13052025604248046,32,3,0.009348748688353226,43987456,1,15,0.5983199160546064
64,105.44223953730709,cpu,0.4418911933898926,qad,capacity,25776707584,31618760704,0.22346956634521487,,0.003699519991874695,0.002613152027130127,0.0025653760433197023,,0.2374710464477539,0.13051734924316405,32,3,0.00948386533127632,43987456,1,16,0.6069673812016845
64,106.20928313141476,cpu,0.4231809377670288,qad,capacity,25776707584,31618760704,0.2182802276611328,,0.003690783977508545,0.002607935905456543,0.003523519992828369,,0.23696109008789062,0.13051548767089843,32,3,0.00941537284234073,43987456,1,17,0.6025838619098067
64,107.14583587323287,cpu,0.4315760135650635,qad,capacity,25776707584,31618760704,0.21235711669921875,,0.003697664022445679,0.002618687987327576,0.002605216026306152,,0.23873362731933595,0.13050074005126955,32,3,0.009333073860034347,43987456,1,18,0.5973167270421982
64,106.134107098051,cpu,0.43565380573272705,qad,capacity,25776707584,31618760704,0.2200483856201172,,0.0036911039352416995,0.002613184094429016,0.002649375915527344,,0.2368003158569336,0.13044483184814454,32,3,0.009422041861398611,43987456,1,19,0.6030106791295111
4,40.7664964200835,gpu,0.8509795665740967,qad,matched,3271757824,4324327424,0.03990630340576172,,,0.0004153920114040375,0.0025635519027709963,,0.03811155319213867,0.013671263694763184,4,4,0.024529947084374726,56467456,1,0,0.0981197883374989
4,40.33944351412558,gpu,0.8068732023239136,qad,matched,3271757824,4324327424,0.04261785507202148,,,0.0003846719861030579,0.0023937280178070067,,0.037416000366210934,0.012863424301147461,4,4,0.024789632996544242,56467456,1,1,0.09915853198617697
4,40.74491063612535,gpu,0.7506262063980103,qad,matched,3271757824,4324327424,0.04191641616821289,,,0.0003897919952869415,0.0023501119613647463,,0.03725030517578125,0.012790783882141114,4,4,0.024542942526750267,56467456,1,2,0.09817177010700107
4,40.67868566970863,gpu,0.7185889482498169,qad,matched,3271757824,4324327424,0.04194713592529297,,,0.0003744319975376129,0.002360095977783203,,0.0373015022277832,0.012805343627929688,4,4,0.024582898477092385,56467456,1,3,0.09833159390836954
4,39.37480200489034,gpu,0.7193267941474915,qad,matched,3271757824,4324327424,0.04533555221557617,,,0.0003815999925136566,0.0023475520610809326,,0.0372891845703125,0.012773632049560547,4,4,0.02539695310406387,56467456,1,4,0.10158781241625547
4,39.4626152019099,gpu,0.7005030512809753,qad,matched,3271757824,4324327424,0.04508979034423828,,,0.0003754560053348541,0.002371776103973389,,0.03731785583496094,0.012752351760864257,4,4,0.02534043916966766,56467456,1,5,0.10136175667867064
4,39.48747202602747,gpu,0.6333420276641846,qad,matched,3271757824,4324327424,0.04505190277099609,,,0.00036931198835372925,0.002364736080169678,,0.03723689651489258,0.01275817584991455,4,4,0.02532448770944029,56467456,1,6,0.10129795083776116
4,39.48635914719553,gpu,0.6384745836257935,qad,matched,3271757824,4324327424,0.045006847381591795,,,0.0003723840117454529,0.0023625919818878174,,0.03726156616210938,0.012796992301940919,4,4,0.025325201451778412,56467456,1,7,0.10130080580711365
4,39.13174654213948,gpu,0.6037417650222778,qad,matched,3271757824,4324327424,0.045917182922363284,,,0.0003744319975376129,0.0023480958938598634,,0.03730662536621094,0.012789055824279786,4,4,0.025554698891937733,56467456,1,8,0.10221879556775093
4,39.515172975927726,gpu,0.5879557728767395,qad,matched,3271757824,4324327424,0.04489215850830078,,,0.0003733760118484497,0.002359839916229248,,0.03731478500366211,0.012787391662597656,4,4,0.02530673472210765,56467456,1,9,0.1012269388884306
4,39.52484422019868,gpu,0.5743818879127502,qad,matched,3271757824,4324327424,0.0449617919921875,,,0.0003805760145187378,0.0023491840362548826,,0.03720115280151367,0.012817376136779786,4,4,0.025300542474724352,56467456,1,10,0.10120216989889741
4,39.43239464376937,gpu,0.5546481609344482,qad,matched,3271757824,4324327424,0.045259777069091796,,,0.0003754560053348541,0.0023450560569763185,,0.03721235275268555,0.012760416030883789,4,4,0.025359859806485474,56467456,1,11,0.1014394392259419
4,39.24280953299801,gpu,0.5342919826507568,qad,matched,3271757824,4324327424,0.045520896911621096,,,0.0003682880103588104,0.0023596479892730713,,0.03747248077392578,0.012772800445556641,4,4,0.02548237529117614,56467456,1,12,0.10192950116470456
4,39.46658955231475,gpu,0.524240255355835,qad,matched,3271757824,4324327424,0.04531302261352539,,,0.00036723199486732484,0.0023465919494628906,,0.0372636489868164,0.012638079643249511,4,4,0.025337887345813215,56467456,1,13,0.10135154938325286
4,39.423785060070784,gpu,0.515552818775177,qad,matched,3271757824,4324327424,0.04535910415649414,,,0.0003795520067214966,0.0023456640243530273,,0.037215007781982425,0.012729408264160157,4,4,0.025365398032590747,56467456,1,14,0.10146159213036299
4,39.414754585694986,gpu,0.5188462734222412,qad,matched,3271757824,4324327424,0.04533657455444336,,,0.0003662079870700836,0.0023497600555419922,,0.037163360595703125,0.012767552375793457,4,4,0.02537120960187167,56467456,1,15,0.10148483840748668
4,39.30341731174063,gpu,0.4893767535686493,qad,matched,3271757824,4324327424,0.045395969390869144,,,0.0003795520067214966,0.002390048027038574,,0.03732809448242187,0.01279964828491211,4,4,0.025443080230616033,56467456,1,16,0.10177232092246413
4,39.413019911760685,gpu,0.4875982105731964,qad,matched,3271757824,4324327424,0.04520959854125976,,,0.0003754560053348541,0.002380511999130249,,0.03722361755371094,0.012782879829406738,4,4,0.025372326257638633,56467456,1,17,0.10148930503055453
4,39.39599324012809,gpu,0.46767210960388184,qad,matched,3271757824,4324327424,0.045176830291748044,,,0.0003754560053348541,0.002357599973678589,,0.037278976440429684,0.012803104400634766,4,4,0.02538329199887812,56467456,1,18,0.10153316799551249
4,39.23697808306663,gpu,0.4604194760322571,qad,matched,3271757824,4324327424,0.045777919769287106,,,0.0003734079897403717,0.0023752319812774658,,0.03726655960083008,0.012643487930297851,4,4,0.025486162514425814,56467456,1,19,0.10194465005770326
4,10.99264711464158,gpu,1.8811564445495605,squat,matched,15115188224,20786970624,,0.21533541870117187,,0.00010310400277376175,0.002817536115646362,0.1432452087402344,,,4,4,0.0909698992036283,45798912,8,0,0.3638795968145132
4,11.056388739162779,gpu,1.8518215417861938,squat,matched,15115188224,20786970624,,0.21456742858886718,,0.00010259199887514115,0.0024895360469818113,0.1423407745361328,,,4,4,0.09044544503558427,45798912,8,1,0.3617817801423371
4,11.104241528870297,gpu,1.6223186254501343,squat,matched,15115188224,20786970624,,0.21465647888183595,,0.00010096000134944915,0.002438431978225708,0.14082464599609376,,,4,4,0.0900556780397892,45798912,8,2,0.3602227121591568
4,11.070114136606795,gpu,1.5891371965408325,squat,matched,15115188224,20786970624,,0.21442198181152344,,0.00010115200281143188,0.002439296007156372,0.1421700134277344,,,4,4,0.09033330529928207,45798912,8,3,0.3613332211971283
4,11.104593182089578,gpu,1.5416569709777832,squat,matched,15115188224,20786970624,,0.2142888641357422,,0.00010255999863147736,0.0024334399700164794,0.14119136047363282,,,4,4,0.0900528262136504,45798912,8,4,0.3602113048546016
4,11.11000443185202,gpu,1.5033520460128784,squat,matched,15115188224,20786970624,,0.2141046142578125,,0.00010195200145244598,0.002419487953186035,0.14121359252929688,,,4,4,0.09000896499492228,45798912,8,5,0.3600358599796891
4,11.107643940621786,gpu,1.3882770538330078,squat,matched,15115188224,20786970624,,0.21427452087402343,,0.00010201600193977356,0.0024333438873291014,0.14109344482421876,,,4,4,0.0900280928472057,45798912,8,6,0.3601123713888228
4,11.110381971903948,gpu,1.3689615726470947,squat,matched,15115188224,20786970624,,0.21431336975097656,,0.00010089600086212158,0.002421504020690918,0.14098028564453124,,,4,4,0.09000590641517192,45798912,8,7,0.3600236256606877
4,11.117934035115098,gpu,1.311004638671875,squat,matched,15115188224,20786970624,,0.21424896240234376,,0.00010198400169610977,0.002431999921798706,0.14078810119628907,,,4,4,0.0899447682313621,45798912,8,8,0.3597790729254484
4,11.064136407090098,gpu,1.2208712100982666,squat,matched,15115188224,20786970624,,0.21581465148925782,,0.00010192000120878219,0.0024173760414123533,0.14096966552734375,,,4,4,0.09038211056031287,45798912,8,9,0.36152844224125147
4,11.110122362762317,gpu,1.2088593244552612,squat,matched,15115188224,20786970624,,0.2142191925048828,,0.00010262399911880493,0.002408031940460205,0.14106614685058594,,,4,4,0.09000800957437605,45798912,8,10,0.3600320382975042
4,11.114717150187802,gpu,1.178568959236145,squat,matched,15115188224,20786970624,,0.21423353576660156,,0.00010262399911880493,0.002418207883834839,0.14088272094726562,,,4,4,0.08997080055996776,45798912,8,11,0.359883202239871
4,11.130468602995347,gpu,1.1713643074035645,squat,matched,15115188224,20786970624,,0.21422230529785155,,0.00010204800218343735,0.0024031999111175538,0.14041661071777345,,,4,4,0.08984347700607032,45798912,8,12,0.35937390802428126
4,11.11546884056216,gpu,1.133368730545044,squat,matched,15115188224,20786970624,,0.21426742553710937,,0.00010208000242710113,0.002584736108779907,0.14057907104492187,,,4,4,0.0899647162295878,45798912,8,13,0.3598588649183512
4,11.104526372436801,gpu,1.1174132823944092,squat,matched,15115188224,20786970624,,0.21456944274902343,,0.00010035199671983719,0.0025167360305786133,0.1407947540283203,,,4,4,0.09005336801055819,45798912,8,14,0.36021347204223275
4,11.094618582862497,gpu,1.0558280944824219,squat,matched,15115188224,20786970624,,0.2142592010498047,,0.00010195200145244598,0.0024378879070281983,0.14147116088867187,,,4,4,0.0901337880641222,45798912,8,15,0.3605351522564888
4,10.994657014224638,gpu,1.0540131330490112,squat,matched,15115188224,20786970624,,0.21425205993652344,,0.00010214400291442871,0.002423840045928955,0.14482266235351562,,,4,4,0.09095326927490532,45798912,8,16,0.3638130770996213
4,11.121418638352115,gpu,1.0427465438842773,squat,matched,15115188224,20786970624,,0.21427247619628906,,0.00010262399911880493,0.0024099199771881103,0.14064576721191407,,,4,4,0.08991658641025424,45798912,8,17,0.35966634564101696
4,11.114359894154983,gpu,1.0190455913543701,squat,matched,15115188224,20786970624,,0.21449977111816407,,0.00010185600072145462,0.0024297280311584473,0.1406414794921875,,,4,4,0.08997369254939258,45798912,8,18,0.3598947701975703
4,11.135761378713273,gpu,1.0051954984664917,squat,matched,15115188224,20786970624,,0.2141270751953125,,0.0001000320017337799,0.002391968011856079,0.14036534118652344,,,4,4,0.0898007748182863,45798912,8,19,0.3592030992731452
64,108.97615546850821,cpu,0.5684375762939453,qad,capacity,25776707584,31618760704,0.1965025329589844,,0.003752544045448303,0.0026339519023895266,0.0027567999362945557,,0.24411065673828125,0.13047468566894532,32,4,0.00917631931224605,43987456,1,0,0.5872844359837472
64,107.72554652290401,cpu,0.5467801094055176,qad,capacity,25776707584,31618760704,0.19632374572753905,,0.0037125760316848756,0.002637120008468628,0.0027097599506378175,,0.25109123992919924,0.13046057891845703,32,4,0.00928284916881239,43987456,1,1,0.594102346803993
64,108.8149881411147,cpu,0.5528826713562012,qad,capacity,25776707584,31618760704,0.19909871673583984,,0.0037050880193710326,0.0026391680240631103,0.0029912960529327394,,0.2417267837524414,0.13036492919921874,32,4,0.00918991048092721,43987456,1,2,0.5881542707793415
64,109.62959199613651,cpu,0.5178208351135254,qad,capacity,25776707584,31618760704,0.196495361328125,,0.003722272038459778,0.0026454079151153565,0.0027440640926361085,,0.24030140686035156,0.13052569580078124,32,4,0.009121624752879143,43987456,1,3,0.5837839841842651
64,108.99311841124039,cpu,0.5054560899734497,qad,capacity,25776707584,31618760704,0.20208684539794922,,0.0036952000856399535,0.0026223039627075195,0.002924511909484863,,0.2380382995605469,0.13047404479980468,32,4,0.009174891172733624,43987456,1,4,0.5871930350549519
64,108.43505626467613,cpu,0.4968738555908203,qad,capacity,25776707584,31618760704,0.19924684906005857,,0.003709856033325195,0.0026284480094909664,0.003076575994491577,,0.24325765991210938,0.13043548583984377,32,4,0.009222109845723026,43987456,1,5,0.5902150301262736
64,108.72241913610215,cpu,0.5026563405990601,qad,capacity,25776707584,31618760704,0.20373049163818358,,0.0037130240201950077,0.0026393280029296876,0.00270467209815979,,0.23855747222900392,0.13041683197021486,32,4,0.009197735002089757,43987456,1,6,0.5886550401337445
64,107.87676380823181,cpu,0.4808967709541321,qad,capacity,25776707584,31618760704,0.2077143096923828,,0.0037188481092453,0.00263046395778656,0.002864543914794922,,0.237670654296875,0.13042924499511718,32,4,0.009269836846215185,43987456,1,7,0.5932695581577718
64,107.23353364063398,cpu,0.4736992418766022,qad,capacity,25776707584,31618760704,0.21002649688720704,,0.0037196799516677854,0.002632672071456909,0.0027518720626831055,,0.2398927993774414,0.13042694091796875,32,4,0.009325441082182806,43987456,1,8,0.5968282292596996
64,106.89166648622468,cpu,0.4727041721343994,qad,capacity,25776707584,31618760704,0.20815155029296875,,0.003705888032913208,0.0026673280000686648,0.0032021760940551757,,0.24248041534423828,0.13043379211425782,32,4,0.00935526625107741,43987456,1,9,0.5987370400689542
64,107.3289722505592,cpu,0.45194920897483826,qad,capacity,25776707584,31618760704,0.2079354934692383,,0.0037434879541397093,0.0026428799629211424,0.002750175952911377,,0.24117689514160157,0.13045232391357423,32,4,0.009317148753325455,43987456,1,10,0.5962975202128291
64,107.09963983637968,cpu,0.44877883791923523,qad,capacity,25776707584,31618760704,0.2107115478515625,,0.00372326397895813,0.0026494719982147214,0.0029106879234313964,,0.23855648040771485,0.13046440887451172,32,4,0.009337099560070783,43987456,1,11,0.5975743718445301
64,107.34927275605654,cpu,0.442025750875473,qad,capacity,25776707584,31618760704,0.20826150512695313,,0.0037465920448303226,0.0026524800062179563,0.0030364160537719727,,0.24014368438720704,0.13040901947021483,32,4,0.009315386814705562,43987456,1,12,0.596184756141156
64,107.61378567082187,cpu,0.44487911462783813,qad,capacity,25776707584,31618760704,0.20711484527587892,,0.0037204159498214723,0.002660672068595886,0.003148832082748413,,0.23929683685302733,0.13048191833496092,32,4,0.009292489747167565,43987456,1,13,0.5947193438187242
64,108.95749085781898,cpu,0.4571382999420166,qad,capacity,25776707584,31618760704,0.19936051177978514,,0.0037311679124832154,0.0026488959789276127,0.002775167942047119,,0.2409024658203125,0.1304471969604492,32,4,0.009177891231956892,43987456,1,14,0.5873850388452411
64,106.58439222018653,cpu,0.45632684230804443,qad,capacity,25776707584,31618760704,0.21325517272949218,,0.003705728054046631,0.002625375986099243,0.002782367944717407,,0.24039353942871095,0.1305028839111328,32,4,0.009382236734381877,43987456,1,15,0.6004631510004401
64,105.85907888213178,cpu,0.43695974349975586,qad,capacity,25776707584,31618760704,0.2140309066772461,,0.003735680103302002,0.0026545280218124388,0.0030044479370117186,,0.24148818969726563,0.1304700164794922,32,4,0.009446520889468957,43987456,1,16,0.6045773369260132
64,106.2281817376423,cpu,0.430071085691452,qad,capacity,25776707584,31618760704,0.2180095977783203,,0.0037461440563201906,0.0026469440460205078,0.002724191904067993,,0.23784070587158201,0.1304999008178711,32,4,0.009413697793206666,43987456,1,17,0.6024766587652266
64,108.26132313064049,cpu,0.4382730722427368,qad,capacity,25776707584,31618760704,0.20681564331054686,,0.0036986240148544312,0.0026350719928741454,0.002724224090576172,,0.2377731170654297,0.13050953674316407,32,4,0.009236909092578571,43987456,1,18,0.5911621819250286
64,109.73036027420615,cpu,0.4285660982131958,qad,capacity,25776707584,31618760704,0.19686707305908202,,0.0037019519805908205,0.002645024061203003,0.00316483211517334,,0.23884114837646486,0.13046835327148437,32,4,0.009113248124776874,43987456,1,19,0.5832478799857199
64,10.856729082750478,cpu,1.7854863405227661,squat,capacity,15120453120,20791164928,,3.5097157897949214,0.004599808007478713,0.0016229440271854402,0.0033209919929504395,2.328163940429687,,,4,4,0.09210877349687507,32998912,8,0,5.894961503800005
64,10.903182733490041,cpu,1.7632750272750854,squat,capacity,15120453120,20791164928,,3.507629333496093,0.004558079987764358,0.001628608033061028,0.002826591968536377,2.313865188598633,,,4,4,0.09171633865480544,32998912,8,1,5.869845673907548
64,10.901409877685495,cpu,1.5841504335403442,squat,capacity,15120453120,20791164928,,3.503377990722656,0.004526720017194748,0.0016275200247764592,0.0032302401065826417,2.3143106079101563,,,4,4,0.09173125414235983,32998912,8,2,5.870800265111029
64,10.950638087684222,cpu,1.5317034721374512,squat,capacity,15120453120,20791164928,,3.48676742553711,0.004420544028282166,0.001633280031383038,0.0027795839309692383,2.3105879058837893,,,4,4,0.09131887950206874,32998912,8,3,5.844408288132399
64,10.302937271572377,cpu,1.5089173316955566,squat,capacity,15120453120,20791164928,,3.630080474853515,0.004485632061958313,0.0016256320178508756,0.002846368074417114,2.5325078887939454,,,4,4,0.09705969993228791,32998912,8,4,6.211820795666426
64,10.946268696441473,cpu,1.4511394500732422,squat,capacity,15120453120,20791164928,,3.5147899017333977,0.0042199999690055836,0.0016291200295090677,0.0028455359935760497,2.291059860229492,,,4,4,0.0913553310019779,32998912,8,5,5.846741184126586
64,10.986988558046605,cpu,1.3784939050674438,squat,capacity,15120453120,20791164928,,3.493192596435547,0.0042304319739341735,0.0016296000331640246,0.0027663359642028807,2.29048469543457,,,4,4,0.0910167508336599,32998912,8,6,5.8250720533542335
64,10.933786172094553,cpu,1.3623816967010498,squat,capacity,15120453120,20791164928,,3.502217727661133,0.0043948799967765805,0.0016279680281877519,0.0028808960914611815,2.306498764038086,,,4,4,0.09145962654292816,32998912,8,7,5.853416098747402
64,10.96207376360629,cpu,1.293971061706543,squat,capacity,15120453120,20791164928,,3.5008014984130855,0.004321759968996048,0.0016285440325737002,0.0027794559001922607,2.295553726196289,,,4,4,0.0912236153089907,32998912,8,8,5.838311379775405
64,11.006960241600087,cpu,1.2198059558868408,squat,capacity,15120453120,20791164928,,3.483419097900391,0.004209375947713852,0.0016321600303053861,0.0026224958896636963,2.2913890075683594,,,4,4,0.0908516046256409,32998912,8,9,5.814502696041018
64,11.060650026583293,cpu,1.1873269081115723,squat,capacity,15120453120,20791164928,,3.4703477478027347,0.0042412799894809726,0.001629696033895016,0.00280784010887146,2.275931289672852,,,4,4,0.0904105995214195,32998912,8,10,5.786278369370848
64,11.040441230891949,cpu,1.1634516716003418,squat,capacity,15120453120,20791164928,,3.477369384765625,0.004231199979782104,0.0016326720342040068,0.002714591979980469,2.279449081420899,,,4,4,0.0905760901296162,32998912,8,11,5.796869768295437
64,11.052317538337814,cpu,1.1247847080230713,squat,capacity,15120453120,20791164928,,3.4725524597167965,0.004210047960281372,0.0016325760334730153,0.0027656960487365723,2.278549789428711,,,4,4,0.09047876126714982,32998912,8,12,5.7906407210975885
64,11.06067680252681,cpu,1.0781562328338623,squat,capacity,15120453120,20791164928,,3.4684819335937505,0.004214816004037857,0.0016296000331640246,0.0026235198974609375,2.278128311157227,,,4,4,0.0904103806533385,32998912,8,13,5.786264361813664
64,11.029750246787184,cpu,1.0754597187042236,squat,capacity,15120453120,20791164928,,3.4787917480468757,0.004232735991477966,0.0016326400339603429,0.0027086079120635987,2.2818552246093753,,,4,4,0.0906638842789107,32998912,8,14,5.802488593850285
64,10.690497192640176,cpu,1.051451325416565,squat,capacity,15120453120,20791164928,,3.471327697753906,0.004189984023571016,0.0016244480311870576,0.0026627840995788574,2.4758782653808593,,,4,4,0.09354101890494348,32998912,8,15,5.986625209916383
64,11.040145785733936,cpu,1.0289875268936157,squat,capacity,15120453120,20791164928,,3.476111907958984,0.004246335953474045,0.0016276480332016949,0.0028849599361419676,2.2805399475097654,,,4,4,0.09057851403485984,32998912,8,16,5.7970248982310295
64,11.011601588812477,cpu,1.0196967124938965,squat,capacity,15120453120,20791164928,,3.4867645111083987,0.00420623990893364,0.0016296000331640246,0.0026108479499816896,2.2856815490722657,,,4,4,0.09081331102788681,32998912,8,17,5.812051905784756
64,11.052206996770401,cpu,0.9856128096580505,squat,capacity,15120453120,20791164928,,3.470889511108398,0.004200319975614548,0.0016311360299587252,0.002635967969894409,2.280437606811523,,,4,4,0.09047966621437808,32998912,8,18,5.790698637720197
64,11.02885686220547,cpu,1.0005236864089966,squat,capacity,15120453120,20791164928,,3.476311340332031,0.004220063954591751,0.0016336960345506673,0.0027576959133148193,2.2855890350341794,,,4,4,0.09067122844135156,32998912,8,19,5.8029586202465
4,53.02007152739867,gpu,0.718728244304657,qif_ste,qad_ablation,2651243520,3705667584,0.03113471984863281,,,0.00010208000242710113,0.0025373759269714355,,0.03950214385986328,,4,0,0.018860781798139215,51081216,1,0,0.07544312719255686
4,50.798472568778564,gpu,0.6270973682403564,qif_ste,qad_ablation,2651243520,3705667584,0.03377046585083008,,,0.00010185600072145462,0.0032922239303588867,,0.038183391571044924,,4,0,0.019685631268657744,51081216,1,1,0.07874252507463098
4,50.715526798379926,gpu,0.5957627296447754,qif_ste,qad_ablation,2651243520,3705667584,0.03571916961669922,,,0.00010198400169610977,0.0023880960941314697,,0.03800044631958008,,4,0,0.019717827322892845,51081216,1,2,0.07887130929157138
4,49.983702756538406,gpu,0.571031391620636,qif_ste,qad_ablation,2651243520,3705667584,0.037163009643554686,,,0.00010201600193977356,0.0024058239459991454,,0.03815216064453125,,4,0,0.020006521022878587,51081216,1,3,0.08002608409151435
4,48.589660737221635,gpu,0.5226150155067444,qif_ste,qad_ablation,2651243520,3705667584,0.038432769775390625,,,0.00010185600072145462,0.002390048027038574,,0.03915599822998047,,4,0,0.0205805100267753,51081216,1,4,0.0823220401071012
4,49.51207091865621,gpu,0.4743439853191376,qif_ste,qad_ablation,2651243520,3705667584,0.03797555160522461,,,0.00010201600193977356,0.0023784639835357667,,0.038098590850830075,,4,0,0.020197095000185072,51081216,1,5,0.08078838000074029
4,47.91209568360436,gpu,0.43928393721580505,qif_ste,qad_ablation,2651243520,3705667584,0.04076476669311523,,,9.990400075912476e-05,0.0023640639781951902,,0.03801686477661133,,4,0,0.020871556247584522,51081216,1,6,0.08348622499033809
4,47.84237005353607,gpu,0.3793981075286865,qif_ste,qad_ablation,2651243520,3705667584,0.04076787185668945,,,0.00010185600072145462,0.002389535903930664,,0.038133888244628905,,4,0,0.020901974523440003,51081216,1,7,0.08360789809376001
4,47.72793328457565,gpu,0.348004549741745,qif_ste,qad_ablation,2651243520,3705667584,0.040989696502685545,,,0.00010204800218343735,0.0023997440338134764,,0.03809011077880859,,4,0,0.020952090970240533,51081216,1,8,0.08380836388096213
4,47.868218315354554,gpu,0.31511831283569336,qif_ste,qad_ablation,2651243520,3705667584,0.04070326232910156,,,9.996800124645233e-05,0.0023616960048675538,,0.03815177536010742,,4,0,0.020890687708742917,51081216,1,9,0.08356275083497167
4,52.20166381885887,gpu,1.8963154554367065,squat,timestep_ablation,2582440448,3930062848,,0.03899699020385742,,0.00016038399934768677,0.0025927679538726807,0.03279267120361328,,,4,0,0.01915647753048688,45798912,1,0,0.07662591012194753
4,51.47201337165605,gpu,1.9009042978286743,squat,timestep_ablation,2582440448,3930062848,,0.0407459831237793,,0.0001485760062932968,0.002412031888961792,0.03221807861328125,,,4,0,0.019428033498115838,45798912,1,1,0.07771213399246335
4,52.14899156833021,gpu,1.897852897644043,squat,timestep_ablation,2582440448,3930062848,,0.040970241546630856,,0.00014249600470066072,0.0023295679092407225,0.031127775192260742,,,4,0,0.019175826222635806,45798912,1,2,0.07670330489054322
4,49.3183027149697,gpu,1.8804445266723633,squat,timestep_ablation,2582440448,3930062848,,0.04539084625244141,,0.00014006400108337402,0.002357503890991211,0.031050975799560548,,,4,0,0.02027644799090922,45798912,1,3,0.08110579196363688
4,50.5739709097364,gpu,1.8756871223449707,squat,timestep_ablation,2582440448,3930062848,,0.04330086517333984,,0.00013948799669742583,0.0023399999141693116,0.031140512466430664,,,4,0,0.019773017265833914,45798912,1,4,0.07909206906333566
4,50.6575938991799,gpu,1.8744285106658936,squat,timestep_ablation,2582440448,3930062848,,0.04325068664550781,,0.00013840000331401825,0.002337440013885498,0.031047040939331055,,,4,0,0.019740376970730722,45798912,1,5,0.07896150788292289
4,48.7069976492826,gpu,1.8561311960220337,squat,timestep_ablation,2582440448,3930062848,,0.04635340881347656,,0.00014041599631309508,0.0023384959697723387,0.031117216110229492,,,4,0,0.020530930836685002,45798912,1,6,0.08212372334674001
4,48.62208953894457,gpu,1.835012674331665,squat,timestep_ablation,2582440448,3930062848,,0.046089214324951173,,0.00014281600713729857,0.0023425920009613036,0.031552831649780275,,,4,0,0.02056678372900933,45798912,1,7,0.08226713491603732
4,49.18064333844001,gpu,1.812610149383545,squat,timestep_ablation,2582440448,3930062848,,0.04563148880004883,,0.00013820800185203552,0.002344383955001831,0.031043136596679687,,,4,0,0.020333202905021608,45798912,1,8,0.08133281162008643
4,48.90474703206416,gpu,1.800194501876831,squat,timestep_ablation,2582440448,3930062848,,0.0460656623840332,,0.00013894400000572204,0.002350464105606079,0.031101600646972656,,,4,0,0.020447912742383778,45798912,1,9,0.08179165096953511
4,36.141201509803246,gpu,1.7231513261795044,squat,timestep_ablation,4497808384,5976883200,,0.05869772720336914,,0.00010035199671983719,0.0025415680408477784,0.04724031829833984,,,4,0,0.02766925166361034,47662592,2,0,0.11067700665444136
4,36.47003647388054,gpu,1.6783655881881714,squat,timestep_ablation,4497808384,5976883200,,0.062150657653808596,,0.00010041599720716476,0.00245414400100708,0.042729057312011716,,,4,0,0.027419769670814276,47662592,2,1,0.1096790786832571
4,36.89716876633201,gpu,1.6697887182235718,squat,timestep_ablation,4497808384,5976883200,,0.06207897567749023,,0.00010102400183677673,0.0023832640647888184,0.04167007827758789,,,4,0,0.027102350490167737,47662592,2,2,0.10840940196067095
4,35.88767208468245,gpu,1.6530765295028687,squat,timestep_ablation,4497808384,5976883200,,0.06372147369384766,,9.948799759149551e-05,0.0023641281127929686,0.04303542327880859,,,4,0,0.02786472183652222,47662592,2,3,0.11145888734608889
4,36.9826318250137,gpu,1.6278773546218872,squat,timestep_ablation,4497808384,5976883200,,0.062061569213867185,,0.00010000000149011611,0.0023675200939178467,0.04144924926757813,,,4,0,0.027039719745516777,47662592,2,4,0.10815887898206711
4,35.3635096644494,gpu,1.6211950778961182,squat,timestep_ablation,4497808384,5976883200,,0.06402969360351562,,0.00010102400183677673,0.002363679885864258,0.04443008041381836,,,4,0,0.0282777362735942,47662592,2,5,0.1131109450943768
4,36.16758630928626,gpu,1.623368740081787,squat,timestep_ablation,4497808384,5976883200,,0.06458003234863281,,0.00010204800218343735,0.0023464319705963133,0.04137148666381836,,,4,0,0.02764906652737409,47662592,2,6,0.11059626610949636
4,35.775373473899556,gpu,1.5524705648422241,squat,timestep_ablation,4497808384,5976883200,,0.0641971206665039,,0.00010102400183677673,0.002348063945770264,0.042978271484375,,,4,0,0.027952188975177705,47662592,2,7,0.11180875590071082
4,36.29420221520709,gpu,1.5450490713119507,squat,timestep_ablation,4497808384,5976883200,,0.0641684799194336,,0.00010204800218343735,0.0023630719184875486,0.041374656677246095,,,4,0,0.027552610030397773,47662592,2,8,0.11021044012159109
4,36.23977115494503,gpu,1.5594249963760376,squat,timestep_ablation,4497808384,5976883200,,0.06434099578857422,,9.958399832248688e-05,0.0023755199909210206,0.041389728546142576,,,4,0,0.02759399323258549,47662592,2,9,0.11037597293034196
4,21.400525882440277,gpu,1.7795333862304688,squat,timestep_ablation,8304937984,12002000896,,0.10718105316162109,,0.00010000000149011611,0.00249836802482605,0.0751912612915039,,,4,0,0.046727823675610125,45798912,4,0,0.1869112947024405
4,21.483479337446152,gpu,1.7829746007919312,squat,timestep_ablation,8304937984,12002000896,,0.10644070434570313,,0.00010000000149011611,0.002422368049621582,0.07510118103027344,,,4,0,0.046547395060770214,45798912,4,1,0.18618958024308085
4,21.66117003441124,gpu,1.7578036785125732,squat,timestep_ablation,8304937984,12002000896,,0.10583897399902344,,0.00010105600208044052,0.0023885760307312013,0.07423827362060546,,,4,0,0.04616555792745203,45798912,4,2,0.1846622317098081
4,21.661148185312904,gpu,1.6805390119552612,squat,timestep_ablation,8304937984,12002000896,,0.1059420166015625,,0.00010054399818181992,0.0023874239921569825,0.07414214324951172,,,4,0,0.04616560449358076,45798912,4,3,0.18466241797432303
4,21.40989651713165,gpu,1.7069480419158936,squat,timestep_ablation,8304937984,12002000896,,0.10588416290283204,,0.00010028800368309021,0.0035934081077575683,0.0740700454711914,,,4,0,0.04670737194828689,45798912,4,4,0.18682948779314756
4,20.66711290326686,gpu,1.6608898639678955,squat,timestep_ablation,8304937984,12002000896,,0.10821631622314454,,0.00010000000149011611,0.0030158400535583497,0.07977340698242187,,,4,0,0.04838605201803148,45798912,4,5,0.1935442080721259
4,20.791889697386505,gpu,1.6303597688674927,squat,timestep_ablation,8304937984,12002000896,,0.1076654052734375,,0.00010054399818181992,0.0029263041019439696,0.07932291412353516,,,4,0,0.0480956764658913,45798912,4,6,0.1923827058635652
4,20.758914054319092,gpu,1.553342342376709,squat,timestep_ablation,8304937984,12002000896,,0.10801663970947266,,0.00010044799745082855,0.0029759678840637206,0.07920873260498047,,,4,0,0.04817207669839263,45798912,4,7,0.19268830679357052
4,20.80992584526323,gpu,1.5263787508010864,squat,timestep_ablation,8304937984,12002000896,,0.107683837890625,,0.00010047999769449234,0.0029237759113311767,0.07913139343261719,,,4,0,0.04805399151518941,45798912,4,8,0.19221596606075764
4,20.79535581892161,gpu,1.4975203275680542,squat,timestep_ablation,8304937984,12002000896,,0.10770329284667969,,0.00010000000149011611,0.002898911952972412,0.07926403045654297,,,4,0,0.04808765999041498,45798912,4,9,0.1923506399616599
4,11.076407924711594,gpu,2.107088327407837,squat,timestep_ablation,15115188224,20786970624,,0.2143784942626953,,0.00010208000242710113,0.0026938560009002687,0.14181301879882813,,,4,0,0.09028197650332004,45798912,8,0,0.36112790601328015
4,11.149991652759336,gpu,2.063427686691284,squat,timestep_ablation,15115188224,20786970624,,0.213529052734375,,0.00010192000120878219,0.0024599039554595945,0.1404391632080078,,,4,0,0.08968616579659283,45798912,8,1,0.3587446631863713
4,11.179291066379065,gpu,2.0100696086883545,squat,timestep_ablation,15115188224,20786970624,,0.21351881408691406,,9.996800124645233e-05,0.002456415891647339,0.1395431365966797,,,4,0,0.08945111045613885,45798912,8,2,0.3578044418245554
4,11.15242415760545,gpu,1.929640769958496,squat,timestep_ablation,15115188224,20786970624,,0.2135541687011719,,0.00010195200145244598,0.0024616000652313234,0.14035952758789064,,,4,0,0.08966660394798964,45798912,8,3,0.35866641579195857
4,11.131028565783895,gpu,1.9244030714035034,squat,timestep_ablation,15115188224,20786970624,,0.2151014404296875,,0.00010208000242710113,0.002454591989517212,0.13946780395507813,,,4,0,0.0898389572976157,45798912,8,4,0.3593558291904628
4,11.072041477302005,gpu,1.808744192123413,squat,timestep_ablation,15115188224,20786970624,,0.21344508361816406,,0.00010198400169610977,0.0025487680435180666,0.14022377014160156,,,4,0,0.09031758073251694,45798912,8,5,0.3612703229300678
4,11.188500322310064,gpu,1.7938761711120605,squat,timestep_ablation,15115188224,20786970624,,0.21347943115234375,,0.00010304000228643417,0.002451008081436157,0.1392749786376953,,,4,0,0.08937748323660344,45798912,8,6,0.35750993294641376
4,11.185048785869334,gpu,1.543838620185852,squat,timestep_ablation,15115188224,20786970624,,0.21350399780273438,,0.00010195200145244598,0.0024303998947143553,0.13941407775878906,,,4,0,0.08940506377257407,45798912,8,7,0.35762025509029627
4,11.187589777591379,gpu,1.5436068773269653,squat,timestep_ablation,15115188224,20786970624,,0.21354441833496093,,0.00010265599936246871,0.002435199975967407,0.139263427734375,,,4,0,0.08938475756440312,45798912,8,8,0.35753903025761247
4,11.183361445727652,gpu,1.509251594543457,squat,timestep_ablation,15115188224,20786970624,,0.2135521240234375,,0.00010099200159311294,0.0024245760440826415,0.13941868591308593,,,4,0,0.08941855316516012,45798912,8,9,0.3576742126606405
4,52.62370072762959,gpu,0.7230374217033386,qif_ste,qad_ablation,2651243520,3705667584,0.031858047485351565,,,9.996800124645233e-05,0.002546623945236206,,0.03928595352172851,,4,1,0.01900284446310252,51081216,1,0,0.07601137785241008
4,52.067334037579194,gpu,0.6306857466697693,qif_ste,qad_ablation,2651243520,3705667584,0.03423129653930664,,,0.00010201600193977356,0.0023961598873138428,,0.03786275100708008,,4,1,0.019205899792723358,51081216,1,1,0.07682359917089343
4,49.485431369431716,gpu,0.5961213111877441,qif_ste,qad_ablation,2651243520,3705667584,0.0358287353515625,,,0.00010201600193977356,0.002379040002822876,,0.04029977416992187,,4,1,0.02020796772558242,51081216,1,2,0.08083187090232968
4,49.11001255413555,gpu,0.5263568162918091,qif_ste,qad_ablation,2651243520,3705667584,0.03650559997558594,,,0.0001018880009651184,0.0023519361019134523,,0.04027587127685547,,4,1,0.020362446433864534,51081216,1,3,0.08144978573545814
4,49.709843586352136,gpu,0.5110970735549927,qif_ste,qad_ablation,2651243520,3705667584,0.03811356735229492,,,0.00010201600193977356,0.002355423927307129,,0.037651840209960936,,4,1,0.02011674002278596,51081216,1,4,0.08046696009114385
4,49.72549288208592,gpu,0.46626660227775574,qif_ste,qad_ablation,2651243520,3705667584,0.03822079849243164,,,0.0001000320017337799,0.0023428161144256592,,0.03756755065917969,,4,1,0.020110409008339047,51081216,1,5,0.08044163603335619
4,47.906971916228436,gpu,0.43995946645736694,qif_ste,qad_ablation,2651243520,3705667584,0.041024513244628906,,,9.993600100278855e-05,0.002352735996246338,,0.03776985549926758,,4,1,0.020873788511380553,51081216,1,6,0.08349515404552221
4,47.92152681445462,gpu,0.3878115117549896,qif_ste,qad_ablation,2651243520,3705667584,0.04117504119873047,,,0.00010000000149011611,0.0023425920009613036,,0.03765590286254883,,4,1,0.02086744864936918,51081216,1,7,0.08346979459747672
4,47.95585169657734,gpu,0.3764144480228424,qif_ste,qad_ablation,2651243520,3705667584,0.041074016571044925,,,9.996800124645233e-05,0.0023501119613647463,,0.03765270233154297,,4,1,0.020852512563578784,51081216,1,8,0.08341005025431514
4,47.92419532961715,gpu,0.3311535120010376,qif_ste,qad_ablation,2651243520,3705667584,0.04127129745483398,,,0.00010195200145244598,0.002346368074417114,,0.03752339172363281,,4,1,0.020866286708042026,51081216,1,9,0.0834651468321681
4,53.005532807774436,gpu,1.9094566106796265,squat,timestep_ablation,2582440448,3930062848,,0.03817881774902344,,0.0001541759967803955,0.0024828159809112548,0.03257254409790039,,,4,1,0.01886595506221056,45798912,1,0,0.07546382024884224
4,51.55477599819419,gpu,1.894829273223877,squat,timestep_ablation,2582440448,3930062848,,0.040665088653564455,,0.00014399999380111694,0.002420736074447632,0.032114143371582034,,,4,1,0.01939684501849115,45798912,1,1,0.0775873800739646
4,52.42179453618549,gpu,1.8868757486343384,squat,timestep_ablation,2582440448,3930062848,,0.04047052764892578,,0.000139615997672081,0.002363231897354126,0.03111356735229492,,,4,1,0.0190760352415964,45798912,1,2,0.0763041409663856
4,50.99846639497556,gpu,1.8820816278457642,squat,timestep_ablation,2582440448,3930062848,,0.04271513748168945,,0.00013680000603199006,0.002343967914581299,0.031037567138671875,,,4,1,0.01960843277629465,45798912,1,3,0.0784337311051786
4,51.13920740006992,gpu,1.867356300354004,squat,timestep_ablation,2582440448,3930062848,,0.04251340866088867,,0.0001366399973630905,0.0023606081008911133,0.031033344268798828,,,4,1,0.019554468104615808,45798912,1,4,0.07821787241846323
4,49.61406141823989,gpu,1.8650000095367432,squat,timestep_ablation,2582440448,3930062848,,0.04501913452148437,,0.00013846400380134583,0.002344831943511963,0.030939104080200196,,,4,1,0.02015557629056275,45798912,1,5,0.080622305162251
4,49.43818622840089,gpu,1.8687411546707153,squat,timestep_ablation,2582440448,3930062848,,0.04516352081298828,,0.00013836799561977385,0.0023550400733947756,0.03105135917663574,,,4,1,0.020227279281243682,45798912,1,6,0.08090911712497473
4,49.37025627467544,gpu,1.83511483669281,squat,timestep_ablation,2582440448,3930062848,,0.04516659164428711,,0.0001388159990310669,0.00235369610786438,0.031185152053833008,,,4,1,0.020255110575817525,45798912,1,7,0.0810204423032701
4,49.50863853648168,gpu,1.8174580335617065,squat,timestep_ablation,2582440448,3930062848,,0.04504780960083008,,0.00013900800049304962,0.0023464000225067137,0.031059616088867186,,,4,1,0.020198495243676007,45798912,1,8,0.08079398097470403
4,49.45937208114071,gpu,1.8066455125808716,squat,timestep_ablation,2582440448,3930062848,,0.045055999755859374,,0.00013775999844074248,0.002358175992965698,0.031099296569824218,,,4,1,0.02021861495450139,45798912,1,9,0.08087445981800556
4,37.568994921752854,gpu,1.7006826400756836,squat,timestep_ablation,4497808384,5976883200,,0.05815091323852539,,0.00010063999891281128,0.0025267839431762696,0.04360067367553711,,,4,1,0.026617693714797497,47662592,2,0,0.10647077485918999
4,37.261716145520005,gpu,1.656030297279358,squat,timestep_ablation,4497808384,5976883200,,0.059655166625976565,,0.00011753600090742112,0.0024055039882659914,0.04290790557861328,,,4,1,0.02683719655033201,47662592,2,1,0.10734878620132804
4,36.963540181573954,gpu,1.656162142753601,squat,timestep_ablation,4497808384,5976883200,,0.061542816162109375,,0.00010102400183677673,0.0023560960292816164,0.04199734497070313,,,4,1,0.02705368574243039,47662592,2,2,0.10821474296972156
4,37.09302661205697,gpu,1.6276518106460571,squat,timestep_ablation,4497808384,5976883200,,0.061395488739013675,,0.00010102400183677673,0.0023923840522766114,0.041747840881347656,,,4,1,0.02695924520958215,47662592,2,3,0.1078369808383286
4,36.049019805209504,gpu,1.6235240697860718,squat,timestep_ablation,4497808384,5976883200,,0.06442803192138671,,0.0001010880023241043,0.0023573439121246337,0.041793407440185545,,,4,1,0.027740005287341774,47662592,2,4,0.1109600211493671
4,30.71972827388788,gpu,1.6301931142807007,squat,timestep_ablation,4497808384,5976883200,,0.08368025970458984,,0.00010102400183677673,0.002347872018814087,0.04185830307006836,,,4,1,0.03255237126722932,47662592,2,5,0.13020948506891727
4,38.22449862192068,gpu,1.5921783447265625,squat,timestep_ablation,4497808384,5976883200,,0.058104385375976564,,0.00010102400183677673,0.0023401920795440676,0.041896480560302735,,,4,1,0.02616123261395842,47662592,2,6,0.10464493045583367
4,44.50997433889762,gpu,1.523252010345459,squat,timestep_ablation,4497808384,5976883200,,0.043757568359375,,0.000102463997900486,0.0023211839199066163,0.04152569580078125,,,4,1,0.022466874332167208,47662592,2,7,0.08986749732866883
4,44.523025405632985,gpu,1.5316128730773926,squat,timestep_ablation,4497808384,5976883200,,0.04371148681640625,,0.00010204800218343735,0.0023310720920562745,0.04154224014282227,,,4,1,0.022460288600996137,47662592,2,8,0.08984115440398455
4,44.53100201722828,gpu,1.5284472703933716,squat,timestep_ablation,4497808384,5976883200,,0.04371558380126953,,9.90080013871193e-05,0.0023279359340667724,0.04150614547729492,,,4,1,0.02245626540388912,47662592,2,9,0.08982506161555648
4,21.23696778727475,gpu,1.8252179622650146,squat,timestep_ablation,8304937984,12002000896,,0.10763263702392578,,0.00010051199793815613,0.002554559946060181,0.0761153564453125,,,4,1,0.04708770150318742,45798912,4,0,0.18835080601274967
4,21.251146119033077,gpu,1.77059006690979,squat,timestep_ablation,8304937984,12002000896,,0.10783334350585938,,0.00010000000149011611,0.002511264085769653,0.0756341094970703,,,4,1,0.04705628554802388,45798912,4,1,0.18822514219209552
4,21.49873038393601,gpu,1.7651033401489258,squat,timestep_ablation,8304937984,12002000896,,0.106640380859375,,0.00010000000149011611,0.002427776098251343,0.07476588439941406,,,4,1,0.046514374669641256,45798912,4,2,0.18605749867856503
4,21.403275857857615,gpu,1.7196259498596191,squat,timestep_ablation,8304937984,12002000896,,0.10718822479248047,,0.00010000000149011611,0.002504575967788696,0.07495209503173828,,,4,1,0.046721819904632866,45798912,4,3,0.18688727961853147
4,21.464488181941384,gpu,1.6734740734100342,squat,timestep_ablation,8304937984,12002000896,,0.10700902557373047,,0.00010163199901580811,0.002434240102767944,0.0746568603515625,,,4,1,0.04658857884351164,45798912,4,4,0.18635431537404656
4,21.230657539207126,gpu,1.6782103776931763,squat,timestep_ablation,8304937984,12002000896,,0.10872319793701171,,0.00010044799745082855,0.0024711039066314697,0.07496784210205078,,,4,1,0.047101697069592774,45798912,4,5,0.1884067882783711
4,21.473098393733267,gpu,1.6094951629638672,squat,timestep_ablation,8304937984,12002000896,,0.1068743667602539,,0.00010044799745082855,0.0024313280582427977,0.07475929260253907,,,4,1,0.046569897909648716,45798912,4,6,0.18627959163859487
4,21.474802120316607,gpu,1.5538142919540405,squat,timestep_ablation,8304937984,12002000896,,0.10689433288574218,,9.95199978351593e-05,0.0024160640239715577,0.07475132751464844,,,4,1,0.046566203236579895,45798912,4,7,0.18626481294631958
4,21.484991468642612,gpu,1.515940546989441,squat,timestep_ablation,8304937984,12002000896,,0.10673868560791015,,0.00010000000149011611,0.0024226560592651367,0.07477568054199218,,,4,1,0.04654411901719868,45798912,4,8,0.18617647606879473
4,21.10331094970725,gpu,1.4995168447494507,squat,timestep_ablation,8304937984,12002000896,,0.10996736145019531,,0.00010054399818181992,0.002427167892456055,0.07493740844726562,,,4,1,0.04738592926878482,45798912,4,9,0.18954371707513928
4,10.991152569184202,gpu,2.0608901977539062,squat,timestep_ablation,15115188224,20786970624,,0.21474919128417969,,0.00010105600208044052,0.0026504640579223635,0.1442755584716797,,,4,1,0.09098226903006434,45798912,8,0,0.3639290761202574
4,11.042155875925403,gpu,2.0626442432403564,squat,timestep_ablation,15115188224,20786970624,,0.21406822204589843,,0.00010185600072145462,0.002527359962463379,0.1432845458984375,,,4,1,0.09056202531792223,45798912,8,1,0.36224810127168894
4,11.06388954261289,gpu,2.0245368480682373,squat,timestep_ablation,15115188224,20786970624,,0.21402262878417969,,0.00010198400169610977,0.0025678720474243163,0.14257264709472656,,,4,1,0.09038412722293288,45798912,8,2,0.3615365088917315
4,11.05490843924366,gpu,1.9100831747055054,squat,timestep_ablation,15115188224,20786970624,,0.21397503662109374,,0.00010204800218343735,0.002849024057388306,0.1423375701904297,,,4,1,0.09045755607075989,45798912,8,3,0.36183022428303957
4,11.009954201023117,gpu,1.860723853111267,squat,timestep_ablation,15115188224,20786970624,,0.2140252227783203,,0.00010198400169610977,0.002478496074676514,0.14442643737792968,,,4,1,0.09082689916249365,45798912,8,4,0.3633075966499746
4,11.021391684650265,gpu,1.8541241884231567,squat,timestep_ablation,15115188224,20786970624,,0.2140052490234375,,0.00010195200145244598,0.0025003840923309324,0.14402198791503906,,,4,1,0.09073264326434582,45798912,8,5,0.3629305730573833
4,11.088269965631872,gpu,1.8413251638412476,squat,timestep_ablation,15115188224,20786970624,,0.21391871643066407,,0.00010204800218343735,0.0025008959770202637,0.14198793029785156,,,4,1,0.09018539439421147,45798912,8,6,0.3607415775768459
4,11.086580131020833,gpu,1.5868027210235596,squat,timestep_ablation,15115188224,20786970624,,0.21395968627929687,,0.00010070399940013886,0.00243833589553833,0.14206016540527344,,,4,1,0.09019914059899747,45798912,8,7,0.3607965623959899
4,11.095283173467557,gpu,1.5437345504760742,squat,timestep_ablation,15115188224,20786970624,,0.2139764404296875,,0.00010208000242710113,0.0024339840412139894,0.14175430297851563,,,4,1,0.09012838918715715,45798912,8,8,0.3605135567486286
4,11.000002193614346,gpu,1.492383599281311,squat,timestep_ablation,15115188224,20786970624,,0.21414912414550782,,0.00010204800218343735,0.003470144033432007,0.1421724853515625,,,4,1,0.09090907278005034,45798912,8,9,0.36363629112020135
4,51.32309921034957,gpu,0.7311631441116333,qif_ste,qad_ablation,2651243520,3705667584,0.03354467010498047,,,0.00010000000149011611,0.0025324161052703857,,0.03955235290527344,,4,2,0.019484404008835554,51081216,1,0,0.07793761603534222
4,50.455616167824715,gpu,0.684784471988678,qif_ste,qad_ablation,2651243520,3705667584,0.036429824829101565,,,9.996800124645233e-05,0.002362368106842041,,0.03817254257202148,,4,2,0.019819399225525558,51081216,1,1,0.07927759690210223
4,50.671469878808495,gpu,0.5974835157394409,qif_ste,qad_ablation,2651243520,3705667584,0.03627315139770508,,,9.98080000281334e-05,0.002330143928527832,,0.03799907302856445,,4,2,0.019734971225261688,51081216,1,2,0.07893988490104675
4,49.34794717755513,gpu,0.5272629857063293,qif_ste,qad_ablation,2651243520,3705667584,0.03853263854980469,,,9.990400075912476e-05,0.002349247932434082,,0.03786800003051758,,4,2,0.020264267455786467,51081216,1,3,0.08105706982314587
4,49.12727556813925,gpu,0.5154983401298523,qif_ste,qad_ablation,2651243520,3705667584,0.03871334457397461,,,0.00010198400169610977,0.002327552080154419,,0.03807263946533203,,4,2,0.020355291198939085,51081216,1,4,0.08142116479575634
4,47.43339738160793,gpu,0.4785681664943695,qif_ste,qad_ablation,2651243520,3705667584,0.041575424194335936,,,0.00010204800218343735,0.00233404803276062,,0.0380662727355957,,4,2,0.021082192193716764,51081216,1,5,0.08432876877486706
4,47.34632254399251,gpu,0.43590039014816284,qif_ste,qad_ablation,2651243520,3705667584,0.04172016143798828,,,0.0001000320017337799,0.0023367679119110107,,0.03808188629150391,,4,2,0.02112096454948187,51081216,1,6,0.08448385819792747
4,47.37342153894068,gpu,0.3951336145401001,qif_ste,qad_ablation,2651243520,3705667584,0.04170649719238281,,,0.0001000320017337799,0.002333600044250488,,0.038093536376953126,,4,2,0.021108882734552026,51081216,1,7,0.0844355309382081
4,47.43221560095109,gpu,0.3863151967525482,qif_ste,qad_ablation,2651243520,3705667584,0.04150217437744141,,,0.00010192000120878219,0.0023348159790039062,,0.038177120208740235,,4,2,0.021082717459648848,51081216,1,8,0.08433086983859539
4,47.493311005520226,gpu,0.3207736909389496,qif_ste,qad_ablation,2651243520,3705667584,0.041436161041259766,,,9.987200051546097e-05,0.0023337280750274658,,0.038128768920898434,,4,2,0.021055596647784114,51081216,1,9,0.08422238659113646
4,52.55238599376603,gpu,1.910009741783142,squat,timestep_ablation,2582440448,3930062848,,0.03813580703735352,,0.00015990400314331056,0.002522207975387573,0.03321356964111328,,,4,2,0.019028631737455726,45798912,1,0,0.0761145269498229
4,52.340694229587676,gpu,1.8968931436538696,squat,timestep_ablation,2582440448,3930062848,,0.039119873046875,,0.0001486719995737076,0.002483999967575073,0.03247907257080078,,,4,2,0.019105592975392938,45798912,1,1,0.07642237190157175
4,52.208483640514224,gpu,1.884637713432312,squat,timestep_ablation,2582440448,3930062848,,0.040417278289794925,,0.0001448639929294586,0.0023505918979644775,0.03149852752685547,,,4,2,0.019153975183144212,45798912,1,2,0.07661590073257685
4,50.97434397819259,gpu,1.888566017150879,squat,timestep_ablation,2582440448,3930062848,,0.042444801330566405,,0.00014057600498199464,0.0023538239002227784,0.03138067245483398,,,4,2,0.01961771200876683,45798912,1,3,0.07847084803506732
4,50.612543365013,gpu,1.8754767179489136,squat,timestep_ablation,2582440448,3930062848,,0.04284620666503906,,0.0001395519971847534,0.002350912094116211,0.03156326484680176,,,4,2,0.01975794800091535,45798912,1,4,0.0790317920036614
4,49.494219627483844,gpu,1.8510527610778809,squat,timestep_ablation,2582440448,3930062848,,0.044854270935058595,,0.00014079999923706055,0.002340384006500244,0.03128108787536621,,,4,2,0.02020437957253307,45798912,1,5,0.08081751829013228
4,49.14218708448362,gpu,1.8654078245162964,squat,timestep_ablation,2582440448,3930062848,,0.04531814575195312,,0.0001396480053663254,0.0023656320571899415,0.03142153549194336,,,4,2,0.020349114667624235,45798912,1,6,0.08139645867049694
4,49.38576570890093,gpu,1.8363233804702759,squat,timestep_ablation,2582440448,3930062848,,0.04499763107299805,,0.0001387840062379837,0.0023385279178619383,0.03137459182739258,,,4,2,0.02024874952621758,45798912,1,7,0.08099499810487032
4,49.25241823761098,gpu,1.8155666589736938,squat,timestep_ablation,2582440448,3930062848,,0.0451328010559082,,0.00013894400000572204,0.002323967933654785,0.031459423065185545,,,4,2,0.020303571596741676,45798912,1,8,0.0812142863869667
4,49.44014902652123,gpu,1.8016656637191772,squat,timestep_ablation,2582440448,3930062848,,0.044849151611328124,,0.00013808000087738037,0.0023531200885772703,0.031411968231201175,,,4,2,0.02022647624835372,45798912,1,9,0.08090590499341488
4,37.4321898820552,gpu,1.6899136304855347,squat,timestep_ablation,4497808384,5976883200,,0.058606590270996094,,9.945599734783172e-05,0.0025033280849456785,0.043528865814208985,,,4,2,0.02671497454866767,47662592,2,0,0.10685989819467068
4,37.18242892547317,gpu,1.6643412113189697,squat,timestep_ablation,4497808384,5976883200,,0.059837440490722656,,0.00010182400047779083,0.002391871929168701,0.04297260665893555,,,4,2,0.02689442376140505,47662592,2,1,0.1075776950456202
4,36.959173583488116,gpu,1.6687421798706055,squat,timestep_ablation,4497808384,5976883200,,0.06171292877197266,,0.00010099200159311294,0.0023493759632110594,0.04185116958618164,,,4,2,0.02705688204150647,47662592,2,2,0.10822752816602588
4,37.0229564550557,gpu,1.6315803527832031,squat,timestep_ablation,4497808384,5976883200,,0.061669376373291014,,0.00010102400183677673,0.002385983943939209,0.04167900848388672,,,4,2,0.027010268648155034,47662592,2,3,0.10804107459262013
4,35.838521490438914,gpu,1.63959801197052,squat,timestep_ablation,4497808384,5976883200,,0.06526924896240234,,0.00010102400183677673,0.0023544960021972656,0.04164707183837891,,,4,2,0.02790293679572642,47662592,2,4,0.11161174718290567
4,36.06198811606966,gpu,1.6082717180252075,squat,timestep_ablation,4497808384,5976883200,,0.06439628601074218,,0.00010102400183677673,0.0023400321006774904,0.04182041549682617,,,4,2,0.027730029658414423,47662592,2,5,0.1109201186336577
4,36.26842915516835,gpu,1.5836827754974365,squat,timestep_ablation,4497808384,5976883200,,0.06401888275146485,,0.00010204800218343735,0.0023408639430999756,0.0416324462890625,,,4,2,0.027572189457714558,47662592,2,6,0.11028875783085823
4,36.23949931734009,gpu,1.5557414293289185,squat,timestep_ablation,4497808384,5976883200,,0.06396416091918945,,0.00010000000149011611,0.002345088005065918,0.04175439834594727,,,4,2,0.027594200219027698,47662592,2,7,0.11037680087611079
4,36.20807561140046,gpu,1.540381669998169,squat,timestep_ablation,4497808384,5976883200,,0.06409113311767578,,0.00010204800218343735,0.00235699200630188,0.04168544006347656,,,4,2,0.02761814824771136,47662592,2,8,0.11047259299084544
4,36.14629943592702,gpu,1.5170823335647583,squat,timestep_ablation,4497808384,5976883200,,0.06436659240722656,,9.95199978351593e-05,0.0023467841148376465,0.04161859130859375,,,4,2,0.02766534930560738,47662592,2,9,0.11066139722242951
4,21.30240591278743,gpu,1.7905206680297852,squat,timestep_ablation,8304937984,12002000896,,0.10731724548339844,,0.0001000320017337799,0.002493824005126953,0.07590322875976563,,,4,2,0.046943054418079555,45798912,4,0,0.18777221767231822
4,21.338446729845096,gpu,1.818005084991455,squat,timestep_ablation,8304937984,12002000896,,0.10702642822265625,,0.00010000000149011611,0.00243887996673584,0.07574636840820312,,,4,2,0.04686376720201224,45798912,4,1,0.18745506880804896
4,21.526811944917437,gpu,1.7698512077331543,squat,timestep_ablation,8304937984,12002000896,,0.10655948638916016,,0.00010067199915647507,0.0024013121128082277,0.07463600158691407,,,4,2,0.04645369702484459,45798912,4,2,0.18581478809937835
4,21.453182120664,gpu,1.6993918418884277,squat,timestep_ablation,8304937984,12002000896,,0.10701209259033204,,0.00010047999769449234,0.002470240116119385,0.07473289489746093,,,4,2,0.04661313153337687,45798912,4,3,0.1864525261335075
4,21.531234210673556,gpu,1.6539316177368164,squat,timestep_ablation,8304937984,12002000896,,0.10654569244384765,,0.00010096000134944915,0.0023935039043426515,0.07459827423095704,,,4,2,0.04644415597431362,45798912,4,4,0.18577662389725447
4,21.52890465555231,gpu,1.6495507955551147,squat,timestep_ablation,8304937984,12002000896,,0.10656563568115235,,0.00010047999769449234,0.002384416103363037,0.07463728332519531,,,4,2,0.046449181507341564,45798912,4,5,0.18579672602936625
4,21.512557027743586,gpu,1.6297523975372314,squat,timestep_ablation,8304937984,12002000896,,0.10678713226318359,,0.0001011200025677681,0.0023685760498046876,0.0745664291381836,,,4,2,0.04648447874933481,45798912,4,6,0.18593791499733925
4,21.502210783281615,gpu,1.553420066833496,squat,timestep_ablation,8304937984,12002000896,,0.10668035125732422,,0.00010000000149011611,0.0023851521015167236,0.0747479019165039,,,4,2,0.04650684574153274,45798912,4,7,0.18602738296613097
4,21.461202982540303,gpu,1.5441194772720337,squat,timestep_ablation,8304937984,12002000896,,0.1069639663696289,,0.00010044799745082855,0.0023964478969573976,0.07477667236328125,,,4,2,0.04659571044612676,45798912,4,8,0.18638284178450704
4,21.503229720829903,gpu,1.496373176574707,squat,timestep_ablation,8304937984,12002000896,,0.10689263916015625,,0.00010047999769449234,0.0023808319568634035,0.07451087951660157,,,4,2,0.04650464199949056,45798912,4,9,0.18601856799796224
4,10.893919373351824,gpu,2.1051387786865234,squat,timestep_ablation,15115188224,20786970624,,0.21737930297851563,,0.00010208000242710113,0.0027382400035858155,0.14477980041503907,,,4,2,0.09179432725068182,45798912,8,0,0.36717730900272727
4,11.046703556190247,gpu,2.0428531169891357,squat,timestep_ablation,15115188224,20786970624,,0.2138934783935547,,0.00010099200159311294,0.0025589120388031005,0.1432826843261719,,,4,2,0.0905247429618612,45798912,8,1,0.3620989718474448
4,11.101240370157976,gpu,2.0147390365600586,squat,timestep_ablation,15115188224,20786970624,,0.2137307891845703,,0.00010201600193977356,0.0024505600929260254,0.14183071899414063,,,4,2,0.09008002409245819,45798912,8,2,0.36032009636983275
4,11.101751453173788,gpu,1.9307093620300293,squat,timestep_ablation,15115188224,20786970624,,0.21376448059082032,,9.990400075912476e-05,0.0024238719940185547,0.14187245178222657,,,4,2,0.09007587714586407,45798912,8,3,0.3603035085834563
4,11.092766014121924,gpu,1.8963426351547241,squat,timestep_ablation,15115188224,20786970624,,0.2136580810546875,,0.0001010880023241043,0.0026142399311065673,0.14161836242675782,,,4,2,0.09014884103089571,45798912,8,4,0.36059536412358284
4,11.040071987883763,gpu,1.8426733016967773,squat,timestep_ablation,15115188224,20786970624,,0.21361053466796875,,0.00010204800218343735,0.0025280001163482664,0.14374124145507813,,,4,2,0.09057911951094866,45798912,8,5,0.36231647804379463
4,11.006913589889802,gpu,1.7659529447555542,squat,timestep_ablation,15115188224,20786970624,,0.21394534301757812,,0.00010105600208044052,0.0024397759437561036,0.14461946105957033,,,4,2,0.09085198969114572,45798912,8,6,0.3634079587645829
4,11.039485556364314,gpu,1.641457200050354,squat,timestep_ablation,15115188224,20786970624,,0.21371597290039063,,0.00010182400047779083,0.002506400108337402,0.14322003173828124,,,4,2,0.09058393118903041,45798912,8,7,0.36233572475612164
4,11.042993084165577,gpu,1.5544668436050415,squat,timestep_ablation,15115188224,20786970624,,0.21361509704589843,,0.00010201600193977356,0.0026810240745544435,0.14344085693359376,,,4,2,0.09055515949148685,45798912,8,8,0.3622206379659474
4,11.076744547842008,gpu,1.5172462463378906,squat,timestep_ablation,15115188224,20786970624,,0.21396636962890625,,0.00010208000242710113,0.002496864080429077,0.1422615661621094,,,4,2,0.09027923282701522,45798912,8,9,0.3611169313080609
